ja	ている	compounds	1	3	0	18062
ja	その	compounds	1	3	1	16781
ja	この	compounds	1	3	1	11140
ja	まし	compounds	1	3	12	10594
ja	んだ	compounds	1	3	0	10161
ja	から	compounds	1	3	4	8565
ja	んで	compounds	1	3	0	5821
ja	てく	compounds	1	3	0	5323
ja	はい	compounds	1	3	19	4960
ja	てる	compounds	1	3	1	4452
ja	では	compounds	1	3	0	4150
ja	まで	compounds	1	3	0	3788
ja	である	compounds	1	3	0	3772
ja	自分	noun	1	3	16	3575
ja	はあ	compounds	1	3	0	3543
ja	でも	compounds	1	3	0	3462
ja	一	noun	1	3	9	3288
ja	ても	compounds	1	3	0	3028
ja	もう	adverb	1	3	0	3017
ja	のです	compounds	1	3	0	3004
ja	とても	adverb	1	3	1	2987
ja	ので	compounds	1	3	0	2965
ja	という	compounds	1	3	0	2685
ja	より	compounds	1	3	0	2653
ja	今	noun	1	3	9	2577
ja	日本	noun	1	3	11	2551
ja	のに	compounds	1	3	0	2533
ja	あの	compounds	1	3	0	2492
ja	について	compounds	1	3	0	2447
ja	ために	compounds	1	3	0	2352
ja	今日	noun	1	3	21	2303
ja	ここ	compounds	1	3	7	2257
ja	のだ	compounds	1	3	0	2229
ja	よく	adverb	1	3	0	2169
ja	だけ	compounds	1	3	0	2163
ja	んです	compounds	1	3	0	2084
ja	として	compounds	1	3	0	2020
ja	前	noun	1	3	21	1959
ja	いつも	compounds	1	3	5	1930
ja	メアリー	noun	1	3	9	1921
ja	中	noun	1	3	16	1920
ja	じゃ	compounds	1	3	0	1899
ja	そんな	compounds	1	3	10	1895
ja	ではない	compounds	1	3	0	1768
ja	主義	noun	1	3	7	1747
ja	すぐ	adverb	1	3	14	1680
ja	フランス	noun	1	3	6	1664
ja	まだ	adverb	1	3	7	1623
ja	なく	adjective	1	3	13	1549
ja	語	noun	1	3	18	1491
ja	英語	noun	1	3	12	1490
ja	何	noun	1	3	0	1468
ja	なければならない	compounds	1	3	0	1455
ja	新しい	adjective	1	3	10	1407
ja	手	noun	1	3	5	1398
ja	そう	compounds	1	3	0	1383
ja	ほど	compounds	1	3	0	1371
ja	世界	noun	1	3	8	1368
ja	なさい	verb	1	3	7	1367
ja	目	noun	1	3	7	1333
ja	母	noun	1	3	13	1282
ja	度	noun	1	3	11	1272
ja	多く	noun	1	3	1	1258
ja	間	noun	1	3	16	1247
ja	明日	noun	1	3	9	1232
ja	もっと	adverb	1	3	5	1221
ja	そこ	compounds	1	3	5	1186
ja	どんな	compounds	1	3	4	1157
ja	とも	compounds	1	3	0	1153
ja	なんて	compounds	1	3	1	1119
ja	二	noun	1	3	0	1113
ja	うち	noun	1	3	7	1088
ja	部屋	noun	1	3	19	1080
ja	昨日	noun	1	3	15	1073
ja	しまっ	verb	1	3	15	1044
ja	みんな	noun	1	3	11	1028
ja	すべて	noun	1	3	18	1012
ja	父	noun	1	3	10	982
ja	ですが	compounds	1	3	0	979
ja	くらい	compounds	1	3	0	975
ja	すると	compounds	1	3	0	971
ja	水	noun	1	3	20	947
ja	ちょっと	adverb	1	3	6	945
ja	国際	noun	1	3	1	931
ja	他	noun	1	3	3	925
ja	月	noun	1	3	18	919
ja	アメリカ	noun	1	3	1	918
ja	けど	compounds	1	3	0	909
ja	ほとんど	noun	1	3	2	904
ja	気	noun	1	3	10	900
ja	だから	compounds	1	3	0	898
ja	事故	noun	1	3	9	892
ja	によって	compounds	1	3	0	873
ja	影響	noun	1	3	21	867
ja	どの	compounds	1	3	7	864
ja	論	noun	1	3	4	858
ja	人々	noun	1	3	9	848
ja	関係	noun	1	3	26	833
ja	早く	adjective	1	3	6	823
ja	たくさん	adverb	1	3	10	822
ja	テレビ	noun	1	3	3	816
ja	言葉	noun	1	3	26	811
ja	駅	noun	1	3	8	811
ja	だけど	compounds	1	3	0	811
ja	もし	adverb	1	3	1	794
ja	会社	noun	1	3	14	788
ja	あまり	adverb	1	3	0	779
ja	バス	noun	1	3	9	773
ja	ずっと	adverb	1	3	1	771
ja	機	noun	1	3	9	769
ja	みたい	compounds	1	3	1	756
ja	てくれる	compounds	1	3	0	755
ja	とき	noun	1	3	18	748
ja	こんな	compounds	1	3	1	747
ja	後	noun	1	3	14	746
ja	パーティー	noun	1	3	5	744
ja	だが	compounds	1	3	0	737
ja	手紙	noun	1	3	7	733
ja	てもいい	compounds	1	3	0	733
ja	もし	compounds	1	3	0	733
ja	にとって	compounds	1	3	0	723
ja	哲学	noun	1	3	3	722
ja	まれ	compounds	1	3	15	716
ja	試験	noun	1	3	5	715
ja	どうして	compounds	1	3	0	714
ja	音楽	noun	1	3	12	712
ja	最近	noun	1	3	6	702
ja	社会	noun	1	3	2	698
ja	かもしれない	compounds	1	3	0	697
ja	心	noun	1	3	9	694
ja	てくる	compounds	1	3	0	694
ja	道	noun	1	3	18	693
ja	頭	noun	1	3	0	693
ja	毎日	noun	1	3	2	669
ja	以上	noun	1	3	11	656
ja	ボストン	noun	1	3	7	654
ja	次	noun	1	3	3	645
ja	とか	compounds	1	3	2	645
ja	ドア	noun	1	3	2	639
ja	ただ	compounds	1	3	0	636
ja	ジョン	noun	1	3	12	634
ja	など	compounds	1	3	0	632
ja	ながら	compounds	1	3	0	632
ja	ばかり	compounds	1	3	0	628
ja	自由	noun	1	3	27	622
ja	大学	noun	1	3	4	621
ja	経済	noun	1	3	7	617
ja	飛行	noun	1	3	2	616
ja	数	noun	1	3	8	610
ja	理論	noun	1	3	10	609
ja	息子	noun	1	3	12	608
ja	人生	noun	1	3	9	608
ja	すぎ	verb	1	3	19	599
ja	たくさん	compounds	1	3	15	599
ja	東京	noun	1	3	11	584
ja	しかし	compounds	1	3	0	584
ja	しか	compounds	1	3	0	583
ja	両親	noun	1	3	2	577
ja	概念	noun	1	3	14	576
ja	結果	noun	1	3	26	571
ja	全く	adverb	1	3	1	569
ja	全部	noun	1	3	8	567
ja	すぎる	verb	1	3	1	567
ja	うまく	adjective	1	3	0	567
ja	会	noun	1	3	6	557
ja	国家	noun	1	3	7	556
ja	関する	verb	1	3	0	547
ja	価値	noun	1	3	3	546
ja	計画	noun	1	3	27	544
ja	外国	noun	1	3	0	537
ja	列車	noun	1	3	7	534
ja	必ず	adverb	1	3	0	534
ja	時計	noun	1	3	20	532
ja	なので	compounds	1	3	0	531
ja	一生	noun	1	3	1	527
ja	また	adverb	1	3	17	525
ja	そして	compounds	1	3	3	525
ja	回	noun	1	3	19	524
ja	上	noun	1	3	8	523
ja	だって	compounds	1	3	0	523
ja	雪	noun	1	3	13	520
ja	時代	noun	1	3	19	516
ja	生活	noun	1	3	17	516
ja	電車	noun	1	3	13	508
ja	店	noun	1	3	12	505
ja	点	noun	1	3	15	502
ja	なぜ	adverb	1	3	10	502
ja	対する	verb	1	3	0	501
ja	テニス	noun	1	3	8	498
ja	チーム	noun	1	3	7	498
ja	二人	noun	1	3	3	498
ja	窓	noun	1	3	10	497
ja	たり	compounds	1	3	0	495
ja	町	noun	1	3	7	494
ja	警察	noun	1	3	0	494
ja	三	noun	1	3	0	491
ja	政治	noun	1	3	2	489
ja	いく	noun	1	3	0	489
ja	決して	adverb	1	3	12	486
ja	これら	compounds	1	3	0	484
ja	朝	noun	1	3	8	480
ja	顔	noun	1	3	18	478
ja	ところで	compounds	1	3	0	476
ja	口	noun	1	3	8	473
ja	体	noun	1	3	15	468
ja	コーヒー	noun	1	3	10	466
ja	兄	noun	1	3	6	464
ja	週間	noun	1	3	11	463
ja	小説	noun	1	3	15	461
ja	あれ	compounds	1	3	12	461
ja	音	noun	1	3	18	458
ja	宿題	noun	1	3	12	456
ja	ねえ	compounds	1	3	4	456
ja	自転	noun	1	3	2	456
ja	古代	noun	1	3	0	455
ja	皆	noun	1	3	0	453
ja	声	noun	1	3	11	451
ja	日曜	noun	1	3	1	451
ja	試合	noun	1	3	8	448
ja	道徳	noun	1	3	1	444
ja	外	noun	1	3	0	443
ja	娘	noun	1	3	17	441
ja	夏	noun	1	3	8	440
ja	公園	noun	1	3	5	440
ja	夕食	noun	1	3	3	438
ja	ことがある	compounds	1	3	0	438
ja	１０	noun	1	3	1	437
ja	実	noun	1	3	1	437
ja	神学	noun	1	3	0	436
ja	法	noun	1	3	4	434
ja	ことができる	compounds	1	3	0	434
ja	午後	noun	1	3	1	430
ja	対し	verb	1	3	0	428
ja	昔	noun	1	3	4	425
ja	文化	noun	1	3	4	425
ja	よく	adjective	1	3	2	425
ja	足	noun	1	3	4	423
ja	授業	noun	1	3	3	423
ja	いつか	compounds	1	3	0	423
ja	最初	noun	1	3	6	422
ja	ではありません	compounds	1	3	0	422
ja	ホテル	noun	1	3	11	421
ja	により	compounds	1	3	0	420
ja	それに	compounds	1	3	0	419
ja	猫	noun	1	3	8	418
ja	歴史	noun	1	3	7	418
ja	服	noun	1	3	10	417
ja	てはいけない	compounds	1	3	0	416
ja	山	noun	1	3	11	413
ja	しも	compounds	1	3	0	413
ja	うん	compounds	1	3	4	410
ja	個人	noun	1	3	1	408
ja	知らせ	noun	1	3	8	405
ja	あいつ	compounds	1	3	2	404
ja	さえ	compounds	1	3	1	402
ja	良く	adjective	1	3	0	401
ja	絶対	noun	1	3	7	400
ja	政府	noun	1	3	0	399
ja	絵	noun	1	3	12	398
ja	妻	noun	1	3	8	395
ja	万	noun	1	3	0	395
ja	薬	noun	1	3	11	394
ja	ため	noun	1	3	18	391
ja	科学	noun	1	3	11	391
ja	姉	noun	1	3	6	391
ja	最も	adverb	1	3	1	391
ja	より	adverb	1	3	0	391
ja	背	noun	1	3	1	389
ja	川	noun	1	3	7	386
ja	興味	noun	1	3	5	384
ja	全て	noun	1	3	5	384
ja	神	noun	1	3	10	383
ja	時々	noun	1	3	3	383
ja	会議	noun	1	3	3	379
ja	役	noun	1	3	4	378
ja	靴	noun	1	3	11	377
ja	場合	noun	1	3	17	374
ja	んと	compounds	1	3	0	374
ja	しれ	verb	1	3	0	374
ja	安全	noun	1	3	17	372
ja	今夜	noun	1	3	0	371
ja	現実	noun	1	3	11	370
ja	ちょうど	adverb	1	3	2	369
ja	戦争	noun	1	3	6	368
ja	風	noun	1	3	5	368
ja	新聞	noun	1	3	4	365
ja	互い	noun	1	3	2	365
ja	妹	noun	1	3	21	364
ja	ドイツ	noun	1	3	3	364
ja	船	noun	1	3	9	363
ja	クラス	noun	1	3	6	362
ja	また	compounds	1	3	4	362
ja	オーストラリア	noun	1	3	1	362
ja	すごく	adjective	1	3	0	362
ja	母親	noun	1	3	10	361
ja	考古	noun	1	3	0	361
ja	他人	noun	1	3	11	359
ja	出かけ	verb	1	3	0	359
ja	魚	noun	1	3	18	358
ja	風邪	noun	1	3	7	358
ja	決定	noun	1	3	31	357
ja	しばしば	adverb	1	3	2	357
ja	箱	noun	1	3	3	356
ja	野球	noun	1	3	3	356
ja	まったく	adverb	1	3	3	355
ja	以前	noun	1	3	2	354
ja	下	noun	1	3	16	353
ja	おい	verb	1	3	11	352
ja	ビル	noun	1	3	13	350
ja	誕生	noun	1	3	12	350
ja	近く	noun	1	3	9	350
ja	最後	noun	1	3	19	348
ja	中国	noun	1	3	1	347
ja	もの	compounds	1	3	28	346
ja	平和	noun	1	3	12	345
ja	テーブル	noun	1	3	8	345
ja	太陽	noun	1	3	5	344
ja	気持ち	noun	1	3	14	343
ja	今年	noun	1	3	2	341
ja	目的	noun	1	3	12	340
ja	昨夜	noun	1	3	2	340
ja	別	noun	1	3	21	338
ja	きっと	adverb	1	3	3	338
ja	なんか	compounds	1	3	0	338
ja	役割	noun	1	3	0	335
ja	客	noun	1	3	11	334
ja	協力	noun	1	3	30	332
ja	地球	noun	1	3	1	331
ja	父親	noun	1	3	11	330
ja	地域	noun	1	3	1	329
ja	大変	adverb	1	3	1	329
ja	しまい	verb	1	3	7	328
ja	食事	noun	1	3	17	324
ja	今朝	noun	1	3	6	324
ja	庭	noun	1	3	5	322
ja	限り	noun	1	3	12	321
ja	自身	noun	1	3	4	321
ja	ねた	compounds	1	3	0	321
ja	かなり	adverb	1	3	0	320
ja	のである	compounds	1	3	0	319
ja	海	noun	1	3	6	318
ja	キリスト	noun	1	3	0	318
ja	者	noun	1	3	19	317
ja	空	noun	1	3	8	317
ja	身	noun	1	3	6	315
ja	ていく	compounds	1	3	0	314
ja	環境	noun	1	3	5	310
ja	席	noun	1	3	7	309
ja	こう	adverb	1	3	10	308
ja	頃	noun	1	3	10	308
ja	パン	noun	1	3	3	308
ja	耳	noun	1	3	2	308
ja	こちら	compounds	1	3	7	307
ja	ロンドン	noun	1	3	3	307
ja	おり	verb	1	3	17	306
ja	あと	noun	1	3	4	306
ja	突然	adverb	1	3	0	306
ja	理由	noun	1	3	12	305
ja	教育	noun	1	3	12	303
ja	冬	noun	1	3	9	303
ja	来週	noun	1	3	7	303
ja	今度	noun	1	3	4	303
ja	全然	adverb	1	3	4	302
ja	情報	noun	1	3	13	301
ja	少女	noun	1	3	10	301
ja	実際	noun	1	3	1	301
ja	てみる	compounds	1	3	0	301
ja	でない	compounds	1	3	0	301
ja	ピアノ	noun	1	3	2	299
ja	たって	compounds	1	3	0	299
ja	ケーキ	noun	1	3	10	298
ja	帽子	noun	1	3	9	298
ja	机	noun	1	3	7	298
ja	気候	noun	1	3	5	298
ja	男の子	noun	1	3	12	296
ja	大きく	adjective	1	3	1	296
ja	のではない	compounds	1	3	0	295
ja	そこで	compounds	1	3	0	295
ja	いう	verb	1	3	13	294
ja	相互	noun	1	3	0	294
ja	交通	noun	1	3	0	294
ja	変化	noun	1	3	29	293
ja	ニュース	noun	1	3	7	293
ja	月曜	noun	1	3	5	292
ja	力	noun	1	3	9	290
ja	銀行	noun	1	3	5	289
ja	病院	noun	1	3	14	288
ja	鳥	noun	1	3	9	288
ja	てしまう	compounds	1	3	0	288
ja	事件	noun	1	3	8	287
ja	ぐらい	compounds	1	3	0	285
ja	あんな	compounds	1	3	0	284
ja	こんにちは	compounds	1	3	6	283
ja	楽しみ	noun	1	3	0	283
ja	先週	noun	1	3	5	282
ja	それら	compounds	1	3	0	282
ja	まず	adverb	1	3	3	281
ja	あらゆる	compounds	1	3	0	281
ja	年間	noun	1	3	1	280
ja	傘	noun	1	3	12	279
ja	道路	noun	1	3	1	279
ja	なんと	compounds	1	3	0	279
ja	おき	verb	1	3	17	277
ja	老人	noun	1	3	7	277
ja	親	noun	1	3	3	277
ja	みな	noun	1	3	1	277
ja	速く	adjective	1	3	0	276
ja	伝統	noun	1	3	8	274
ja	ドレス	noun	1	3	11	273
ja	１日	noun	1	3	3	273
ja	図書	noun	1	3	3	273
ja	現在	noun	1	3	1	273
ja	すみません	compounds	1	3	0	273
ja	そう	noun	1	3	0	273
ja	ついに	adverb	1	3	3	272
ja	コンピューター	noun	1	3	2	272
ja	いや	compounds	1	3	20	271
ja	卵	noun	1	3	5	269
ja	タバコ	noun	1	3	1	269
ja	責任	noun	1	3	10	268
ja	高く	adjective	1	3	5	267
ja	かしら	compounds	1	3	3	267
ja	状況	noun	1	3	15	266
ja	ゆっくり	adverb	1	3	9	266
ja	スポーツ	noun	1	3	21	265
ja	活動	noun	1	3	19	264
ja	赤ちゃん	noun	1	3	8	264
ja	火	noun	1	3	0	264
ja	行動	noun	1	3	13	262
ja	悪く	adjective	1	3	4	262
ja	腹	noun	1	3	0	262
ja	数学	noun	1	3	4	261
ja	男性	noun	1	3	11	260
ja	酒	noun	1	3	4	259
ja	十	noun	1	3	4	259
ja	髪	noun	1	3	5	258
ja	ニューヨーク	noun	1	3	2	257
ja	２人	noun	1	3	0	257
ja	それで	compounds	1	3	0	257
ja	普通	noun	1	3	19	255
ja	腕	noun	1	3	0	255
ja	死	noun	1	3	11	254
ja	機関	noun	1	3	7	253
ja	自動	noun	1	3	0	253
ja	批評	noun	1	3	5	252
ja	海外	noun	1	3	1	252
ja	イギリス	noun	1	3	0	252
ja	ペン	noun	1	3	11	251
ja	肉	noun	1	3	3	251
ja	ジェーン	noun	1	3	2	250
ja	歌	noun	1	3	8	249
ja	相手	noun	1	3	7	249
ja	先	noun	1	3	13	248
ja	赤ん坊	noun	1	3	8	248
ja	まるで	adverb	1	3	4	248
ja	ビール	noun	1	3	8	247
ja	経験	noun	1	3	19	246
ja	夫	noun	1	3	7	246
ja	規則	noun	1	3	5	246
ja	全員	noun	1	3	4	246
ja	朝食	noun	1	3	2	246
ja	結局	noun	1	3	0	246
ja	野菜	noun	1	3	7	245
ja	子ども	noun	1	3	7	245
ja	能力	noun	1	3	11	244
ja	自然	noun	1	3	1	244
ja	ひどく	adjective	1	3	0	244
ja	一部	noun	1	3	15	243
ja	パリ	noun	1	3	6	242
ja	現代	noun	1	3	1	242
ja	原因	noun	1	3	23	241
ja	ヶ月	noun	1	3	8	241
ja	シャツ	noun	1	3	4	241
ja	春	noun	1	3	7	240
ja	教会	noun	1	3	6	240
ja	将来	noun	1	3	1	240
ja	知識	noun	1	3	3	239
ja	秘密	noun	1	3	13	238
ja	建物	noun	1	3	9	238
ja	空港	noun	1	3	0	238
ja	村	noun	1	3	7	237
ja	ておく	compounds	1	3	0	237
ja	存在	noun	1	3	22	236
ja	助け	noun	1	3	3	234
ja	なけれ	adjective	1	3	6	233
ja	機械	noun	1	3	5	233
ja	初めて	adverb	1	3	14	232
ja	テスト	noun	1	3	9	232
ja	茶	noun	1	3	5	232
ja	休暇	noun	1	3	3	232
ja	宇宙	noun	1	3	0	232
ja	はず	compounds	1	3	0	232
ja	システム	noun	1	3	10	230
ja	ただ	adverb	1	3	3	230
ja	保障	noun	1	3	2	229
ja	件	noun	1	3	5	228
ja	あれ	verb	1	3	10	227
ja	全体	noun	1	3	2	227
ja	真実	noun	1	3	14	226
ja	世話	noun	1	3	14	226
ja	愛	noun	1	3	13	226
ja	古い	adjective	1	3	10	226
ja	コンサート	noun	1	3	9	226
ja	姿	noun	1	3	4	226
ja	深く	adjective	1	3	3	226
ja	通じ	verb	1	3	12	225
ja	空気	noun	1	3	3	225
ja	急	noun	1	3	3	225
ja	過去	noun	1	3	2	225
ja	ボール	noun	1	3	2	224
ja	ジム	noun	1	3	0	224
ja	行為	noun	1	3	22	223
ja	感情	noun	1	3	7	223
ja	以外	noun	1	3	1	223
ja	チーズ	noun	1	3	11	222
ja	お腹	noun	1	3	1	222
ja	しばらく	adverb	1	3	0	222
ja	味	noun	1	3	24	221
ja	部分	noun	1	3	22	221
ja	芸術	noun	1	3	9	221
ja	技術	noun	1	3	7	220
ja	買い物	noun	1	3	5	220
ja	せ	verb	1	3	13	219
ja	昼食	noun	1	3	3	219
ja	イタリア	noun	1	3	2	219
ja	京都	noun	1	3	1	218
ja	それとも	compounds	1	3	0	218
ja	ところ	noun	1	3	22	217
ja	歯	noun	1	3	1	217
ja	てある	compounds	1	3	0	217
ja	精神	noun	1	3	3	216
ja	返事	noun	1	3	8	215
ja	一般	noun	1	3	7	215
ja	コート	noun	1	3	4	215
ja	荷物	noun	1	3	2	215
ja	物	noun	1	3	15	214
ja	値段	noun	1	3	13	214
ja	やっと	adverb	1	3	12	214
ja	式	noun	1	3	7	214
ja	法律	noun	1	3	5	214
ja	関し	verb	1	3	0	214
ja	隣	noun	1	3	5	213
ja	去年	noun	1	3	1	213
ja	ヨーロッパ	noun	1	3	1	213
ja	湖	noun	1	3	5	212
ja	クリスマス	noun	1	3	2	212
ja	高校	noun	1	3	1	212
ja	地震	noun	1	3	2	211
ja	番号	noun	1	3	6	210
ja	晩	noun	1	3	5	210
ja	タクシー	noun	1	3	0	210
ja	鍵	noun	1	3	18	209
ja	いいえ	compounds	1	3	4	209
ja	壁	noun	1	3	2	209
ja	会合	noun	1	3	1	209
ja	態度	noun	1	3	14	208
ja	スペイン	noun	1	3	1	208
ja	あろう	verb	1	3	5	207
ja	涙	noun	1	3	5	207
ja	による	compounds	1	3	0	207
ja	出かける	verb	1	3	0	207
ja	地	noun	1	3	17	206
ja	種類	noun	1	3	10	206
ja	方法	noun	1	3	22	205
ja	人気	noun	1	3	13	205
ja	みよう	verb	1	3	1	205
ja	床	noun	1	3	0	205
ja	女	noun	1	3	15	204
ja	文	noun	1	3	11	204
ja	警官	noun	1	3	6	204
ja	ああ	compounds	1	3	7	203
ja	橋	noun	1	3	5	203
ja	ひと	noun	1	3	5	203
ja	今週	noun	1	3	0	203
ja	動物	noun	1	3	15	202
ja	大統領	noun	1	3	3	202
ja	倫理	noun	1	3	2	202
ja	馬	noun	1	3	5	201
ja	砂糖	noun	1	3	4	201
ja	辞書	noun	1	3	10	200
ja	調子	noun	1	3	10	200
ja	本質	noun	1	3	4	200
ja	毎朝	noun	1	3	1	200
ja	ねばならない	compounds	1	3	0	200
ja	部	noun	1	3	6	199
ja	サッカー	noun	1	3	2	199
ja	ラジオ	noun	1	3	1	199
ja	郵便	noun	1	3	1	199
ja	こそ	compounds	1	3	0	199
ja	機会	noun	1	3	10	198
ja	人類	noun	1	3	3	198
ja	五	noun	1	3	1	198
ja	たいてい	adverb	1	3	0	198
ja	答え	noun	1	3	7	197
ja	ベッド	noun	1	3	1	197
ja	習慣	noun	1	3	18	196
ja	詩	noun	1	3	4	196
ja	森	noun	1	3	3	196
ja	ほか	noun	1	3	1	196
ja	少なく	adjective	1	3	0	195
ja	すっかり	adverb	1	3	0	195
ja	円	noun	1	3	17	194
ja	スープ	noun	1	3	15	194
ja	ほう	noun	1	3	12	194
ja	労働	noun	1	3	3	194
ja	英国	noun	1	3	0	194
ja	ま	noun	1	3	0	194
ja	読書	noun	1	3	16	193
ja	もらい	verb	1	3	11	193
ja	途中	noun	1	3	8	193
ja	ボブ	noun	1	3	2	193
ja	なくてはならない	compounds	1	3	0	193
ja	維持	noun	1	3	34	192
ja	名	noun	1	3	15	192
ja	単語	noun	1	3	3	192
ja	代わり	noun	1	3	2	191
ja	長く	adjective	1	3	1	191
ja	政策	noun	1	3	0	191
ja	意識	noun	1	3	10	190
ja	どっち	compounds	1	3	7	190
ja	若者	noun	1	3	8	189
ja	おい	compounds	1	3	0	189
ja	たいへん	adverb	1	3	0	189
ja	どうしても	compounds	1	3	0	189
ja	ますます	adverb	1	3	0	189
ja	スキー	noun	1	3	3	188
ja	火事	noun	1	3	3	188
ja	専門	noun	1	3	2	188
ja	カナダ	noun	1	3	2	188
ja	牛乳	noun	1	3	0	188
ja	調査	noun	1	3	33	187
ja	効果	noun	1	3	9	187
ja	ケン	noun	1	3	6	187
ja	強く	adjective	1	3	1	186
ja	米国	noun	1	3	0	186
ja	ことになる	compounds	1	3	0	186
ja	事実	noun	1	3	20	185
ja	ピザ	noun	1	3	5	185
ja	仏教	noun	1	3	0	185
ja	研究	noun	1	3	24	184
ja	こ	verb	1	3	18	184
ja	１人	noun	1	3	18	184
ja	財布	noun	1	3	6	184
ja	証拠	noun	1	3	15	183
ja	星	noun	1	3	6	183
ja	昼	noun	1	3	2	183
ja	たとえ	adverb	1	3	0	183
ja	ころ	noun	1	3	15	182
ja	スミス	noun	1	3	3	182
ja	意志	noun	1	3	1	182
ja	財産	noun	1	3	7	181
ja	弁護	noun	1	3	6	181
ja	利益	noun	1	3	1	181
ja	才能	noun	1	3	3	180
ja	敵	noun	1	3	5	179
ja	命	noun	1	3	3	179
ja	思想	noun	1	3	0	179
ja	出来る	verb	1	3	17	178
ja	ちゃんと	adverb	1	3	1	178
ja	関心	noun	1	3	19	177
ja	叔父	noun	1	3	8	177
ja	自己	noun	1	3	0	177
ja	なかなか	adverb	1	3	0	177
ja	弟	noun	1	3	4	176
ja	さらに	adverb	1	3	1	176
ja	もちろん	adverb	1	3	14	175
ja	誤り	noun	1	3	14	175
ja	パソコン	noun	1	3	4	175
ja	土曜	noun	1	3	1	175
ja	アイス	noun	1	3	0	175
ja	ひとり	noun	1	3	11	174
ja	おじ	noun	1	3	2	174
ja	むしろ	adverb	1	3	0	174
ja	事務	noun	1	3	0	174
ja	考慮	noun	1	3	32	173
ja	嵐	noun	1	3	7	173
ja	大いに	adverb	1	3	0	173
ja	得る	verb	1	3	30	172
ja	依存	noun	1	3	19	172
ja	住所	noun	1	3	3	172
ja	特に	adverb	1	3	1	172
ja	ほんの	compounds	1	3	0	172
ja	構造	noun	1	3	0	172
ja	半	noun	1	3	7	171
ja	契約	noun	1	3	4	171
ja	来年	noun	1	3	4	171
ja	遅く	adjective	1	3	2	171
ja	てほしい	compounds	1	3	0	171
ja	手段	noun	1	3	27	170
ja	いたし	verb	1	3	15	170
ja	リンゴ	noun	1	3	5	170
ja	風呂	noun	1	3	4	170
ja	事業	noun	1	3	3	170
ja	委員	noun	1	3	1	170
ja	横	noun	1	3	1	170
ja	泥棒	noun	1	3	9	169
ja	援助	noun	1	3	6	169
ja	クラブ	noun	1	3	4	169
ja	権利	noun	1	3	2	169
ja	電気	noun	1	3	2	169
ja	あそこ	compounds	1	3	2	169
ja	外交	noun	1	3	1	169
ja	患者	noun	1	3	1	169
ja	義務	noun	1	3	23	168
ja	ただ	noun	1	3	5	168
ja	ギター	noun	1	3	5	167
ja	丘	noun	1	3	0	167
ja	趣味	noun	1	3	15	166
ja	週末	noun	1	3	7	166
ja	日間	noun	1	3	2	166
ja	奥	noun	1	3	0	166
ja	思い	noun	1	3	19	165
ja	状態	noun	1	3	17	165
ja	曲	noun	1	3	12	165
ja	植物	noun	1	3	6	165
ja	勇気	noun	1	3	5	165
ja	街	noun	1	3	16	164
ja	都市	noun	1	3	15	164
ja	面倒	noun	1	3	13	164
ja	光	noun	1	3	6	164
ja	常	noun	1	3	6	164
ja	階	noun	1	3	11	163
ja	カメラ	noun	1	3	8	163
ja	多く	adjective	1	3	6	163
ja	痛み	noun	1	3	0	163
ja	大阪	noun	1	3	0	163
ja	といった	compounds	1	3	0	163
ja	赤	noun	1	3	16	162
ja	携帯	noun	1	3	8	161
ja	多分	adverb	1	3	6	161
ja	み	verb	1	3	21	160
ja	カード	noun	1	3	8	160
ja	貿易	noun	1	3	3	160
ja	工場	noun	1	3	3	160
ja	雑誌	noun	1	3	6	159
ja	たぶん	adverb	1	3	3	159
ja	すでに	adverb	1	3	0	159
ja	遠く	noun	1	3	0	159
ja	学者	noun	1	3	20	158
ja	人口	noun	1	3	2	158
ja	疑問	noun	1	3	17	157
ja	所	noun	1	3	8	157
ja	元	noun	1	3	4	157
ja	感	noun	1	3	4	157
ja	ないといけない	compounds	1	3	0	157
ja	ぜひ	adverb	1	3	0	157
ja	生物	noun	1	3	3	156
ja	息	noun	1	3	2	156
ja	ミルク	noun	1	3	2	156
ja	白い	adjective	1	3	11	155
ja	熱	noun	1	3	4	155
ja	クッキー	noun	1	3	4	155
ja	そろそろ	adverb	1	3	3	155
ja	給料	noun	1	3	0	155
ja	紛争	noun	1	3	0	155
ja	報告	noun	1	3	23	154
ja	後ろ	noun	1	3	5	154
ja	収入	noun	1	3	2	154
ja	世紀	noun	1	3	2	154
ja	のみ	compounds	1	3	0	154
ja	まさに	adverb	1	3	0	154
ja	近い	adjective	1	3	11	153
ja	島	noun	1	3	3	153
ja	首	noun	1	3	0	153
ja	分野	noun	1	3	22	152
ja	色	noun	1	3	8	152
ja	秋	noun	1	3	3	152
ja	両方	noun	1	3	2	152
ja	最大	noun	1	3	1	152
ja	切符	noun	1	3	1	152
ja	だけでなく	compounds	1	3	0	152
ja	あっ	compounds	1	3	0	152
ja	どうも	compounds	1	3	0	152
ja	かつて	adverb	1	3	0	152
ja	十分	adverb	1	3	8	151
ja	オレンジ	noun	1	3	7	151
ja	２、３	noun	1	3	0	151
ja	しっかり	adverb	1	3	18	150
ja	地図	noun	1	3	9	150
ja	マイク	noun	1	3	8	150
ja	ページ	noun	1	3	7	150
ja	ナイフ	noun	1	3	4	150
ja	面	noun	1	3	0	150
ja	としても	compounds	1	3	0	150
ja	助言	noun	1	3	20	149
ja	安定	noun	1	3	18	149
ja	準備	noun	1	3	20	148
ja	噂	noun	1	3	12	148
ja	一日	noun	1	3	10	148
ja	いくら	adverb	1	3	6	148
ja	夏休み	noun	1	3	4	148
ja	こっち	compounds	1	3	4	148
ja	午前	noun	1	3	0	148
ja	メール	noun	1	3	8	147
ja	トマト	noun	1	3	6	147
ja	それぞれ	noun	1	3	5	147
ja	石	noun	1	3	4	147
ja	案	noun	1	3	3	147
ja	周り	noun	1	3	1	147
ja	考える	verb	1	3	23	146
ja	程度	noun	1	3	7	146
ja	インド	noun	1	3	0	146
ja	中心	noun	1	3	18	145
ja	実践	noun	1	3	12	145
ja	住む	verb	1	3	12	145
ja	天候	noun	1	3	6	145
ja	紙	noun	1	3	3	145
ja	さあ	compounds	1	3	3	145
ja	普段	noun	1	3	1	145
ja	週	noun	1	3	1	145
ja	もう	compounds	1	3	0	145
ja	物事	noun	1	3	0	145
ja	国民	noun	1	3	9	144
ja	価格	noun	1	3	7	144
ja	椅子	noun	1	3	6	144
ja	貧しい	adjective	1	3	4	144
ja	喫煙	noun	1	3	2	144
ja	てあげる	compounds	1	3	0	144
ja	５０	noun	1	3	0	144
ja	記憶	noun	1	3	8	143
ja	たばこ	noun	1	3	0	143
ja	今晩	noun	1	3	0	143
ja	胸	noun	1	3	0	143
ja	課題	noun	1	3	17	142
ja	建設	noun	1	3	15	142
ja	果物	noun	1	3	12	142
ja	台所	noun	1	3	5	142
ja	実験	noun	1	3	3	142
ja	市場	noun	1	3	3	142
ja	田舎	noun	1	3	1	142
ja	祖父	noun	1	3	0	142
ja	昨年	noun	1	3	0	142
ja	管理	noun	1	3	13	141
ja	大人	noun	1	3	10	141
ja	毎年	noun	1	3	1	141
ja	もうすぐ	compounds	1	3	0	141
ja	作家	noun	1	3	17	140
ja	現象	noun	1	3	8	140
ja	立場	noun	1	3	5	140
ja	上司	noun	1	3	5	140
ja	バター	noun	1	3	3	140
ja	教室	noun	1	3	3	140
ja	書類	noun	1	3	2	140
ja	成長	noun	1	3	14	139
ja	局	noun	1	3	1	139
ja	出会っ	verb	1	3	0	139
ja	持つ	verb	1	3	25	138
ja	ジャック	noun	1	3	8	138
ja	じっと	adverb	1	3	6	138
ja	社長	noun	1	3	5	138
ja	事態	noun	1	3	2	138
ja	台風	noun	1	3	0	138
ja	杯	noun	1	3	7	137
ja	形	noun	1	3	6	137
ja	変動	noun	1	3	5	137
ja	塩	noun	1	3	5	137
ja	心臓	noun	1	3	1	137
ja	にもかかわらず	compounds	1	3	0	137
ja	なお	compounds	1	3	0	137
ja	提案	noun	1	3	20	136
ja	知る	verb	1	3	18	136
ja	恋	noun	1	3	12	136
ja	欠点	noun	1	3	4	136
ja	最善	noun	1	3	3	136
ja	四	noun	1	3	1	136
ja	以来	noun	1	3	0	136
ja	台	noun	1	3	0	136
ja	与える	verb	1	3	17	135
ja	目標	noun	1	3	13	135
ja	トラック	noun	1	3	11	135
ja	作品	noun	1	3	10	135
ja	りんご	noun	1	3	4	135
ja	ばあ	noun	1	3	0	135
ja	開発	noun	1	3	32	134
ja	解決	noun	1	3	17	134
ja	めっちゃ	adverb	1	3	5	134
ja	体重	noun	1	3	3	134
ja	人権	noun	1	3	2	134
ja	ネクタイ	noun	1	3	1	134
ja	話しかけ	verb	1	3	0	134
ja	ジュース	noun	1	3	11	133
ja	喜び	noun	1	3	7	133
ja	製品	noun	1	3	4	133
ja	しかない	compounds	1	3	0	133
ja	対処	noun	1	3	28	132
ja	演説	noun	1	3	15	132
ja	都合	noun	1	3	10	132
ja	具合	noun	1	3	4	132
ja	家庭	noun	1	3	4	132
ja	婦人	noun	1	3	2	132
ja	まあ	adverb	1	3	2	132
ja	先月	noun	1	3	1	132
ja	富士	noun	1	3	0	132
ja	暗く	adjective	1	3	0	132
ja	なければいけない	compounds	1	3	0	132
ja	データ	noun	1	3	0	132
ja	釣り	noun	1	3	0	132
ja	雲	noun	1	3	0	132
ja	教授	noun	1	3	16	131
ja	％	noun	1	3	11	131
ja	チョコレート	noun	1	3	7	131
ja	罪	noun	1	3	5	131
ja	種	noun	1	3	13	130
ja	犯罪	noun	1	3	8	130
ja	なし	noun	1	3	8	130
ja	土地	noun	1	3	4	130
ja	近所	noun	1	3	2	130
ja	カトリック	noun	1	3	1	130
ja	おそらく	adverb	1	3	1	130
ja	遅く	noun	1	3	0	130
ja	王	noun	1	3	8	129
ja	見解	noun	1	3	5	129
ja	鉛筆	noun	1	3	4	129
ja	忙しく	adjective	1	3	3	129
ja	向こう	noun	1	3	3	129
ja	ローマ	noun	1	3	2	129
ja	選挙	noun	1	3	1	129
ja	をもって	compounds	1	3	0	129
ja	来月	noun	1	3	0	129
ja	願い	noun	1	3	10	128
ja	量	noun	1	3	4	128
ja	スーパー	noun	1	3	2	128
ja	パワー	noun	1	3	1	128
ja	倍	noun	1	3	13	127
ja	基本	noun	1	3	8	127
ja	商品	noun	1	3	7	127
ja	会話	noun	1	3	5	127
ja	皿	noun	1	3	2	127
ja	殺人	noun	1	3	0	127
ja	または	compounds	1	3	0	127
ja	思い出す	verb	1	3	0	127
ja	ずつ	compounds	1	3	0	127
ja	解釈	noun	1	3	17	126
ja	正直	noun	1	3	10	126
ja	飲み物	noun	1	3	9	126
ja	辺	noun	1	3	6	126
ja	金曜	noun	1	3	4	126
ja	ごと	compounds	1	3	1	126
ja	仕方	noun	1	3	4	125
ja	番組	noun	1	3	3	125
ja	てもらう	compounds	1	3	0	125
ja	申し出	noun	1	3	0	125
ja	きのう	noun	1	3	2	124
ja	怒り	noun	1	3	1	124
ja	市	noun	1	3	1	124
ja	まして	compounds	1	3	0	124
ja	保護	noun	1	3	26	123
ja	年齢	noun	1	3	17	123
ja	出来事	noun	1	3	6	123
ja	トイレ	noun	1	3	5	123
ja	じゃん	compounds	1	3	5	123
ja	文句	noun	1	3	4	123
ja	恐怖	noun	1	3	1	123
ja	危機	noun	1	3	1	123
ja	たった	adverb	1	3	0	123
ja	偶然	adverb	1	3	0	123
ja	怪我	noun	1	3	20	122
ja	不安	noun	1	3	19	122
ja	洗濯	noun	1	3	11	122
ja	クリーム	noun	1	3	9	122
ja	兄弟	noun	1	3	8	122
ja	余裕	noun	1	3	8	122
ja	文字	noun	1	3	6	122
ja	右	noun	1	3	5	122
ja	ボタン	noun	1	3	3	122
ja	ピクニック	noun	1	3	2	122
ja	指	noun	1	3	1	122
ja	ところが	compounds	1	3	0	122
ja	氷	noun	1	3	0	122
ja	見かけ	verb	1	3	0	122
ja	肩	noun	1	3	0	122
ja	指導	noun	1	3	7	121
ja	トニー	noun	1	3	3	121
ja	ロシア	noun	1	3	0	121
ja	唯一	noun	1	3	0	121
ja	分析	noun	1	3	23	120
ja	いっぱい	adverb	1	3	14	120
ja	宗教	noun	1	3	5	120
ja	看護	noun	1	3	2	120
ja	昨晩	noun	1	3	1	120
ja	騒音	noun	1	3	0	120
ja	職	noun	1	3	0	120
ja	受け取っ	verb	1	3	0	120
ja	冷蔵	noun	1	3	0	120
ja	なり	compounds	1	3	20	119
ja	いただき	verb	1	3	17	119
ja	連れ	verb	1	3	16	119
ja	運転	noun	1	3	14	119
ja	読む	verb	1	3	13	119
ja	米	noun	1	3	4	119
ja	レポート	noun	1	3	3	119
ja	最終	noun	1	3	2	119
ja	いろいろ	adverb	1	3	2	119
ja	楽しく	adjective	1	3	0	119
ja	若く	adjective	1	3	0	119
ja	いけ	verb	1	3	15	118
ja	留守	noun	1	3	14	118
ja	支配	noun	1	3	13	118
ja	誇り	noun	1	3	4	118
ja	いっしょ	noun	1	3	4	118
ja	条件	noun	1	3	4	118
ja	借金	noun	1	3	3	118
ja	セーター	noun	1	3	2	118
ja	傾向	noun	1	3	2	118
ja	側	noun	1	3	2	118
ja	便り	noun	1	3	1	118
ja	博物	noun	1	3	0	118
ja	黒い	adjective	1	3	17	117
ja	遊ぶ	verb	1	3	13	117
ja	かっこ	noun	1	3	3	117
ja	そば	noun	1	3	1	117
ja	切手	noun	1	3	1	117
ja	たった	compounds	1	3	0	117
ja	助ける	verb	1	3	21	116
ja	競争	noun	1	3	16	116
ja	香り	noun	1	3	12	116
ja	先日	noun	1	3	1	116
ja	賞	noun	1	3	0	116
ja	年代	noun	1	3	0	116
ja	支援	noun	1	3	32	115
ja	商売	noun	1	3	4	115
ja	犠牲	noun	1	3	1	115
ja	特定	noun	1	3	24	114
ja	希望	noun	1	3	18	114
ja	楽	noun	1	3	17	114
ja	もと	noun	1	3	14	114
ja	続ける	verb	1	3	11	114
ja	観光	noun	1	3	4	114
ja	ふり	noun	1	3	3	114
ja	主観	noun	1	3	1	114
ja	文学	noun	1	3	0	114
ja	当時	noun	1	3	0	114
ja	八	noun	1	3	0	114
ja	機能	noun	1	3	29	113
ja	貧乏	noun	1	3	15	113
ja	屋根	noun	1	3	7	113
ja	穴	noun	1	3	3	113
ja	チケット	noun	1	3	2	113
ja	けが	noun	1	3	1	113
ja	再び	adverb	1	3	0	113
ja	六	noun	1	3	0	113
ja	てやる	compounds	1	3	0	113
ja	ダウンタウン	noun	1	3	0	113
ja	地位	noun	1	3	0	113
ja	もっ	verb	1	3	15	112
ja	卒業	noun	1	3	12	112
ja	贈り物	noun	1	3	9	112
ja	生きる	verb	1	3	8	112
ja	半分	noun	1	3	5	112
ja	成績	noun	1	3	3	112
ja	企業	noun	1	3	3	112
ja	ソフト	noun	1	3	2	112
ja	権力	noun	1	3	1	112
ja	祖母	noun	1	3	1	112
ja	寒く	adjective	1	3	0	112
ja	食料	noun	1	3	0	112
ja	区別	noun	1	3	21	111
ja	性格	noun	1	3	15	111
ja	美徳	noun	1	3	10	111
ja	叔母	noun	1	3	3	111
ja	たび	noun	1	3	1	111
ja	万一	noun	1	3	0	111
ja	池	noun	1	3	0	111
ja	ケイト	noun	1	3	0	111
ja	交渉	noun	1	3	13	110
ja	無視	noun	1	3	7	110
ja	人形	noun	1	3	7	110
ja	便	noun	1	3	6	110
ja	腰	noun	1	3	4	110
ja	ゴルフ	noun	1	3	3	110
ja	上手く	adjective	1	3	2	110
ja	七	noun	1	3	0	110
ja	ボート	noun	1	3	0	110
ja	メキシコ	noun	1	3	0	110
ja	例	noun	1	3	31	109
ja	学ぶ	verb	1	3	21	109
ja	作る	verb	1	3	15	109
ja	物語	noun	1	3	11	109
ja	信仰	noun	1	3	7	109
ja	バッグ	noun	1	3	7	109
ja	兵士	noun	1	3	5	109
ja	紅茶	noun	1	3	3	109
ja	いま	noun	1	3	2	109
ja	為	noun	1	3	2	109
ja	上着	noun	1	3	1	109
ja	ないし	compounds	1	3	0	109
ja	バランス	noun	1	3	0	109
ja	だんだん	adverb	1	3	0	109
ja	けれども	compounds	1	3	0	109
ja	いったい	adverb	1	3	0	109
ja	慎重	noun	1	3	12	108
ja	冷たい	adjective	1	3	9	108
ja	ブラウン	noun	1	3	4	108
ja	バラ	noun	1	3	3	108
ja	一言	noun	1	3	2	108
ja	運	noun	1	3	1	108
ja	百	noun	1	3	1	108
ja	激しく	adjective	1	3	0	108
ja	ほぼ	adverb	1	3	0	108
ja	受け入れ	verb	1	3	0	108
ja	判断	noun	1	3	20	107
ja	ロック	noun	1	3	14	107
ja	頭痛	noun	1	3	6	107
ja	ええ	compounds	1	3	4	107
ja	ノート	noun	1	3	3	107
ja	血	noun	1	3	3	107
ja	アパート	noun	1	3	2	107
ja	煙草	noun	1	3	0	107
ja	とにかく	adverb	1	3	0	107
ja	食	noun	1	3	6	106
ja	介入	noun	1	3	3	106
ja	城	noun	1	3	3	106
ja	階段	noun	1	3	2	106
ja	毎週	noun	1	3	2	106
ja	ポケット	noun	1	3	2	106
ja	美術	noun	1	3	0	106
ja	たまに	adverb	1	3	0	106
ja	地元	noun	1	3	0	106
ja	なんだか	compounds	1	3	0	106
ja	にしても	compounds	1	3	0	106
ja	困難	noun	1	3	19	105
ja	デート	noun	1	3	14	105
ja	組織	noun	1	3	8	105
ja	じゃあ	compounds	1	3	3	105
ja	エネルギー	noun	1	3	1	105
ja	てはならない	compounds	1	3	0	105
ja	乗客	noun	1	3	0	105
ja	うそ	noun	1	3	5	104
ja	明かり	noun	1	3	1	104
ja	大声	noun	1	3	0	104
ja	物理	noun	1	3	0	104
ja	喉	noun	1	3	0	104
ja	表現	noun	1	3	20	103
ja	守る	verb	1	3	16	103
ja	本物	noun	1	3	15	103
ja	ナンシー	noun	1	3	9	103
ja	銃	noun	1	3	1	103
ja	水泳	noun	1	3	1	103
ja	あたり	noun	1	3	1	103
ja	詳しく	adjective	1	3	0	103
ja	チャンス	noun	1	3	14	102
ja	いで	verb	1	3	10	102
ja	代	noun	1	3	8	102
ja	地下	noun	1	3	2	102
ja	ポスト	noun	1	3	2	102
ja	文脈	noun	1	3	1	102
ja	石油	noun	1	3	0	102
ja	アフリカ	noun	1	3	0	102
ja	とうとう	adverb	1	3	0	102
ja	物価	noun	1	3	0	102
ja	得	verb	1	3	30	101
ja	予想	noun	1	3	29	101
ja	異なる	verb	1	3	25	101
ja	始める	verb	1	3	23	101
ja	アドバイス	noun	1	3	16	101
ja	過ぎる	verb	1	3	8	101
ja	サービス	noun	1	3	3	101
ja	作文	noun	1	3	2	101
ja	やら	compounds	1	3	1	101
ja	何事	noun	1	3	1	101
ja	理性	noun	1	3	1	101
ja	民主	noun	1	3	0	101
ja	うそ	compounds	1	3	0	101
ja	付き合っ	verb	1	3	0	101
ja	忠告	noun	1	3	21	100
ja	不幸	noun	1	3	11	100
ja	光景	noun	1	3	11	100
ja	プレゼント	noun	1	3	10	100
ja	主人	noun	1	3	9	100
ja	礼儀	noun	1	3	2	100
ja	今回	noun	1	3	0	100
ja	睡眠	noun	1	3	0	100
ja	今すぐ	compounds	1	3	0	100
ja	用い	verb	1	3	24	99
ja	すれ	verb	1	3	17	99
ja	え	verb	1	3	14	99
ja	生産	noun	1	3	11	99
ja	マリア	noun	1	3	10	99
ja	美し	adjective	1	3	5	99
ja	グループ	noun	1	3	4	99
ja	鼻	noun	1	3	1	99
ja	ですから	compounds	1	3	0	99
ja	ずいぶん	adverb	1	3	0	99
ja	悲しみ	noun	1	3	0	99
ja	田中	noun	1	3	0	99
ja	共通	noun	1	3	0	99
ja	勝利	noun	1	3	10	98
ja	医師	noun	1	3	7	98
ja	性質	noun	1	3	7	98
ja	大勢	noun	1	3	7	98
ja	おもちゃ	noun	1	3	7	98
ja	実用	noun	1	3	6	98
ja	範囲	noun	1	3	3	98
ja	神経	noun	1	3	1	98
ja	ダンス	noun	1	3	1	98
ja	ベル	noun	1	3	0	98
ja	アン	noun	1	3	0	98
ja	思い出し	verb	1	3	0	98
ja	激しい	adjective	1	3	16	97
ja	ミス	noun	1	3	9	97
ja	しゃべり	noun	1	3	6	97
ja	カップ	noun	1	3	4	97
ja	それから	compounds	1	3	0	97
ja	リスク	noun	1	3	0	97
ja	選ぶ	verb	1	3	23	96
ja	留学	noun	1	3	20	96
ja	取る	verb	1	3	15	96
ja	ごらん	noun	1	3	10	96
ja	いくら	noun	1	3	10	96
ja	キロ	noun	1	3	10	96
ja	秘書	noun	1	3	6	96
ja	自信	noun	1	3	3	96
ja	家具	noun	1	3	2	96
ja	ご飯	noun	1	3	2	96
ja	イエス	noun	1	3	1	96
ja	聴衆	noun	1	3	0	96
ja	向け	verb	1	3	22	95
ja	公平	noun	1	3	17	95
ja	いえ	verb	1	3	10	95
ja	ほんと	noun	1	3	8	95
ja	神秘	noun	1	3	6	95
ja	辺り	noun	1	3	4	95
ja	論文	noun	1	3	2	95
ja	都会	noun	1	3	2	95
ja	門	noun	1	3	2	95
ja	化学	noun	1	3	1	95
ja	スーツ	noun	1	3	1	95
ja	同時	noun	1	3	1	95
ja	ときどき	noun	1	3	0	95
ja	見つめ	verb	1	3	0	95
ja	それでも	compounds	1	3	0	95
ja	因果	noun	1	3	0	95
ja	変わら	verb	1	3	21	94
ja	達成	noun	1	3	18	94
ja	つながる	verb	1	3	14	94
ja	努力	noun	1	3	13	94
ja	乗る	verb	1	3	11	94
ja	アリス	noun	1	3	10	94
ja	ジョージ	noun	1	3	7	94
ja	匂い	noun	1	3	7	94
ja	どおり	noun	1	3	4	94
ja	信号	noun	1	3	3	94
ja	資源	noun	1	3	3	94
ja	つまり	adverb	1	3	3	94
ja	棚	noun	1	3	2	94
ja	人前	noun	1	3	1	94
ja	初め	noun	1	3	1	94
ja	けれど	compounds	1	3	0	94
ja	資金	noun	1	3	0	94
ja	夕方	noun	1	3	0	94
ja	劣ら	verb	1	3	21	93
ja	発言	noun	1	3	13	93
ja	せよ	verb	1	3	4	93
ja	物質	noun	1	3	4	93
ja	菓子	noun	1	3	4	93
ja	列	noun	1	3	3	93
ja	たまたま	adverb	1	3	2	93
ja	場	noun	1	3	1	93
ja	海岸	noun	1	3	1	93
ja	角	noun	1	3	1	93
ja	暖かく	adjective	1	3	0	93
ja	礼	noun	1	3	0	93
ja	陶器	noun	1	3	0	93
ja	言おう	verb	1	3	0	93
ja	地面	noun	1	3	0	93
ja	反応	noun	1	3	25	92
ja	泣き	verb	1	3	18	92
ja	瞑想	noun	1	3	11	92
ja	生	noun	1	3	3	92
ja	アジア	noun	1	3	1	92
ja	法則	noun	1	3	1	92
ja	ガラス	noun	1	3	1	92
ja	おけ	verb	1	3	1	92
ja	合衆	noun	1	3	0	92
ja	最新	noun	1	3	0	92
ja	特徴	noun	1	3	31	91
ja	せい	noun	1	3	16	91
ja	待つ	verb	1	3	16	91
ja	わずか	compounds	1	3	13	91
ja	知れ	verb	1	3	12	91
ja	サンドイッチ	noun	1	3	9	91
ja	なろう	verb	1	3	8	91
ja	スピーチ	noun	1	3	5	91
ja	方向	noun	1	3	4	91
ja	聖書	noun	1	3	2	91
ja	桜	noun	1	3	2	91
ja	なし	compounds	1	3	1	91
ja	割	noun	1	3	1	91
ja	自ら	noun	1	3	1	91
ja	思考	noun	1	3	0	91
ja	つつある	compounds	1	3	0	91
ja	北海道	noun	1	3	0	91
ja	練習	noun	1	3	21	90
ja	幸運	noun	1	3	13	90
ja	多数	noun	1	3	4	90
ja	寿司	noun	1	3	4	90
ja	帝国	noun	1	3	0	90
ja	挑戦	noun	1	3	38	89
ja	支持	noun	1	3	31	89
ja	盗ん	verb	1	3	21	89
ja	入学	noun	1	3	16	89
ja	販売	noun	1	3	15	89
ja	だし	verb	1	3	10	89
ja	景色	noun	1	3	8	89
ja	休日	noun	1	3	6	89
ja	恐ろしい	adjective	1	3	6	89
ja	小屋	noun	1	3	4	89
ja	新車	noun	1	3	3	89
ja	詳細	noun	1	3	2	89
ja	骨	noun	1	3	2	89
ja	愛情	noun	1	3	1	89
ja	地方	noun	1	3	0	89
ja	運命	noun	1	3	16	88
ja	書く	verb	1	3	15	88
ja	議論	noun	1	3	13	88
ja	誠実	noun	1	3	13	88
ja	出る	verb	1	3	10	88
ja	暑	adjective	1	3	10	88
ja	マイル	noun	1	3	10	88
ja	いく	verb	1	3	9	88
ja	夫婦	noun	1	3	9	88
ja	きちんと	adverb	1	3	7	88
ja	スーツケース	noun	1	3	4	88
ja	太郎	noun	1	3	3	88
ja	農場	noun	1	3	2	88
ja	エンジン	noun	1	3	2	88
ja	左	noun	1	3	1	88
ja	免許	noun	1	3	0	88
ja	費用	noun	1	3	0	88
ja	文章	noun	1	3	0	88
ja	余地	noun	1	3	0	88
ja	ベンチ	noun	1	3	0	88
ja	買う	verb	1	3	21	87
ja	ばか	noun	1	3	20	87
ja	迷惑	noun	1	3	10	87
ja	幽霊	noun	1	3	3	87
ja	産業	noun	1	3	3	87
ja	障害	noun	1	3	3	87
ja	夜中	noun	1	3	2	87
ja	首相	noun	1	3	2	87
ja	文法	noun	1	3	1	87
ja	悪口	noun	1	3	0	87
ja	使う	verb	1	3	21	86
ja	もらえる	verb	1	3	10	86
ja	故郷	noun	1	3	6	86
ja	カール	noun	1	3	4	86
ja	シャワー	noun	1	3	3	86
ja	ギリシャ	noun	1	3	2	86
ja	全力	noun	1	3	1	86
ja	正しく	adjective	1	3	1	86
ja	なくてはいけない	compounds	1	3	0	86
ja	牛	noun	1	3	0	86
ja	とともに	compounds	1	3	0	86
ja	期待	noun	1	3	29	85
ja	付け	verb	1	3	22	85
ja	女優	noun	1	3	13	85
ja	暗い	adjective	1	3	13	85
ja	駐車	noun	1	3	12	85
ja	検査	noun	1	3	10	85
ja	見込み	noun	1	3	6	85
ja	記事	noun	1	3	3	85
ja	ラーメン	noun	1	3	2	85
ja	日記	noun	1	3	1	85
ja	久し	adjective	1	3	0	85
ja	認知	noun	1	3	0	85
ja	やっぱり	adverb	1	3	0	85
ja	見つける	verb	1	3	26	84
ja	緊張	noun	1	3	21	84
ja	求める	verb	1	3	19	84
ja	デザート	noun	1	3	11	84
ja	はじめ	verb	1	3	10	84
ja	笑顔	noun	1	3	9	84
ja	白	noun	1	3	9	84
ja	サイズ	noun	1	3	9	84
ja	スタイル	noun	1	3	7	84
ja	虫	noun	1	3	7	84
ja	忍耐	noun	1	3	3	84
ja	行儀	noun	1	3	1	84
ja	フットボール	noun	1	3	1	84
ja	思い出せ	verb	1	3	0	84
ja	注目	noun	1	3	32	83
ja	季節	noun	1	3	17	83
ja	仲	noun	1	3	9	83
ja	含む	verb	1	3	5	83
ja	以内	noun	1	3	4	83
ja	ママ	noun	1	3	4	83
ja	理想	noun	1	3	4	83
ja	ペット	noun	1	3	3	83
ja	裁判	noun	1	3	0	83
ja	仲良く	adverb	1	3	0	83
ja	によると	compounds	1	3	0	83
ja	呼吸	noun	1	3	11	82
ja	かばん	noun	1	3	6	82
ja	制度	noun	1	3	5	82
ja	パターン	noun	1	3	5	82
ja	どんどん	adverb	1	3	1	82
ja	平均	noun	1	3	1	82
ja	さっき	noun	1	3	1	82
ja	いわゆる	compounds	1	3	0	82
ja	文明	noun	1	3	0	82
ja	スピード	noun	1	3	0	82
ja	背中	noun	1	3	0	82
ja	じい	noun	1	3	0	82
ja	もと	compounds	1	3	0	82
ja	適用	noun	1	3	32	81
ja	観察	noun	1	3	23	81
ja	ショック	noun	1	3	19	81
ja	歌う	verb	1	3	17	81
ja	汚染	noun	1	3	14	81
ja	緑	noun	1	3	13	81
ja	いき	verb	1	3	13	81
ja	歩	noun	1	3	10	81
ja	徒	noun	1	3	9	81
ja	道具	noun	1	3	7	81
ja	リスト	noun	1	3	4	81
ja	アプローチ	noun	1	3	3	81
ja	ガス	noun	1	3	3	81
ja	望み	noun	1	3	3	81
ja	真	noun	1	3	1	81
ja	議長	noun	1	3	1	81
ja	被害	noun	1	3	0	81
ja	安く	adjective	1	3	0	81
ja	政権	noun	1	3	0	81
ja	ほら	compounds	1	3	0	81
ja	距離	noun	1	3	17	80
ja	時期	noun	1	3	16	80
ja	飲む	verb	1	3	16	80
ja	つまら	verb	1	3	14	80
ja	横断	noun	1	3	13	80
ja	入る	verb	1	3	10	80
ja	メートル	noun	1	3	9	80
ja	ダイエット	noun	1	3	8	80
ja	おかげ	noun	1	3	8	80
ja	思い出	noun	1	3	7	80
ja	ルール	noun	1	3	6	80
ja	世の中	noun	1	3	6	80
ja	形態	noun	1	3	5	80
ja	内容	noun	1	3	5	80
ja	教科	noun	1	3	4	80
ja	あんまり	adverb	1	3	3	80
ja	仲間	noun	1	3	3	80
ja	劇場	noun	1	3	2	80
ja	疑い	noun	1	3	2	80
ja	いちばん	adverb	1	3	1	80
ja	女子	noun	1	3	1	80
ja	レース	noun	1	3	1	80
ja	不平	noun	1	3	1	80
ja	億	noun	1	3	0	80
ja	意思	noun	1	3	0	80
ja	生命	noun	1	3	0	80
ja	体験	noun	1	3	20	79
ja	制限	noun	1	3	20	79
ja	驚く	verb	1	3	19	79
ja	決める	verb	1	3	14	79
ja	いとこ	noun	1	3	14	79
ja	創造	noun	1	3	13	79
ja	はっきり	adverb	1	3	8	79
ja	掃除	noun	1	3	7	79
ja	学習	noun	1	3	6	79
ja	コップ	noun	1	3	4	79
ja	手術	noun	1	3	4	79
ja	スカート	noun	1	3	3	79
ja	交代	noun	1	3	3	79
ja	結論	noun	1	3	3	79
ja	形式	noun	1	3	3	79
ja	眼鏡	noun	1	3	2	79
ja	４０	noun	1	3	2	79
ja	ホーム	noun	1	3	1	79
ja	小麦	noun	1	3	1	79
ja	放課	noun	1	3	0	79
ja	九	noun	1	3	0	79
ja	さて	compounds	1	3	0	79
ja	ソファー	noun	1	3	0	79
ja	焦点	noun	1	3	0	79
ja	見知ら	verb	1	3	0	79
ja	英	noun	1	3	0	79
ja	進歩	noun	1	3	17	78
ja	喧嘩	noun	1	3	15	78
ja	比べ	verb	1	3	13	78
ja	泳ぎ	verb	1	3	11	78
ja	評判	noun	1	3	11	78
ja	タコス	noun	1	3	10	78
ja	平等	noun	1	3	9	78
ja	愛する	verb	1	3	8	78
ja	うわさ	noun	1	3	7	78
ja	建築	noun	1	3	4	78
ja	正午	noun	1	3	1	78
ja	やがて	adverb	1	3	1	78
ja	永遠	noun	1	3	1	78
ja	もはや	adverb	1	3	0	78
ja	額	noun	1	3	0	78
ja	現場	noun	1	3	0	78
ja	かなり	compounds	1	3	0	78
ja	ものの	compounds	1	3	0	78
ja	訓練	noun	1	3	22	77
ja	様子	noun	1	3	18	77
ja	タイプ	noun	1	3	15	77
ja	解く	verb	1	3	14	77
ja	寒	adjective	1	3	12	77
ja	職業	noun	1	3	7	77
ja	きれ	verb	1	3	5	77
ja	姉妹	noun	1	3	5	77
ja	プロジェクト	noun	1	3	5	77
ja	料金	noun	1	3	5	77
ja	論争	noun	1	3	4	77
ja	鞄	noun	1	3	4	77
ja	まさか	adverb	1	3	3	77
ja	癖	noun	1	3	3	77
ja	夕飯	noun	1	3	2	77
ja	講義	noun	1	3	2	77
ja	小さく	adjective	1	3	1	77
ja	ストレス	noun	1	3	1	77
ja	暑く	adjective	1	3	1	77
ja	ごめんなさい	compounds	1	3	0	77
ja	パスポート	noun	1	3	0	77
ja	暴力	noun	1	3	0	77
ja	戸	noun	1	3	0	77
ja	批判	noun	1	3	19	76
ja	変える	verb	1	3	19	76
ja	約束	noun	1	3	15	76
ja	候補	noun	1	3	15	76
ja	消費	noun	1	3	14	76
ja	出す	verb	1	3	14	76
ja	作業	noun	1	3	11	76
ja	解放	noun	1	3	11	76
ja	終える	verb	1	3	10	76
ja	本気	noun	1	3	9	76
ja	養う	verb	1	3	9	76
ja	チキン	noun	1	3	6	76
ja	舞台	noun	1	3	3	76
ja	ウサギ	noun	1	3	3	76
ja	湯	noun	1	3	2	76
ja	身体	noun	1	3	1	76
ja	葉	noun	1	3	1	76
ja	心理	noun	1	3	1	76
ja	大戦	noun	1	3	1	76
ja	当て	noun	1	3	1	76
ja	共	noun	1	3	1	76
ja	汽車	noun	1	3	0	76
ja	もっとも	adverb	1	3	0	76
ja	国連	noun	1	3	0	76
ja	霧	noun	1	3	0	76
ja	教える	verb	1	3	25	75
ja	構築	noun	1	3	23	75
ja	惑星	noun	1	3	15	75
ja	黒	noun	1	3	12	75
ja	不満	noun	1	3	11	75
ja	見れ	verb	1	3	10	75
ja	広告	noun	1	3	8	75
ja	花瓶	noun	1	3	5	75
ja	いれ	verb	1	3	4	75
ja	教え	noun	1	3	2	75
ja	友情	noun	1	3	1	75
ja	保険	noun	1	3	1	75
ja	緊急	noun	1	3	1	75
ja	一体	adverb	1	3	1	75
ja	市長	noun	1	3	0	75
ja	話し合っ	verb	1	3	0	75
ja	側面	noun	1	3	26	74
ja	高価	noun	1	3	17	74
ja	記録	noun	1	3	14	74
ja	離れ	verb	1	3	13	74
ja	たっぷり	adverb	1	3	8	74
ja	材料	noun	1	3	8	74
ja	正義	noun	1	3	2	74
ja	世間	noun	1	3	1	74
ja	概して	adverb	1	3	0	74
ja	この世	noun	1	3	0	74
ja	優先	noun	1	3	24	73
ja	改善	noun	1	3	24	73
ja	評価	noun	1	3	20	73
ja	治療	noun	1	3	11	73
ja	瞬間	noun	1	3	11	73
ja	ポンド	noun	1	3	10	73
ja	一方	noun	1	3	9	73
ja	さっぱり	adverb	1	3	8	73
ja	話題	noun	1	3	4	73
ja	優しく	adjective	1	3	2	73
ja	どころ	compounds	1	3	2	73
ja	脳	noun	1	3	1	73
ja	袋	noun	1	3	1	73
ja	広く	adjective	1	3	0	73
ja	明るく	adjective	1	3	0	73
ja	生涯	noun	1	3	0	73
ja	さも	adverb	1	3	0	73
ja	長年	noun	1	3	0	73
ja	漫画	noun	1	3	0	73
ja	当地	noun	1	3	0	73
ja	ハワイ	noun	1	3	0	73
ja	玄関	noun	1	3	0	73
ja	拒否	noun	1	3	37	72
ja	つける	verb	1	3	24	72
ja	死ぬ	verb	1	3	18	72
ja	過ごす	verb	1	3	17	72
ja	起こる	verb	1	3	17	72
ja	登る	verb	1	3	16	72
ja	従っ	verb	1	3	14	72
ja	翻訳	noun	1	3	10	72
ja	別れ	noun	1	3	7	72
ja	犯人	noun	1	3	6	72
ja	はじめて	adverb	1	3	5	72
ja	策	noun	1	3	5	72
ja	災害	noun	1	3	4	72
ja	字	noun	1	3	3	72
ja	未来	noun	1	3	2	72
ja	バイク	noun	1	3	1	72
ja	券	noun	1	3	1	72
ja	カーテン	noun	1	3	1	72
ja	食物	noun	1	3	0	72
ja	落ち着い	verb	1	3	0	72
ja	富	noun	1	3	0	72
ja	背景	noun	1	3	0	72
ja	テロ	noun	1	3	0	72
ja	正当	noun	1	3	0	72
ja	伝える	verb	1	3	27	71
ja	謎	noun	1	3	16	71
ja	意味	noun	1	3	16	71
ja	印象	noun	1	3	8	71
ja	安い	adjective	1	3	8	71
ja	サイト	noun	1	3	7	71
ja	感覚	noun	1	3	7	71
ja	競技	noun	1	3	7	71
ja	ハンバーガー	noun	1	3	5	71
ja	景気	noun	1	3	2	71
ja	あんた	compounds	1	3	2	71
ja	面白く	adjective	1	3	0	71
ja	従業	noun	1	3	0	71
ja	越え	verb	1	3	19	70
ja	おか	verb	1	3	17	70
ja	計算	noun	1	3	15	70
ja	投資	noun	1	3	12	70
ja	経営	noun	1	3	12	70
ja	ショー	noun	1	3	9	70
ja	作用	noun	1	3	7	70
ja	ビデオ	noun	1	3	5	70
ja	塔	noun	1	3	5	70
ja	夫人	noun	1	3	5	70
ja	指輪	noun	1	3	3	70
ja	ヤニー	noun	1	3	3	70
ja	観念	noun	1	3	3	70
ja	難しく	adjective	1	3	2	70
ja	まだ	compounds	1	3	0	70
ja	表	noun	1	3	0	70
ja	一体	noun	1	3	0	70
ja	直面	noun	1	3	34	69
ja	受ける	verb	1	3	27	69
ja	確認	noun	1	3	26	69
ja	なれる	verb	1	3	18	69
ja	説得	noun	1	3	16	69
ja	珍しい	adjective	1	3	16	69
ja	開く	verb	1	3	15	69
ja	会員	noun	1	3	13	69
ja	信念	noun	1	3	7	69
ja	あちこち	compounds	1	3	5	69
ja	支払い	noun	1	3	4	69
ja	劇	noun	1	3	3	69
ja	傷	noun	1	3	3	69
ja	一目	noun	1	3	2	69
ja	砂	noun	1	3	1	69
ja	記念	noun	1	3	0	69
ja	髪の毛	noun	1	3	0	69
ja	引き起こし	verb	1	3	0	69
ja	今月	noun	1	3	0	69
ja	よし	compounds	1	3	0	69
ja	日々	noun	1	3	0	69
ja	変更	noun	1	3	25	68
ja	備え	verb	1	3	17	68
ja	終わる	verb	1	3	12	68
ja	予報	noun	1	3	3	68
ja	名声	noun	1	3	1	68
ja	ふう	noun	1	3	1	68
ja	ライオン	noun	1	3	1	68
ja	保存	noun	1	3	24	67
ja	やめる	verb	1	3	18	67
ja	利用	noun	1	3	15	67
ja	送る	verb	1	3	13	67
ja	バンド	noun	1	3	12	67
ja	俳優	noun	1	3	10	67
ja	デザイン	noun	1	3	10	67
ja	頼り	noun	1	3	8	67
ja	きり	compounds	1	3	7	67
ja	彼氏	noun	1	3	7	67
ja	冒険	noun	1	3	6	67
ja	対象	noun	1	3	6	67
ja	加減	noun	1	3	6	67
ja	思いやり	noun	1	3	2	67
ja	観点	noun	1	3	2	67
ja	州	noun	1	3	1	67
ja	必然	noun	1	3	1	67
ja	帰り	noun	1	3	0	67
ja	体調	noun	1	3	0	67
ja	神戸	noun	1	3	0	67
ja	ホワイト	noun	1	3	0	67
ja	いっそう	adverb	1	3	0	67
ja	中華	noun	1	3	0	67
ja	韓国	noun	1	3	0	67
ja	書き留め	verb	1	3	0	67
ja	快楽	noun	1	3	0	67
ja	追加	noun	1	3	22	66
ja	飛ぶ	verb	1	3	20	66
ja	規制	noun	1	3	11	66
ja	監督	noun	1	3	8	66
ja	市民	noun	1	3	5	66
ja	青	noun	1	3	5	66
ja	ロボット	noun	1	3	4	66
ja	スケート	noun	1	3	2	66
ja	サラダ	noun	1	3	2	66
ja	例えば	adverb	1	3	2	66
ja	分別	noun	1	3	1	66
ja	痛く	adjective	1	3	1	66
ja	西	noun	1	3	1	66
ja	暗闇	noun	1	3	1	66
ja	農業	noun	1	3	1	66
ja	うち	compounds	1	3	0	66
ja	強盗	noun	1	3	0	66
ja	とたん	noun	1	3	0	66
ja	申し上げ	verb	1	3	0	66
ja	向上	noun	1	3	22	65
ja	扱う	verb	1	3	21	65
ja	移動	noun	1	3	20	65
ja	洗う	verb	1	3	15	65
ja	作法	noun	1	3	15	65
ja	退職	noun	1	3	14	65
ja	画家	noun	1	3	13	65
ja	発達	noun	1	3	13	65
ja	吸う	verb	1	3	9	65
ja	記者	noun	1	3	6	65
ja	空腹	noun	1	3	6	65
ja	クラシック	noun	1	3	4	65
ja	キャンプ	noun	1	3	4	65
ja	肌	noun	1	3	3	65
ja	グラス	noun	1	3	2	65
ja	異議	noun	1	3	1	65
ja	ハード	noun	1	3	1	65
ja	パイ	noun	1	3	1	65
ja	インターネット	noun	1	3	1	65
ja	頂上	noun	1	3	1	65
ja	今後	noun	1	3	0	65
ja	次回	noun	1	3	0	65
ja	洪水	noun	1	3	0	65
ja	なぜなら	compounds	1	3	0	65
ja	ネット	noun	1	3	0	65
ja	とっても	adverb	1	3	0	65
ja	混乱	noun	1	3	22	64
ja	処理	noun	1	3	17	64
ja	短い	adjective	1	3	17	64
ja	基礎	noun	1	3	10	64
ja	遊び	noun	1	3	9	64
ja	恥ずかし	adjective	1	3	8	64
ja	もらわ	verb	1	3	5	64
ja	恋愛	noun	1	3	5	64
ja	講演	noun	1	3	5	64
ja	大金	noun	1	3	3	64
ja	ぐっすり	adverb	1	3	1	64
ja	までもない	compounds	1	3	0	64
ja	公共	noun	1	3	0	64
ja	シカゴ	noun	1	3	0	64
ja	極めて	adverb	1	3	0	64
ja	ペンキ	noun	1	3	0	64
ja	ひか	verb	1	3	20	63
ja	想像	noun	1	3	18	63
ja	立てる	verb	1	3	16	63
ja	行う	verb	1	3	15	63
ja	好み	noun	1	3	14	63
ja	重い	adjective	1	3	14	63
ja	以下	noun	1	3	9	63
ja	遅れ	noun	1	3	6	63
ja	渋滞	noun	1	3	5	63
ja	論理	noun	1	3	4	63
ja	期間	noun	1	3	3	63
ja	ステーキ	noun	1	3	2	63
ja	ベルト	noun	1	3	2	63
ja	まして	adverb	1	3	1	63
ja	協定	noun	1	3	1	63
ja	途方	noun	1	3	0	63
ja	損害	noun	1	3	0	63
ja	コミットメント	noun	1	3	0	63
ja	無我	noun	1	3	0	63
ja	慈悲	noun	1	3	0	63
ja	線	noun	1	3	0	63
ja	エレベーター	noun	1	3	0	63
ja	直接	adverb	1	3	0	63
ja	ガソリン	noun	1	3	0	63
ja	南	noun	1	3	0	63
ja	切る	verb	1	3	21	62
ja	迎え	verb	1	3	16	62
ja	戻る	verb	1	3	13	62
ja	無知	noun	1	3	10	62
ja	魅力	noun	1	3	10	62
ja	合う	verb	1	3	10	62
ja	熱い	adjective	1	3	9	62
ja	着る	verb	1	3	8	62
ja	けんか	noun	1	3	8	62
ja	ポール	noun	1	3	6	62
ja	無罪	noun	1	3	6	62
ja	カレー	noun	1	3	5	62
ja	期	noun	1	3	5	62
ja	暮らし	noun	1	3	5	62
ja	号	noun	1	3	3	62
ja	粉	noun	1	3	2	62
ja	怖く	adjective	1	3	2	62
ja	事情	noun	1	3	1	62
ja	主権	noun	1	3	1	62
ja	現金	noun	1	3	1	62
ja	つい	adverb	1	3	1	62
ja	かつ	compounds	1	3	0	62
ja	草	noun	1	3	0	62
ja	原子	noun	1	3	0	62
ja	率	noun	1	3	0	62
ja	赤く	adjective	1	3	0	62
ja	検討	noun	1	3	29	61
ja	発表	noun	1	3	28	61
ja	比較	noun	1	3	16	61
ja	予定	noun	1	3	15	61
ja	習得	noun	1	3	13	61
ja	勤務	noun	1	3	10	61
ja	最悪	noun	1	3	9	61
ja	ばかげ	verb	1	3	7	61
ja	有罪	noun	1	3	6	61
ja	戦略	noun	1	3	5	61
ja	悪	noun	1	3	4	61
ja	わざと	adverb	1	3	4	61
ja	熊	noun	1	3	3	61
ja	服装	noun	1	3	3	61
ja	振る舞い	noun	1	3	3	61
ja	知り合っ	verb	1	3	0	61
ja	美	noun	1	3	0	61
ja	新しく	adjective	1	3	0	61
ja	残り	noun	1	3	0	61
ja	ジョーンズ	noun	1	3	0	61
ja	いす	noun	1	3	0	61
ja	団体	noun	1	3	0	61
ja	追いかけ	verb	1	3	0	61
ja	難し	adjective	1	3	22	60
ja	頼む	verb	1	3	20	60
ja	許可	noun	1	3	19	60
ja	書か	verb	1	3	16	60
ja	営業	noun	1	3	16	60
ja	降る	verb	1	3	15	60
ja	言い訳	noun	1	3	10	60
ja	限界	noun	1	3	9	60
ja	ベスト	noun	1	3	7	60
ja	いただい	verb	1	3	7	60
ja	波	noun	1	3	5	60
ja	ドライブ	noun	1	3	5	60
ja	結構	adverb	1	3	3	60
ja	できれ	verb	1	3	3	60
ja	健	noun	1	3	2	60
ja	笑い	noun	1	3	2	60
ja	オフィス	noun	1	3	2	60
ja	コミュニティ	noun	1	3	1	60
ja	千	noun	1	3	1	60
ja	影	noun	1	3	1	60
ja	医療	noun	1	3	1	60
ja	タオル	noun	1	3	1	60
ja	国境	noun	1	3	0	60
ja	わざわざ	adverb	1	3	0	60
ja	保健	noun	1	3	0	60
ja	欲しく	adjective	1	3	0	60
ja	結びつい	verb	1	3	0	60
ja	漢字	noun	1	3	0	60
ja	岩	noun	1	3	0	60
ja	バスケットボール	noun	1	3	0	60
ja	チェス	noun	1	3	0	60
ja	東	noun	1	3	0	60
ja	涅槃	noun	1	3	0	60
ja	共有	noun	1	3	29	59
ja	要求	noun	1	3	20	59
ja	落ちる	verb	1	3	20	59
ja	不思議	noun	1	3	16	59
ja	投票	noun	1	3	15	59
ja	実行	noun	1	3	15	59
ja	止める	verb	1	3	13	59
ja	ピアニスト	noun	1	3	13	59
ja	訪問	noun	1	3	10	59
ja	権威	noun	1	3	10	59
ja	ソフィア	noun	1	3	8	59
ja	拡大	noun	1	3	8	59
ja	アンナ	noun	1	3	8	59
ja	ビーガン	noun	1	3	5	59
ja	常識	noun	1	3	3	59
ja	インフルエンザ	noun	1	3	3	59
ja	ルーシー	noun	1	3	3	59
ja	一杯	adverb	1	3	3	59
ja	取引	noun	1	3	2	59
ja	瓶	noun	1	3	2	59
ja	正直	adverb	1	3	2	59
ja	根本	noun	1	3	2	59
ja	汗	noun	1	3	2	59
ja	視点	noun	1	3	1	59
ja	軍	noun	1	3	1	59
ja	トランプ	noun	1	3	1	59
ja	毎月	noun	1	3	0	59
ja	煙	noun	1	3	0	59
ja	ごく	adverb	1	3	0	59
ja	エスペラント	noun	1	3	0	59
ja	ユーモア	noun	1	3	0	59
ja	対	noun	1	3	0	59
ja	近頃	noun	1	3	0	59
ja	財政	noun	1	3	0	59
ja	デパート	noun	1	3	0	59
ja	博士	noun	1	3	0	59
ja	品物	noun	1	3	0	59
ja	宅	noun	1	3	0	59
ja	依然	adverb	1	3	0	59
ja	ブラジル	noun	1	3	0	59
ja	見送り	noun	1	3	0	59
ja	バイオリン	noun	1	3	0	59
ja	火曜	noun	1	3	0	59
ja	立つ	verb	1	3	21	58
ja	失う	verb	1	3	21	58
ja	進化	noun	1	3	17	58
ja	位置	noun	1	3	14	58
ja	無い	adjective	1	3	12	58
ja	入れる	verb	1	3	11	58
ja	聴く	verb	1	3	9	58
ja	癌	noun	1	3	8	58
ja	通し	verb	1	3	8	58
ja	夜更かし	noun	1	3	8	58
ja	ドラマ	noun	1	3	7	58
ja	勝手	noun	1	3	7	58
ja	モデル	noun	1	3	7	58
ja	無実	noun	1	3	4	58
ja	流れ	noun	1	3	4	58
ja	我が家	noun	1	3	4	58
ja	つづけ	verb	1	3	3	58
ja	年寄り	noun	1	3	3	58
ja	執着	noun	1	3	3	58
ja	勘定	noun	1	3	2	58
ja	バナナ	noun	1	3	2	58
ja	フード	noun	1	3	1	58
ja	プール	noun	1	3	1	58
ja	あるいは	compounds	1	3	1	58
ja	ズボン	noun	1	3	1	58
ja	胃	noun	1	3	0	58
ja	クリス	noun	1	3	0	58
ja	底	noun	1	3	0	58
ja	遠く	adjective	1	3	0	58
ja	立ち上がっ	verb	1	3	0	58
ja	雷	noun	1	3	0	58
ja	それでは	compounds	1	3	0	58
ja	似合う	verb	1	3	0	58
ja	訪れる	verb	1	3	17	57
ja	運ぶ	verb	1	3	17	57
ja	狭い	adjective	1	3	15	57
ja	示す	verb	1	3	14	57
ja	渡っ	verb	1	3	14	57
ja	違反	noun	1	3	13	57
ja	決断	noun	1	3	12	57
ja	手助け	noun	1	3	11	57
ja	代表	noun	1	3	9	57
ja	逆	noun	1	3	8	57
ja	歳	noun	1	3	8	57
ja	入り	noun	1	3	7	57
ja	チップ	noun	1	3	5	57
ja	時刻	noun	1	3	5	57
ja	雰囲気	noun	1	3	4	57
ja	起源	noun	1	3	4	57
ja	油	noun	1	3	3	57
ja	ネズミ	noun	1	3	3	57
ja	旧友	noun	1	3	2	57
ja	美学	noun	1	3	1	57
ja	宝石	noun	1	3	1	57
ja	作物	noun	1	3	1	57
ja	鶏肉	noun	1	3	1	57
ja	二十	noun	1	3	1	57
ja	チョコ	noun	1	3	1	57
ja	幾	noun	1	3	0	57
ja	共同	noun	1	3	0	57
ja	西洋	noun	1	3	0	57
ja	ようやく	adverb	1	3	0	57
ja	初心	noun	1	3	0	57
ja	オリンピック	noun	1	3	0	57
ja	ストア	noun	1	3	0	57
ja	顔色	noun	1	3	0	57
ja	洞察	noun	1	3	0	57
ja	人工	noun	1	3	0	57
ja	意地	noun	1	3	0	57
ja	ライン	noun	1	3	0	57
ja	通常	noun	1	3	0	57
ja	寄付	noun	1	3	27	56
ja	要素	noun	1	3	23	56
ja	表す	verb	1	3	22	56
ja	賞賛	noun	1	3	18	56
ja	似	verb	1	3	17	56
ja	値	noun	1	3	13	56
ja	演奏	noun	1	3	12	56
ja	ジョギング	noun	1	3	11	56
ja	探す	verb	1	3	11	56
ja	報道	noun	1	3	10	56
ja	応じ	verb	1	3	10	56
ja	格好	noun	1	3	10	56
ja	青年	noun	1	3	9	56
ja	サイン	noun	1	3	9	56
ja	優れ	verb	1	3	8	56
ja	コミュニケーション	noun	1	3	5	56
ja	戦い	noun	1	3	4	56
ja	男子	noun	1	3	4	56
ja	よけれ	adjective	1	3	2	56
ja	羊	noun	1	3	1	56
ja	眠く	adjective	1	3	1	56
ja	税金	noun	1	3	1	56
ja	やはり	adverb	1	3	0	56
ja	次々	adverb	1	3	0	56
ja	今ごろ	noun	1	3	0	56
ja	したがって	compounds	1	3	0	56
ja	刑務	noun	1	3	0	56
ja	主に	adverb	1	3	0	56
ja	作成	noun	1	3	35	55
ja	別れ	verb	1	3	19	55
ja	証明	noun	1	3	17	55
ja	参加	noun	1	3	16	55
ja	すま	verb	1	3	15	55
ja	イン	noun	1	3	14	55
ja	払う	verb	1	3	14	55
ja	爆発	noun	1	3	13	55
ja	定義	noun	1	3	13	55
ja	友	noun	1	3	13	55
ja	要する	verb	1	3	10	55
ja	辛い	adjective	1	3	8	55
ja	金属	noun	1	3	8	55
ja	おこう	verb	1	3	7	55
ja	攻撃	noun	1	3	7	55
ja	扱い	noun	1	3	6	55
ja	収穫	noun	1	3	6	55
ja	数字	noun	1	3	6	55
ja	ランチ	noun	1	3	3	55
ja	農家	noun	1	3	2	55
ja	職場	noun	1	3	2	55
ja	表情	noun	1	3	1	55
ja	しょっちゅう	adverb	1	3	1	55
ja	玉	noun	1	3	1	55
ja	日光	noun	1	3	1	55
ja	いろんな	compounds	1	3	0	55
ja	いまだ	adverb	1	3	0	55
ja	ホール	noun	1	3	0	55
ja	スイス	noun	1	3	0	55
ja	天然	noun	1	3	0	55
ja	毎晩	noun	1	3	0	55
ja	一時	noun	1	3	0	55
ja	医学	noun	1	3	0	55
ja	ロープ	noun	1	3	0	55
ja	芝生	noun	1	3	0	55
ja	あげる	verb	1	3	22	54
ja	発生	noun	1	3	21	54
ja	超え	verb	1	3	19	54
ja	節約	noun	1	3	18	54
ja	覚め	verb	1	3	18	54
ja	及ぼす	verb	1	3	15	54
ja	つらい	adjective	1	3	14	54
ja	会え	verb	1	3	14	54
ja	独立	noun	1	3	13	54
ja	合わせ	verb	1	3	12	54
ja	模様	noun	1	3	11	54
ja	どなた	compounds	1	3	10	54
ja	用	noun	1	3	9	54
ja	信頼	noun	1	3	9	54
ja	入場	noun	1	3	8	54
ja	感染	noun	1	3	7	54
ja	しろ	verb	1	3	7	54
ja	祭り	noun	1	3	5	54
ja	世代	noun	1	3	4	54
ja	ジーンズ	noun	1	3	3	54
ja	伝言	noun	1	3	2	54
ja	カー	noun	1	3	2	54
ja	知恵	noun	1	3	1	54
ja	見当	noun	1	3	1	54
ja	内	noun	1	3	1	54
ja	持続	noun	1	3	1	54
ja	そちら	compounds	1	3	0	54
ja	大会	noun	1	3	0	54
ja	表面	noun	1	3	0	54
ja	当然	adverb	1	3	0	54
ja	もたらす	verb	1	3	23	53
ja	気味	noun	1	3	20	53
ja	快適	noun	1	3	18	53
ja	昇進	noun	1	3	17	53
ja	用意	noun	1	3	16	53
ja	握手	noun	1	3	16	53
ja	不明	noun	1	3	15	53
ja	交換	noun	1	3	14	53
ja	事項	noun	1	3	13	53
ja	とおり	noun	1	3	12	53
ja	連絡	noun	1	3	12	53
ja	会える	verb	1	3	6	53
ja	レベル	noun	1	3	6	53
ja	無し	noun	1	3	6	53
ja	アイデア	noun	1	3	5	53
ja	スパゲッティ	noun	1	3	4	53
ja	少々	noun	1	3	4	53
ja	裏	noun	1	3	3	53
ja	双子	noun	1	3	3	53
ja	意図	noun	1	3	1	53
ja	著作	noun	1	3	1	53
ja	資格	noun	1	3	1	53
ja	ビジネス	noun	1	3	1	53
ja	既に	adverb	1	3	0	53
ja	つつ	compounds	1	3	0	53
ja	随分	adverb	1	3	0	53
ja	いただける	verb	1	3	0	53
ja	オン	noun	1	3	0	53
ja	秩序	noun	1	3	0	53
ja	にわか雨	noun	1	3	0	53
ja	北	noun	1	3	0	53
ja	勝て	verb	1	3	28	52
ja	採用	noun	1	3	26	52
ja	好む	verb	1	3	23	52
ja	かかる	verb	1	3	22	52
ja	感じる	verb	1	3	22	52
ja	誤解	noun	1	3	16	52
ja	怒る	verb	1	3	15	52
ja	一杯	noun	1	3	14	52
ja	終え	verb	1	3	13	52
ja	増加	noun	1	3	13	52
ja	いける	verb	1	3	13	52
ja	故障	noun	1	3	13	52
ja	毒	noun	1	3	12	52
ja	開ける	verb	1	3	12	52
ja	航海	noun	1	3	11	52
ja	とる	verb	1	3	11	52
ja	指示	noun	1	3	10	52
ja	寒かっ	adjective	1	3	9	52
ja	沈黙	noun	1	3	7	52
ja	ガン	noun	1	3	6	52
ja	寺	noun	1	3	6	52
ja	ゴミ	noun	1	3	5	52
ja	有能	noun	1	3	5	52
ja	描く	verb	1	3	5	52
ja	慣習	noun	1	3	5	52
ja	マスク	noun	1	3	4	52
ja	ポテト	noun	1	3	4	52
ja	女王	noun	1	3	3	52
ja	弁当	noun	1	3	2	52
ja	質	noun	1	3	2	52
ja	食欲	noun	1	3	1	52
ja	基準	noun	1	3	1	52
ja	関わら	verb	1	3	1	52
ja	舌	noun	1	3	1	52
ja	コ	noun	1	3	1	52
ja	食品	noun	1	3	1	52
ja	ハイキング	noun	1	3	1	52
ja	徐々	noun	1	3	0	52
ja	ああ	adverb	1	3	0	52
ja	せいぜい	adverb	1	3	0	52
ja	ふと	adverb	1	3	0	52
ja	アルコール	noun	1	3	0	52
ja	自国	noun	1	3	0	52
ja	美しく	adjective	1	3	0	52
ja	表し	verb	1	3	28	51
ja	切ら	verb	1	3	21	51
ja	尽くす	verb	1	3	21	51
ja	会う	verb	1	3	17	51
ja	無駄	noun	1	3	15	51
ja	登場	noun	1	3	14	51
ja	認める	verb	1	3	13	51
ja	周	noun	1	3	12	51
ja	届く	verb	1	3	11	51
ja	修理	noun	1	3	8	51
ja	玉ねぎ	noun	1	3	6	51
ja	意気	noun	1	3	6	51
ja	鏡	noun	1	3	4	51
ja	バー	noun	1	3	4	51
ja	祈り	noun	1	3	3	51
ja	人格	noun	1	3	3	51
ja	資本	noun	1	3	2	51
ja	昼ご飯	noun	1	3	1	51
ja	真相	noun	1	3	1	51
ja	山田	noun	1	3	1	51
ja	徹底	noun	1	3	1	51
ja	スーザン	noun	1	3	1	51
ja	精	noun	1	3	0	51
ja	思い出さ	verb	1	3	0	51
ja	脚	noun	1	3	0	51
ja	分間	noun	1	3	0	51
ja	繰り返し	verb	1	3	0	51
ja	悪化	noun	1	3	25	50
ja	集め	verb	1	3	22	50
ja	重視	noun	1	3	21	50
ja	決心	noun	1	3	16	50
ja	描い	verb	1	3	16	50
ja	調べる	verb	1	3	14	50
ja	親友	noun	1	3	12	50
ja	挨拶	noun	1	3	9	50
ja	申し訳	noun	1	3	9	50
ja	隣人	noun	1	3	5	50
ja	大雨	noun	1	3	3	50
ja	判決	noun	1	3	3	50
ja	予防	noun	1	3	2	50
ja	実在	noun	1	3	2	50
ja	クレジット	noun	1	3	1	50
ja	シート	noun	1	3	1	50
ja	いな	noun	1	3	0	50
ja	貧困	noun	1	3	0	50
ja	消防	noun	1	3	0	50
ja	たいした	compounds	1	3	0	50
ja	取り出し	verb	1	3	0	50
ja	短く	adjective	1	3	0	50
ja	ちっとも	adverb	1	3	0	50
ja	破っ	verb	1	3	25	49
ja	果たす	verb	1	3	19	49
ja	購入	noun	1	3	17	49
ja	討論	noun	1	3	16	49
ja	衝突	noun	1	3	16	49
ja	所有	noun	1	3	14	49
ja	訪ね	verb	1	3	13	49
ja	追求	noun	1	3	12	49
ja	みる	verb	1	3	12	49
ja	若	adjective	1	3	10	49
ja	転ん	verb	1	3	10	49
ja	失業	noun	1	3	10	49
ja	冷静	noun	1	3	9	49
ja	診察	noun	1	3	9	49
ja	ルーム	noun	1	3	8	49
ja	克服	noun	1	3	7	49
ja	基づく	verb	1	3	7	49
ja	ごろ	noun	1	3	7	49
ja	きっ	verb	1	3	7	49
ja	血圧	noun	1	3	6	49
ja	奈良	noun	1	3	6	49
ja	化粧	noun	1	3	5	49
ja	主	noun	1	3	4	49
ja	ワン	noun	1	3	4	49
ja	芝居	noun	1	3	4	49
ja	真理	noun	1	3	3	49
ja	ネコ	noun	1	3	3	49
ja	ファッション	noun	1	3	3	49
ja	プロ	noun	1	3	2	49
ja	ＣＤ	noun	1	3	2	49
ja	大半	noun	1	3	2	49
ja	大臣	noun	1	3	1	49
ja	軍隊	noun	1	3	1	49
ja	なか	noun	1	3	1	49
ja	最良	noun	1	3	1	49
ja	やる気	noun	1	3	1	49
ja	メグ	noun	1	3	1	49
ja	靴下	noun	1	3	0	49
ja	群衆	noun	1	3	0	49
ja	頬	noun	1	3	0	49
ja	周囲	noun	1	3	0	49
ja	ひょっと	adverb	1	3	0	49
ja	高級	noun	1	3	0	49
ja	なるほど	adverb	1	3	0	49
ja	大抵	adverb	1	3	0	49
ja	喫茶	noun	1	3	0	49
ja	速度	noun	1	3	0	49
ja	思いつい	verb	1	3	0	49
ja	落ち着か	verb	1	3	0	49
ja	塀	noun	1	3	0	49
ja	出かけよう	verb	1	3	0	49
ja	気温	noun	1	3	0	49
ja	本屋	noun	1	3	0	49
ja	好奇	noun	1	3	0	49
ja	促進	noun	1	3	19	48
ja	矛盾	noun	1	3	17	48
ja	収集	noun	1	3	16	48
ja	居	verb	1	3	16	48
ja	感動	noun	1	3	14	48
ja	危ない	adjective	1	3	13	48
ja	単位	noun	1	3	12	48
ja	輸出	noun	1	3	12	48
ja	座る	verb	1	3	11	48
ja	低い	adjective	1	3	11	48
ja	孤独	noun	1	3	10	48
ja	におい	noun	1	3	8	48
ja	要因	noun	1	3	8	48
ja	真剣	noun	1	3	7	48
ja	恥	noun	1	3	4	48
ja	恋人	noun	1	3	4	48
ja	スター	noun	1	3	3	48
ja	大陸	noun	1	3	3	48
ja	手袋	noun	1	3	3	48
ja	幼い	adjective	1	3	2	48
ja	寝室	noun	1	3	2	48
ja	根	noun	1	3	2	48
ja	洋服	noun	1	3	1	48
ja	筋	noun	1	3	1	48
ja	過ち	noun	1	3	1	48
ja	じき	noun	1	3	1	48
ja	無礼	noun	1	3	1	48
ja	皮	noun	1	3	0	48
ja	害	noun	1	3	0	48
ja	家事	noun	1	3	0	48
ja	キー	noun	1	3	0	48
ja	火災	noun	1	3	0	48
ja	うれしく	adjective	1	3	0	48
ja	ジャズ	noun	1	3	0	48
ja	容疑	noun	1	3	0	48
ja	賃金	noun	1	3	0	48
ja	天井	noun	1	3	0	48
ja	食糧	noun	1	3	0	48
ja	目指し	verb	1	3	34	47
ja	頼ま	verb	1	3	27	47
ja	飛ん	verb	1	3	18	47
ja	置く	verb	1	3	14	47
ja	内気	noun	1	3	14	47
ja	呼ぶ	verb	1	3	14	47
ja	注文	noun	1	3	13	47
ja	訳	noun	1	3	12	47
ja	割っ	verb	1	3	11	47
ja	メモ	noun	1	3	9	47
ja	渡る	verb	1	3	9	47
ja	刺激	noun	1	3	8	47
ja	構成	noun	1	3	8	47
ja	メンバー	noun	1	3	7	47
ja	依頼	noun	1	3	6	47
ja	大雪	noun	1	3	5	47
ja	ピーター	noun	1	3	5	47
ja	誘惑	noun	1	3	4	47
ja	か月	noun	1	3	3	47
ja	急が	verb	1	3	3	47
ja	餌	noun	1	3	2	47
ja	温かい	adjective	1	3	2	47
ja	ビーチ	noun	1	3	1	47
ja	一家	noun	1	3	1	47
ja	行方	noun	1	3	0	47
ja	巻き込ま	verb	1	3	0	47
ja	泳ぎ	noun	1	3	0	47
ja	すら	compounds	1	3	0	47
ja	メッセージ	noun	1	3	0	47
ja	ちゃいけない	compounds	1	3	0	47
ja	両手	noun	1	3	0	47
ja	革命	noun	1	3	0	47
ja	良く	adverb	1	3	0	47
ja	保証	noun	1	3	26	46
ja	活用	noun	1	3	26	46
ja	しゃべり	verb	1	3	21	46
ja	失わ	verb	1	3	20	46
ja	死に	verb	1	3	17	46
ja	違っ	verb	1	3	17	46
ja	引く	verb	1	3	16	46
ja	展示	noun	1	3	16	46
ja	軽い	adjective	1	3	16	46
ja	抵抗	noun	1	3	15	46
ja	聞け	verb	1	3	15	46
ja	名誉	noun	1	3	14	46
ja	組ん	verb	1	3	11	46
ja	コピー	noun	1	3	8	46
ja	エレナ	noun	1	3	7	46
ja	通訳	noun	1	3	7	46
ja	ディナー	noun	1	3	6	46
ja	サラ	noun	1	3	6	46
ja	繁栄	noun	1	3	4	46
ja	疲れ	noun	1	3	4	46
ja	昆虫	noun	1	3	4	46
ja	動機	noun	1	3	3	46
ja	順	noun	1	3	3	46
ja	イチゴ	noun	1	3	2	46
ja	具体	noun	1	3	2	46
ja	直ちに	adverb	1	3	2	46
ja	鉄道	noun	1	3	2	46
ja	いずれ	compounds	1	3	2	46
ja	化石	noun	1	3	2	46
ja	牛肉	noun	1	3	1	46
ja	かわり	noun	1	3	1	46
ja	レコード	noun	1	3	1	46
ja	とりわけ	adverb	1	3	1	46
ja	ボーイ	noun	1	3	1	46
ja	食卓	noun	1	3	1	46
ja	陰	noun	1	3	1	46
ja	病人	noun	1	3	0	46
ja	こともある	compounds	1	3	0	46
ja	黄色	noun	1	3	0	46
ja	長期	noun	1	3	0	46
ja	そっと	adverb	1	3	0	46
ja	飛び出し	verb	1	3	0	46
ja	ベス	noun	1	3	0	46
ja	パパ	noun	1	3	0	46
ja	軽く	adjective	1	3	0	46
ja	あいにく	adverb	1	3	0	46
ja	メディア	noun	1	3	0	46
ja	見なさ	verb	1	3	39	45
ja	取ら	verb	1	3	28	45
ja	展開	noun	1	3	28	45
ja	役立つ	verb	1	3	22	45
ja	誘っ	verb	1	3	21	45
ja	楽しむ	verb	1	3	19	45
ja	泣く	verb	1	3	17	45
ja	学ん	verb	1	3	16	45
ja	買える	verb	1	3	14	45
ja	上がる	verb	1	3	14	45
ja	しゃべる	verb	1	3	14	45
ja	婚約	noun	1	3	13	45
ja	関与	noun	1	3	11	45
ja	とこ	noun	1	3	9	45
ja	赤字	noun	1	3	7	45
ja	発音	noun	1	3	6	45
ja	いたずら	noun	1	3	5	45
ja	友だち	noun	1	3	5	45
ja	風景	noun	1	3	4	45
ja	株	noun	1	3	4	45
ja	一貫	noun	1	3	4	45
ja	おはよう	compounds	1	3	4	45
ja	イメージ	noun	1	3	3	45
ja	申し分	noun	1	3	3	45
ja	制服	noun	1	3	3	45
ja	何故	adverb	1	3	3	45
ja	ジャクソン	noun	1	3	2	45
ja	企画	noun	1	3	2	45
ja	木々	noun	1	3	2	45
ja	野生	noun	1	3	1	45
ja	観客	noun	1	3	1	45
ja	条約	noun	1	3	0	45
ja	自宅	noun	1	3	0	45
ja	体育	noun	1	3	0	45
ja	逃げ出し	verb	1	3	0	45
ja	需要	noun	1	3	0	45
ja	定刻	noun	1	3	0	45
ja	国内	noun	1	3	0	45
ja	追いつく	verb	1	3	0	45
ja	見舞い	noun	1	3	0	45
ja	指摘	noun	1	3	33	44
ja	いい	verb	1	3	28	44
ja	残し	verb	1	3	27	44
ja	しゃべっ	verb	1	3	25	44
ja	出さ	verb	1	3	25	44
ja	開始	noun	1	3	24	44
ja	修正	noun	1	3	23	44
ja	避け	verb	1	3	21	44
ja	妥協	noun	1	3	20	44
ja	取れ	verb	1	3	20	44
ja	同情	noun	1	3	18	44
ja	避難	noun	1	3	15	44
ja	招待	noun	1	3	15	44
ja	苦労	noun	1	3	15	44
ja	怠け者	noun	1	3	14	44
ja	避ける	verb	1	3	13	44
ja	おかしい	adjective	1	3	13	44
ja	使える	verb	1	3	12	44
ja	診断	noun	1	3	12	44
ja	プロセス	noun	1	3	11	44
ja	まずい	adjective	1	3	11	44
ja	汚れ	verb	1	3	10	44
ja	由来	noun	1	3	9	44
ja	身長	noun	1	3	9	44
ja	打つ	verb	1	3	8	44
ja	建てる	verb	1	3	8	44
ja	埋葬	noun	1	3	7	44
ja	症状	noun	1	3	7	44
ja	砂漠	noun	1	3	6	44
ja	祝い	noun	1	3	6	44
ja	損失	noun	1	3	5	44
ja	メニュー	noun	1	3	4	44
ja	著者	noun	1	3	4	44
ja	ベジタリアン	noun	1	3	4	44
ja	タイム	noun	1	3	4	44
ja	苦痛	noun	1	3	4	44
ja	魔法	noun	1	3	3	44
ja	風味	noun	1	3	2	44
ja	レモン	noun	1	3	2	44
ja	住宅	noun	1	3	1	44
ja	ファイル	noun	1	3	1	44
ja	迷子	noun	1	3	0	44
ja	家賃	noun	1	3	0	44
ja	いわば	adverb	1	3	0	44
ja	一行	noun	1	3	0	44
ja	マユ	noun	1	3	0	44
ja	エアコン	noun	1	3	0	44
ja	とっても	compounds	1	3	0	44
ja	当てはまる	verb	1	3	0	44
ja	酸素	noun	1	3	0	44
ja	かい	verb	1	3	24	43
ja	なさ	verb	1	3	23	43
ja	いわ	verb	1	3	21	43
ja	ちがい	noun	1	3	19	43
ja	作ろう	verb	1	3	18	43
ja	推測	noun	1	3	17	43
ja	損	noun	1	3	14	43
ja	すぐれ	verb	1	3	13	43
ja	得	noun	1	3	12	43
ja	恥ずかしい	adjective	1	3	12	43
ja	拍手	noun	1	3	12	43
ja	優勝	noun	1	3	11	43
ja	もらう	verb	1	3	11	43
ja	信用	noun	1	3	11	43
ja	起こら	verb	1	3	11	43
ja	悲し	adjective	1	3	10	43
ja	絶望	noun	1	3	10	43
ja	嫉妬	noun	1	3	10	43
ja	隠さ	verb	1	3	10	43
ja	向かっ	verb	1	3	9	43
ja	口論	noun	1	3	8	43
ja	怠惰	noun	1	3	8	43
ja	最低	noun	1	3	6	43
ja	対抗	noun	1	3	4	43
ja	成人	noun	1	3	4	43
ja	原理	noun	1	3	4	43
ja	ブライアン	noun	1	3	3	43
ja	行い	noun	1	3	3	43
ja	ニンニク	noun	1	3	3	43
ja	メガネ	noun	1	3	2	43
ja	札	noun	1	3	2	43
ja	差	noun	1	3	2	43
ja	独り	noun	1	3	1	43
ja	プログラム	noun	1	3	1	43
ja	リス	noun	1	3	1	43
ja	晩ご飯	noun	1	3	1	43
ja	ジャケット	noun	1	3	1	43
ja	ヘビ	noun	1	3	0	43
ja	扉	noun	1	3	0	43
ja	外見	noun	1	3	0	43
ja	わずか	adverb	1	3	0	43
ja	危うく	adjective	1	3	0	43
ja	期限	noun	1	3	0	43
ja	引き受け	verb	1	3	0	43
ja	およそ	adverb	1	3	0	43
ja	予算	noun	1	3	0	43
ja	膝	noun	1	3	0	43
ja	永久	noun	1	3	0	43
ja	茶色	noun	1	3	0	43
ja	情勢	noun	1	3	0	43
ja	フォーク	noun	1	3	0	43
ja	見かけ	noun	1	3	0	43
ja	早寝	noun	1	3	0	43
ja	設立	noun	1	3	29	42
ja	降り	verb	1	3	23	42
ja	届か	verb	1	3	19	42
ja	すん	verb	1	3	16	42
ja	泳げる	verb	1	3	16	42
ja	喜ん	verb	1	3	15	42
ja	浪費	noun	1	3	15	42
ja	通る	verb	1	3	13	42
ja	獲得	noun	1	3	13	42
ja	予測	noun	1	3	13	42
ja	妊娠	noun	1	3	13	42
ja	通っ	verb	1	3	12	42
ja	読ん	verb	1	3	11	42
ja	流行	noun	1	3	10	42
ja	伴う	verb	1	3	10	42
ja	進行	noun	1	3	9	42
ja	フルーツ	noun	1	3	8	42
ja	売る	verb	1	3	8	42
ja	動かす	verb	1	3	8	42
ja	切れ	noun	1	3	7	42
ja	いよう	verb	1	3	7	42
ja	地獄	noun	1	3	6	42
ja	就職	noun	1	3	6	42
ja	試み	noun	1	3	6	42
ja	リーダー	noun	1	3	5	42
ja	豆	noun	1	3	4	42
ja	鳴る	verb	1	3	4	42
ja	高速	noun	1	3	3	42
ja	奴隷	noun	1	3	3	42
ja	畑	noun	1	3	2	42
ja	小切手	noun	1	3	1	42
ja	小鳥	noun	1	3	1	42
ja	人種	noun	1	3	1	42
ja	店員	noun	1	3	1	42
ja	会計	noun	1	3	1	42
ja	コンピュータ	noun	1	3	1	42
ja	代理	noun	1	3	1	42
ja	取り戻し	verb	1	3	0	42
ja	名古屋	noun	1	3	0	42
ja	多少	noun	1	3	0	42
ja	センス	noun	1	3	0	42
ja	まとも	compounds	1	3	0	42
ja	しょうがない	compounds	1	3	0	42
ja	等	noun	1	3	0	42
ja	ミーティング	noun	1	3	0	42
ja	きょう	noun	1	3	0	42
ja	知能	noun	1	3	0	42
ja	いったん	adverb	1	3	0	42
ja	アイロン	noun	1	3	0	42
ja	受け入れる	verb	1	3	0	42
ja	つながっ	verb	1	3	33	41
ja	生じ	verb	1	3	22	41
ja	擁護	noun	1	3	22	41
ja	試み	verb	1	3	21	41
ja	覚まし	verb	1	3	20	41
ja	稼ぐ	verb	1	3	19	41
ja	立ち	verb	1	3	19	41
ja	適し	verb	1	3	19	41
ja	取り	verb	1	3	17	41
ja	出世	noun	1	3	17	41
ja	付ける	verb	1	3	17	41
ja	調理	noun	1	3	16	41
ja	不利	noun	1	3	16	41
ja	帰国	noun	1	3	15	41
ja	なさ	adjective	1	3	14	41
ja	昼寝	noun	1	3	13	41
ja	続く	verb	1	3	13	41
ja	オープン	noun	1	3	13	41
ja	遠い	adjective	1	3	11	41
ja	泳い	verb	1	3	11	41
ja	侮辱	noun	1	3	10	41
ja	ご覧	noun	1	3	10	41
ja	暮らす	verb	1	3	9	41
ja	外出	noun	1	3	8	41
ja	内緒	noun	1	3	6	41
ja	微笑み	verb	1	3	6	41
ja	英雄	noun	1	3	6	41
ja	保つ	verb	1	3	6	41
ja	寺院	noun	1	3	3	41
ja	筋肉	noun	1	3	3	41
ja	住民	noun	1	3	2	41
ja	ペパロニ	noun	1	3	2	41
ja	センター	noun	1	3	2	41
ja	輸入	noun	1	3	2	41
ja	やさしく	adjective	1	3	2	41
ja	施設	noun	1	3	2	41
ja	沿っ	verb	1	3	1	41
ja	リベラル	noun	1	3	1	41
ja	コンテスト	noun	1	3	1	41
ja	ゆうべ	noun	1	3	1	41
ja	おなか	noun	1	3	1	41
ja	タイヤ	noun	1	3	1	41
ja	巣	noun	1	3	1	41
ja	座席	noun	1	3	0	41
ja	インク	noun	1	3	0	41
ja	仏陀	noun	1	3	0	41
ja	ため息	noun	1	3	0	41
ja	似合っ	verb	1	3	0	41
ja	太平	noun	1	3	0	41
ja	答案	noun	1	3	0	41
ja	今頃	noun	1	3	0	41
ja	アップル	noun	1	3	0	41
ja	飛び込ん	verb	1	3	0	41
ja	スキャンダル	noun	1	3	0	41
ja	何百	noun	1	3	0	41
ja	あて	noun	1	3	0	41
ja	大気	noun	1	3	0	41
ja	テクノロジー	noun	1	3	0	41
ja	取り組ん	verb	1	3	0	41
ja	空間	noun	1	3	0	41
ja	一切	noun	1	3	0	41
ja	動き	noun	1	3	0	41
ja	朝ごはん	noun	1	3	0	41
ja	物音	noun	1	3	0	41
ja	語っ	verb	1	3	25	40
ja	悪かっ	adjective	1	3	20	40
ja	吠え	verb	1	3	20	40
ja	滞在	noun	1	3	17	40
ja	読める	verb	1	3	15	40
ja	焼く	verb	1	3	15	40
ja	一致	noun	1	3	14	40
ja	進ん	verb	1	3	14	40
ja	高	adjective	1	3	14	40
ja	負傷	noun	1	3	14	40
ja	請求	noun	1	3	13	40
ja	テーマ	noun	1	3	12	40
ja	やん	verb	1	3	11	40
ja	アップ	noun	1	3	10	40
ja	ヒーロー	noun	1	3	8	40
ja	画	noun	1	3	8	40
ja	抗議	noun	1	3	8	40
ja	生き物	noun	1	3	7	40
ja	濃い	adjective	1	3	7	40
ja	パーセント	noun	1	3	5	40
ja	おっしゃる	verb	1	3	4	40
ja	エミリー	noun	1	3	4	40
ja	かわいそう	compounds	1	3	3	40
ja	社員	noun	1	3	3	40
ja	ボランティア	noun	1	3	2	40
ja	ゴール	noun	1	3	2	40
ja	無事	noun	1	3	2	40
ja	アート	noun	1	3	2	40
ja	ネイティブ	noun	1	3	2	40
ja	ボス	noun	1	3	2	40
ja	ふつう	noun	1	3	2	40
ja	例文	noun	1	3	2	40
ja	組	noun	1	3	2	40
ja	同僚	noun	1	3	2	40
ja	ヨガ	noun	1	3	1	40
ja	一瞬	noun	1	3	1	40
ja	エジプト	noun	1	3	1	40
ja	のど	noun	1	3	1	40
ja	取ろう	verb	1	3	1	40
ja	中古	noun	1	3	1	40
ja	ロバート	noun	1	3	1	40
ja	交流	noun	1	3	1	40
ja	除い	verb	1	3	1	40
ja	爆弾	noun	1	3	1	40
ja	とんでも	adverb	1	3	1	40
ja	グリーン	noun	1	3	1	40
ja	だるま	noun	1	3	1	40
ja	野原	noun	1	3	1	40
ja	イスラム	noun	1	3	0	40
ja	シンガポール	noun	1	3	0	40
ja	学期	noun	1	3	0	40
ja	緑色	noun	1	3	0	40
ja	是非	adverb	1	3	0	40
ja	厳しく	adjective	1	3	0	40
ja	リビング	noun	1	3	0	40
ja	テープ	noun	1	3	0	40
ja	国会	noun	1	3	0	40
ja	食前	noun	1	3	0	40
ja	鉄	noun	1	3	0	40
ja	衣服	noun	1	3	0	40
ja	済ま	verb	1	3	18	39
ja	涼しい	adjective	1	3	16	39
ja	日焼け	noun	1	3	15	39
ja	崩壊	noun	1	3	14	39
ja	回復	noun	1	3	13	39
ja	警告	noun	1	3	13	39
ja	乗せ	verb	1	3	13	39
ja	通行	noun	1	3	12	39
ja	応募	noun	1	3	12	39
ja	学問	noun	1	3	11	39
ja	覚悟	noun	1	3	10	39
ja	徹夜	noun	1	3	10	39
ja	的	noun	1	3	10	39
ja	合意	noun	1	3	10	39
ja	大き	adjective	1	3	8	39
ja	強	adjective	1	3	8	39
ja	着く	verb	1	3	8	39
ja	重	adjective	1	3	8	39
ja	答える	verb	1	3	8	39
ja	ショップ	noun	1	3	8	39
ja	適当	noun	1	3	7	39
ja	出版	noun	1	3	7	39
ja	くれる	verb	1	3	7	39
ja	汚い	adjective	1	3	6	39
ja	パイロット	noun	1	3	6	39
ja	抽象	noun	1	3	5	39
ja	屋台	noun	1	3	5	39
ja	生地	noun	1	3	5	39
ja	細かい	adjective	1	3	4	39
ja	召し上がり	verb	1	3	4	39
ja	試す	verb	1	3	3	39
ja	くせ	noun	1	3	3	39
ja	トースト	noun	1	3	2	39
ja	念	noun	1	3	2	39
ja	品質	noun	1	3	2	39
ja	登山	noun	1	3	2	39
ja	こないだ	noun	1	3	1	39
ja	ヨット	noun	1	3	1	39
ja	港	noun	1	3	1	39
ja	臆病	noun	1	3	1	39
ja	部下	noun	1	3	1	39
ja	村人	noun	1	3	1	39
ja	野心	noun	1	3	1	39
ja	万事	noun	1	3	1	39
ja	子猫	noun	1	3	0	39
ja	木の葉	noun	1	3	0	39
ja	当社	noun	1	3	0	39
ja	ヘレン	noun	1	3	0	39
ja	布	noun	1	3	0	39
ja	とりあえず	adverb	1	3	0	39
ja	足元	noun	1	3	0	39
ja	象	noun	1	3	0	39
ja	仮	noun	1	3	0	39
ja	栄養	noun	1	3	0	39
ja	やりがい	noun	1	3	0	39
ja	囚人	noun	1	3	0	39
ja	うる	verb	1	3	0	39
ja	みなさ	verb	1	3	29	38
ja	かから	verb	1	3	26	38
ja	長生き	noun	1	3	22	38
ja	焼き	verb	1	3	21	38
ja	見つかっ	verb	1	3	21	38
ja	行い	verb	1	3	19	38
ja	ぬれ	verb	1	3	17	38
ja	前進	noun	1	3	17	38
ja	たて	verb	1	3	17	38
ja	触れ	verb	1	3	17	38
ja	いか	verb	1	3	17	38
ja	セット	noun	1	3	16	38
ja	入ら	verb	1	3	16	38
ja	焼い	verb	1	3	15	38
ja	尊重	noun	1	3	15	38
ja	外食	noun	1	3	14	38
ja	すすめ	verb	1	3	14	38
ja	現れる	verb	1	3	13	38
ja	覚える	verb	1	3	12	38
ja	救助	noun	1	3	12	38
ja	探検	noun	1	3	11	38
ja	尽くし	verb	1	3	11	38
ja	笑う	verb	1	3	10	38
ja	遠慮	noun	1	3	8	38
ja	発見	noun	1	3	8	38
ja	典型	noun	1	3	8	38
ja	中毒	noun	1	3	8	38
ja	貸し	verb	1	3	7	38
ja	傷つける	verb	1	3	7	38
ja	事柄	noun	1	3	6	38
ja	土産	noun	1	3	6	38
ja	極端	noun	1	3	6	38
ja	武器	noun	1	3	5	38
ja	古典	noun	1	3	5	38
ja	成果	noun	1	3	5	38
ja	個性	noun	1	3	4	38
ja	絵画	noun	1	3	4	38
ja	母語	noun	1	3	4	38
ja	ホット	noun	1	3	3	38
ja	近代	noun	1	3	2	38
ja	顔つき	noun	1	3	2	38
ja	着物	noun	1	3	2	38
ja	大使	noun	1	3	1	38
ja	プラン	noun	1	3	1	38
ja	生計	noun	1	3	0	38
ja	シーフード	noun	1	3	0	38
ja	唇	noun	1	3	0	38
ja	由美	noun	1	3	0	38
ja	枝	noun	1	3	0	38
ja	づけ	verb	1	3	0	38
ja	苦しみ	noun	1	3	0	38
ja	一面	noun	1	3	0	38
ja	だいぶ	adverb	1	3	0	38
ja	さっさと	adverb	1	3	0	38
ja	おいしく	adjective	1	3	0	38
ja	天	noun	1	3	0	38
ja	毛布	noun	1	3	0	38
ja	視力	noun	1	3	0	38
ja	三十	noun	1	3	0	38
ja	初	noun	1	3	0	38
ja	減らし	verb	1	3	22	37
ja	気づか	verb	1	3	19	37
ja	腐っ	verb	1	3	18	37
ja	便利	noun	1	3	16	37
ja	抱え	verb	1	3	16	37
ja	愛さ	verb	1	3	15	37
ja	がんばっ	verb	1	3	15	37
ja	目撃	noun	1	3	15	37
ja	柔らかい	adjective	1	3	15	37
ja	混ん	verb	1	3	14	37
ja	監視	noun	1	3	14	37
ja	見せる	verb	1	3	14	37
ja	変わる	verb	1	3	14	37
ja	渇い	verb	1	3	14	37
ja	左右	noun	1	3	13	37
ja	むだ	noun	1	3	13	37
ja	離れる	verb	1	3	12	37
ja	科目	noun	1	3	12	37
ja	忙し	adjective	1	3	12	37
ja	もつ	verb	1	3	12	37
ja	供給	noun	1	3	11	37
ja	弾く	verb	1	3	10	37
ja	消す	verb	1	3	10	37
ja	断る	verb	1	3	9	37
ja	異常	noun	1	3	9	37
ja	興奮	noun	1	3	9	37
ja	出よう	verb	1	3	8	37
ja	使用	noun	1	3	7	37
ja	コメント	noun	1	3	7	37
ja	育てる	verb	1	3	6	37
ja	泥	noun	1	3	6	37
ja	泳ぐ	verb	1	3	6	37
ja	眺め	noun	1	3	6	37
ja	積極	noun	1	3	5	37
ja	ブルー	noun	1	3	5	37
ja	コース	noun	1	3	4	37
ja	キツネ	noun	1	3	4	37
ja	侵害	noun	1	3	4	37
ja	マッチ	noun	1	3	4	37
ja	偏見	noun	1	3	2	37
ja	ワープロ	noun	1	3	2	37
ja	少数	noun	1	3	2	37
ja	校長	noun	1	3	2	37
ja	礼拝	noun	1	3	1	37
ja	咳	noun	1	3	1	37
ja	不正	noun	1	3	1	37
ja	アルジェリア	noun	1	3	1	37
ja	降れ	verb	1	3	1	37
ja	温度	noun	1	3	1	37
ja	様式	noun	1	3	1	37
ja	顧客	noun	1	3	1	37
ja	ピカソ	noun	1	3	1	37
ja	だいたい	noun	1	3	0	37
ja	遅かれ	adjective	1	3	0	37
ja	アルバム	noun	1	3	0	37
ja	トラブル	noun	1	3	0	37
ja	覚え	noun	1	3	0	37
ja	白く	adjective	1	3	0	37
ja	皿洗い	noun	1	3	0	37
ja	眠り	noun	1	3	0	37
ja	板	noun	1	3	0	37
ja	早かれ	adjective	1	3	0	37
ja	封筒	noun	1	3	0	37
ja	電池	noun	1	3	0	37
ja	生まれつき	verb	1	3	0	37
ja	恥ずかしく	adjective	1	3	0	37
ja	中学	noun	1	3	0	37
ja	タイ	noun	1	3	0	37
ja	横浜	noun	1	3	0	37
ja	まっすぐ	adverb	1	3	0	37
ja	世論	noun	1	3	0	37
ja	うー	compounds	1	3	0	37
ja	意	noun	1	3	0	37
ja	水曜	noun	1	3	0	37
ja	途端	noun	1	3	0	37
ja	成田	noun	1	3	0	37
ja	論じ	verb	1	3	29	36
ja	伸び	verb	1	3	22	36
ja	仮定	noun	1	3	21	36
ja	当て	verb	1	3	21	36
ja	言える	verb	1	3	20	36
ja	食べれ	verb	1	3	18	36
ja	不在	noun	1	3	18	36
ja	眠る	verb	1	3	16	36
ja	なおさら	adverb	1	3	16	36
ja	決意	noun	1	3	15	36
ja	紹介	noun	1	3	14	36
ja	用心	noun	1	3	14	36
ja	加える	verb	1	3	13	36
ja	吸い	verb	1	3	12	36
ja	降っ	verb	1	3	11	36
ja	絶え	verb	1	3	11	36
ja	読め	verb	1	3	11	36
ja	自慢	noun	1	3	10	36
ja	最中	noun	1	3	10	36
ja	活気	noun	1	3	9	36
ja	軽減	noun	1	3	8	36
ja	勝てる	verb	1	3	8	36
ja	おら	verb	1	3	8	36
ja	残酷	noun	1	3	8	36
ja	帰宅	noun	1	3	6	36
ja	左側	noun	1	3	5	36
ja	イベント	noun	1	3	4	36
ja	蛇	noun	1	3	3	36
ja	猿	noun	1	3	3	36
ja	うっかり	noun	1	3	3	36
ja	ガールフレンド	noun	1	3	3	36
ja	新型	noun	1	3	2	36
ja	経由	noun	1	3	2	36
ja	高齢	noun	1	3	2	36
ja	火山	noun	1	3	2	36
ja	順番	noun	1	3	1	36
ja	魂	noun	1	3	1	36
ja	報酬	noun	1	3	1	36
ja	本人	noun	1	3	1	36
ja	立ち寄っ	verb	1	3	0	36
ja	振り	noun	1	3	0	36
ja	善悪	noun	1	3	0	36
ja	まえ	noun	1	3	0	36
ja	肉体	noun	1	3	0	36
ja	立ち止まっ	verb	1	3	0	36
ja	ばったり	adverb	1	3	0	36
ja	髪型	noun	1	3	0	36
ja	口座	noun	1	3	0	36
ja	十字	noun	1	3	0	36
ja	コイン	noun	1	3	0	36
ja	アクション	noun	1	3	0	36
ja	群集	noun	1	3	0	36
ja	だけれど	compounds	1	3	0	36
ja	あす	noun	1	3	0	36
ja	ベティ	noun	1	3	0	36
ja	利点	noun	1	3	0	36
ja	話し合う	verb	1	3	0	36
ja	あくまで	adverb	1	3	0	36
ja	ランド	noun	1	3	0	36
ja	実業	noun	1	3	0	36
ja	本日	noun	1	3	0	36
ja	母国	noun	1	3	0	36
ja	オーブン	noun	1	3	0	36
ja	運ば	verb	1	3	27	35
ja	好ま	verb	1	3	22	35
ja	頼ん	verb	1	3	21	35
ja	非難	noun	1	3	20	35
ja	残っ	verb	1	3	20	35
ja	少ない	adjective	1	3	19	35
ja	眺め	verb	1	3	19	35
ja	置か	verb	1	3	19	35
ja	買わ	verb	1	3	19	35
ja	述べ	verb	1	3	18	35
ja	ぴったり	compounds	1	3	17	35
ja	発行	noun	1	3	16	35
ja	立た	verb	1	3	16	35
ja	望む	verb	1	3	13	35
ja	残さ	verb	1	3	13	35
ja	きつい	adjective	1	3	10	35
ja	貸す	verb	1	3	8	35
ja	返す	verb	1	3	8	35
ja	裸	noun	1	3	7	35
ja	見物	noun	1	3	7	35
ja	聞こう	verb	1	3	6	35
ja	緩和	noun	1	3	6	35
ja	臭い	noun	1	3	5	35
ja	悲観	noun	1	3	5	35
ja	悩み	noun	1	3	4	35
ja	ジャム	noun	1	3	4	35
ja	否	noun	1	3	3	35
ja	燃料	noun	1	3	3	35
ja	サングラス	noun	1	3	3	35
ja	棒	noun	1	3	2	35
ja	行	noun	1	3	2	35
ja	ドライバー	noun	1	3	2	35
ja	出張	noun	1	3	2	35
ja	秒	noun	1	3	2	35
ja	レッスン	noun	1	3	2	35
ja	小川	noun	1	3	1	35
ja	金銭	noun	1	3	1	35
ja	ジョーク	noun	1	3	1	35
ja	麻薬	noun	1	3	1	35
ja	旦那	noun	1	3	1	35
ja	参考	noun	1	3	1	35
ja	大体	noun	1	3	1	35
ja	小包	noun	1	3	0	35
ja	翌日	noun	1	3	0	35
ja	ろうそく	noun	1	3	0	35
ja	同社	noun	1	3	0	35
ja	火星	noun	1	3	0	35
ja	書斎	noun	1	3	0	35
ja	死後	noun	1	3	0	35
ja	食堂	noun	1	3	0	35
ja	全国	noun	1	3	0	35
ja	像	noun	1	3	0	35
ja	ふたり	noun	1	3	0	35
ja	ディズニー	noun	1	3	0	35
ja	究極	noun	1	3	0	35
ja	持ち合わせ	noun	1	3	0	35
ja	見回し	verb	1	3	0	35
ja	世	noun	1	3	0	35
ja	スイッチ	noun	1	3	0	35
ja	いざ	compounds	1	3	0	35
ja	示し	verb	1	3	31	34
ja	高まっ	verb	1	3	31	34
ja	割れ	verb	1	3	24	34
ja	承認	noun	1	3	20	34
ja	出せ	verb	1	3	19	34
ja	否定	noun	1	3	17	34
ja	下がる	verb	1	3	16	34
ja	ひく	verb	1	3	16	34
ja	とり	verb	1	3	15	34
ja	殺す	verb	1	3	15	34
ja	引用	noun	1	3	15	34
ja	迷っ	verb	1	3	14	34
ja	完了	noun	1	3	14	34
ja	中止	noun	1	3	14	34
ja	喜ば	verb	1	3	13	34
ja	起こさ	verb	1	3	13	34
ja	とれ	verb	1	3	13	34
ja	チェック	noun	1	3	12	34
ja	扱い	verb	1	3	11	34
ja	減らす	verb	1	3	11	34
ja	急ぎ	verb	1	3	10	34
ja	診	verb	1	3	10	34
ja	親戚	noun	1	3	10	34
ja	かかれ	verb	1	3	9	34
ja	くる	verb	1	3	9	34
ja	辞める	verb	1	3	7	34
ja	合計	noun	1	3	7	34
ja	厄介	noun	1	3	7	34
ja	訪ねる	verb	1	3	7	34
ja	キャプテン	noun	1	3	7	34
ja	ダイヤ	noun	1	3	6	34
ja	わがまま	noun	1	3	6	34
ja	リリー	noun	1	3	6	34
ja	愉快	noun	1	3	5	34
ja	深	adjective	1	3	4	34
ja	ケース	noun	1	3	4	34
ja	助力	noun	1	3	4	34
ja	作曲	noun	1	3	4	34
ja	連続	noun	1	3	4	34
ja	起きる	verb	1	3	4	34
ja	徳	noun	1	3	3	34
ja	穀物	noun	1	3	3	34
ja	オイル	noun	1	3	3	34
ja	アルバイト	noun	1	3	2	34
ja	カーペット	noun	1	3	2	34
ja	彫刻	noun	1	3	2	34
ja	ビタミン	noun	1	3	1	34
ja	起ころう	verb	1	3	1	34
ja	死刑	noun	1	3	1	34
ja	昼間	noun	1	3	1	34
ja	谷	noun	1	3	1	34
ja	花火	noun	1	3	1	34
ja	賢く	adjective	1	3	1	34
ja	画面	noun	1	3	1	34
ja	あら	compounds	1	3	1	34
ja	針	noun	1	3	1	34
ja	ポップ	noun	1	3	1	34
ja	キャンペーン	noun	1	3	1	34
ja	被告	noun	1	3	0	34
ja	地理	noun	1	3	0	34
ja	なお	adverb	1	3	0	34
ja	鍋	noun	1	3	0	34
ja	根拠	noun	1	3	0	34
ja	救急	noun	1	3	0	34
ja	持ち上げ	verb	1	3	0	34
ja	きわめて	adverb	1	3	0	34
ja	立ち去っ	verb	1	3	0	34
ja	土	noun	1	3	0	34
ja	がた	noun	1	3	0	34
ja	いくら	compounds	1	3	0	34
ja	終電	noun	1	3	0	34
ja	とも	noun	1	3	0	34
ja	郊外	noun	1	3	0	34
ja	きっぱり	adverb	1	3	0	34
ja	シェイクスピア	noun	1	3	0	34
ja	トンネル	noun	1	3	0	34
ja	ちそう	noun	1	3	0	34
ja	始発	noun	1	3	0	34
ja	続い	verb	1	3	23	33
ja	試着	noun	1	3	21	33
ja	冷え	verb	1	3	19	33
ja	選ん	verb	1	3	18	33
ja	通勤	noun	1	3	16	33
ja	決まり	verb	1	3	16	33
ja	向かう	verb	1	3	14	33
ja	増える	verb	1	3	13	33
ja	燃え	verb	1	3	12	33
ja	生まれる	verb	1	3	12	33
ja	凍っ	verb	1	3	11	33
ja	悪	adjective	1	3	10	33
ja	のんびり	adverb	1	3	10	33
ja	走る	verb	1	3	10	33
ja	買おう	verb	1	3	8	33
ja	いこう	verb	1	3	8	33
ja	予言	noun	1	3	8	33
ja	生存	noun	1	3	6	33
ja	ネックレス	noun	1	3	5	33
ja	バイト	noun	1	3	5	33
ja	撮る	verb	1	3	5	33
ja	落とす	verb	1	3	5	33
ja	致し	verb	1	3	4	33
ja	捨てる	verb	1	3	4	33
ja	マン	noun	1	3	3	33
ja	ベン	noun	1	3	3	33
ja	悪魔	noun	1	3	3	33
ja	はじめ	noun	1	3	3	33
ja	搭乗	noun	1	3	3	33
ja	ピンク	noun	1	3	2	33
ja	議員	noun	1	3	2	33
ja	ラケット	noun	1	3	2	33
ja	移民	noun	1	3	1	33
ja	長所	noun	1	3	1	33
ja	蚊	noun	1	3	1	33
ja	リンダ	noun	1	3	1	33
ja	サム	noun	1	3	1	33
ja	みろ	verb	1	3	1	33
ja	戦闘	noun	1	3	1	33
ja	たびたび	adverb	1	3	1	33
ja	山頂	noun	1	3	0	33
ja	取り上げ	verb	1	3	0	33
ja	鶏	noun	1	3	0	33
ja	町中	noun	1	3	0	33
ja	同	noun	1	3	0	33
ja	真珠	noun	1	3	0	33
ja	どうせ	adverb	1	3	0	33
ja	林檎	noun	1	3	0	33
ja	通り過ぎ	verb	1	3	0	33
ja	にわたる	compounds	1	3	0	33
ja	黒板	noun	1	3	0	33
ja	両国	noun	1	3	0	33
ja	県	noun	1	3	0	33
ja	比べる	verb	1	3	0	33
ja	ラブ	noun	1	3	0	33
ja	罰金	noun	1	3	0	33
ja	牧師	noun	1	3	0	33
ja	親しく	adjective	1	3	0	33
ja	おかしく	adjective	1	3	0	33
ja	ラテン	noun	1	3	0	33
ja	階級	noun	1	3	0	33
ja	演技	noun	1	3	0	33
ja	莫大	noun	1	3	0	33
ja	ほこり	noun	1	3	0	33
ja	小児	noun	1	3	0	33
ja	甘く	adjective	1	3	0	33
ja	書け	verb	1	3	24	32
ja	悩ん	verb	1	3	22	32
ja	放っ	verb	1	3	21	32
ja	高かっ	adjective	1	3	20	32
ja	敏感	noun	1	3	20	32
ja	守り	verb	1	3	18	32
ja	キャンセル	noun	1	3	16	32
ja	ノック	noun	1	3	16	32
ja	ほめ	verb	1	3	15	32
ja	抑え	verb	1	3	15	32
ja	流し	verb	1	3	15	32
ja	後悔	noun	1	3	15	32
ja	引っ越し	verb	1	3	15	32
ja	配達	noun	1	3	15	32
ja	開か	verb	1	3	14	32
ja	寝坊	noun	1	3	13	32
ja	辞職	noun	1	3	12	32
ja	すい	verb	1	3	12	32
ja	象徴	noun	1	3	11	32
ja	かぶっ	verb	1	3	11	32
ja	謝る	verb	1	3	10	32
ja	習う	verb	1	3	10	32
ja	まさる	verb	1	3	10	32
ja	動く	verb	1	3	9	32
ja	辛抱	noun	1	3	8	32
ja	貯金	noun	1	3	8	32
ja	ケガ	noun	1	3	7	32
ja	シーズン	noun	1	3	6	32
ja	自殺	noun	1	3	6	32
ja	オーバー	noun	1	3	5	32
ja	衛星	noun	1	3	5	32
ja	好意	noun	1	3	4	32
ja	くだら	verb	1	3	4	32
ja	やむ	verb	1	3	4	32
ja	あした	noun	1	3	4	32
ja	探偵	noun	1	3	3	32
ja	フレンド	noun	1	3	3	32
ja	ガイド	noun	1	3	3	32
ja	重	noun	1	3	2	32
ja	枕	noun	1	3	2	32
ja	通信	noun	1	3	2	32
ja	悲劇	noun	1	3	2	32
ja	尊敬	noun	1	3	2	32
ja	跡	noun	1	3	2	32
ja	おやつ	noun	1	3	2	32
ja	電灯	noun	1	3	1	32
ja	申し込み	noun	1	3	1	32
ja	王子	noun	1	3	1	32
ja	麺	noun	1	3	1	32
ja	木曜	noun	1	3	1	32
ja	マーク	noun	1	3	1	32
ja	ウイルス	noun	1	3	1	32
ja	妙	noun	1	3	1	32
ja	飲酒	noun	1	3	1	32
ja	叫び声	noun	1	3	0	32
ja	まぁ	adverb	1	3	0	32
ja	ジョー	noun	1	3	0	32
ja	ぶどう	noun	1	3	0	32
ja	トルコ	noun	1	3	0	32
ja	当分	adverb	1	3	0	32
ja	といっても	compounds	1	3	0	32
ja	しだい	noun	1	3	0	32
ja	美容	noun	1	3	0	32
ja	全身	noun	1	3	0	32
ja	カリフォルニア	noun	1	3	0	32
ja	わっ	adverb	1	3	0	32
ja	振り返っ	verb	1	3	0	32
ja	熱帯	noun	1	3	0	32
ja	落ち込ん	verb	1	3	0	32
ja	リンカーン	noun	1	3	0	32
ja	ビザ	noun	1	3	0	32
ja	欲望	noun	1	3	0	32
ja	酔っ払っ	verb	1	3	0	32
ja	天文	noun	1	3	0	32
ja	中身	noun	1	3	0	32
ja	受け取り	verb	1	3	0	32
ja	地平	noun	1	3	0	32
ja	付き合い	verb	1	3	0	32
ja	ボトル	noun	1	3	0	32
ja	公衆	noun	1	3	0	32
ja	目覚まし	noun	1	3	0	32
ja	によっては	compounds	1	3	0	32
ja	旗	noun	1	3	0	32
ja	食器	noun	1	3	0	32
ja	かぜ	noun	1	3	0	32
ja	箸	noun	1	3	0	32
ja	見なし	verb	1	3	29	31
ja	妨げ	verb	1	3	29	31
ja	役立っ	verb	1	3	28	31
ja	進め	verb	1	3	23	31
ja	届け	verb	1	3	21	31
ja	こい	verb	1	3	17	31
ja	遭っ	verb	1	3	17	31
ja	無かっ	adjective	1	3	17	31
ja	呼ん	verb	1	3	16	31
ja	浴び	verb	1	3	15	31
ja	困ら	verb	1	3	14	31
ja	閉まっ	verb	1	3	14	31
ja	駄目	noun	1	3	14	31
ja	わけ	noun	1	3	14	31
ja	奇跡	noun	1	3	14	31
ja	建て	verb	1	3	13	31
ja	確保	noun	1	3	13	31
ja	辞任	noun	1	3	13	31
ja	慣れ	verb	1	3	13	31
ja	決まっ	verb	1	3	13	31
ja	頼る	verb	1	3	11	31
ja	違い	noun	1	3	10	31
ja	討議	noun	1	3	10	31
ja	近づく	verb	1	3	10	31
ja	語る	verb	1	3	10	31
ja	泊まる	verb	1	3	10	31
ja	上げる	verb	1	3	9	31
ja	残る	verb	1	3	9	31
ja	だまし	verb	1	3	9	31
ja	笑い	verb	1	3	8	31
ja	やれる	verb	1	3	8	31
ja	見よう	verb	1	3	7	31
ja	昇る	verb	1	3	6	31
ja	集める	verb	1	3	6	31
ja	裏返し	noun	1	3	6	31
ja	観る	verb	1	3	6	31
ja	逃げる	verb	1	3	5	31
ja	版	noun	1	3	4	31
ja	ロール	noun	1	3	4	31
ja	黄色い	adjective	1	3	4	31
ja	頂け	verb	1	3	3	31
ja	チップス	noun	1	3	3	31
ja	発作	noun	1	3	3	31
ja	向こう側	noun	1	3	3	31
ja	ダース	noun	1	3	2	31
ja	試し	noun	1	3	2	31
ja	クモ	noun	1	3	2	31
ja	神社	noun	1	3	2	31
ja	不況	noun	1	3	2	31
ja	かえって	adverb	1	3	1	31
ja	カッコ	noun	1	3	1	31
ja	水準	noun	1	3	1	31
ja	天使	noun	1	3	1	31
ja	スケジュール	noun	1	3	1	31
ja	役所	noun	1	3	1	31
ja	土壌	noun	1	3	1	31
ja	売り	noun	1	3	1	31
ja	沖縄	noun	1	3	1	31
ja	欠陥	noun	1	3	1	31
ja	本棚	noun	1	3	0	31
ja	見上げ	verb	1	3	0	31
ja	水道	noun	1	3	0	31
ja	外部	noun	1	3	0	31
ja	議会	noun	1	3	0	31
ja	体力	noun	1	3	0	31
ja	会場	noun	1	3	0	31
ja	憲法	noun	1	3	0	31
ja	通り抜け	verb	1	3	0	31
ja	歩き回っ	verb	1	3	0	31
ja	代金	noun	1	3	0	31
ja	アルファベット	noun	1	3	0	31
ja	株式	noun	1	3	0	31
ja	ジェット	noun	1	3	0	31
ja	組合	noun	1	3	0	31
ja	セールスマン	noun	1	3	0	31
ja	抱きしめ	verb	1	3	0	31
ja	イングランド	noun	1	3	0	31
ja	をはじめ	compounds	1	3	0	31
ja	ストーブ	noun	1	3	0	31
ja	ニーズ	noun	1	3	0	31
ja	事前	noun	1	3	0	31
ja	陳述	noun	1	3	0	31
ja	暮らし向き	noun	1	3	0	31
ja	グルメ	noun	1	3	0	31
ja	戒律	noun	1	3	0	31
ja	打ち明け	verb	1	3	0	31
ja	おもしろく	adjective	1	3	0	31
ja	ぜんぜん	adverb	1	3	0	31
ja	送ら	verb	1	3	25	30
ja	感心	noun	1	3	23	30
ja	みえ	verb	1	3	23	30
ja	叱ら	verb	1	3	23	30
ja	勧め	verb	1	3	23	30
ja	雇わ	verb	1	3	22	30
ja	引き	verb	1	3	21	30
ja	働け	verb	1	3	20	30
ja	両替	noun	1	3	19	30
ja	誉め	verb	1	3	19	30
ja	外し	verb	1	3	19	30
ja	招い	verb	1	3	18	30
ja	習っ	verb	1	3	18	30
ja	進み	verb	1	3	16	30
ja	扱わ	verb	1	3	15	30
ja	広	adjective	1	3	14	30
ja	向い	verb	1	3	14	30
ja	賢明	noun	1	3	13	30
ja	対比	noun	1	3	13	30
ja	設定	noun	1	3	13	30
ja	乗れる	verb	1	3	13	30
ja	乾い	verb	1	3	13	30
ja	起こす	verb	1	3	11	30
ja	案内	noun	1	3	11	30
ja	放送	noun	1	3	9	30
ja	引退	noun	1	3	9	30
ja	あり	noun	1	3	8	30
ja	正常	noun	1	3	8	30
ja	入院	noun	1	3	7	30
ja	怠け	verb	1	3	7	30
ja	欠け	verb	1	3	7	30
ja	保守	noun	1	3	7	30
ja	トレーニング	noun	1	3	6	30
ja	強制	noun	1	3	5	30
ja	正月	noun	1	3	5	30
ja	成年	noun	1	3	5	30
ja	ハリー	noun	1	3	5	30
ja	トーマス	noun	1	3	5	30
ja	誤っ	verb	1	3	4	30
ja	連中	noun	1	3	4	30
ja	にっこり	adverb	1	3	4	30
ja	愛想	noun	1	3	3	30
ja	方針	noun	1	3	3	30
ja	贅沢	noun	1	3	3	30
ja	セント	noun	1	3	3	30
ja	作り	noun	1	3	2	30
ja	天国	noun	1	3	2	30
ja	善	noun	1	3	2	30
ja	過労	noun	1	3	2	30
ja	神話	noun	1	3	2	30
ja	ブロック	noun	1	3	2	30
ja	豚肉	noun	1	3	2	30
ja	眼	noun	1	3	1	30
ja	１９	noun	1	3	1	30
ja	面接	noun	1	3	1	30
ja	ハンドバッグ	noun	1	3	1	30
ja	推理	noun	1	3	1	30
ja	オリーブ	noun	1	3	1	30
ja	急ぐ	verb	1	3	1	30
ja	実力	noun	1	3	1	30
ja	遺産	noun	1	3	1	30
ja	取り	noun	1	3	1	30
ja	こいつ	compounds	1	3	1	30
ja	明後日	noun	1	3	1	30
ja	頻度	noun	1	3	1	30
ja	さらに	compounds	1	3	0	30
ja	先進	noun	1	3	0	30
ja	じゃありません	compounds	1	3	0	30
ja	沢山	adverb	1	3	0	30
ja	ジョンソン	noun	1	3	0	30
ja	ニュージーランド	noun	1	3	0	30
ja	しきり	adverb	1	3	0	30
ja	海辺	noun	1	3	0	30
ja	級友	noun	1	3	0	30
ja	温泉	noun	1	3	0	30
ja	コロナ	noun	1	3	0	30
ja	姿勢	noun	1	3	0	30
ja	以降	noun	1	3	0	30
ja	水分	noun	1	3	0	30
ja	すこし	adverb	1	3	0	30
ja	地上	noun	1	3	0	30
ja	ロケット	noun	1	3	0	30
ja	キャロル	noun	1	3	0	30
ja	下さっ	verb	1	3	0	30
ja	付き合う	verb	1	3	0	30
ja	居間	noun	1	3	0	30
ja	さっと	compounds	1	3	0	30
ja	フレッド	noun	1	3	0	30
ja	体温	noun	1	3	0	30
ja	さすが	adverb	1	3	0	30
ja	ピース	noun	1	3	0	30
ja	電報	noun	1	3	0	30
ja	ライト	noun	1	3	0	30
ja	圧力	noun	1	3	0	30
ja	うるさく	adjective	1	3	0	30
ja	引き出し	noun	1	3	0	30
ja	進ま	verb	1	3	23	29
ja	気づい	verb	1	3	23	29
ja	空け	verb	1	3	22	29
ja	挙げ	verb	1	3	22	29
ja	働か	verb	1	3	22	29
ja	入手	noun	1	3	21	29
ja	ぶつけ	verb	1	3	20	29
ja	経っ	verb	1	3	18	29
ja	思える	verb	1	3	18	29
ja	負っ	verb	1	3	17	29
ja	踊っ	verb	1	3	16	29
ja	満ち	verb	1	3	16	29
ja	ほっと	adverb	1	3	16	29
ja	困る	verb	1	3	16	29
ja	発揮	noun	1	3	15	29
ja	伺っ	verb	1	3	15	29
ja	よら	verb	1	3	15	29
ja	出演	noun	1	3	15	29
ja	踏ん	verb	1	3	14	29
ja	異なっ	verb	1	3	14	29
ja	きい	verb	1	3	14	29
ja	しら	verb	1	3	14	29
ja	合っ	verb	1	3	13	29
ja	ひい	verb	1	3	13	29
ja	犯す	verb	1	3	12	29
ja	来い	verb	1	3	11	29
ja	上昇	noun	1	3	11	29
ja	値引き	noun	1	3	11	29
ja	記入	noun	1	3	10	29
ja	懐かしい	adjective	1	3	10	29
ja	勝る	verb	1	3	10	29
ja	沈む	verb	1	3	9	29
ja	担当	noun	1	3	9	29
ja	持ち主	noun	1	3	9	29
ja	泊	noun	1	3	9	29
ja	グレース	noun	1	3	8	29
ja	急行	noun	1	3	8	29
ja	怪しい	adjective	1	3	7	29
ja	負ける	verb	1	3	7	29
ja	キャスト	noun	1	3	7	29
ja	溺れ	verb	1	3	6	29
ja	急げ	verb	1	3	6	29
ja	プロポーズ	noun	1	3	5	29
ja	鋭い	adjective	1	3	5	29
ja	丸い	adjective	1	3	4	29
ja	衝撃	noun	1	3	4	29
ja	動作	noun	1	3	4	29
ja	主婦	noun	1	3	4	29
ja	出会い	noun	1	3	3	29
ja	清潔	noun	1	3	3	29
ja	マンゴー	noun	1	3	3	29
ja	パレード	noun	1	3	3	29
ja	真似	noun	1	3	3	29
ja	継続	noun	1	3	3	29
ja	スタンド	noun	1	3	3	29
ja	訳す	verb	1	3	3	29
ja	硬貨	noun	1	3	2	29
ja	マヤ	noun	1	3	2	29
ja	パズル	noun	1	3	2	29
ja	サリー	noun	1	3	2	29
ja	豪華	noun	1	3	2	29
ja	品	noun	1	3	1	29
ja	ううん	compounds	1	3	1	29
ja	半年	noun	1	3	1	29
ja	戦後	noun	1	3	1	29
ja	いきなり	adverb	1	3	1	29
ja	差別	noun	1	3	1	29
ja	ジュディ	noun	1	3	1	29
ja	ウイスキー	noun	1	3	1	29
ja	潔白	noun	1	3	1	29
ja	真ん中	noun	1	3	1	29
ja	インフレ	noun	1	3	1	29
ja	アドレス	noun	1	3	1	29
ja	大	noun	1	3	1	29
ja	罰	noun	1	3	1	29
ja	朝ご飯	noun	1	3	0	29
ja	アラビア	noun	1	3	0	29
ja	ゆく	verb	1	3	0	29
ja	語学	noun	1	3	0	29
ja	ガーリック	noun	1	3	0	29
ja	視線	noun	1	3	0	29
ja	いかにも	compounds	1	3	0	29
ja	とはいえ	compounds	1	3	0	29
ja	よう	adjective	1	3	0	29
ja	ポルトガル	noun	1	3	0	29
ja	不意	noun	1	3	0	29
ja	手間	noun	1	3	0	29
ja	話し掛け	verb	1	3	0	29
ja	豚	noun	1	3	0	29
ja	徒歩	noun	1	3	0	29
ja	まわり	noun	1	3	0	29
ja	回り	noun	1	3	0	29
ja	金庫	noun	1	3	0	29
ja	身分	noun	1	3	0	29
ja	良けれ	adjective	1	3	0	29
ja	恐らく	adverb	1	3	0	29
ja	デモ	noun	1	3	0	29
ja	花子	noun	1	3	0	29
ja	独裁	noun	1	3	0	29
ja	良心	noun	1	3	0	29
ja	ジャガイモ	noun	1	3	0	29
ja	要点	noun	1	3	0	29
ja	コンビニ	noun	1	3	0	29
ja	食後	noun	1	3	0	29
ja	ハンカチ	noun	1	3	0	29
ja	断然	adverb	1	3	0	29
ja	缶	noun	1	3	0	29
ja	布団	noun	1	3	0	29
ja	子犬	noun	1	3	0	29
ja	両者	noun	1	3	0	29
ja	鯨	noun	1	3	0	29
ja	佐藤	noun	1	3	0	29
ja	成し遂げ	verb	1	3	0	29
ja	占め	verb	1	3	26	28
ja	つぶし	verb	1	3	24	28
ja	かなっ	verb	1	3	19	28
ja	売れ	verb	1	3	18	28
ja	狂っ	verb	1	3	17	28
ja	順応	noun	1	3	17	28
ja	釈放	noun	1	3	17	28
ja	整え	verb	1	3	17	28
ja	叩い	verb	1	3	17	28
ja	目覚め	verb	1	3	17	28
ja	張っ	verb	1	3	16	28
ja	動い	verb	1	3	15	28
ja	発車	noun	1	3	15	28
ja	侵入	noun	1	3	15	28
ja	栽培	noun	1	3	14	28
ja	遅刻	noun	1	3	13	28
ja	上達	noun	1	3	13	28
ja	フィート	noun	1	3	12	28
ja	近づか	verb	1	3	12	28
ja	ぶらぶら	adverb	1	3	11	28
ja	復活	noun	1	3	11	28
ja	易しい	adjective	1	3	11	28
ja	辞め	verb	1	3	11	28
ja	回転	noun	1	3	11	28
ja	買え	verb	1	3	11	28
ja	壊し	verb	1	3	11	28
ja	居る	verb	1	3	10	28
ja	治る	verb	1	3	10	28
ja	うれし	adjective	1	3	10	28
ja	証言	noun	1	3	10	28
ja	頂き	verb	1	3	10	28
ja	沈ん	verb	1	3	9	28
ja	命令	noun	1	3	9	28
ja	晴れ	noun	1	3	9	28
ja	ふさわしい	adjective	1	3	9	28
ja	予期	noun	1	3	9	28
ja	負担	noun	1	3	9	28
ja	横切っ	verb	1	3	9	28
ja	何時	noun	1	3	8	28
ja	馬鹿げ	verb	1	3	6	28
ja	宿泊	noun	1	3	6	28
ja	アイディア	noun	1	3	6	28
ja	反し	verb	1	3	5	28
ja	指揮	noun	1	3	5	28
ja	台無し	noun	1	3	5	28
ja	スパイ	noun	1	3	5	28
ja	再生	noun	1	3	5	28
ja	慌て	verb	1	3	5	28
ja	親しい	adjective	1	3	4	28
ja	まだまだ	adverb	1	3	4	28
ja	始め	noun	1	3	4	28
ja	つながり	noun	1	3	4	28
ja	ノラ	noun	1	3	4	28
ja	領土	noun	1	3	4	28
ja	ミラ	noun	1	3	3	28
ja	手洗い	noun	1	3	3	28
ja	杖	noun	1	3	3	28
ja	なす	verb	1	3	2	28
ja	手入れ	noun	1	3	2	28
ja	船長	noun	1	3	2	28
ja	がん	noun	1	3	2	28
ja	皮肉	noun	1	3	2	28
ja	働き	noun	1	3	2	28
ja	ブーツ	noun	1	3	2	28
ja	ノー	noun	1	3	2	28
ja	鬼	noun	1	3	2	28
ja	職人	noun	1	3	1	28
ja	伝達	noun	1	3	1	28
ja	司祭	noun	1	3	1	28
ja	手続き	noun	1	3	1	28
ja	型	noun	1	3	1	28
ja	矢	noun	1	3	1	28
ja	なるべく	adverb	1	3	0	28
ja	時折	adverb	1	3	0	28
ja	縁	noun	1	3	0	28
ja	ドッグ	noun	1	3	0	28
ja	戸口	noun	1	3	0	28
ja	かろうじて	adverb	1	3	0	28
ja	浜辺	noun	1	3	0	28
ja	悲鳴	noun	1	3	0	28
ja	石炭	noun	1	3	0	28
ja	一気	noun	1	3	0	28
ja	てくださる	compounds	1	3	0	28
ja	ちらっ	adverb	1	3	0	28
ja	エイズ	noun	1	3	0	28
ja	糸	noun	1	3	0	28
ja	新年	noun	1	3	0	28
ja	ビン	noun	1	3	0	28
ja	左手	noun	1	3	0	28
ja	タイプライター	noun	1	3	0	28
ja	乗り越え	verb	1	3	0	28
ja	重く	adjective	1	3	0	28
ja	支出	noun	1	3	0	28
ja	奨学	noun	1	3	0	28
ja	居心地	noun	1	3	0	28
ja	そもそも	noun	1	3	0	28
ja	メアリ	noun	1	3	0	28
ja	にて	compounds	1	3	0	28
ja	ポッド	noun	1	3	0	28
ja	唱え	verb	1	3	24	27
ja	難しかっ	adjective	1	3	23	27
ja	頼っ	verb	1	3	22	27
ja	変わり	verb	1	3	19	27
ja	止まり	verb	1	3	19	27
ja	構わ	verb	1	3	19	27
ja	抱い	verb	1	3	18	27
ja	加わっ	verb	1	3	18	27
ja	つくっ	verb	1	3	18	27
ja	楽しま	verb	1	3	17	27
ja	定め	verb	1	3	17	27
ja	逮捕	noun	1	3	17	27
ja	効く	verb	1	3	16	27
ja	飢え	verb	1	3	16	27
ja	食べよう	verb	1	3	15	27
ja	プレイ	noun	1	3	15	27
ja	いらいら	noun	1	3	14	27
ja	やせ	verb	1	3	13	27
ja	破産	noun	1	3	13	27
ja	停止	noun	1	3	13	27
ja	打た	verb	1	3	12	27
ja	餓死	noun	1	3	12	27
ja	傷つい	verb	1	3	12	27
ja	自立	noun	1	3	12	27
ja	触れる	verb	1	3	12	27
ja	浮かべ	verb	1	3	12	27
ja	指名	noun	1	3	11	27
ja	骨折	noun	1	3	11	27
ja	飲ま	verb	1	3	11	27
ja	カップル	noun	1	3	11	27
ja	いら	verb	1	3	11	27
ja	当たる	verb	1	3	10	27
ja	カット	noun	1	3	10	27
ja	圧倒	noun	1	3	10	27
ja	出席	noun	1	3	10	27
ja	独身	noun	1	3	10	27
ja	ジャンプ	noun	1	3	10	27
ja	代わっ	verb	1	3	9	27
ja	疑う	verb	1	3	9	27
ja	有益	noun	1	3	9	27
ja	リサイクル	noun	1	3	9	27
ja	いらっしゃる	verb	1	3	9	27
ja	失い	verb	1	3	9	27
ja	つくる	verb	1	3	8	27
ja	楽観	noun	1	3	8	27
ja	押す	verb	1	3	8	27
ja	出現	noun	1	3	7	27
ja	取れる	verb	1	3	7	27
ja	憂鬱	noun	1	3	6	27
ja	高める	verb	1	3	6	27
ja	コーチ	noun	1	3	5	27
ja	ぼんやり	adverb	1	3	5	27
ja	トップ	noun	1	3	5	27
ja	日暮らし	noun	1	3	5	27
ja	冷凍	noun	1	3	5	27
ja	取り引き	noun	1	3	5	27
ja	居眠り	noun	1	3	5	27
ja	集合	noun	1	3	5	27
ja	検索	noun	1	3	5	27
ja	技師	noun	1	3	4	27
ja	アプリ	noun	1	3	4	27
ja	容れ	verb	1	3	4	27
ja	かわいらしい	adjective	1	3	4	27
ja	しよう	noun	1	3	3	27
ja	埋め合わせ	noun	1	3	3	27
ja	ホント	noun	1	3	3	27
ja	小道	noun	1	3	3	27
ja	孤児	noun	1	3	2	27
ja	係	noun	1	3	2	27
ja	例外	noun	1	3	2	27
ja	クロエ	noun	1	3	2	27
ja	ランプ	noun	1	3	2	27
ja	虫歯	noun	1	3	2	27
ja	現状	noun	1	3	1	27
ja	鐘	noun	1	3	1	27
ja	手品	noun	1	3	1	27
ja	ショッピング	noun	1	3	1	27
ja	トラ	noun	1	3	1	27
ja	マリー	noun	1	3	1	27
ja	性	noun	1	3	1	27
ja	用事	noun	1	3	1	27
ja	孫	noun	1	3	1	27
ja	一口	noun	1	3	1	27
ja	含め	verb	1	3	0	27
ja	プラスチック	noun	1	3	0	27
ja	悲しく	adjective	1	3	0	27
ja	見渡す	verb	1	3	0	27
ja	カラオケ	noun	1	3	0	27
ja	引っ張っ	verb	1	3	0	27
ja	井戸	noun	1	3	0	27
ja	農夫	noun	1	3	0	27
ja	情熱	noun	1	3	0	27
ja	レンズ	noun	1	3	0	27
ja	投げかけ	verb	1	3	0	27
ja	色々	adverb	1	3	0	27
ja	出口	noun	1	3	0	27
ja	ことば	noun	1	3	0	27
ja	乗り換え	verb	1	3	0	27
ja	乗組	noun	1	3	0	27
ja	血液	noun	1	3	0	27
ja	青く	adjective	1	3	0	27
ja	入り口	noun	1	3	0	27
ja	争い	noun	1	3	0	27
ja	描き	verb	1	3	21	26
ja	育ち	verb	1	3	21	26
ja	枯れ	verb	1	3	20	26
ja	等しい	adjective	1	3	20	26
ja	もたらさ	verb	1	3	20	26
ja	乗ら	verb	1	3	19	26
ja	洗わ	verb	1	3	19	26
ja	夢見	verb	1	3	19	26
ja	届い	verb	1	3	18	26
ja	もた	verb	1	3	17	26
ja	交わし	verb	1	3	17	26
ja	みえる	verb	1	3	17	26
ja	戻ら	verb	1	3	17	26
ja	切れる	verb	1	3	17	26
ja	守っ	verb	1	3	16	26
ja	閉店	noun	1	3	16	26
ja	抜け	verb	1	3	16	26
ja	もん	noun	1	3	16	26
ja	触ら	verb	1	3	15	26
ja	遊ん	verb	1	3	15	26
ja	わくわく	adverb	1	3	15	26
ja	観	verb	1	3	14	26
ja	許さ	verb	1	3	14	26
ja	シェア	noun	1	3	14	26
ja	乗れ	verb	1	3	13	26
ja	追跡	noun	1	3	13	26
ja	帰ら	verb	1	3	13	26
ja	とら	verb	1	3	13	26
ja	集まる	verb	1	3	13	26
ja	交際	noun	1	3	12	26
ja	パンク	noun	1	3	12	26
ja	動き	verb	1	3	12	26
ja	持て	verb	1	3	12	26
ja	過ごし	verb	1	3	12	26
ja	早	adjective	1	3	12	26
ja	くつろい	verb	1	3	12	26
ja	我慢	noun	1	3	11	26
ja	おいし	adjective	1	3	11	26
ja	早口	noun	1	3	10	26
ja	休む	verb	1	3	10	26
ja	担任	noun	1	3	10	26
ja	宣伝	noun	1	3	10	26
ja	話そう	verb	1	3	10	26
ja	洗っ	verb	1	3	9	26
ja	加え	verb	1	3	9	26
ja	合理	noun	1	3	8	26
ja	はね	verb	1	3	8	26
ja	始まる	verb	1	3	8	26
ja	経つ	verb	1	3	7	26
ja	支払う	verb	1	3	7	26
ja	上京	noun	1	3	7	26
ja	薄い	adjective	1	3	7	26
ja	多	adjective	1	3	6	26
ja	アクセス	noun	1	3	6	26
ja	吸っ	verb	1	3	6	26
ja	充電	noun	1	3	6	26
ja	CD	compounds	1	3	6	26
ja	ゾーイ	noun	1	3	6	26
ja	眠い	adjective	1	3	6	26
ja	からかう	verb	1	3	6	26
ja	まね	noun	1	3	5	26
ja	やりくり	noun	1	3	5	26
ja	集中	noun	1	3	5	26
ja	コレクション	noun	1	3	4	26
ja	偶然	noun	1	3	4	26
ja	踊る	verb	1	3	4	26
ja	エラ	noun	1	3	4	26
ja	社交	noun	1	3	4	26
ja	楽器	noun	1	3	3	26
ja	暖房	noun	1	3	3	26
ja	破る	verb	1	3	3	26
ja	パートナー	noun	1	3	3	26
ja	ニコール	noun	1	3	3	26
ja	あくび	noun	1	3	3	26
ja	直感	noun	1	3	3	26
ja	おまけ	noun	1	3	2	26
ja	オオカミ	noun	1	3	2	26
ja	ハウス	noun	1	3	2	26
ja	不良	noun	1	3	2	26
ja	毛	noun	1	3	2	26
ja	キッチン	noun	1	3	2	26
ja	エビ	noun	1	3	1	26
ja	一定	noun	1	3	1	26
ja	スーパーマーケット	noun	1	3	1	26
ja	ヨーグルト	noun	1	3	1	26
ja	ティー	noun	1	3	1	26
ja	一昨	noun	1	3	1	26
ja	雑草	noun	1	3	1	26
ja	カウンター	noun	1	3	1	26
ja	アニメ	noun	1	3	1	26
ja	直接	noun	1	3	1	26
ja	ミュージック	noun	1	3	1	26
ja	右手	noun	1	3	1	26
ja	ローン	noun	1	3	1	26
ja	伝説	noun	1	3	1	26
ja	相応	noun	1	3	1	26
ja	オートバイ	noun	1	3	1	26
ja	にしろ	compounds	1	3	0	26
ja	夜明け	noun	1	3	0	26
ja	ブレーキ	noun	1	3	0	26
ja	望遠	noun	1	3	0	26
ja	農民	noun	1	3	0	26
ja	暴動	noun	1	3	0	26
ja	余分	noun	1	3	0	26
ja	かご	noun	1	3	0	26
ja	森林	noun	1	3	0	26
ja	なまり	noun	1	3	0	26
ja	テント	noun	1	3	0	26
ja	鹿	noun	1	3	0	26
ja	株価	noun	1	3	0	26
ja	期末	noun	1	3	0	26
ja	集会	noun	1	3	0	26
ja	翌朝	noun	1	3	0	26
ja	きっかけ	noun	1	3	0	26
ja	盗み	noun	1	3	0	26
ja	イタリアン	noun	1	3	0	26
ja	知事	noun	1	3	0	26
ja	ちゃんと	compounds	1	3	0	26
ja	粉々	noun	1	3	0	26
ja	年金	noun	1	3	0	26
ja	はしご	noun	1	3	0	26
ja	ただし	compounds	1	3	0	26
ja	黒人	noun	1	3	0	26
ja	手がかり	noun	1	3	0	26
ja	かっと	adverb	1	3	0	26
ja	見当たら	verb	1	3	0	26
ja	ほしく	adjective	1	3	0	26
ja	空想	noun	1	3	0	26
ja	ブラック	noun	1	3	0	26
ja	職務	noun	1	3	0	26
ja	果て	verb	1	3	0	26
ja	鈴木	noun	1	3	0	26
ja	香港	noun	1	3	0	26
ja	よさ	adjective	1	3	21	25
ja	鳴い	verb	1	3	19	25
ja	救っ	verb	1	3	18	25
ja	切らし	verb	1	3	17	25
ja	押さえ	verb	1	3	17	25
ja	選出	noun	1	3	17	25
ja	曲がっ	verb	1	3	17	25
ja	達し	verb	1	3	16	25
ja	締め	verb	1	3	16	25
ja	噛ん	verb	1	3	16	25
ja	預け	verb	1	3	16	25
ja	喜ぶ	verb	1	3	16	25
ja	しから	verb	1	3	15	25
ja	稼い	verb	1	3	15	25
ja	詰め	verb	1	3	14	25
ja	落とし	verb	1	3	13	25
ja	引か	verb	1	3	13	25
ja	動か	verb	1	3	13	25
ja	怒り	verb	1	3	12	25
ja	拾っ	verb	1	3	12	25
ja	提供	noun	1	3	12	25
ja	登校	noun	1	3	12	25
ja	入浴	noun	1	3	12	25
ja	育つ	verb	1	3	12	25
ja	承諾	noun	1	3	12	25
ja	きく	verb	1	3	11	25
ja	添付	noun	1	3	11	25
ja	知り合い	noun	1	3	11	25
ja	小さ	adjective	1	3	11	25
ja	止ん	verb	1	3	10	25
ja	濡れ	verb	1	3	10	25
ja	スタート	noun	1	3	9	25
ja	つく	verb	1	3	9	25
ja	サポート	noun	1	3	9	25
ja	接触	noun	1	3	9	25
ja	つない	verb	1	3	9	25
ja	口答え	noun	1	3	8	25
ja	きき	verb	1	3	8	25
ja	正気	noun	1	3	8	25
ja	休息	noun	1	3	7	25
ja	うそつき	noun	1	3	7	25
ja	トッピング	noun	1	3	7	25
ja	サクサク	adverb	1	3	7	25
ja	宝	noun	1	3	7	25
ja	抜き	noun	1	3	7	25
ja	幻想	noun	1	3	6	25
ja	液体	noun	1	3	6	25
ja	マスター	noun	1	3	6	25
ja	過剰	noun	1	3	6	25
ja	足ら	verb	1	3	6	25
ja	欲しかっ	adjective	1	3	6	25
ja	けち	noun	1	3	6	25
ja	停電	noun	1	3	5	25
ja	先輩	noun	1	3	5	25
ja	ジュリア	noun	1	3	5	25
ja	虹	noun	1	3	4	25
ja	滑っ	verb	1	3	4	25
ja	フェスティバル	noun	1	3	4	25
ja	塗る	verb	1	3	4	25
ja	回答	noun	1	3	3	25
ja	侵略	noun	1	3	3	25
ja	カフェ	noun	1	3	3	25
ja	沙汰	noun	1	3	3	25
ja	柱	noun	1	3	3	25
ja	年老い	verb	1	3	3	25
ja	勢い	noun	1	3	3	25
ja	新人	noun	1	3	3	25
ja	ローラ	noun	1	3	3	25
ja	蜂	noun	1	3	3	25
ja	納豆	noun	1	3	2	25
ja	受験	noun	1	3	2	25
ja	説教	noun	1	3	2	25
ja	好機	noun	1	3	2	25
ja	墓	noun	1	3	1	25
ja	ペース	noun	1	3	1	25
ja	課	noun	1	3	1	25
ja	精力	noun	1	3	1	25
ja	理	noun	1	3	1	25
ja	キング	noun	1	3	1	25
ja	スペース	noun	1	3	1	25
ja	イス	noun	1	3	1	25
ja	罠	noun	1	3	1	25
ja	審判	noun	1	3	1	25
ja	ただいま	noun	1	3	1	25
ja	利己	noun	1	3	1	25
ja	映像	noun	1	3	1	25
ja	スコットランド	noun	1	3	1	25
ja	パンダ	noun	1	3	1	25
ja	スリ	noun	1	3	1	25
ja	群	noun	1	3	1	25
ja	マナー	noun	1	3	1	25
ja	コンタクト	noun	1	3	1	25
ja	弱く	adjective	1	3	0	25
ja	ブドウ	noun	1	3	0	25
ja	もったいない	compounds	1	3	0	25
ja	死者	noun	1	3	0	25
ja	セール	noun	1	3	0	25
ja	いちいち	noun	1	3	0	25
ja	日付	noun	1	3	0	25
ja	ひざ	noun	1	3	0	25
ja	ハイ	noun	1	3	0	25
ja	ちらり	adverb	1	3	0	25
ja	未だ	adverb	1	3	0	25
ja	ディック	noun	1	3	0	25
ja	クラスメート	noun	1	3	0	25
ja	バケツ	noun	1	3	0	25
ja	右側	noun	1	3	0	25
ja	義理	noun	1	3	0	25
ja	翼	noun	1	3	0	25
ja	たとえば	adverb	1	3	0	25
ja	あえて	adverb	1	3	0	25
ja	サンフランシスコ	noun	1	3	0	25
ja	すばやく	adjective	1	3	0	25
ja	商用	noun	1	3	0	25
ja	入試	noun	1	3	0	25
ja	しまい	noun	1	3	0	25
ja	手元	noun	1	3	0	25
ja	ベルリン	noun	1	3	0	25
ja	固く	adjective	1	3	0	25
ja	恐れ	noun	1	3	0	25
ja	２・３	noun	1	3	0	25
ja	天ぷら	noun	1	3	0	25
ja	レター	noun	1	3	0	25
ja	本来	noun	1	3	0	25
ja	差し上げ	verb	1	3	0	25
ja	豆腐	noun	1	3	0	25
ja	マイ	noun	1	3	0	25
ja	地区	noun	1	3	0	25
ja	コーラ	noun	1	3	0	25
ja	爪	noun	1	3	0	25
ja	支払わ	verb	1	3	22	24
ja	遂げ	verb	1	3	21	24
ja	叱っ	verb	1	3	21	24
ja	出くわし	verb	1	3	20	24
ja	掘っ	verb	1	3	18	24
ja	終了	noun	1	3	18	24
ja	あがっ	verb	1	3	18	24
ja	寄せ	verb	1	3	17	24
ja	貼っ	verb	1	3	17	24
ja	ひき	verb	1	3	17	24
ja	養わ	verb	1	3	16	24
ja	握っ	verb	1	3	16	24
ja	迫っ	verb	1	3	16	24
ja	眠り	verb	1	3	16	24
ja	混ぜ	verb	1	3	15	24
ja	揃っ	verb	1	3	15	24
ja	閉鎖	noun	1	3	15	24
ja	着用	noun	1	3	14	24
ja	おっしゃっ	verb	1	3	14	24
ja	嫌う	verb	1	3	14	24
ja	嫌っ	verb	1	3	13	24
ja	帰れ	verb	1	3	13	24
ja	通す	verb	1	3	13	24
ja	確かめ	verb	1	3	13	24
ja	屈し	verb	1	3	13	24
ja	踊り	verb	1	3	12	24
ja	痩せ	verb	1	3	12	24
ja	合わ	verb	1	3	12	24
ja	空っぽ	noun	1	3	12	24
ja	進学	noun	1	3	12	24
ja	反する	verb	1	3	11	24
ja	雇う	verb	1	3	11	24
ja	収容	noun	1	3	11	24
ja	むずかしい	adjective	1	3	11	24
ja	適任	noun	1	3	11	24
ja	傑作	noun	1	3	11	24
ja	喋る	verb	1	3	11	24
ja	添え	verb	1	3	11	24
ja	乾燥	noun	1	3	11	24
ja	結ぶ	verb	1	3	11	24
ja	暑かっ	adjective	1	3	10	24
ja	告白	noun	1	3	10	24
ja	歓迎	noun	1	3	10	24
ja	惹か	verb	1	3	10	24
ja	見つかる	verb	1	3	10	24
ja	招く	verb	1	3	10	24
ja	納得	noun	1	3	9	24
ja	登録	noun	1	3	9	24
ja	ランナー	noun	1	3	8	24
ja	負け	noun	1	3	8	24
ja	太り	verb	1	3	8	24
ja	カバー	noun	1	3	8	24
ja	許す	verb	1	3	7	24
ja	到着	noun	1	3	7	24
ja	書ける	verb	1	3	7	24
ja	処分	noun	1	3	7	24
ja	借りる	verb	1	3	7	24
ja	改正	noun	1	3	6	24
ja	住み	verb	1	3	6	24
ja	ダイヤモンド	noun	1	3	6	24
ja	エヴァ	noun	1	3	5	24
ja	ポイント	noun	1	3	5	24
ja	預金	noun	1	3	5	24
ja	破滅	noun	1	3	5	24
ja	ことわざ	noun	1	3	5	24
ja	カクテル	noun	1	3	5	24
ja	勝負	noun	1	3	4	24
ja	覚める	verb	1	3	4	24
ja	ビクトリア	noun	1	3	4	24
ja	ソファ	noun	1	3	4	24
ja	トレンド	noun	1	3	4	24
ja	投稿	noun	1	3	4	24
ja	リンク	noun	1	3	3	24
ja	共感	noun	1	3	3	24
ja	マネージャー	noun	1	3	3	24
ja	止まる	verb	1	3	3	24
ja	助手	noun	1	3	3	24
ja	そりゃ	compounds	1	3	3	24
ja	パイナップル	noun	1	3	2	24
ja	往復	noun	1	3	2	24
ja	バーベキュー	noun	1	3	2	24
ja	冷たく	adjective	1	3	2	24
ja	ツリー	noun	1	3	2	24
ja	群れ	noun	1	3	2	24
ja	丸	noun	1	3	2	24
ja	パジャマ	noun	1	3	1	24
ja	ひげ	noun	1	3	1	24
ja	バレンタイン	noun	1	3	1	24
ja	処置	noun	1	3	1	24
ja	ふた	noun	1	3	1	24
ja	洞窟	noun	1	3	1	24
ja	注射	noun	1	3	1	24
ja	端	noun	1	3	0	24
ja	工業	noun	1	3	0	24
ja	パイプ	noun	1	3	0	24
ja	ユーザー	noun	1	3	0	24
ja	ゴム	noun	1	3	0	24
ja	ふるまい	noun	1	3	0	24
ja	ソーセージ	noun	1	3	0	24
ja	ヶ国	noun	1	3	0	24
ja	マック	noun	1	3	0	24
ja	生理	noun	1	3	0	24
ja	党	noun	1	3	0	24
ja	学識	noun	1	3	0	24
ja	追いつい	verb	1	3	0	24
ja	召し上がっ	verb	1	3	0	24
ja	歩道	noun	1	3	0	24
ja	独り言	noun	1	3	0	24
ja	紐	noun	1	3	0	24
ja	気前	noun	1	3	0	24
ja	片方	noun	1	3	0	24
ja	サンタ	noun	1	3	0	24
ja	いただけれ	verb	1	3	0	24
ja	バレーボール	noun	1	3	0	24
ja	フライド	noun	1	3	0	24
ja	見逃し	verb	1	3	0	24
ja	公式	noun	1	3	0	24
ja	手数	noun	1	3	0	24
ja	賄賂	noun	1	3	0	24
ja	哺乳	noun	1	3	0	24
ja	禎子	noun	1	3	0	24
ja	ごはん	noun	1	3	0	24
ja	申し出	verb	1	3	0	24
ja	キャンディー	noun	1	3	0	24
ja	くよくよ	adverb	1	3	0	24
ja	魚釣り	noun	1	3	0	24
ja	こっそり	adverb	1	3	0	24
ja	洋子	noun	1	3	0	24
ja	愚痴	noun	1	3	0	24
ja	自発	noun	1	3	0	24
ja	苦難	noun	1	3	0	24
ja	白状	noun	1	3	22	23
ja	努め	verb	1	3	22	23
ja	示唆	noun	1	3	21	23
ja	折れ	verb	1	3	19	23
ja	寝れ	verb	1	3	19	23
ja	沸かし	verb	1	3	19	23
ja	服用	noun	1	3	18	23
ja	留め	verb	1	3	18	23
ja	仕上げ	verb	1	3	18	23
ja	存じ	verb	1	3	18	23
ja	間に合い	verb	1	3	18	23
ja	おいしかっ	adjective	1	3	17	23
ja	吐い	verb	1	3	17	23
ja	強調	noun	1	3	17	23
ja	払わ	verb	1	3	16	23
ja	返さ	verb	1	3	16	23
ja	支払い	verb	1	3	16	23
ja	移っ	verb	1	3	16	23
ja	祈り	verb	1	3	16	23
ja	傾け	verb	1	3	15	23
ja	みせ	verb	1	3	15	23
ja	着け	verb	1	3	15	23
ja	ため	verb	1	3	15	23
ja	欠かせ	verb	1	3	15	23
ja	蓄え	verb	1	3	15	23
ja	上がり	verb	1	3	15	23
ja	受賞	noun	1	3	15	23
ja	撃た	verb	1	3	14	23
ja	押し	verb	1	3	13	23
ja	載っ	verb	1	3	13	23
ja	整頓	noun	1	3	13	23
ja	調べ	verb	1	3	13	23
ja	やめよう	verb	1	3	13	23
ja	訂正	noun	1	3	13	23
ja	間違える	verb	1	3	12	23
ja	遊ば	verb	1	3	12	23
ja	延期	noun	1	3	12	23
ja	勝ち	verb	1	3	12	23
ja	茹で	verb	1	3	12	23
ja	まとめ	verb	1	3	12	23
ja	痛かっ	adjective	1	3	12	23
ja	分類	noun	1	3	12	23
ja	干渉	noun	1	3	12	23
ja	遅かっ	adjective	1	3	12	23
ja	伺い	verb	1	3	11	23
ja	欠席	noun	1	3	11	23
ja	満員	noun	1	3	11	23
ja	吠える	verb	1	3	10	23
ja	苦しい	adjective	1	3	10	23
ja	サボっ	verb	1	3	10	23
ja	迷う	verb	1	3	10	23
ja	あう	verb	1	3	9	23
ja	並ん	verb	1	3	9	23
ja	謝罪	noun	1	3	8	23
ja	団結	noun	1	3	8	23
ja	リサ	noun	1	3	8	23
ja	撮影	noun	1	3	7	23
ja	近道	noun	1	3	7	23
ja	違法	noun	1	3	7	23
ja	こなす	verb	1	3	6	23
ja	続き	noun	1	3	5	23
ja	にぎやか	compounds	1	3	5	23
ja	浮気	noun	1	3	5	23
ja	隠れ	verb	1	3	5	23
ja	終わり	verb	1	3	5	23
ja	処方	noun	1	3	5	23
ja	チャールズ	noun	1	3	5	23
ja	あいさつ	noun	1	3	4	23
ja	やばい	adjective	1	3	4	23
ja	警備	noun	1	3	3	23
ja	刑事	noun	1	3	3	23
ja	降りる	verb	1	3	3	23
ja	隠す	verb	1	3	3	23
ja	盗む	verb	1	3	3	23
ja	キャラクター	noun	1	3	3	23
ja	寿命	noun	1	3	2	23
ja	半端	noun	1	3	2	23
ja	獲物	noun	1	3	2	23
ja	本能	noun	1	3	2	23
ja	ダイアナ	noun	1	3	2	23
ja	助けよう	verb	1	3	2	23
ja	エジソン	noun	1	3	2	23
ja	身振り	noun	1	3	2	23
ja	スー	noun	1	3	2	23
ja	アヴァ	noun	1	3	2	23
ja	脆弱	noun	1	3	1	23
ja	九州	noun	1	3	1	23
ja	クビ	noun	1	3	1	23
ja	演劇	noun	1	3	1	23
ja	緑茶	noun	1	3	1	23
ja	著書	noun	1	3	1	23
ja	会長	noun	1	3	1	23
ja	ステージ	noun	1	3	1	23
ja	ハムレット	noun	1	3	1	23
ja	部隊	noun	1	3	1	23
ja	薔薇	noun	1	3	1	23
ja	ラグビー	noun	1	3	1	23
ja	正	noun	1	3	1	23
ja	職員	noun	1	3	1	23
ja	部門	noun	1	3	1	23
ja	踊り	noun	1	3	1	23
ja	寝	noun	1	3	1	23
ja	パフォーマンス	noun	1	3	0	23
ja	尾	noun	1	3	0	23
ja	肖像	noun	1	3	0	23
ja	水中	noun	1	3	0	23
ja	このごろ	noun	1	3	0	23
ja	乗り込ん	verb	1	3	0	23
ja	北極	noun	1	3	0	23
ja	庭園	noun	1	3	0	23
ja	メイン	noun	1	3	0	23
ja	．	noun	1	3	0	23
ja	廊下	noun	1	3	0	23
ja	身なり	noun	1	3	0	23
ja	教養	noun	1	3	0	23
ja	オランダ	noun	1	3	0	23
ja	ジミー	noun	1	3	0	23
ja	灰色	noun	1	3	0	23
ja	ぴったり	adverb	1	3	0	23
ja	内側	noun	1	3	0	23
ja	わし	compounds	1	3	0	23
ja	現地	noun	1	3	0	23
ja	ラッシュ	noun	1	3	0	23
ja	ストライキ	noun	1	3	0	23
ja	微笑み	noun	1	3	0	23
ja	電源	noun	1	3	0	23
ja	持ち合わせ	verb	1	3	0	23
ja	めいめい	noun	1	3	0	23
ja	特権	noun	1	3	0	23
ja	パーク	noun	1	3	0	23
ja	チャンネル	noun	1	3	0	23
ja	スージー	noun	1	3	0	23
ja	打ち上げ	verb	1	3	0	23
ja	花粉	noun	1	3	0	23
ja	ブック	noun	1	3	0	23
ja	中途	noun	1	3	0	23
ja	取り除く	verb	1	3	0	23
ja	低く	adjective	1	3	0	23
ja	ヘリコプター	noun	1	3	0	23
ja	ごみ	noun	1	3	0	23
ja	尻	noun	1	3	0	23
ja	要領	noun	1	3	0	23
ja	あれこれ	noun	1	3	0	23
ja	飢え	noun	1	3	0	23
ja	見守っ	verb	1	3	0	23
ja	プロフィール	noun	1	3	0	23
ja	エベレスト	noun	1	3	0	23
ja	ハーバード	noun	1	3	0	23
ja	見分ける	verb	1	3	0	23
ja	帰り道	noun	1	3	0	23
ja	課長	noun	1	3	0	23
ja	全面	noun	1	3	0	23
ja	脇	noun	1	3	0	23
ja	押し入っ	verb	1	3	0	23
ja	楽しめ	verb	1	3	21	22
ja	大きかっ	adjective	1	3	19	22
ja	免れ	verb	1	3	19	22
ja	訴え	verb	1	3	19	22
ja	祈っ	verb	1	3	18	22
ja	とめ	verb	1	3	17	22
ja	きけ	verb	1	3	17	22
ja	間柄	noun	1	3	17	22
ja	少なかっ	adjective	1	3	16	22
ja	外れ	verb	1	3	16	22
ja	陥っ	verb	1	3	15	22
ja	有り	verb	1	3	15	22
ja	成る	verb	1	3	15	22
ja	なし	verb	1	3	15	22
ja	嫌わ	verb	1	3	14	22
ja	開き	verb	1	3	14	22
ja	おびえ	verb	1	3	14	22
ja	落胆	noun	1	3	14	22
ja	あきらめ	verb	1	3	14	22
ja	賭け	verb	1	3	14	22
ja	気付か	verb	1	3	13	22
ja	吹く	verb	1	3	13	22
ja	怖かっ	adjective	1	3	13	22
ja	承知	noun	1	3	13	22
ja	はい	verb	1	3	13	22
ja	思え	verb	1	3	13	22
ja	返却	noun	1	3	13	22
ja	寄っ	verb	1	3	12	22
ja	喋っ	verb	1	3	12	22
ja	パス	noun	1	3	12	22
ja	歌わ	verb	1	3	12	22
ja	通過	noun	1	3	12	22
ja	激怒	noun	1	3	12	22
ja	誘わ	verb	1	3	12	22
ja	結ば	verb	1	3	12	22
ja	忘れる	verb	1	3	12	22
ja	溶け	verb	1	3	11	22
ja	失望	noun	1	3	11	22
ja	聴き	verb	1	3	11	22
ja	燃える	verb	1	3	10	22
ja	要約	noun	1	3	10	22
ja	呼び	verb	1	3	10	22
ja	残業	noun	1	3	10	22
ja	もっとも	compounds	1	3	10	22
ja	騙さ	verb	1	3	9	22
ja	派遣	noun	1	3	9	22
ja	下っ	verb	1	3	9	22
ja	文通	noun	1	3	8	22
ja	いじめ	verb	1	3	8	22
ja	責める	verb	1	3	8	22
ja	誓っ	verb	1	3	8	22
ja	宝物	noun	1	3	7	22
ja	クレア	noun	1	3	7	22
ja	使わ	verb	1	3	7	22
ja	警戒	noun	1	3	7	22
ja	すっきり	adverb	1	3	7	22
ja	弾い	verb	1	3	6	22
ja	優し	adjective	1	3	6	22
ja	厚い	adjective	1	3	6	22
ja	去っ	verb	1	3	5	22
ja	イザベル	noun	1	3	5	22
ja	療法	noun	1	3	5	22
ja	モノ	noun	1	3	5	22
ja	お陰	noun	1	3	5	22
ja	プレーヤー	noun	1	3	5	22
ja	リア	noun	1	3	4	22
ja	合わせる	verb	1	3	4	22
ja	面会	noun	1	3	4	22
ja	救う	verb	1	3	4	22
ja	ホームレス	noun	1	3	4	22
ja	入会	noun	1	3	4	22
ja	バーガー	noun	1	3	4	22
ja	曲がる	verb	1	3	4	22
ja	詞	noun	1	3	4	22
ja	夕日	noun	1	3	4	22
ja	込め	verb	1	3	4	22
ja	汁	noun	1	3	3	22
ja	人柄	noun	1	3	3	22
ja	有用	noun	1	3	3	22
ja	首都	noun	1	3	3	22
ja	ヒント	noun	1	3	3	22
ja	看板	noun	1	3	3	22
ja	手作り	noun	1	3	3	22
ja	固定	noun	1	3	3	22
ja	無邪気	noun	1	3	2	22
ja	蝶々	noun	1	3	2	22
ja	返信	noun	1	3	2	22
ja	部長	noun	1	3	2	22
ja	ブラシ	noun	1	3	2	22
ja	画像	noun	1	3	2	22
ja	人込み	noun	1	3	2	22
ja	手放す	verb	1	3	2	22
ja	ミア	noun	1	3	2	22
ja	バジル	noun	1	3	2	22
ja	引っ越し	noun	1	3	2	22
ja	善良	noun	1	3	2	22
ja	トーナメント	noun	1	3	1	22
ja	寂しく	adjective	1	3	1	22
ja	簡潔	noun	1	3	1	22
ja	ケア	noun	1	3	1	22
ja	関節	noun	1	3	1	22
ja	西側	noun	1	3	1	22
ja	五十	noun	1	3	1	22
ja	アボカド	noun	1	3	1	22
ja	虎	noun	1	3	1	22
ja	サル	noun	1	3	1	22
ja	段	noun	1	3	1	22
ja	祖国	noun	1	3	1	22
ja	何語	noun	1	3	1	22
ja	窃盗	noun	1	3	1	22
ja	衣装	noun	1	3	1	22
ja	反乱	noun	1	3	1	22
ja	ニンジン	noun	1	3	1	22
ja	蒸気	noun	1	3	0	22
ja	蝶	noun	1	3	0	22
ja	柔らかく	adjective	1	3	0	22
ja	動画	noun	1	3	0	22
ja	強風	noun	1	3	0	22
ja	章	noun	1	3	0	22
ja	慈善	noun	1	3	0	22
ja	中世	noun	1	3	0	22
ja	繰り返す	verb	1	3	0	22
ja	それじゃ	compounds	1	3	0	22
ja	寝込ん	verb	1	3	0	22
ja	広場	noun	1	3	0	22
ja	外科	noun	1	3	0	22
ja	青春	noun	1	3	0	22
ja	幼児	noun	1	3	0	22
ja	話し合い	noun	1	3	0	22
ja	バスケット	noun	1	3	0	22
ja	縁起	noun	1	3	0	22
ja	とう	noun	1	3	0	22
ja	着替え	verb	1	3	0	22
ja	見失っ	verb	1	3	0	22
ja	ほど	noun	1	3	0	22
ja	幅	noun	1	3	0	22
ja	夜空	noun	1	3	0	22
ja	宝くじ	noun	1	3	0	22
ja	売り場	noun	1	3	0	22
ja	夕べ	noun	1	3	0	22
ja	駅前	noun	1	3	0	22
ja	コロンブス	noun	1	3	0	22
ja	炎	noun	1	3	0	22
ja	姫	noun	1	3	0	22
ja	美味しく	adjective	1	3	0	22
ja	ラン	noun	1	3	0	22
ja	テッド	noun	1	3	0	22
ja	少なから	adjective	1	3	0	22
ja	立ち寄り	verb	1	3	0	22
ja	ハト	noun	1	3	0	22
ja	金額	noun	1	3	0	22
ja	設備	noun	1	3	0	22
ja	売り上げ	noun	1	3	0	22
ja	パスワード	noun	1	3	0	22
ja	えさ	noun	1	3	0	22
ja	こたえ	verb	1	3	18	21
ja	固執	noun	1	3	18	21
ja	飾っ	verb	1	3	18	21
ja	遅	adjective	1	3	18	21
ja	止まら	verb	1	3	17	21
ja	貯め	verb	1	3	16	21
ja	告発	noun	1	3	16	21
ja	壊さ	verb	1	3	16	21
ja	広げ	verb	1	3	15	21
ja	塗ら	verb	1	3	14	21
ja	拒ん	verb	1	3	14	21
ja	一員	noun	1	3	14	21
ja	送り	verb	1	3	14	21
ja	築い	verb	1	3	14	21
ja	数える	verb	1	3	14	21
ja	選び	verb	1	3	14	21
ja	読ま	verb	1	3	13	21
ja	破ら	verb	1	3	13	21
ja	就寝	noun	1	3	13	21
ja	ぶつかっ	verb	1	3	13	21
ja	脱出	noun	1	3	13	21
ja	分かれ	verb	1	3	13	21
ja	離さ	verb	1	3	13	21
ja	参照	noun	1	3	13	21
ja	歩か	verb	1	3	13	21
ja	降参	noun	1	3	13	21
ja	苦しん	verb	1	3	13	21
ja	休ま	verb	1	3	13	21
ja	困り	verb	1	3	12	21
ja	盗ま	verb	1	3	12	21
ja	返し	verb	1	3	12	21
ja	狙っ	verb	1	3	12	21
ja	中断	noun	1	3	12	21
ja	当惑	noun	1	3	12	21
ja	仲直り	noun	1	3	11	21
ja	効い	verb	1	3	11	21
ja	望み	verb	1	3	11	21
ja	行進	noun	1	3	11	21
ja	開店	noun	1	3	11	21
ja	感嘆	noun	1	3	11	21
ja	作れる	verb	1	3	11	21
ja	許せ	verb	1	3	11	21
ja	あけ	verb	1	3	11	21
ja	恐れる	verb	1	3	11	21
ja	生む	verb	1	3	11	21
ja	磨く	verb	1	3	11	21
ja	待て	verb	1	3	11	21
ja	眠	adjective	1	3	10	21
ja	積ん	verb	1	3	10	21
ja	光栄	noun	1	3	10	21
ja	恵まれ	verb	1	3	10	21
ja	発つ	verb	1	3	10	21
ja	並べ	verb	1	3	10	21
ja	飼っ	verb	1	3	9	21
ja	正しかっ	adjective	1	3	9	21
ja	気難しい	adjective	1	3	9	21
ja	暗かっ	adjective	1	3	9	21
ja	ヒット	noun	1	3	9	21
ja	使い	noun	1	3	8	21
ja	おぼれ	verb	1	3	8	21
ja	上手い	adjective	1	3	7	21
ja	再会	noun	1	3	7	21
ja	センチ	noun	1	3	7	21
ja	固い	adjective	1	3	7	21
ja	せい	compounds	1	3	7	21
ja	愚か者	noun	1	3	7	21
ja	判定	noun	1	3	7	21
ja	貰っ	verb	1	3	7	21
ja	始まり	noun	1	3	6	21
ja	流れる	verb	1	3	6	21
ja	出産	noun	1	3	6	21
ja	焼け	verb	1	3	6	21
ja	沸騰	noun	1	3	6	21
ja	ストーリー	noun	1	3	6	21
ja	祝日	noun	1	3	6	21
ja	傲慢	noun	1	3	6	21
ja	若かっ	adjective	1	3	6	21
ja	発売	noun	1	3	5	21
ja	植える	verb	1	3	5	21
ja	静けさ	noun	1	3	5	21
ja	値上げ	noun	1	3	5	21
ja	派手	noun	1	3	5	21
ja	木造	noun	1	3	5	21
ja	残ら	verb	1	3	5	21
ja	ヘンリー	noun	1	3	5	21
ja	弱点	noun	1	3	5	21
ja	詐欺	noun	1	3	4	21
ja	魔女	noun	1	3	4	21
ja	昇給	noun	1	3	4	21
ja	難問	noun	1	3	4	21
ja	シチュー	noun	1	3	3	21
ja	ジェームズ	noun	1	3	3	21
ja	接種	noun	1	3	3	21
ja	クマ	noun	1	3	3	21
ja	オードリー	noun	1	3	3	21
ja	公正	noun	1	3	3	21
ja	カギ	noun	1	3	2	21
ja	宮殿	noun	1	3	2	21
ja	無く	adjective	1	3	2	21
ja	飽き飽き	noun	1	3	2	21
ja	夜通し	adverb	1	3	1	21
ja	至急	noun	1	3	1	21
ja	かさ	noun	1	3	1	21
ja	向かい	noun	1	3	1	21
ja	急進	noun	1	3	1	21
ja	銀	noun	1	3	1	21
ja	ハエ	noun	1	3	1	21
ja	スカーフ	noun	1	3	1	21
ja	桃	noun	1	3	1	21
ja	ねえ	adjective	1	3	1	21
ja	脈	noun	1	3	1	21
ja	わき	noun	1	3	0	21
ja	雨林	noun	1	3	0	21
ja	ゴキブリ	noun	1	3	0	21
ja	ブラウス	noun	1	3	0	21
ja	サンタクロース	noun	1	3	0	21
ja	世辞	noun	1	3	0	21
ja	任務	noun	1	3	0	21
ja	朝日	noun	1	3	0	21
ja	次郎	noun	1	3	0	21
ja	法廷	noun	1	3	0	21
ja	国王	noun	1	3	0	21
ja	路線	noun	1	3	0	21
ja	工事	noun	1	3	0	21
ja	教訓	noun	1	3	0	21
ja	やけ	noun	1	3	0	21
ja	エッセイ	noun	1	3	0	21
ja	ストリート	noun	1	3	0	21
ja	まさしく	adverb	1	3	0	21
ja	フェンス	noun	1	3	0	21
ja	引き継い	verb	1	3	0	21
ja	業績	noun	1	3	0	21
ja	ぶつぶつ	adverb	1	3	0	21
ja	一人暮らし	noun	1	3	0	21
ja	小型	noun	1	3	0	21
ja	八方	noun	1	3	0	21
ja	思い切っ	verb	1	3	0	21
ja	明朝	noun	1	3	0	21
ja	閉じ込め	verb	1	3	0	21
ja	幕	noun	1	3	0	21
ja	ひょっこり	adverb	1	3	0	21
ja	市内	noun	1	3	0	21
ja	小銭	noun	1	3	0	21
ja	ビートルズ	noun	1	3	0	21
ja	札幌	noun	1	3	0	21
ja	将軍	noun	1	3	0	21
ja	校舎	noun	1	3	0	21
ja	トランク	noun	1	3	0	21
ja	とすれば	compounds	1	3	0	21
ja	コアラ	noun	1	3	0	21
ja	ソーシャル	noun	1	3	0	21
ja	拾い上げ	verb	1	3	0	21
ja	セラピー	noun	1	3	0	21
ja	悪事	noun	1	3	0	21
ja	当店	noun	1	3	0	21
ja	おかしな	compounds	1	3	0	21
ja	恐竜	noun	1	3	0	21
ja	いかが	adverb	1	3	0	21
ja	頭上	noun	1	3	0	21
ja	石鹸	noun	1	3	0	21
ja	やたら	adverb	1	3	0	21
ja	停留	noun	1	3	0	21
ja	助かり	verb	1	3	18	20
ja	異なり	verb	1	3	18	20
ja	悩まさ	verb	1	3	18	20
ja	言及	noun	1	3	17	20
ja	見つかり	verb	1	3	17	20
ja	燃やし	verb	1	3	16	20
ja	保っ	verb	1	3	16	20
ja	蹴っ	verb	1	3	15	20
ja	咲き	verb	1	3	15	20
ja	片づけ	verb	1	3	15	20
ja	売ら	verb	1	3	15	20
ja	悲しん	verb	1	3	15	20
ja	動かし	verb	1	3	14	20
ja	続き	verb	1	3	14	20
ja	わかん	verb	1	3	14	20
ja	はまっ	verb	1	3	14	20
ja	頑張り	verb	1	3	14	20
ja	好か	verb	1	3	14	20
ja	撮り	verb	1	3	13	20
ja	確信	noun	1	3	13	20
ja	下し	verb	1	3	13	20
ja	疑っ	verb	1	3	12	20
ja	払え	verb	1	3	12	20
ja	起こり	verb	1	3	12	20
ja	寸前	noun	1	3	12	20
ja	下げ	verb	1	3	12	20
ja	投げ	verb	1	3	12	20
ja	いえる	verb	1	3	11	20
ja	支え	verb	1	3	11	20
ja	貢献	noun	1	3	11	20
ja	過ごせ	verb	1	3	11	20
ja	振っ	verb	1	3	11	20
ja	逃し	verb	1	3	11	20
ja	がっかり	adverb	1	3	11	20
ja	照らし	verb	1	3	11	20
ja	通学	noun	1	3	10	20
ja	創立	noun	1	3	10	20
ja	語り	verb	1	3	10	20
ja	つくし	verb	1	3	10	20
ja	要ら	verb	1	3	10	20
ja	集まっ	verb	1	3	10	20
ja	失くし	verb	1	3	10	20
ja	怠っ	verb	1	3	10	20
ja	乗り	verb	1	3	10	20
ja	消える	verb	1	3	9	20
ja	平気	noun	1	3	9	20
ja	捕らえ	verb	1	3	9	20
ja	廃止	noun	1	3	9	20
ja	酔い	noun	1	3	9	20
ja	称賛	noun	1	3	8	20
ja	指定	noun	1	3	8	20
ja	要請	noun	1	3	8	20
ja	来れ	verb	1	3	8	20
ja	登っ	verb	1	3	8	20
ja	デー	noun	1	3	8	20
ja	訳し	verb	1	3	7	20
ja	美味し	adjective	1	3	7	20
ja	ひどかっ	adjective	1	3	7	20
ja	確かめる	verb	1	3	7	20
ja	嘘つき	noun	1	3	6	20
ja	解ける	verb	1	3	6	20
ja	行ける	verb	1	3	6	20
ja	産物	noun	1	3	6	20
ja	配置	noun	1	3	6	20
ja	人数	noun	1	3	5	20
ja	ゼロ	noun	1	3	5	20
ja	ツール	noun	1	3	5	20
ja	弁解	noun	1	3	5	20
ja	出血	noun	1	3	5	20
ja	モスク	noun	1	3	5	20
ja	申請	noun	1	3	5	20
ja	治す	verb	1	3	5	20
ja	コツ	noun	1	3	4	20
ja	ぞっと	adverb	1	3	4	20
ja	でかい	adjective	1	3	4	20
ja	変装	noun	1	3	4	20
ja	シーン	noun	1	3	4	20
ja	ひまわり	noun	1	3	4	20
ja	虐待	noun	1	3	4	20
ja	履い	verb	1	3	4	20
ja	主将	noun	1	3	4	20
ja	キャッチ	noun	1	3	4	20
ja	エンジニア	noun	1	3	4	20
ja	引っ越す	verb	1	3	4	20
ja	一流	noun	1	3	3	20
ja	球	noun	1	3	3	20
ja	闇	noun	1	3	3	20
ja	あら	verb	1	3	3	20
ja	年月	noun	1	3	3	20
ja	じぎ	noun	1	3	3	20
ja	あわて	verb	1	3	3	20
ja	名案	noun	1	3	2	20
ja	飲料	noun	1	3	2	20
ja	付き合い	noun	1	3	2	20
ja	相性	noun	1	3	1	20
ja	灰	noun	1	3	1	20
ja	悪意	noun	1	3	1	20
ja	持ち物	noun	1	3	1	20
ja	めちゃ	adverb	1	3	1	20
ja	蜘蛛	noun	1	3	1	20
ja	水平	noun	1	3	1	20
ja	風船	noun	1	3	1	20
ja	満点	noun	1	3	1	20
ja	去る	verb	1	3	1	20
ja	食材	noun	1	3	1	20
ja	コメディ	noun	1	3	1	20
ja	たいして	adverb	1	3	1	20
ja	メーカー	noun	1	3	1	20
ja	無断	noun	1	3	0	20
ja	取り消し	verb	1	3	0	20
ja	四方	noun	1	3	0	20
ja	思いがけ	verb	1	3	0	20
ja	時勢	noun	1	3	0	20
ja	こう	compounds	1	3	0	20
ja	観衆	noun	1	3	0	20
ja	銀河	noun	1	3	0	20
ja	オペラ	noun	1	3	0	20
ja	陣	noun	1	3	0	20
ja	苺	noun	1	3	0	20
ja	利害	noun	1	3	0	20
ja	取り除い	verb	1	3	0	20
ja	余り	adverb	1	3	0	20
ja	羽	noun	1	3	0	20
ja	恋しく	adjective	1	3	0	20
ja	ランニング	noun	1	3	0	20
ja	絶え間	noun	1	3	0	20
ja	水面	noun	1	3	0	20
ja	愛し合っ	verb	1	3	0	20
ja	名札	noun	1	3	0	20
ja	レジ	noun	1	3	0	20
ja	見分け	noun	1	3	0	20
ja	網	noun	1	3	0	20
ja	かすか	compounds	1	3	0	20
ja	醜い	adjective	1	3	0	20
ja	ワシントン	noun	1	3	0	20
ja	尻尾	noun	1	3	0	20
ja	アリ	noun	1	3	0	20
ja	涼しく	adjective	1	3	0	20
ja	蔵書	noun	1	3	0	20
ja	一斉	noun	1	3	0	20
ja	テイラー	noun	1	3	0	20
ja	余暇	noun	1	3	0	20
ja	決勝	noun	1	3	0	20
ja	梅雨	noun	1	3	0	20
ja	半数	noun	1	3	0	20
ja	新宿	noun	1	3	0	20
ja	国籍	noun	1	3	0	20
ja	かんしゃく	noun	1	3	0	20
ja	連携	noun	1	3	0	20
ja	取り替え	verb	1	3	0	20
ja	新婚	noun	1	3	0	20
ja	図	noun	1	3	0	20
ja	霜	noun	1	3	0	20
ja	変わり	noun	1	3	0	20
ja	人民	noun	1	3	0	20
ja	しかた	noun	1	3	0	20
ja	イヌ	noun	1	3	0	20
ja	言い張っ	verb	1	3	0	20
ja	似合い	verb	1	3	0	20
ja	限り	verb	1	3	19	19
ja	届き	verb	1	3	19	19
ja	好み	verb	1	3	18	19
ja	判明	noun	1	3	18	19
ja	参り	verb	1	3	17	19
ja	たち	verb	1	3	17	19
ja	振る舞っ	verb	1	3	17	19
ja	治り	verb	1	3	17	19
ja	弾け	verb	1	3	17	19
ja	仕方ない	adjective	1	3	16	19
ja	みつけ	verb	1	3	16	19
ja	作れ	verb	1	3	15	19
ja	費やし	verb	1	3	15	19
ja	良さ	adjective	1	3	15	19
ja	ワクワク	adverb	1	3	15	19
ja	うけ	verb	1	3	14	19
ja	振る舞う	verb	1	3	14	19
ja	離せ	verb	1	3	14	19
ja	付か	verb	1	3	14	19
ja	収め	verb	1	3	14	19
ja	いらし	verb	1	3	13	19
ja	尽き	verb	1	3	13	19
ja	謝ら	verb	1	3	13	19
ja	安かっ	adjective	1	3	13	19
ja	輝く	verb	1	3	13	19
ja	折っ	verb	1	3	12	19
ja	亡くなり	verb	1	3	12	19
ja	よっ	verb	1	3	12	19
ja	捧げ	verb	1	3	12	19
ja	支給	noun	1	3	12	19
ja	接し	verb	1	3	12	19
ja	しみ	verb	1	3	11	19
ja	紛失	noun	1	3	11	19
ja	生かし	verb	1	3	11	19
ja	放し	verb	1	3	11	19
ja	上等	noun	1	3	11	19
ja	困惑	noun	1	3	10	19
ja	かまい	verb	1	3	10	19
ja	返っ	verb	1	3	10	19
ja	つかっ	verb	1	3	10	19
ja	さし	verb	1	3	10	19
ja	従い	verb	1	3	10	19
ja	フランク	noun	1	3	9	19
ja	祝う	verb	1	3	9	19
ja	告げる	verb	1	3	9	19
ja	褒め	verb	1	3	9	19
ja	噛ま	verb	1	3	9	19
ja	重ね	verb	1	3	9	19
ja	ありがたい	adjective	1	3	9	19
ja	手配	noun	1	3	9	19
ja	応え	verb	1	3	9	19
ja	正解	noun	1	3	9	19
ja	曇り	noun	1	3	8	19
ja	触る	verb	1	3	8	19
ja	もどっ	verb	1	3	8	19
ja	やけど	noun	1	3	8	19
ja	接近	noun	1	3	8	19
ja	掛け	verb	1	3	8	19
ja	浮かぶ	verb	1	3	7	19
ja	活躍	noun	1	3	7	19
ja	行事	noun	1	3	7	19
ja	まちがっ	verb	1	3	7	19
ja	プレイヤー	noun	1	3	7	19
ja	止まっ	verb	1	3	7	19
ja	冒し	verb	1	3	6	19
ja	ほっ	verb	1	3	6	19
ja	組み合わせ	noun	1	3	6	19
ja	大騒ぎ	noun	1	3	5	19
ja	何者	noun	1	3	5	19
ja	妥当	noun	1	3	5	19
ja	印	noun	1	3	5	19
ja	揺れる	verb	1	3	5	19
ja	イブ	noun	1	3	4	19
ja	征服	noun	1	3	4	19
ja	楽しめる	verb	1	3	4	19
ja	見通し	noun	1	3	4	19
ja	ウィリアム	noun	1	3	4	19
ja	オリビア	noun	1	3	3	19
ja	青空	noun	1	3	3	19
ja	有望	noun	1	3	3	19
ja	雄弁	noun	1	3	3	19
ja	エピソード	noun	1	3	3	19
ja	輝か	verb	1	3	3	19
ja	関わる	verb	1	3	3	19
ja	制御	noun	1	3	3	19
ja	辞儀	noun	1	3	3	19
ja	別れる	verb	1	3	3	19
ja	配慮	noun	1	3	2	19
ja	カバン	noun	1	3	2	19
ja	エマ	noun	1	3	2	19
ja	自制	noun	1	3	2	19
ja	ゆえ	noun	1	3	2	19
ja	スピーカー	noun	1	3	2	19
ja	グレイ	noun	1	3	2	19
ja	スムージー	noun	1	3	2	19
ja	頼み	noun	1	3	2	19
ja	マンション	noun	1	3	2	19
ja	とどまる	verb	1	3	2	19
ja	半ば	noun	1	3	2	19
ja	暖炉	noun	1	3	2	19
ja	横切る	verb	1	3	2	19
ja	栄光	noun	1	3	1	19
ja	逆らっ	verb	1	3	1	19
ja	標識	noun	1	3	1	19
ja	かかわら	verb	1	3	1	19
ja	狩り	noun	1	3	1	19
ja	ルート	noun	1	3	1	19
ja	きっかり	adverb	1	3	1	19
ja	近ごろ	noun	1	3	1	19
ja	パート	noun	1	3	1	19
ja	開けよう	verb	1	3	1	19
ja	包帯	noun	1	3	1	19
ja	鶴	noun	1	3	1	19
ja	水着	noun	1	3	1	19
ja	絹	noun	1	3	1	19
ja	コック	noun	1	3	1	19
ja	すり	noun	1	3	1	19
ja	最上	noun	1	3	1	19
ja	狼	noun	1	3	1	19
ja	嫁	noun	1	3	1	19
ja	体操	noun	1	3	1	19
ja	エリザベス	noun	1	3	1	19
ja	いえ	compounds	1	3	1	19
ja	熱く	adjective	1	3	1	19
ja	在庫	noun	1	3	1	19
ja	認めよう	verb	1	3	1	19
ja	まっすぐ	compounds	1	3	1	19
ja	いじめ	noun	1	3	1	19
ja	経費	noun	1	3	0	19
ja	たやすく	adjective	1	3	0	19
ja	ポット	noun	1	3	0	19
ja	話しかける	verb	1	3	0	19
ja	ひとりでに	adverb	1	3	0	19
ja	寝そべっ	verb	1	3	0	19
ja	人ごみ	noun	1	3	0	19
ja	やり遂げ	verb	1	3	0	19
ja	要望	noun	1	3	0	19
ja	稲妻	noun	1	3	0	19
ja	釘	noun	1	3	0	19
ja	恐く	adjective	1	3	0	19
ja	農園	noun	1	3	0	19
ja	おおいに	adverb	1	3	0	19
ja	カレンダー	noun	1	3	0	19
ja	ささい	noun	1	3	0	19
ja	死体	noun	1	3	0	19
ja	ニワトリ	noun	1	3	0	19
ja	うさぎ	noun	1	3	0	19
ja	資産	noun	1	3	0	19
ja	ねずみ	noun	1	3	0	19
ja	来客	noun	1	3	0	19
ja	有り金	noun	1	3	0	19
ja	錠	noun	1	3	0	19
ja	言い表せ	verb	1	3	0	19
ja	付け	noun	1	3	0	19
ja	フィンランド	noun	1	3	0	19
ja	ピーナッツ	noun	1	3	0	19
ja	嬢	noun	1	3	0	19
ja	革	noun	1	3	0	19
ja	メリー	noun	1	3	0	19
ja	ファースト	noun	1	3	0	19
ja	商店	noun	1	3	0	19
ja	憎しみ	noun	1	3	0	19
ja	シングル	noun	1	3	0	19
ja	決し	verb	1	3	0	19
ja	ホラー	noun	1	3	0	19
ja	嬉しく	adjective	1	3	0	19
ja	皮膚	noun	1	3	0	19
ja	めがね	noun	1	3	0	19
ja	デジタル	noun	1	3	0	19
ja	項目	noun	1	3	0	19
ja	かき混ぜ	verb	1	3	0	19
ja	過ぎ去っ	verb	1	3	0	19
ja	女房	noun	1	3	0	19
ja	見分け	verb	1	3	0	19
ja	岸	noun	1	3	0	19
ja	競馬	noun	1	3	0	19
ja	破片	noun	1	3	0	19
ja	冷戦	noun	1	3	0	19
ja	落ち着く	verb	1	3	0	19
ja	サーカス	noun	1	3	0	19
ja	別荘	noun	1	3	0	19
ja	スプーン	noun	1	3	0	19
ja	予備	noun	1	3	0	19
ja	くしゃみ	noun	1	3	0	19
ja	クリーニング	noun	1	3	0	19
ja	新作	noun	1	3	0	19
ja	最寄り	noun	1	3	0	19
ja	衝動	noun	1	3	0	19
ja	フィルム	noun	1	3	0	19
ja	差し出し	verb	1	3	0	19
ja	ただちに	adverb	1	3	0	19
ja	アレックス	noun	1	3	0	19
ja	ライブ	noun	1	3	0	19
ja	児童	noun	1	3	0	19
ja	思いつか	verb	1	3	0	19
ja	予告	noun	1	3	0	19
ja	衛生	noun	1	3	0	19
ja	たいそう	adverb	1	3	0	19
ja	パンフレット	noun	1	3	0	19
ja	おもしろかっ	adjective	1	3	18	18
ja	参っ	verb	1	3	17	18
ja	預かっ	verb	1	3	17	18
ja	おもっ	verb	1	3	16	18
ja	驚き	verb	1	3	16	18
ja	配っ	verb	1	3	15	18
ja	就い	verb	1	3	15	18
ja	支払っ	verb	1	3	15	18
ja	通ら	verb	1	3	15	18
ja	気付い	verb	1	3	15	18
ja	被っ	verb	1	3	15	18
ja	走ら	verb	1	3	14	18
ja	微笑ん	verb	1	3	14	18
ja	すばらしかっ	adjective	1	3	13	18
ja	疑わ	verb	1	3	13	18
ja	構い	verb	1	3	13	18
ja	産ん	verb	1	3	13	18
ja	載せ	verb	1	3	13	18
ja	名付け	verb	1	3	13	18
ja	飛ばし	verb	1	3	12	18
ja	売れる	verb	1	3	12	18
ja	染め	verb	1	3	12	18
ja	戻し	verb	1	3	12	18
ja	飛べ	verb	1	3	12	18
ja	待たさ	verb	1	3	12	18
ja	鳴らし	verb	1	3	12	18
ja	浅い	adjective	1	3	12	18
ja	まあまあ	compounds	1	3	12	18
ja	イライラ	noun	1	3	12	18
ja	撃っ	verb	1	3	12	18
ja	暮れ	verb	1	3	11	18
ja	ラッキー	noun	1	3	11	18
ja	仲良し	noun	1	3	11	18
ja	で	verb	1	3	11	18
ja	びっくり	noun	1	3	11	18
ja	頑張る	verb	1	3	11	18
ja	崇拝	noun	1	3	10	18
ja	公開	noun	1	3	10	18
ja	痛め	verb	1	3	10	18
ja	着か	verb	1	3	10	18
ja	戦死	noun	1	3	10	18
ja	問わ	verb	1	3	10	18
ja	食っ	verb	1	3	10	18
ja	動揺	noun	1	3	10	18
ja	通報	noun	1	3	10	18
ja	暗記	noun	1	3	10	18
ja	推定	noun	1	3	10	18
ja	閉まる	verb	1	3	10	18
ja	扱っ	verb	1	3	9	18
ja	揺れ	verb	1	3	9	18
ja	まわっ	verb	1	3	9	18
ja	油断	noun	1	3	8	18
ja	土砂降り	noun	1	3	8	18
ja	学べ	verb	1	3	8	18
ja	捜し	verb	1	3	7	18
ja	推薦	noun	1	3	7	18
ja	轢か	verb	1	3	7	18
ja	いたい	adjective	1	3	7	18
ja	限ら	verb	1	3	7	18
ja	武装	noun	1	3	7	18
ja	鑑賞	noun	1	3	6	18
ja	弾ける	verb	1	3	6	18
ja	減量	noun	1	3	6	18
ja	勃発	noun	1	3	6	18
ja	あきらめる	verb	1	3	6	18
ja	荒れ	verb	1	3	6	18
ja	度胸	noun	1	3	6	18
ja	野郎	noun	1	3	6	18
ja	吸わ	verb	1	3	6	18
ja	いつ頃	noun	1	3	6	18
ja	からかわ	verb	1	3	6	18
ja	混雑	noun	1	3	6	18
ja	害する	verb	1	3	6	18
ja	嬉し	adjective	1	3	5	18
ja	散髪	noun	1	3	5	18
ja	ゴロゴロ	adverb	1	3	5	18
ja	たいへん	compounds	1	3	5	18
ja	噛む	verb	1	3	5	18
ja	ピーマン	noun	1	3	5	18
ja	スウィフト	noun	1	3	4	18
ja	フリー	noun	1	3	4	18
ja	主導	noun	1	3	4	18
ja	不運	noun	1	3	4	18
ja	仕事場	noun	1	3	4	18
ja	負え	verb	1	3	4	18
ja	都	noun	1	3	4	18
ja	返答	noun	1	3	4	18
ja	白黒	noun	1	3	4	18
ja	コントロール	noun	1	3	4	18
ja	しるし	noun	1	3	4	18
ja	捕まえる	verb	1	3	4	18
ja	かなう	verb	1	3	4	18
ja	すっぱい	adjective	1	3	3	18
ja	こよう	verb	1	3	3	18
ja	信者	noun	1	3	3	18
ja	つまん	verb	1	3	3	18
ja	伝染	noun	1	3	3	18
ja	専用	noun	1	3	3	18
ja	ハンナ	noun	1	3	2	18
ja	貧しかっ	adjective	1	3	2	18
ja	特性	noun	1	3	2	18
ja	優雅	noun	1	3	2	18
ja	手探り	noun	1	3	2	18
ja	ずぶぬれ	noun	1	3	2	18
ja	サーモン	noun	1	3	2	18
ja	ゴリラ	noun	1	3	2	18
ja	落ち葉	noun	1	3	2	18
ja	偽り	noun	1	3	1	18
ja	かぎ	noun	1	3	1	18
ja	ハム	noun	1	3	1	18
ja	ファンタジー	noun	1	3	1	18
ja	怪物	noun	1	3	1	18
ja	かげん	noun	1	3	1	18
ja	ロス	noun	1	3	1	18
ja	磁石	noun	1	3	1	18
ja	装飾	noun	1	3	1	18
ja	使命	noun	1	3	1	18
ja	狐	noun	1	3	1	18
ja	スウェーデン	noun	1	3	1	18
ja	おととい	noun	1	3	1	18
ja	日の出	noun	1	3	1	18
ja	マーケット	noun	1	3	1	18
ja	毛皮	noun	1	3	1	18
ja	宗派	noun	1	3	1	18
ja	ジャスミン	noun	1	3	1	18
ja	遠方	noun	1	3	0	18
ja	濃霧	noun	1	3	0	18
ja	アカウント	noun	1	3	0	18
ja	仰向け	noun	1	3	0	18
ja	綿	noun	1	3	0	18
ja	とっく	noun	1	3	0	18
ja	早朝	noun	1	3	0	18
ja	ダム	noun	1	3	0	18
ja	ゴールデン	noun	1	3	0	18
ja	一人息子	noun	1	3	0	18
ja	闘争	noun	1	3	0	18
ja	金利	noun	1	3	0	18
ja	口笛	noun	1	3	0	18
ja	はるか	adverb	1	3	0	18
ja	キャシー	noun	1	3	0	18
ja	そのうえ	compounds	1	3	0	18
ja	ものすごく	adjective	1	3	0	18
ja	芽	noun	1	3	0	18
ja	投げつけ	verb	1	3	0	18
ja	バッテリー	noun	1	3	0	18
ja	一夜	noun	1	3	0	18
ja	まこと	noun	1	3	0	18
ja	前途	noun	1	3	0	18
ja	改めて	adverb	1	3	0	18
ja	マラソン	noun	1	3	0	18
ja	申し込ん	verb	1	3	0	18
ja	書店	noun	1	3	0	18
ja	葬儀	noun	1	3	0	18
ja	故国	noun	1	3	0	18
ja	ロング	noun	1	3	0	18
ja	事例	noun	1	3	0	18
ja	恵子	noun	1	3	0	18
ja	ダブル	noun	1	3	0	18
ja	道理	noun	1	3	0	18
ja	ロサンゼルス	noun	1	3	0	18
ja	丸太	noun	1	3	0	18
ja	新入	noun	1	3	0	18
ja	そいつ	compounds	1	3	0	18
ja	ペーパー	noun	1	3	0	18
ja	前日	noun	1	3	0	18
ja	辛く	adjective	1	3	0	18
ja	出会い	verb	1	3	0	18
ja	上役	noun	1	3	0	18
ja	古く	adjective	1	3	0	18
ja	大型	noun	1	3	0	18
ja	乗務	noun	1	3	0	18
ja	自力	noun	1	3	0	18
ja	上空	noun	1	3	0	18
ja	貧しく	adjective	1	3	0	18
ja	イスラエル	noun	1	3	0	18
ja	本格	noun	1	3	0	18
ja	いびき	noun	1	3	0	18
ja	業界	noun	1	3	0	18
ja	カ国	noun	1	3	0	18
ja	語彙	noun	1	3	0	18
ja	せっせと	adverb	1	3	0	18
ja	寮	noun	1	3	0	18
ja	安否	noun	1	3	0	18
ja	必需	noun	1	3	0	18
ja	めんど	noun	1	3	0	18
ja	ビーフ	noun	1	3	0	18
ja	警報	noun	1	3	0	18
ja	前回	noun	1	3	0	18
ja	解っ	verb	1	3	16	17
ja	禁じ	verb	1	3	16	17
ja	悟っ	verb	1	3	15	17
ja	下ろし	verb	1	3	14	17
ja	課し	verb	1	3	14	17
ja	合い	verb	1	3	14	17
ja	上っ	verb	1	3	13	17
ja	転倒	noun	1	3	13	17
ja	歌え	verb	1	3	13	17
ja	よこし	verb	1	3	13	17
ja	あたっ	verb	1	3	13	17
ja	貸さ	verb	1	3	13	17
ja	減り	verb	1	3	13	17
ja	続か	verb	1	3	13	17
ja	漂っ	verb	1	3	13	17
ja	固め	verb	1	3	13	17
ja	捕まっ	verb	1	3	12	17
ja	食う	verb	1	3	12	17
ja	治し	verb	1	3	12	17
ja	しっ	verb	1	3	12	17
ja	延ばし	verb	1	3	12	17
ja	増やし	verb	1	3	12	17
ja	たた	verb	1	3	12	17
ja	埋め	verb	1	3	12	17
ja	冷め	verb	1	3	11	17
ja	停車	noun	1	3	11	17
ja	帰ろう	verb	1	3	11	17
ja	謝っ	verb	1	3	11	17
ja	年頃	noun	1	3	11	17
ja	口出し	noun	1	3	11	17
ja	さわっ	verb	1	3	11	17
ja	有る	verb	1	3	11	17
ja	驚き	noun	1	3	11	17
ja	がまん	noun	1	3	10	17
ja	堪能	noun	1	3	10	17
ja	及ば	verb	1	3	10	17
ja	望ん	verb	1	3	10	17
ja	張る	verb	1	3	10	17
ja	のせ	verb	1	3	9	17
ja	無駄遣い	noun	1	3	9	17
ja	気絶	noun	1	3	9	17
ja	あたる	verb	1	3	9	17
ja	欠い	verb	1	3	9	17
ja	越し	verb	1	3	9	17
ja	恐い	adjective	1	3	9	17
ja	刈っ	verb	1	3	9	17
ja	欲し	adjective	1	3	9	17
ja	食わ	verb	1	3	9	17
ja	従え	verb	1	3	9	17
ja	腐る	verb	1	3	8	17
ja	演じ	verb	1	3	8	17
ja	勤め	verb	1	3	8	17
ja	分かん	verb	1	3	8	17
ja	まっ	verb	1	3	8	17
ja	フォロー	noun	1	3	7	17
ja	ダンサー	noun	1	3	7	17
ja	酸っぱい	adjective	1	3	7	17
ja	こわれ	verb	1	3	7	17
ja	苦しむ	verb	1	3	7	17
ja	達する	verb	1	3	7	17
ja	役目	noun	1	3	7	17
ja	飼育	noun	1	3	7	17
ja	解明	noun	1	3	7	17
ja	渡り	verb	1	3	7	17
ja	合格	noun	1	3	7	17
ja	みなす	verb	1	3	7	17
ja	払い	noun	1	3	6	17
ja	逃亡	noun	1	3	6	17
ja	始末	noun	1	3	6	17
ja	諦める	verb	1	3	6	17
ja	アーティスト	noun	1	3	6	17
ja	育ち	noun	1	3	6	17
ja	負う	verb	1	3	6	17
ja	去り	verb	1	3	6	17
ja	招き	verb	1	3	6	17
ja	背負っ	verb	1	3	6	17
ja	補給	noun	1	3	5	17
ja	服従	noun	1	3	5	17
ja	転職	noun	1	3	5	17
ja	金髪	noun	1	3	5	17
ja	応援	noun	1	3	5	17
ja	騒がしい	adjective	1	3	5	17
ja	プレー	noun	1	3	5	17
ja	尋ねる	verb	1	3	5	17
ja	解雇	noun	1	3	5	17
ja	厳守	noun	1	3	5	17
ja	オーナー	noun	1	3	4	17
ja	完成	noun	1	3	4	17
ja	専攻	noun	1	3	4	17
ja	叫び	verb	1	3	4	17
ja	おしゃれ	noun	1	3	4	17
ja	想定	noun	1	3	4	17
ja	出発	noun	1	3	3	17
ja	打ち	noun	1	3	3	17
ja	抜く	verb	1	3	3	17
ja	幸い	adverb	1	3	3	17
ja	ミュージシャン	noun	1	3	3	17
ja	インタビュー	noun	1	3	3	17
ja	止めよう	verb	1	3	3	17
ja	騒ぎ	noun	1	3	3	17
ja	観戦	noun	1	3	3	17
ja	ジャンル	noun	1	3	3	17
ja	神聖	noun	1	3	3	17
ja	ギャンブル	noun	1	3	2	17
ja	防御	noun	1	3	2	17
ja	ハロウィン	noun	1	3	2	17
ja	上下	noun	1	3	2	17
ja	仕組み	noun	1	3	2	17
ja	後半	noun	1	3	2	17
ja	おにぎり	noun	1	3	2	17
ja	色彩	noun	1	3	2	17
ja	ほんとう	noun	1	3	2	17
ja	娯楽	noun	1	3	2	17
ja	葡萄	noun	1	3	2	17
ja	領域	noun	1	3	1	17
ja	歌詞	noun	1	3	1	17
ja	スパイス	noun	1	3	1	17
ja	メロン	noun	1	3	1	17
ja	走者	noun	1	3	1	17
ja	知性	noun	1	3	1	17
ja	返し	noun	1	3	1	17
ja	学年	noun	1	3	1	17
ja	変えよう	verb	1	3	1	17
ja	ウェブサイト	noun	1	3	1	17
ja	リー	noun	1	3	1	17
ja	ジャン	noun	1	3	1	17
ja	スト	noun	1	3	1	17
ja	リアル	noun	1	3	1	17
ja	ハンドル	noun	1	3	1	17
ja	理屈	noun	1	3	1	17
ja	本性	noun	1	3	1	17
ja	剣	noun	1	3	1	17
ja	王女	noun	1	3	1	17
ja	坂	noun	1	3	1	17
ja	めちゃくちゃ	adverb	1	3	1	17
ja	果実	noun	1	3	1	17
ja	そばかす	noun	1	3	1	17
ja	アンジェラ	noun	1	3	1	17
ja	梨	noun	1	3	1	17
ja	フライト	noun	1	3	1	17
ja	ピラミッド	noun	1	3	0	17
ja	袖	noun	1	3	0	17
ja	ライバル	noun	1	3	0	17
ja	平静	noun	1	3	0	17
ja	非	noun	1	3	0	17
ja	付け加え	verb	1	3	0	17
ja	厚く	adjective	1	3	0	17
ja	中間	noun	1	3	0	17
ja	垣根	noun	1	3	0	17
ja	ありのまま	noun	1	3	0	17
ja	ライター	noun	1	3	0	17
ja	ヘア	noun	1	3	0	17
ja	ホームシック	noun	1	3	0	17
ja	アクセント	noun	1	3	0	17
ja	持ち上げる	verb	1	3	0	17
ja	芯	noun	1	3	0	17
ja	短編	noun	1	3	0	17
ja	ロブスター	noun	1	3	0	17
ja	ハンマー	noun	1	3	0	17
ja	吹雪	noun	1	3	0	17
ja	間食	noun	1	3	0	17
ja	海賊	noun	1	3	0	17
ja	バット	noun	1	3	0	17
ja	ＵＦＯ	noun	1	3	0	17
ja	言い分	noun	1	3	0	17
ja	上流	noun	1	3	0	17
ja	球場	noun	1	3	0	17
ja	アルプス	noun	1	3	0	17
ja	疎通	noun	1	3	0	17
ja	話し合い	verb	1	3	0	17
ja	すぐさま	adverb	1	3	0	17
ja	弾丸	noun	1	3	0	17
ja	オーストリア	noun	1	3	0	17
ja	賃上げ	noun	1	3	0	17
ja	小学	noun	1	3	0	17
ja	たどり着い	verb	1	3	0	17
ja	アリバイ	noun	1	3	0	17
ja	見かける	verb	1	3	0	17
ja	餃子	noun	1	3	0	17
ja	経歴	noun	1	3	0	17
ja	ラム	noun	1	3	0	17
ja	てっぺん	noun	1	3	0	17
ja	ベランダ	noun	1	3	0	17
ja	丁度	adverb	1	3	0	17
ja	よき	adjective	1	3	0	17
ja	昭和	noun	1	3	0	17
ja	学位	noun	1	3	0	17
ja	車庫	noun	1	3	0	17
ja	どっと	adverb	1	3	0	17
ja	快く	adjective	1	3	0	17
ja	ポップコーン	noun	1	3	0	17
ja	ジン	noun	1	3	0	17
ja	小遣い	noun	1	3	0	17
ja	衣類	noun	1	3	0	17
ja	来世	noun	1	3	0	17
ja	傷口	noun	1	3	0	17
ja	薄く	adjective	1	3	0	17
ja	カエル	noun	1	3	0	17
ja	手足	noun	1	3	0	17
ja	上座	noun	1	3	0	17
ja	出掛け	verb	1	3	0	17
ja	酔っぱらっ	verb	1	3	0	17
ja	美貌	noun	1	3	0	17
ja	理事	noun	1	3	0	17
ja	目下	noun	1	3	0	17
ja	江戸	noun	1	3	0	17
ja	あご	noun	1	3	0	17
ja	ともかく	adverb	1	3	0	17
ja	歌舞伎	noun	1	3	0	17
ja	愛着	noun	1	3	0	17
ja	南部	noun	1	3	0	17
ja	乞食	noun	1	3	0	17
ja	鳴き声	noun	1	3	0	17
ja	潮	noun	1	3	0	17
ja	提起	noun	1	3	16	16
ja	断言	noun	1	3	16	16
ja	始まり	verb	1	3	14	16
ja	通り	verb	1	3	14	16
ja	成っ	verb	1	3	14	16
ja	頼み	verb	1	3	14	16
ja	とがめ	verb	1	3	14	16
ja	勘違い	noun	1	3	14	16
ja	きつ	adjective	1	3	13	16
ja	励まし	verb	1	3	13	16
ja	奪っ	verb	1	3	13	16
ja	つくら	verb	1	3	13	16
ja	断ら	verb	1	3	13	16
ja	楽勝	noun	1	3	13	16
ja	学ば	verb	1	3	13	16
ja	気づき	verb	1	3	12	16
ja	磨い	verb	1	3	12	16
ja	おろし	verb	1	3	12	16
ja	受かっ	verb	1	3	12	16
ja	混同	noun	1	3	12	16
ja	干し	verb	1	3	12	16
ja	しびれ	verb	1	3	12	16
ja	魅了	noun	1	3	12	16
ja	しめ	verb	1	3	12	16
ja	招か	verb	1	3	12	16
ja	冷やし	verb	1	3	12	16
ja	断り	verb	1	3	12	16
ja	主張	noun	1	3	12	16
ja	はやっ	verb	1	3	12	16
ja	横たわっ	verb	1	3	12	16
ja	たまっ	verb	1	3	12	16
ja	光っ	verb	1	3	11	16
ja	追放	noun	1	3	11	16
ja	拝見	noun	1	3	11	16
ja	壊す	verb	1	3	11	16
ja	鳴り	verb	1	3	11	16
ja	熱中	noun	1	3	11	16
ja	曲がり	verb	1	3	11	16
ja	拭い	verb	1	3	11	16
ja	消さ	verb	1	3	11	16
ja	贈っ	verb	1	3	11	16
ja	漏らし	verb	1	3	10	16
ja	大喜び	noun	1	3	10	16
ja	動かさ	verb	1	3	10	16
ja	紅葉	noun	1	3	10	16
ja	眠ら	verb	1	3	10	16
ja	薦め	verb	1	3	10	16
ja	ビックリ	noun	1	3	10	16
ja	近づけ	verb	1	3	10	16
ja	よし	verb	1	3	10	16
ja	継ぐ	verb	1	3	10	16
ja	売り	verb	1	3	9	16
ja	釣っ	verb	1	3	9	16
ja	運ん	verb	1	3	9	16
ja	ハグ	noun	1	3	9	16
ja	叫ん	verb	1	3	9	16
ja	数え	verb	1	3	9	16
ja	反論	noun	1	3	9	16
ja	とどまっ	verb	1	3	8	16
ja	養っ	verb	1	3	8	16
ja	チェックアウト	noun	1	3	8	16
ja	温め	verb	1	3	8	16
ja	なさっ	verb	1	3	8	16
ja	目立つ	verb	1	3	8	16
ja	打撃	noun	1	3	8	16
ja	欠ける	verb	1	3	8	16
ja	刺さ	verb	1	3	7	16
ja	しゃべら	verb	1	3	7	16
ja	吹い	verb	1	3	7	16
ja	関わっ	verb	1	3	7	16
ja	発っ	verb	1	3	7	16
ja	詫び	noun	1	3	7	16
ja	広がる	verb	1	3	7	16
ja	育っ	verb	1	3	7	16
ja	脱走	noun	1	3	6	16
ja	迎える	verb	1	3	6	16
ja	直行	noun	1	3	6	16
ja	浴びる	verb	1	3	6	16
ja	退学	noun	1	3	6	16
ja	ふわふわ	adverb	1	3	6	16
ja	無限	noun	1	3	6	16
ja	割ら	verb	1	3	6	16
ja	ブレッド	noun	1	3	6	16
ja	スキル	noun	1	3	5	16
ja	下す	verb	1	3	5	16
ja	流れ星	noun	1	3	5	16
ja	タイミング	noun	1	3	5	16
ja	ファックス	noun	1	3	5	16
ja	ユーロ	noun	1	3	4	16
ja	単調	noun	1	3	4	16
ja	たやすい	adjective	1	3	4	16
ja	一人ぼっち	noun	1	3	4	16
ja	解消	noun	1	3	4	16
ja	重荷	noun	1	3	4	16
ja	歩ける	verb	1	3	4	16
ja	本名	noun	1	3	4	16
ja	飼う	verb	1	3	4	16
ja	紫	noun	1	3	4	16
ja	酔っ払い	noun	1	3	3	16
ja	論議	noun	1	3	3	16
ja	出来	noun	1	3	3	16
ja	気体	noun	1	3	3	16
ja	トリック	noun	1	3	3	16
ja	鬼ごっこ	noun	1	3	3	16
ja	ラクダ	noun	1	3	2	16
ja	歯磨き	noun	1	3	2	16
ja	チャンピオン	noun	1	3	2	16
ja	アイルランド	noun	1	3	2	16
ja	口調	noun	1	3	2	16
ja	狂気	noun	1	3	2	16
ja	肯定	noun	1	3	2	16
ja	マイケル	noun	1	3	2	16
ja	熟練	noun	1	3	2	16
ja	卑劣	noun	1	3	2	16
ja	あら捜し	noun	1	3	2	16
ja	内閣	noun	1	3	2	16
ja	放題	noun	1	3	2	16
ja	ポーズ	noun	1	3	2	16
ja	ラテ	noun	1	3	1	16
ja	アインシュタイン	noun	1	3	1	16
ja	オール	noun	1	3	1	16
ja	月給	noun	1	3	1	16
ja	スコット	noun	1	3	1	16
ja	両腕	noun	1	3	1	16
ja	プログラミング	noun	1	3	1	16
ja	比べれ	verb	1	3	1	16
ja	しまえ	verb	1	3	1	16
ja	過失	noun	1	3	1	16
ja	ライス	noun	1	3	1	16
ja	香水	noun	1	3	1	16
ja	銃声	noun	1	3	1	16
ja	致命	noun	1	3	1	16
ja	つり	noun	1	3	1	16
ja	主題	noun	1	3	1	16
ja	レタス	noun	1	3	1	16
ja	アラン	noun	1	3	1	16
ja	メダル	noun	1	3	1	16
ja	怠慢	noun	1	3	1	16
ja	弟子	noun	1	3	1	16
ja	開会	noun	1	3	1	16
ja	芝	noun	1	3	1	16
ja	おば	noun	1	3	1	16
ja	水素	noun	1	3	0	16
ja	タワー	noun	1	3	0	16
ja	言い争っ	verb	1	3	0	16
ja	苦情	noun	1	3	0	16
ja	ベーコン	noun	1	3	0	16
ja	ほお	noun	1	3	0	16
ja	アメリカン	noun	1	3	0	16
ja	南極	noun	1	3	0	16
ja	寒気	noun	1	3	0	16
ja	ガレージ	noun	1	3	0	16
ja	会談	noun	1	3	0	16
ja	乳	noun	1	3	0	16
ja	聞き取れ	verb	1	3	0	16
ja	グリル	noun	1	3	0	16
ja	けさ	noun	1	3	0	16
ja	一見	adverb	1	3	0	16
ja	独力	noun	1	3	0	16
ja	ひも	noun	1	3	0	16
ja	ロースト	noun	1	3	0	16
ja	伯父	noun	1	3	0	16
ja	講座	noun	1	3	0	16
ja	最小	noun	1	3	0	16
ja	罪悪	noun	1	3	0	16
ja	岩石	noun	1	3	0	16
ja	難局	noun	1	3	0	16
ja	老婆	noun	1	3	0	16
ja	正面	noun	1	3	0	16
ja	生み出す	verb	1	3	0	16
ja	得よう	verb	1	3	0	16
ja	現行	noun	1	3	0	16
ja	湿気	noun	1	3	0	16
ja	陰謀	noun	1	3	0	16
ja	年中	noun	1	3	0	16
ja	飛び越え	verb	1	3	0	16
ja	代替	noun	1	3	0	16
ja	けっして	adverb	1	3	0	16
ja	梯子	noun	1	3	0	16
ja	才	noun	1	3	0	16
ja	家計	noun	1	3	0	16
ja	明るみ	noun	1	3	0	16
ja	居住	noun	1	3	0	16
ja	ワールド	noun	1	3	0	16
ja	速力	noun	1	3	0	16
ja	老後	noun	1	3	0	16
ja	諺	noun	1	3	0	16
ja	見下し	verb	1	3	0	16
ja	丸く	adjective	1	3	0	16
ja	サーバー	noun	1	3	0	16
ja	じゅうたん	noun	1	3	0	16
ja	考え直し	verb	1	3	0	16
ja	カ	noun	1	3	0	16
ja	なけなし	noun	1	3	0	16
ja	当てはまら	verb	1	3	0	16
ja	いずれ	adverb	1	3	0	16
ja	本社	noun	1	3	0	16
ja	スイカ	noun	1	3	0	16
ja	抜け出し	verb	1	3	0	16
ja	ぐるぐる	adverb	1	3	0	16
ja	機内	noun	1	3	0	16
ja	フォード	noun	1	3	0	16
ja	兵	noun	1	3	0	16
ja	寝入っ	verb	1	3	0	16
ja	勘弁	noun	1	3	15	15
ja	さえずっ	verb	1	3	14	15
ja	歩け	verb	1	3	14	15
ja	及び	verb	1	3	13	15
ja	分解	noun	1	3	13	15
ja	促し	verb	1	3	13	15
ja	宣告	noun	1	3	13	15
ja	高まり	verb	1	3	13	15
ja	遊べ	verb	1	3	13	15
ja	衰え	verb	1	3	12	15
ja	告訴	noun	1	3	12	15
ja	争っ	verb	1	3	12	15
ja	治ら	verb	1	3	12	15
ja	逃れ	verb	1	3	11	15
ja	もうけ	verb	1	3	11	15
ja	通用	noun	1	3	11	15
ja	無くなっ	verb	1	3	11	15
ja	ハマっ	verb	1	3	11	15
ja	注い	verb	1	3	11	15
ja	助かっ	verb	1	3	11	15
ja	曲げ	verb	1	3	11	15
ja	積もっ	verb	1	3	11	15
ja	汚し	verb	1	3	10	15
ja	祝福	noun	1	3	10	15
ja	さめ	verb	1	3	10	15
ja	漏れ	verb	1	3	10	15
ja	飲もう	verb	1	3	10	15
ja	強かっ	adjective	1	3	10	15
ja	しゃべれ	verb	1	3	10	15
ja	満たさ	verb	1	3	10	15
ja	回ら	verb	1	3	10	15
ja	果たさ	verb	1	3	10	15
ja	勝ち	noun	1	3	9	15
ja	すっ	verb	1	3	9	15
ja	没頭	noun	1	3	9	15
ja	明け	verb	1	3	9	15
ja	任せる	verb	1	3	9	15
ja	すわっ	verb	1	3	8	15
ja	がんばり	verb	1	3	8	15
ja	散らかっ	verb	1	3	8	15
ja	通さ	verb	1	3	8	15
ja	直さ	verb	1	3	8	15
ja	楽しみ	verb	1	3	8	15
ja	温和	noun	1	3	8	15
ja	手放し	verb	1	3	8	15
ja	裏切っ	verb	1	3	8	15
ja	幸い	noun	1	3	8	15
ja	凝っ	verb	1	3	8	15
ja	あら探し	noun	1	3	8	15
ja	解け	verb	1	3	8	15
ja	一休み	noun	1	3	8	15
ja	増す	verb	1	3	7	15
ja	学科	noun	1	3	7	15
ja	殺害	noun	1	3	7	15
ja	似合い	noun	1	3	7	15
ja	深かっ	adjective	1	3	7	15
ja	宣言	noun	1	3	7	15
ja	戦い	verb	1	3	7	15
ja	軽視	noun	1	3	7	15
ja	曇っ	verb	1	3	7	15
ja	演じる	verb	1	3	7	15
ja	姪	noun	1	3	6	15
ja	一服	noun	1	3	6	15
ja	新品	noun	1	3	6	15
ja	つまずい	verb	1	3	6	15
ja	解き	verb	1	3	6	15
ja	閉める	verb	1	3	6	15
ja	占める	verb	1	3	6	15
ja	無茶	noun	1	3	6	15
ja	盛り	noun	1	3	6	15
ja	かわっ	verb	1	3	6	15
ja	打ち	verb	1	3	5	15
ja	ソング	noun	1	3	5	15
ja	降伏	noun	1	3	5	15
ja	ボウル	noun	1	3	5	15
ja	誉める	verb	1	3	5	15
ja	甘	adjective	1	3	5	15
ja	消化	noun	1	3	5	15
ja	ラグ	noun	1	3	4	15
ja	臭い	adjective	1	3	4	15
ja	触っ	verb	1	3	4	15
ja	おこっ	verb	1	3	4	15
ja	聡明	noun	1	3	4	15
ja	願い事	noun	1	3	4	15
ja	繊細	noun	1	3	4	15
ja	家出	noun	1	3	4	15
ja	微笑	noun	1	3	4	15
ja	間違う	verb	1	3	4	15
ja	よ	adjective	1	3	4	15
ja	冒す	verb	1	3	4	15
ja	オプション	noun	1	3	3	15
ja	軍人	noun	1	3	3	15
ja	軽率	noun	1	3	3	15
ja	開拓	noun	1	3	3	15
ja	ち	noun	1	3	2	15
ja	気配	noun	1	3	2	15
ja	直す	verb	1	3	2	15
ja	打者	noun	1	3	2	15
ja	敗北	noun	1	3	2	15
ja	シェフ	noun	1	3	2	15
ja	未満	noun	1	3	2	15
ja	通路	noun	1	3	2	15
ja	ナイト	noun	1	3	2	15
ja	編集	noun	1	3	2	15
ja	一見	noun	1	3	2	15
ja	蜂蜜	noun	1	3	1	15
ja	中立	noun	1	3	1	15
ja	慢性	noun	1	3	1	15
ja	ケチャップ	noun	1	3	1	15
ja	点数	noun	1	3	1	15
ja	はさみ	noun	1	3	1	15
ja	ベトナム	noun	1	3	1	15
ja	味噌	noun	1	3	1	15
ja	ウクライナ	noun	1	3	1	15
ja	バレー	noun	1	3	1	15
ja	成り行き	noun	1	3	1	15
ja	イースター	noun	1	3	1	15
ja	トウモロコシ	noun	1	3	1	15
ja	ミニスカート	noun	1	3	1	15
ja	読み書き	noun	1	3	1	15
ja	諸君	noun	1	3	1	15
ja	缶詰	noun	1	3	1	15
ja	キノコ	noun	1	3	1	15
ja	答	noun	1	3	1	15
ja	プライド	noun	1	3	1	15
ja	宿	noun	1	3	1	15
ja	バージョン	noun	1	3	1	15
ja	バスケ	noun	1	3	1	15
ja	クロワッサン	noun	1	3	1	15
ja	こわ	adjective	1	3	1	15
ja	ウォッカ	noun	1	3	1	15
ja	麺類	noun	1	3	1	15
ja	やすみ	verb	1	3	1	15
ja	ネタ	noun	1	3	1	15
ja	じろじろ	adverb	1	3	1	15
ja	ハーブ	noun	1	3	1	15
ja	混合	noun	1	3	1	15
ja	重役	noun	1	3	1	15
ja	標準	noun	1	3	1	15
ja	無けれ	adjective	1	3	0	15
ja	ありふれ	verb	1	3	0	15
ja	自律	noun	1	3	0	15
ja	売上	noun	1	3	0	15
ja	王国	noun	1	3	0	15
ja	切り抜け	verb	1	3	0	15
ja	パーティ	noun	1	3	0	15
ja	綿密	noun	1	3	0	15
ja	きつく	adjective	1	3	0	15
ja	前方	noun	1	3	0	15
ja	欲	noun	1	3	0	15
ja	快方	noun	1	3	0	15
ja	乱暴	noun	1	3	0	15
ja	ケリー	noun	1	3	0	15
ja	すらすら	adverb	1	3	0	15
ja	船乗り	noun	1	3	0	15
ja	歓声	noun	1	3	0	15
ja	馬車	noun	1	3	0	15
ja	吐き気	noun	1	3	0	15
ja	パキスタン	noun	1	3	0	15
ja	愛国	noun	1	3	0	15
ja	具	noun	1	3	0	15
ja	遊園	noun	1	3	0	15
ja	構想	noun	1	3	0	15
ja	居合わせ	verb	1	3	0	15
ja	馳走	noun	1	3	0	15
ja	渋谷	noun	1	3	0	15
ja	片手	noun	1	3	0	15
ja	屋根裏	noun	1	3	0	15
ja	暗がり	noun	1	3	0	15
ja	マウス	noun	1	3	0	15
ja	兎	noun	1	3	0	15
ja	スティーブ	noun	1	3	0	15
ja	めがけ	verb	1	3	0	15
ja	名簿	noun	1	3	0	15
ja	戦術	noun	1	3	0	15
ja	帆	noun	1	3	0	15
ja	黄金	noun	1	3	0	15
ja	アウト	noun	1	3	0	15
ja	やむなく	adjective	1	3	0	15
ja	真意	noun	1	3	0	15
ja	飲み干し	verb	1	3	0	15
ja	記号	noun	1	3	0	15
ja	頭脳	noun	1	3	0	15
ja	ロイ	noun	1	3	0	15
ja	年度	noun	1	3	0	15
ja	右足	noun	1	3	0	15
ja	屋外	noun	1	3	0	15
ja	ボックス	noun	1	3	0	15
ja	レイラ	noun	1	3	0	15
ja	車輪	noun	1	3	0	15
ja	葉っぱ	noun	1	3	0	15
ja	走り去っ	verb	1	3	0	15
ja	切り倒し	verb	1	3	0	15
ja	ID	compounds	1	3	0	15
ja	割り当て	verb	1	3	0	15
ja	素材	noun	1	3	0	15
ja	ぐずぐず	adverb	1	3	0	15
ja	包丁	noun	1	3	0	15
ja	協会	noun	1	3	0	15
ja	難なく	adverb	1	3	0	15
ja	関税	noun	1	3	0	15
ja	裏庭	noun	1	3	0	15
ja	ガーデニング	noun	1	3	0	15
ja	縫い物	noun	1	3	0	15
ja	交替	noun	1	3	0	15
ja	イヤホン	noun	1	3	0	15
ja	後ほど	noun	1	3	0	15
ja	メルロー	noun	1	3	0	15
ja	値札	noun	1	3	0	15
ja	生まれ育っ	verb	1	3	0	15
ja	苦	noun	1	3	0	15
ja	大目	noun	1	3	0	15
ja	歯科	noun	1	3	0	15
ja	包み	noun	1	3	0	15
ja	北部	noun	1	3	0	15
ja	押し付け	verb	1	3	0	15
ja	ティム	noun	1	3	0	15
ja	機知	noun	1	3	0	15
ja	台湾	noun	1	3	0	15
ja	見送り	verb	1	3	0	15
ja	ためし	noun	1	3	0	15
ja	面前	noun	1	3	0	15
ja	初恋	noun	1	3	0	15
ja	手話	noun	1	3	0	15
ja	ついつい	adverb	1	3	0	15
ja	待合	noun	1	3	0	15
ja	フェイス	noun	1	3	0	15
ja	にあたって	compounds	1	3	0	15
ja	学級	noun	1	3	0	15
ja	似合わ	verb	1	3	0	15
ja	向かい合っ	verb	1	3	0	15
ja	部品	noun	1	3	0	15
ja	増し	verb	1	3	14	14
ja	始まら	verb	1	3	14	14
ja	願っ	verb	1	3	14	14
ja	移し	verb	1	3	14	14
ja	務め	verb	1	3	13	14
ja	払い	verb	1	3	12	14
ja	咲く	verb	1	3	12	14
ja	患っ	verb	1	3	12	14
ja	測っ	verb	1	3	12	14
ja	味わっ	verb	1	3	12	14
ja	はめ	verb	1	3	12	14
ja	手放さ	verb	1	3	12	14
ja	同い年	noun	1	3	12	14
ja	青ざめ	verb	1	3	11	14
ja	平らげ	verb	1	3	11	14
ja	上がら	verb	1	3	11	14
ja	掴ん	verb	1	3	11	14
ja	鳴く	verb	1	3	11	14
ja	閉まり	verb	1	3	11	14
ja	かじっ	verb	1	3	10	14
ja	崩れ	verb	1	3	10	14
ja	とらえ	verb	1	3	10	14
ja	詰まっ	verb	1	3	10	14
ja	乏しい	adjective	1	3	10	14
ja	ふさがっ	verb	1	3	10	14
ja	摂っ	verb	1	3	9	14
ja	うなずい	verb	1	3	9	14
ja	ほのめかし	verb	1	3	9	14
ja	こらえ	verb	1	3	9	14
ja	はずし	verb	1	3	9	14
ja	詫び	verb	1	3	9	14
ja	渡し	verb	1	3	9	14
ja	雇っ	verb	1	3	9	14
ja	さかのぼる	verb	1	3	9	14
ja	迷い	verb	1	3	9	14
ja	ねらっ	verb	1	3	8	14
ja	驚か	verb	1	3	8	14
ja	耐え	verb	1	3	8	14
ja	通れ	verb	1	3	8	14
ja	はずれ	verb	1	3	8	14
ja	足りる	verb	1	3	8	14
ja	憧れ	verb	1	3	8	14
ja	惚れ	noun	1	3	8	14
ja	無口	noun	1	3	8	14
ja	巻い	verb	1	3	8	14
ja	ダウンロード	noun	1	3	8	14
ja	いらっしゃっ	verb	1	3	8	14
ja	狭	adjective	1	3	8	14
ja	軽蔑	noun	1	3	8	14
ja	おかし	verb	1	3	8	14
ja	息切れ	noun	1	3	8	14
ja	儲け	verb	1	3	7	14
ja	戦う	verb	1	3	7	14
ja	イケメン	noun	1	3	7	14
ja	ばれ	verb	1	3	7	14
ja	散っ	verb	1	3	7	14
ja	飛び	verb	1	3	7	14
ja	行使	noun	1	3	7	14
ja	逃す	verb	1	3	7	14
ja	かがめ	verb	1	3	7	14
ja	飛べる	verb	1	3	6	14
ja	会釈	noun	1	3	6	14
ja	上映	noun	1	3	6	14
ja	不作	noun	1	3	6	14
ja	乗ろう	verb	1	3	6	14
ja	寝よう	verb	1	3	6	14
ja	待ち合わせ	noun	1	3	6	14
ja	建造	noun	1	3	6	14
ja	心地よい	adjective	1	3	6	14
ja	見せびらかし	verb	1	3	6	14
ja	探索	noun	1	3	6	14
ja	和らげる	verb	1	3	6	14
ja	はさん	verb	1	3	6	14
ja	離し	verb	1	3	6	14
ja	脱ぐ	verb	1	3	6	14
ja	そろえ	verb	1	3	6	14
ja	脱獄	noun	1	3	6	14
ja	スポット	noun	1	3	6	14
ja	さがし	verb	1	3	5	14
ja	吹き	verb	1	3	5	14
ja	乗り	noun	1	3	5	14
ja	出勤	noun	1	3	5	14
ja	たたく	verb	1	3	5	14
ja	往生	noun	1	3	5	14
ja	躊躇	noun	1	3	5	14
ja	雨降り	noun	1	3	5	14
ja	点検	noun	1	3	5	14
ja	はいる	verb	1	3	5	14
ja	アイドル	noun	1	3	5	14
ja	かく	verb	1	3	5	14
ja	気づく	verb	1	3	5	14
ja	乱用	noun	1	3	5	14
ja	下宿	noun	1	3	5	14
ja	何色	noun	1	3	5	14
ja	づい	verb	1	3	4	14
ja	整備	noun	1	3	4	14
ja	倹約	noun	1	3	4	14
ja	友好	noun	1	3	4	14
ja	隠し事	noun	1	3	4	14
ja	決まり	noun	1	3	4	14
ja	器具	noun	1	3	4	14
ja	ウェイター	noun	1	3	4	14
ja	摂取	noun	1	3	4	14
ja	暗	adjective	1	3	4	14
ja	エール	noun	1	3	4	14
ja	在宅	noun	1	3	4	14
ja	訴える	verb	1	3	4	14
ja	和解	noun	1	3	4	14
ja	同行	noun	1	3	4	14
ja	恵み	noun	1	3	3	14
ja	バッター	noun	1	3	3	14
ja	登れ	verb	1	3	3	14
ja	喘息	noun	1	3	3	14
ja	志望	noun	1	3	3	14
ja	喜び	verb	1	3	3	14
ja	曲がれ	verb	1	3	3	14
ja	受け	noun	1	3	3	14
ja	エリア	noun	1	3	3	14
ja	カルボナーラ	noun	1	3	3	14
ja	見つけよう	verb	1	3	3	14
ja	悲惨	noun	1	3	3	14
ja	暗殺	noun	1	3	3	14
ja	献血	noun	1	3	2	14
ja	利	noun	1	3	2	14
ja	復讐	noun	1	3	2	14
ja	商	noun	1	3	2	14
ja	ブランド	noun	1	3	2	14
ja	ゲート	noun	1	3	2	14
ja	ラザニア	noun	1	3	2	14
ja	名所	noun	1	3	2	14
ja	苦い	adjective	1	3	2	14
ja	手本	noun	1	3	2	14
ja	見本	noun	1	3	2	14
ja	重傷	noun	1	3	2	14
ja	坊主	noun	1	3	2	14
ja	間抜け	noun	1	3	2	14
ja	小雨	noun	1	3	2	14
ja	善人	noun	1	3	2	14
ja	エッグ	noun	1	3	2	14
ja	アナウンサー	noun	1	3	2	14
ja	循環	noun	1	3	2	14
ja	ミステリー	noun	1	3	2	14
ja	偉い	adjective	1	3	2	14
ja	レコーダー	noun	1	3	1	14
ja	鼠	noun	1	3	1	14
ja	霊	noun	1	3	1	14
ja	救援	noun	1	3	1	14
ja	辞典	noun	1	3	1	14
ja	着	noun	1	3	1	14
ja	問い	noun	1	3	1	14
ja	モール	noun	1	3	1	14
ja	浴室	noun	1	3	1	14
ja	入国	noun	1	3	1	14
ja	ロミオ	noun	1	3	1	14
ja	難	noun	1	3	1	14
ja	ギリギリ	adverb	1	3	1	14
ja	払い戻し	noun	1	3	1	14
ja	めんどう	noun	1	3	1	14
ja	カベルネ	noun	1	3	1	14
ja	学園	noun	1	3	1	14
ja	滝	noun	1	3	1	14
ja	損ね	verb	1	3	1	14
ja	何物	noun	1	3	1	14
ja	キャベツ	noun	1	3	1	14
ja	出費	noun	1	3	1	14
ja	素質	noun	1	3	1	14
ja	ホッと	adverb	1	3	1	14
ja	分厚い	adjective	1	3	1	14
ja	かぎり	noun	1	3	1	14
ja	笑み	noun	1	3	1	14
ja	哀れ	noun	1	3	1	14
ja	鳩	noun	1	3	1	14
ja	恐ろしく	adjective	1	3	1	14
ja	ほしかっ	adjective	1	3	1	14
ja	大木	noun	1	3	1	14
ja	サルサ	noun	1	3	1	14
ja	牧場	noun	1	3	0	14
ja	フライパン	noun	1	3	0	14
ja	新居	noun	1	3	0	14
ja	ロビー	noun	1	3	0	14
ja	ボーナス	noun	1	3	0	14
ja	空席	noun	1	3	0	14
ja	相撲	noun	1	3	0	14
ja	夕立	noun	1	3	0	14
ja	おっ	noun	1	3	0	14
ja	平穏	noun	1	3	0	14
ja	あっさり	adverb	1	3	0	14
ja	やや	adverb	1	3	0	14
ja	恩	noun	1	3	0	14
ja	モニカ	noun	1	3	0	14
ja	出迎え	verb	1	3	0	14
ja	カッと	adverb	1	3	0	14
ja	企て	noun	1	3	0	14
ja	トラベラーズ	noun	1	3	0	14
ja	一足	noun	1	3	0	14
ja	あいだ	noun	1	3	0	14
ja	年収	noun	1	3	0	14
ja	ユダヤ	noun	1	3	0	14
ja	ラベル	noun	1	3	0	14
ja	天皇	noun	1	3	0	14
ja	野	noun	1	3	0	14
ja	キム	noun	1	3	0	14
ja	本題	noun	1	3	0	14
ja	両足	noun	1	3	0	14
ja	豪雨	noun	1	3	0	14
ja	花嫁	noun	1	3	0	14
ja	乗り場	noun	1	3	0	14
ja	節	noun	1	3	0	14
ja	打ち合わせ	noun	1	3	0	14
ja	灯り	noun	1	3	0	14
ja	あー	compounds	1	3	0	14
ja	尿	noun	1	3	0	14
ja	直線	noun	1	3	0	14
ja	追いつけ	verb	1	3	0	14
ja	海水	noun	1	3	0	14
ja	ドリアン	noun	1	3	0	14
ja	日取り	noun	1	3	0	14
ja	稲	noun	1	3	0	14
ja	アスピリン	noun	1	3	0	14
ja	ヒルトン	noun	1	3	0	14
ja	交互	noun	1	3	0	14
ja	正体	noun	1	3	0	14
ja	足首	noun	1	3	0	14
ja	足音	noun	1	3	0	14
ja	５千	noun	1	3	0	14
ja	マスコミ	noun	1	3	0	14
ja	肺	noun	1	3	0	14
ja	マット	noun	1	3	0	14
ja	ぎりぎり	adverb	1	3	0	14
ja	山々	noun	1	3	0	14
ja	ファスナー	noun	1	3	0	14
ja	大根	noun	1	3	0	14
ja	ひじ	noun	1	3	0	14
ja	親父	noun	1	3	0	14
ja	生き残っ	verb	1	3	0	14
ja	木陰	noun	1	3	0	14
ja	ヒーター	noun	1	3	0	14
ja	本音	noun	1	3	0	14
ja	くつ	noun	1	3	0	14
ja	取り扱っ	verb	1	3	0	14
ja	熱意	noun	1	3	0	14
ja	心身	noun	1	3	0	14
ja	パンデミック	noun	1	3	0	14
ja	あちらこちら	compounds	1	3	0	14
ja	毎回	noun	1	3	0	14
ja	将棋	noun	1	3	0	14
ja	ライム	noun	1	3	0	14
ja	氏名	noun	1	3	0	14
ja	レッド	noun	1	3	0	14
ja	要	noun	1	3	0	14
ja	思い付い	verb	1	3	0	14
ja	呼びかけ	verb	1	3	0	14
ja	柿	noun	1	3	0	14
ja	断固	adverb	1	3	0	14
ja	得点	noun	1	3	0	14
ja	山中	noun	1	3	0	14
ja	外務	noun	1	3	0	14
ja	ジャンク	noun	1	3	0	14
ja	人手	noun	1	3	0	14
ja	乗馬	noun	1	3	0	14
ja	腫瘍	noun	1	3	0	14
ja	部屋代	noun	1	3	0	14
ja	インカ	noun	1	3	0	14
ja	陸	noun	1	3	0	14
ja	政党	noun	1	3	0	14
ja	ガム	noun	1	3	0	14
ja	式典	noun	1	3	0	14
ja	問い合わせ	verb	1	3	0	14
ja	動産	noun	1	3	0	14
ja	取り付け	verb	1	3	0	14
ja	無理矢理	adverb	1	3	0	14
ja	闘っ	verb	1	3	13	13
ja	発し	verb	1	3	13	13
ja	経ち	verb	1	3	13	13
ja	効き	verb	1	3	13	13
ja	課せ	verb	1	3	12	13
ja	免除	noun	1	3	12	13
ja	叶い	verb	1	3	12	13
ja	ためらっ	verb	1	3	11	13
ja	かき	verb	1	3	11	13
ja	赤らめ	verb	1	3	11	13
ja	止めろ	verb	1	3	11	13
ja	おごっ	verb	1	3	11	13
ja	推奨	noun	1	3	11	13
ja	欲し	verb	1	3	11	13
ja	あい	verb	1	3	11	13
ja	広がっ	verb	1	3	11	13
ja	下り	verb	1	3	11	13
ja	過ごさ	verb	1	3	10	13
ja	ふい	verb	1	3	10	13
ja	美しかっ	adjective	1	3	10	13
ja	しかっ	verb	1	3	10	13
ja	すごし	verb	1	3	10	13
ja	のっ	verb	1	3	10	13
ja	慰め	verb	1	3	10	13
ja	計っ	verb	1	3	10	13
ja	治っ	verb	1	3	10	13
ja	つかまり	verb	1	3	9	13
ja	罰せ	verb	1	3	9	13
ja	暴露	noun	1	3	9	13
ja	もたれ	verb	1	3	9	13
ja	つくり	verb	1	3	8	13
ja	探さ	verb	1	3	8	13
ja	前兆	noun	1	3	8	13
ja	所属	noun	1	3	8	13
ja	伸ばし	verb	1	3	8	13
ja	長かっ	adjective	1	3	8	13
ja	ねだっ	verb	1	3	8	13
ja	謝り	verb	1	3	8	13
ja	近づき	verb	1	3	8	13
ja	大笑い	noun	1	3	8	13
ja	ふっ	verb	1	3	8	13
ja	たえ	verb	1	3	7	13
ja	尽くさ	verb	1	3	7	13
ja	出れ	verb	1	3	7	13
ja	兆候	noun	1	3	7	13
ja	働き者	noun	1	3	7	13
ja	長居	noun	1	3	7	13
ja	好転	noun	1	3	7	13
ja	減る	verb	1	3	7	13
ja	願う	verb	1	3	7	13
ja	つぶっ	verb	1	3	7	13
ja	住まい	noun	1	3	7	13
ja	投げる	verb	1	3	7	13
ja	回し	verb	1	3	6	13
ja	蒸し暑い	adjective	1	3	6	13
ja	寂し	adjective	1	3	6	13
ja	喋り	verb	1	3	6	13
ja	割れる	verb	1	3	6	13
ja	落書き	noun	1	3	6	13
ja	落とさ	verb	1	3	6	13
ja	付く	verb	1	3	6	13
ja	硬い	adjective	1	3	6	13
ja	あわせ	verb	1	3	6	13
ja	うかつ	noun	1	3	6	13
ja	脅迫	noun	1	3	5	13
ja	合法	noun	1	3	5	13
ja	集め	noun	1	3	5	13
ja	修繕	noun	1	3	5	13
ja	塊	noun	1	3	5	13
ja	シンボル	noun	1	3	5	13
ja	かくれんぼ	noun	1	3	5	13
ja	伝っ	verb	1	3	5	13
ja	読もう	verb	1	3	5	13
ja	鎮圧	noun	1	3	5	13
ja	不便	noun	1	3	5	13
ja	バニラ	noun	1	3	5	13
ja	煮	verb	1	3	5	13
ja	太ら	verb	1	3	5	13
ja	はっ	verb	1	3	5	13
ja	ずぶ濡れ	noun	1	3	5	13
ja	勤め	noun	1	3	5	13
ja	入ろう	verb	1	3	5	13
ja	凄い	adjective	1	3	4	13
ja	探し	noun	1	3	4	13
ja	夕焼け	noun	1	3	4	13
ja	ヤツ	noun	1	3	4	13
ja	沈み	verb	1	3	4	13
ja	甥	noun	1	3	4	13
ja	頼ら	verb	1	3	4	13
ja	通	noun	1	3	3	13
ja	転勤	noun	1	3	3	13
ja	慣れる	verb	1	3	3	13
ja	魔	noun	1	3	3	13
ja	偉	adjective	1	3	3	13
ja	成立	noun	1	3	3	13
ja	真っ青	noun	1	3	3	13
ja	失恋	noun	1	3	3	13
ja	役者	noun	1	3	3	13
ja	イザベラ	noun	1	3	3	13
ja	済む	verb	1	3	3	13
ja	荷造り	noun	1	3	3	13
ja	マックス	noun	1	3	3	13
ja	口実	noun	1	3	3	13
ja	誘う	verb	1	3	3	13
ja	手当	noun	1	3	3	13
ja	盲目	noun	1	3	3	13
ja	予習	noun	1	3	2	13
ja	競走	noun	1	3	2	13
ja	気質	noun	1	3	2	13
ja	グレー	noun	1	3	2	13
ja	ひま	noun	1	3	2	13
ja	晴天	noun	1	3	2	13
ja	気取っ	verb	1	3	2	13
ja	話し手	noun	1	3	2	13
ja	走り	noun	1	3	2	13
ja	重病	noun	1	3	2	13
ja	デバイス	noun	1	3	2	13
ja	手持ち	noun	1	3	1	13
ja	人質	noun	1	3	1	13
ja	麻雀	noun	1	3	1	13
ja	まくっ	verb	1	3	1	13
ja	ボリューム	noun	1	3	1	13
ja	書こう	verb	1	3	1	13
ja	座	noun	1	3	1	13
ja	家屋	noun	1	3	1	13
ja	ヤード	noun	1	3	1	13
ja	あさって	noun	1	3	1	13
ja	実物	noun	1	3	1	13
ja	備え	noun	1	3	1	13
ja	長男	noun	1	3	1	13
ja	雷鳴	noun	1	3	1	13
ja	ミュージカル	noun	1	3	1	13
ja	リズム	noun	1	3	1	13
ja	粘土	noun	1	3	1	13
ja	先頭	noun	1	3	1	13
ja	日没	noun	1	3	1	13
ja	ドリンク	noun	1	3	1	13
ja	折れる	verb	1	3	1	13
ja	ボクサー	noun	1	3	1	13
ja	コショウ	noun	1	3	1	13
ja	クラスメイト	noun	1	3	1	13
ja	シール	noun	1	3	1	13
ja	飲物	noun	1	3	1	13
ja	まんまと	adverb	1	3	1	13
ja	ねえ	noun	1	3	1	13
ja	悪夢	noun	1	3	1	13
ja	ブリッジ	noun	1	3	1	13
ja	やっぱ	adverb	1	3	1	13
ja	好き嫌い	noun	1	3	1	13
ja	しがみつい	verb	1	3	1	13
ja	和	noun	1	3	1	13
ja	値打ち	noun	1	3	1	13
ja	あざ	noun	1	3	1	13
ja	部活	noun	1	3	0	13
ja	加藤	noun	1	3	0	13
ja	織物	noun	1	3	0	13
ja	ぱっと	compounds	1	3	0	13
ja	訴訟	noun	1	3	0	13
ja	にこにこ	adverb	1	3	0	13
ja	フィットネス	noun	1	3	0	13
ja	長崎	noun	1	3	0	13
ja	トマス	noun	1	3	0	13
ja	民衆	noun	1	3	0	13
ja	パック	noun	1	3	0	13
ja	ちょっぴり	adverb	1	3	0	13
ja	敵軍	noun	1	3	0	13
ja	ＧＮＰ	noun	1	3	0	13
ja	大理	noun	1	3	0	13
ja	悪人	noun	1	3	0	13
ja	星占い	noun	1	3	0	13
ja	お巡り	noun	1	3	0	13
ja	作戦	noun	1	3	0	13
ja	老齢	noun	1	3	0	13
ja	ナプキン	noun	1	3	0	13
ja	寝かしつけ	verb	1	3	0	13
ja	政界	noun	1	3	0	13
ja	直角	noun	1	3	0	13
ja	領収	noun	1	3	0	13
ja	境界	noun	1	3	0	13
ja	刀	noun	1	3	0	13
ja	かんかん	noun	1	3	0	13
ja	葬式	noun	1	3	0	13
ja	視野	noun	1	3	0	13
ja	無理やり	adverb	1	3	0	13
ja	収益	noun	1	3	0	13
ja	コード	noun	1	3	0	13
ja	吹き出し	verb	1	3	0	13
ja	リモコン	noun	1	3	0	13
ja	口紅	noun	1	3	0	13
ja	びん	noun	1	3	0	13
ja	インチ	noun	1	3	0	13
ja	受け付け	verb	1	3	0	13
ja	作者	noun	1	3	0	13
ja	容姿	noun	1	3	0	13
ja	そよ風	noun	1	3	0	13
ja	落ち着き	verb	1	3	0	13
ja	チューリップ	noun	1	3	0	13
ja	茂み	noun	1	3	0	13
ja	着替える	verb	1	3	0	13
ja	飛び上がっ	verb	1	3	0	13
ja	恐れ入り	verb	1	3	0	13
ja	ずば抜け	verb	1	3	0	13
ja	人参	noun	1	3	0	13
ja	木の実	noun	1	3	0	13
ja	懐中	noun	1	3	0	13
ja	狭く	adjective	1	3	0	13
ja	ウエスト	noun	1	3	0	13
ja	ベルベル	noun	1	3	0	13
ja	鼻水	noun	1	3	0	13
ja	刺身	noun	1	3	0	13
ja	僧侶	noun	1	3	0	13
ja	大西	noun	1	3	0	13
ja	飲食	noun	1	3	0	13
ja	プリンター	noun	1	3	0	13
ja	編み物	noun	1	3	0	13
ja	即座	noun	1	3	0	13
ja	かならず	adverb	1	3	0	13
ja	ジャイアンツ	noun	1	3	0	13
ja	議事	noun	1	3	0	13
ja	盆	noun	1	3	0	13
ja	フレンズ	noun	1	3	0	13
ja	シーツ	noun	1	3	0	13
ja	梅	noun	1	3	0	13
ja	茶碗	noun	1	3	0	13
ja	床屋	noun	1	3	0	13
ja	湿度	noun	1	3	0	13
ja	苗字	noun	1	3	0	13
ja	輪	noun	1	3	0	13
ja	スクール	noun	1	3	0	13
ja	芸	noun	1	3	0	13
ja	慰め	noun	1	3	0	13
ja	ジョーン	noun	1	3	0	13
ja	見送っ	verb	1	3	0	13
ja	見捨て	verb	1	3	0	13
ja	心ゆく	verb	1	3	0	13
ja	かわいく	adjective	1	3	0	13
ja	照明	noun	1	3	0	13
ja	松	noun	1	3	0	13
ja	隠そう	verb	1	3	0	13
ja	急用	noun	1	3	0	13
ja	ピン	adverb	1	3	0	13
ja	出会う	verb	1	3	0	13
ja	イルカ	noun	1	3	0	13
ja	オウム	noun	1	3	0	13
ja	理科	noun	1	3	0	13
ja	落ち着き	noun	1	3	0	13
ja	話し合おう	verb	1	3	0	13
ja	引き取っ	verb	1	3	0	13
ja	めちゃめちゃ	adverb	1	3	0	13
ja	役職	noun	1	3	0	13
ja	骨董	noun	1	3	0	13
ja	振り返る	verb	1	3	0	13
ja	堂々	adverb	1	3	0	13
ja	肥料	noun	1	3	0	13
ja	階下	noun	1	3	0	13
ja	ドラム	noun	1	3	0	13
ja	果て	noun	1	3	0	13
ja	バルコニー	noun	1	3	0	13
ja	措置	noun	1	3	0	13
ja	換え	verb	1	3	12	12
ja	継い	verb	1	3	11	12
ja	つとめ	verb	1	3	11	12
ja	訊い	verb	1	3	11	12
ja	承り	verb	1	3	11	12
ja	摘ん	verb	1	3	11	12
ja	浮かば	verb	1	3	11	12
ja	登り	verb	1	3	11	12
ja	羨ましい	adjective	1	3	11	12
ja	かえ	verb	1	3	11	12
ja	告げ	verb	1	3	10	12
ja	薄れ	verb	1	3	10	12
ja	断り	noun	1	3	10	12
ja	寝かせ	verb	1	3	10	12
ja	嬉しかっ	adjective	1	3	10	12
ja	明かし	verb	1	3	10	12
ja	追わ	verb	1	3	10	12
ja	ほほえん	verb	1	3	10	12
ja	長持ち	noun	1	3	10	12
ja	解散	noun	1	3	10	12
ja	着き	verb	1	3	10	12
ja	降ろし	verb	1	3	10	12
ja	振舞っ	verb	1	3	9	12
ja	痒い	adjective	1	3	9	12
ja	運び	verb	1	3	9	12
ja	末っ子	noun	1	3	9	12
ja	刺し	verb	1	3	9	12
ja	縫っ	verb	1	3	9	12
ja	はいり	verb	1	3	9	12
ja	まかせ	verb	1	3	9	12
ja	直視	noun	1	3	9	12
ja	ふるまっ	verb	1	3	9	12
ja	含ま	verb	1	3	9	12
ja	望ましい	adjective	1	3	9	12
ja	置け	verb	1	3	9	12
ja	ぎょっと	adverb	1	3	9	12
ja	くつろぎ	verb	1	3	9	12
ja	帰し	verb	1	3	9	12
ja	傷ん	verb	1	3	9	12
ja	賜物	noun	1	3	8	12
ja	流さ	verb	1	3	8	12
ja	守れ	verb	1	3	8	12
ja	さわる	verb	1	3	8	12
ja	動け	verb	1	3	8	12
ja	駆け	verb	1	3	8	12
ja	笑い事	noun	1	3	8	12
ja	利く	verb	1	3	8	12
ja	火傷	noun	1	3	8	12
ja	むい	verb	1	3	8	12
ja	太る	verb	1	3	8	12
ja	とけ	verb	1	3	8	12
ja	落第	noun	1	3	8	12
ja	焦っ	verb	1	3	7	12
ja	住め	verb	1	3	7	12
ja	見ろ	verb	1	3	7	12
ja	重かっ	adjective	1	3	7	12
ja	却下	noun	1	3	7	12
ja	溶ける	verb	1	3	7	12
ja	幾ら	noun	1	3	7	12
ja	記載	noun	1	3	7	12
ja	つけよう	verb	1	3	7	12
ja	習わ	verb	1	3	7	12
ja	悟る	verb	1	3	7	12
ja	めまい	noun	1	3	7	12
ja	歌える	verb	1	3	7	12
ja	祈る	verb	1	3	7	12
ja	プログラマー	noun	1	3	7	12
ja	従わ	verb	1	3	7	12
ja	大工	noun	1	3	6	12
ja	疲れる	verb	1	3	6	12
ja	ケチ	noun	1	3	6	12
ja	きか	verb	1	3	6	12
ja	退院	noun	1	3	6	12
ja	喋れ	verb	1	3	6	12
ja	なめ	verb	1	3	6	12
ja	航行	noun	1	3	6	12
ja	デイビッド	noun	1	3	6	12
ja	湿っ	verb	1	3	6	12
ja	必須	noun	1	3	6	12
ja	場違い	noun	1	3	6	12
ja	脱線	noun	1	3	6	12
ja	痛	adjective	1	3	6	12
ja	分け	verb	1	3	6	12
ja	暮らせる	verb	1	3	6	12
ja	下さ	verb	1	3	6	12
ja	ダウン	noun	1	3	5	12
ja	増やす	verb	1	3	5	12
ja	音痴	noun	1	3	5	12
ja	産む	verb	1	3	5	12
ja	鈍い	adjective	1	3	5	12
ja	低	adjective	1	3	5	12
ja	水やり	noun	1	3	5	12
ja	対戦	noun	1	3	5	12
ja	余る	verb	1	3	5	12
ja	移る	verb	1	3	5	12
ja	待ち	noun	1	3	5	12
ja	誇張	noun	1	3	5	12
ja	タダ	noun	1	3	5	12
ja	点け	verb	1	3	5	12
ja	溺死	noun	1	3	4	12
ja	みせる	verb	1	3	4	12
ja	恐縮	noun	1	3	4	12
ja	熟し	verb	1	3	4	12
ja	救わ	verb	1	3	4	12
ja	取得	noun	1	3	4	12
ja	円盤	noun	1	3	4	12
ja	大家	noun	1	3	4	12
ja	アホ	noun	1	3	4	12
ja	昇っ	verb	1	3	4	12
ja	連休	noun	1	3	4	12
ja	しよっ	verb	1	3	4	12
ja	感想	noun	1	3	4	12
ja	満月	noun	1	3	4	12
ja	割る	verb	1	3	3	12
ja	眠れる	verb	1	3	3	12
ja	発想	noun	1	3	3	12
ja	応じる	verb	1	3	3	12
ja	控える	verb	1	3	3	12
ja	弓	noun	1	3	3	12
ja	別人	noun	1	3	3	12
ja	体質	noun	1	3	3	12
ja	エンド	noun	1	3	3	12
ja	流す	verb	1	3	3	12
ja	安物	noun	1	3	3	12
ja	フレーズ	noun	1	3	3	12
ja	仕返し	noun	1	3	3	12
ja	所持	noun	1	3	3	12
ja	超える	verb	1	3	3	12
ja	雨宿り	noun	1	3	3	12
ja	腕前	noun	1	3	2	12
ja	試練	noun	1	3	2	12
ja	キャラ	noun	1	3	2	12
ja	ドキュメンタリー	noun	1	3	2	12
ja	無用	noun	1	3	2	12
ja	ストレッチ	noun	1	3	2	12
ja	親密	noun	1	3	2	12
ja	権限	noun	1	3	2	12
ja	トン	noun	1	3	2	12
ja	禁酒	noun	1	3	2	12
ja	つきあい	noun	1	3	2	12
ja	手すり	noun	1	3	2	12
ja	白髪	noun	1	3	2	12
ja	タルト	noun	1	3	2	12
ja	休め	verb	1	3	2	12
ja	生まれつき	noun	1	3	2	12
ja	面目	noun	1	3	2	12
ja	ノリ	noun	1	3	2	12
ja	可愛く	adjective	1	3	2	12
ja	焦げ	verb	1	3	2	12
ja	坊や	noun	1	3	2	12
ja	あだ名	noun	1	3	2	12
ja	雪かき	noun	1	3	2	12
ja	空虚	noun	1	3	2	12
ja	盗み	verb	1	3	1	12
ja	貸そう	verb	1	3	1	12
ja	モーツァルト	noun	1	3	1	12
ja	カロリー	noun	1	3	1	12
ja	ショパン	noun	1	3	1	12
ja	モスクワ	noun	1	3	1	12
ja	高熱	noun	1	3	1	12
ja	蓋	noun	1	3	1	12
ja	シューズ	noun	1	3	1	12
ja	限度	noun	1	3	1	12
ja	周年	noun	1	3	1	12
ja	リムジン	noun	1	3	1	12
ja	ボクシング	noun	1	3	1	12
ja	捜査	noun	1	3	1	12
ja	カ月	noun	1	3	1	12
ja	留まる	verb	1	3	1	12
ja	下さる	verb	1	3	1	12
ja	しみ	noun	1	3	1	12
ja	ねらい	noun	1	3	1	12
ja	瞬く	verb	1	3	1	12
ja	ニュートン	noun	1	3	1	12
ja	病	noun	1	3	1	12
ja	飴	noun	1	3	1	12
ja	シャンプー	noun	1	3	1	12
ja	しつこく	adjective	1	3	1	12
ja	雇い主	noun	1	3	1	12
ja	高慢	noun	1	3	1	12
ja	テキサス	noun	1	3	1	12
ja	疑惑	noun	1	3	1	12
ja	タンカー	noun	1	3	1	12
ja	細胞	noun	1	3	1	12
ja	メロディー	noun	1	3	1	12
ja	チョーク	noun	1	3	1	12
ja	マイナス	noun	1	3	1	12
ja	結末	noun	1	3	1	12
ja	フライ	noun	1	3	1	12
ja	新築	noun	1	3	1	12
ja	損なっ	verb	1	3	1	12
ja	キュウリ	noun	1	3	1	12
ja	到底	adverb	1	3	1	12
ja	対面	noun	1	3	1	12
ja	ジョーダン	noun	1	3	0	12
ja	質素	noun	1	3	0	12
ja	ディスコ	noun	1	3	0	12
ja	メイド	noun	1	3	0	12
ja	飢饉	noun	1	3	0	12
ja	モナー	noun	1	3	0	12
ja	景観	noun	1	3	0	12
ja	総会	noun	1	3	0	12
ja	受け取ら	verb	1	3	0	12
ja	進路	noun	1	3	0	12
ja	公用	noun	1	3	0	12
ja	養子	noun	1	3	0	12
ja	祖父母	noun	1	3	0	12
ja	容器	noun	1	3	0	12
ja	立ち上がり	verb	1	3	0	12
ja	クレーム	noun	1	3	0	12
ja	目覚める	verb	1	3	0	12
ja	硬く	adjective	1	3	0	12
ja	ナポレオン	noun	1	3	0	12
ja	上野	noun	1	3	0	12
ja	黒く	adjective	1	3	0	12
ja	やすやす	adverb	1	3	0	12
ja	砦	noun	1	3	0	12
ja	エッフェル	noun	1	3	0	12
ja	サイクリング	noun	1	3	0	12
ja	出掛ける	verb	1	3	0	12
ja	流し	noun	1	3	0	12
ja	アルメニア	noun	1	3	0	12
ja	電柱	noun	1	3	0	12
ja	とげ	noun	1	3	0	12
ja	朝飯	noun	1	3	0	12
ja	ハート	noun	1	3	0	12
ja	迷信	noun	1	3	0	12
ja	コスモポリタン	noun	1	3	0	12
ja	悪習	noun	1	3	0	12
ja	リ	noun	1	3	0	12
ja	ワクチン	noun	1	3	0	12
ja	日陰	noun	1	3	0	12
ja	古本	noun	1	3	0	12
ja	祖先	noun	1	3	0	12
ja	柵	noun	1	3	0	12
ja	疑念	noun	1	3	0	12
ja	白人	noun	1	3	0	12
ja	一段	noun	1	3	0	12
ja	直径	noun	1	3	0	12
ja	むこう	noun	1	3	0	12
ja	陸軍	noun	1	3	0	12
ja	電線	noun	1	3	0	12
ja	思いっきり	noun	1	3	0	12
ja	世俗	noun	1	3	0	12
ja	役人	noun	1	3	0	12
ja	恨み	noun	1	3	0	12
ja	おとなしく	adjective	1	3	0	12
ja	自尊	noun	1	3	0	12
ja	デ	noun	1	3	0	12
ja	判事	noun	1	3	0	12
ja	言い換えれ	verb	1	3	0	12
ja	国語	noun	1	3	0	12
ja	危害	noun	1	3	0	12
ja	橋本	noun	1	3	0	12
ja	同じく	adverb	1	3	0	12
ja	ナポリ	noun	1	3	0	12
ja	取り壊さ	verb	1	3	0	12
ja	ちなみに	compounds	1	3	0	12
ja	がけ	noun	1	3	0	12
ja	トニック	noun	1	3	0	12
ja	早速	adverb	1	3	0	12
ja	当初	noun	1	3	0	12
ja	わー	compounds	1	3	0	12
ja	サイド	noun	1	3	0	12
ja	運賃	noun	1	3	0	12
ja	やっと	compounds	1	3	0	12
ja	アール	noun	1	3	0	12
ja	いよいよ	adverb	1	3	0	12
ja	アル	noun	1	3	0	12
ja	通話	noun	1	3	0	12
ja	講堂	noun	1	3	0	12
ja	裏口	noun	1	3	0	12
ja	ツナ	noun	1	3	0	12
ja	何曜	noun	1	3	0	12
ja	凧	noun	1	3	0	12
ja	ホップ	noun	1	3	0	12
ja	不眠	noun	1	3	0	12
ja	直後	noun	1	3	0	12
ja	スリル	noun	1	3	0	12
ja	眠気	noun	1	3	0	12
ja	引き裂い	verb	1	3	0	12
ja	ビニール	noun	1	3	0	12
ja	プラットホーム	noun	1	3	0	12
ja	取締	noun	1	3	0	12
ja	屋敷	noun	1	3	0	12
ja	ピント	noun	1	3	0	12
ja	しみじみ	adverb	1	3	0	12
ja	ブロッコリー	noun	1	3	0	12
ja	トリュフ	noun	1	3	0	12
ja	ほうれん	noun	1	3	0	12
ja	ほとり	noun	1	3	0	12
ja	細菌	noun	1	3	0	12
ja	子育て	noun	1	3	0	12
ja	エサ	noun	1	3	0	12
ja	まちがい	noun	1	3	0	12
ja	先約	noun	1	3	0	12
ja	ショート	noun	1	3	0	12
ja	ザ	noun	1	3	0	12
ja	キーボード	noun	1	3	0	12
ja	姑	noun	1	3	0	12
ja	大晦日	noun	1	3	0	12
ja	空中	noun	1	3	0	12
ja	受話	noun	1	3	0	12
ja	晩御飯	noun	1	3	0	12
ja	学業	noun	1	3	0	12
ja	農作	noun	1	3	0	12
ja	違和	noun	1	3	0	12
ja	短所	noun	1	3	0	12
ja	折り紙	noun	1	3	0	12
ja	ダーウィン	noun	1	3	0	12
ja	嫌悪	noun	1	3	0	12
ja	甲斐	noun	1	3	0	12
ja	祝い	verb	1	3	11	11
ja	催し	verb	1	3	11	11
ja	負かし	verb	1	3	11	11
ja	売り物	noun	1	3	11	11
ja	役立ち	verb	1	3	11	11
ja	たまり	verb	1	3	11	11
ja	絶品	noun	1	3	10	11
ja	望め	verb	1	3	10	11
ja	和らい	verb	1	3	10	11
ja	浮かん	verb	1	3	10	11
ja	仕え	verb	1	3	10	11
ja	傾い	verb	1	3	10	11
ja	開業	noun	1	3	10	11
ja	着せ	verb	1	3	10	11
ja	つきもの	noun	1	3	10	11
ja	祝っ	verb	1	3	10	11
ja	厳しかっ	adjective	1	3	10	11
ja	のぼっ	verb	1	3	10	11
ja	懇願	noun	1	3	10	11
ja	堪え	verb	1	3	9	11
ja	発ち	verb	1	3	9	11
ja	至っ	verb	1	3	9	11
ja	つめ	verb	1	3	9	11
ja	食らっ	verb	1	3	9	11
ja	買い得	noun	1	3	9	11
ja	助かる	verb	1	3	9	11
ja	限る	verb	1	3	9	11
ja	収まっ	verb	1	3	9	11
ja	渡れ	verb	1	3	8	11
ja	こぼし	verb	1	3	8	11
ja	召し	verb	1	3	8	11
ja	漂流	noun	1	3	8	11
ja	学べる	verb	1	3	8	11
ja	満開	noun	1	3	8	11
ja	切望	noun	1	3	8	11
ja	うっ	verb	1	3	8	11
ja	樹立	noun	1	3	8	11
ja	敷い	verb	1	3	8	11
ja	逃走	noun	1	3	8	11
ja	専念	noun	1	3	8	11
ja	飼い	verb	1	3	8	11
ja	逆らう	verb	1	3	7	11
ja	弱っ	verb	1	3	7	11
ja	起床	noun	1	3	7	11
ja	のぼる	verb	1	3	7	11
ja	放つ	verb	1	3	7	11
ja	刺さっ	verb	1	3	7	11
ja	温める	verb	1	3	7	11
ja	レトリバー	noun	1	3	7	11
ja	鍛え	verb	1	3	7	11
ja	覗い	verb	1	3	7	11
ja	悲しかっ	adjective	1	3	7	11
ja	頼り	verb	1	3	7	11
ja	きらい	noun	1	3	7	11
ja	甘え	verb	1	3	7	11
ja	満席	noun	1	3	7	11
ja	なつかしい	adjective	1	3	7	11
ja	泊まり	verb	1	3	7	11
ja	広がり	verb	1	3	7	11
ja	かみ	verb	1	3	7	11
ja	もて	verb	1	3	6	11
ja	殴ら	verb	1	3	6	11
ja	しかる	verb	1	3	6	11
ja	なかれ	adjective	1	3	6	11
ja	入力	noun	1	3	6	11
ja	通う	verb	1	3	6	11
ja	越える	verb	1	3	6	11
ja	移転	noun	1	3	6	11
ja	凍死	noun	1	3	6	11
ja	こぼれ	verb	1	3	6	11
ja	負わ	verb	1	3	6	11
ja	当たら	verb	1	3	6	11
ja	偽物	noun	1	3	6	11
ja	回り	verb	1	3	6	11
ja	処刑	noun	1	3	5	11
ja	知らさ	verb	1	3	5	11
ja	恩人	noun	1	3	5	11
ja	ソーヴィニヨン	noun	1	3	5	11
ja	脱が	verb	1	3	5	11
ja	飲める	verb	1	3	5	11
ja	立たさ	verb	1	3	5	11
ja	うま	adjective	1	3	5	11
ja	破れ	verb	1	3	5	11
ja	捕っ	verb	1	3	5	11
ja	エドワード	noun	1	3	5	11
ja	サラリーマン	noun	1	3	5	11
ja	転落	noun	1	3	5	11
ja	間違え	noun	1	3	5	11
ja	後輩	noun	1	3	4	11
ja	冷える	verb	1	3	4	11
ja	着ける	verb	1	3	4	11
ja	堅い	adjective	1	3	4	11
ja	ふるまう	verb	1	3	4	11
ja	報い	noun	1	3	4	11
ja	傷つく	verb	1	3	4	11
ja	凍る	verb	1	3	4	11
ja	定番	noun	1	3	4	11
ja	包装	noun	1	3	4	11
ja	なおし	verb	1	3	4	11
ja	了解	noun	1	3	4	11
ja	欠	noun	1	3	4	11
ja	獣医	noun	1	3	4	11
ja	洗車	noun	1	3	4	11
ja	備える	verb	1	3	3	11
ja	叫ぶ	verb	1	3	3	11
ja	ビジネスマン	noun	1	3	3	11
ja	伝えよう	verb	1	3	3	11
ja	可愛らしい	adjective	1	3	3	11
ja	快活	noun	1	3	3	11
ja	名字	noun	1	3	3	11
ja	つかみ	verb	1	3	3	11
ja	発砲	noun	1	3	3	11
ja	矯正	noun	1	3	3	11
ja	愛好	noun	1	3	3	11
ja	召し上がれ	verb	1	3	3	11
ja	さびしい	adjective	1	3	3	11
ja	びしょ濡れ	noun	1	3	3	11
ja	ダイヤル	noun	1	3	3	11
ja	真向かい	noun	1	3	3	11
ja	あがる	verb	1	3	3	11
ja	筈	noun	1	3	3	11
ja	疾患	noun	1	3	3	11
ja	ステップ	noun	1	3	3	11
ja	独創	noun	1	3	3	11
ja	ごっこ	noun	1	3	3	11
ja	配分	noun	1	3	3	11
ja	相続	noun	1	3	3	11
ja	さかさま	noun	1	3	2	11
ja	足す	verb	1	3	2	11
ja	こめ	verb	1	3	2	11
ja	逆転	noun	1	3	2	11
ja	短気	noun	1	3	2	11
ja	関数	noun	1	3	2	11
ja	巻	noun	1	3	2	11
ja	消極	noun	1	3	2	11
ja	不通	noun	1	3	2	11
ja	ジャーナリスト	noun	1	3	2	11
ja	こなせ	verb	1	3	2	11
ja	君主	noun	1	3	2	11
ja	ネーム	noun	1	3	2	11
ja	充分	adverb	1	3	2	11
ja	フィクション	noun	1	3	2	11
ja	なぞ	noun	1	3	2	11
ja	渡す	verb	1	3	2	11
ja	募金	noun	1	3	2	11
ja	蛙	noun	1	3	2	11
ja	休養	noun	1	3	2	11
ja	かかれる	verb	1	3	2	11
ja	窓口	noun	1	3	2	11
ja	野蛮	noun	1	3	2	11
ja	姓	noun	1	3	2	11
ja	縄	noun	1	3	2	11
ja	金魚	noun	1	3	2	11
ja	ジェイン	noun	1	3	2	11
ja	酷い	adjective	1	3	2	11
ja	混ぜる	verb	1	3	2	11
ja	パンチ	noun	1	3	2	11
ja	合戦	noun	1	3	2	11
ja	ポッター	noun	1	3	2	11
ja	忘れ物	noun	1	3	2	11
ja	定年	noun	1	3	2	11
ja	ピッチャー	noun	1	3	1	11
ja	レンタカー	noun	1	3	1	11
ja	災い	noun	1	3	1	11
ja	腐敗	noun	1	3	1	11
ja	多忙	noun	1	3	1	11
ja	免税	noun	1	3	1	11
ja	物置	noun	1	3	1	11
ja	瞳	noun	1	3	1	11
ja	驚異	noun	1	3	1	11
ja	デザイナー	noun	1	3	1	11
ja	あらさがし	noun	1	3	1	11
ja	不振	noun	1	3	1	11
ja	赤色	noun	1	3	1	11
ja	わな	noun	1	3	1	11
ja	陸地	noun	1	3	1	11
ja	宴会	noun	1	3	1	11
ja	故意	noun	1	3	1	11
ja	ベートーベン	noun	1	3	1	11
ja	歌声	noun	1	3	1	11
ja	オフ	noun	1	3	1	11
ja	急死	noun	1	3	1	11
ja	誠	noun	1	3	1	11
ja	醤油	noun	1	3	1	11
ja	ナッツ	noun	1	3	1	11
ja	寛容	noun	1	3	1	11
ja	エイリアン	noun	1	3	1	11
ja	策略	noun	1	3	1	11
ja	用途	noun	1	3	1	11
ja	河	noun	1	3	1	11
ja	なさる	verb	1	3	1	11
ja	屈辱	noun	1	3	1	11
ja	抹茶	noun	1	3	1	11
ja	貴族	noun	1	3	1	11
ja	宛名	noun	1	3	1	11
ja	人材	noun	1	3	1	11
ja	コーン	noun	1	3	1	11
ja	人影	noun	1	3	0	11
ja	つらく	adjective	1	3	0	11
ja	良識	noun	1	3	0	11
ja	生魚	noun	1	3	0	11
ja	スクーラー	noun	1	3	0	11
ja	結び付ける	verb	1	3	0	11
ja	はし	noun	1	3	0	11
ja	プライバシー	noun	1	3	0	11
ja	修学	noun	1	3	0	11
ja	組み立て	verb	1	3	0	11
ja	はがき	noun	1	3	0	11
ja	しまおう	verb	1	3	0	11
ja	福岡	noun	1	3	0	11
ja	笑いもの	noun	1	3	0	11
ja	テロリスト	noun	1	3	0	11
ja	助け合っ	verb	1	3	0	11
ja	クズリ	noun	1	3	0	11
ja	流感	noun	1	3	0	11
ja	でございます	compounds	1	3	0	11
ja	陰口	noun	1	3	0	11
ja	隣国	noun	1	3	0	11
ja	ツバメ	noun	1	3	0	11
ja	山登り	noun	1	3	0	11
ja	持ち込み	noun	1	3	0	11
ja	吹き飛ばさ	verb	1	3	0	11
ja	上級	noun	1	3	0	11
ja	屋内	noun	1	3	0	11
ja	剣道	noun	1	3	0	11
ja	ツイッター	noun	1	3	0	11
ja	舟	noun	1	3	0	11
ja	電球	noun	1	3	0	11
ja	平凡	noun	1	3	0	11
ja	やり遂げる	verb	1	3	0	11
ja	乗り越える	verb	1	3	0	11
ja	駆けつけ	verb	1	3	0	11
ja	マニュアル	noun	1	3	0	11
ja	外人	noun	1	3	0	11
ja	溺れる	verb	1	3	0	11
ja	無人	noun	1	3	0	11
ja	一同	noun	1	3	0	11
ja	雨天	noun	1	3	0	11
ja	タイマー	noun	1	3	0	11
ja	髭	noun	1	3	0	11
ja	顕微	noun	1	3	0	11
ja	大望	noun	1	3	0	11
ja	健二	noun	1	3	0	11
ja	モーター	noun	1	3	0	11
ja	分け前	noun	1	3	0	11
ja	追いつき	verb	1	3	0	11
ja	納屋	noun	1	3	0	11
ja	言動	noun	1	3	0	11
ja	相当	adverb	1	3	0	11
ja	本末	noun	1	3	0	11
ja	アンケート	noun	1	3	0	11
ja	降ろう	verb	1	3	0	11
ja	ダーク	noun	1	3	0	11
ja	見張っ	verb	1	3	0	11
ja	行間	noun	1	3	0	11
ja	ジャングル	noun	1	3	0	11
ja	呼び出し	verb	1	3	0	11
ja	フロント	noun	1	3	0	11
ja	鉱物	noun	1	3	0	11
ja	曲がり角	noun	1	3	0	11
ja	来春	noun	1	3	0	11
ja	右腕	noun	1	3	0	11
ja	池田	noun	1	3	0	11
ja	水なし	noun	1	3	0	11
ja	林	noun	1	3	0	11
ja	もめごと	noun	1	3	0	11
ja	トヨタ	noun	1	3	0	11
ja	スタジオ	noun	1	3	0	11
ja	取りかかっ	verb	1	3	0	11
ja	取り戻さ	verb	1	3	0	11
ja	ろくに	adverb	1	3	0	11
ja	失踪	noun	1	3	0	11
ja	折り返し	verb	1	3	0	11
ja	絶好	noun	1	3	0	11
ja	訛り	noun	1	3	0	11
ja	敵意	noun	1	3	0	11
ja	外側	noun	1	3	0	11
ja	減税	noun	1	3	0	11
ja	粒子	noun	1	3	0	11
ja	ぜいたく	noun	1	3	0	11
ja	レントゲン	noun	1	3	0	11
ja	幾分	noun	1	3	0	11
ja	下げる	verb	1	3	0	11
ja	再度	noun	1	3	0	11
ja	母方	noun	1	3	0	11
ja	キャンディ	noun	1	3	0	11
ja	いとも	adverb	1	3	0	11
ja	靴ひも	noun	1	3	0	11
ja	行き詰まっ	verb	1	3	0	11
ja	ライフル	noun	1	3	0	11
ja	晩餐	noun	1	3	0	11
ja	直ぐ	adverb	1	3	0	11
ja	思慮	noun	1	3	0	11
ja	カレン	noun	1	3	0	11
ja	紙幣	noun	1	3	0	11
ja	忠誠	noun	1	3	0	11
ja	スタジアム	noun	1	3	0	11
ja	鉄砲	noun	1	3	0	11
ja	落ち着け	verb	1	3	0	11
ja	糖尿	noun	1	3	0	11
ja	疫病	noun	1	3	0	11
ja	閉じこもっ	verb	1	3	0	11
ja	教職	noun	1	3	0	11
ja	実質	noun	1	3	0	11
ja	予感	noun	1	3	0	11
ja	沿岸	noun	1	3	0	11
ja	ティッシュ	noun	1	3	0	11
ja	嗅覚	noun	1	3	0	11
ja	背筋	noun	1	3	0	11
ja	聞き入れ	verb	1	3	0	11
ja	悪態	noun	1	3	0	11
ja	妄想	noun	1	3	0	11
ja	寄りかかっ	verb	1	3	0	11
ja	繰り返さ	verb	1	3	0	11
ja	当事	noun	1	3	0	11
ja	せき	noun	1	3	0	11
ja	取っ手	noun	1	3	0	11
ja	武力	noun	1	3	0	11
ja	いささか	adverb	1	3	0	11
ja	振り向い	verb	1	3	0	11
ja	すばらしく	adjective	1	3	0	11
ja	立ち直っ	verb	1	3	0	11
ja	弱者	noun	1	3	0	11
ja	鼓動	noun	1	3	0	11
ja	サンド	noun	1	3	0	11
ja	協調	noun	1	3	0	11
ja	スイート	noun	1	3	0	11
ja	片目	noun	1	3	0	11
ja	当日	noun	1	3	0	11
ja	転地	noun	1	3	0	11
ja	葵	noun	1	3	0	11
ja	駆け上がっ	verb	1	3	0	11
ja	受け取れ	verb	1	3	0	11
ja	酸	noun	1	3	0	11
ja	オックスフォード	noun	1	3	0	11
ja	眠り込ん	verb	1	3	0	11
ja	何人	noun	1	3	0	11
ja	見とれ	verb	1	3	0	11
ja	ジュリー	noun	1	3	0	11
ja	数々	noun	1	3	0	11
ja	グランド	noun	1	3	0	11
ja	凄く	adjective	1	3	0	11
ja	おっしゃい	verb	1	3	10	10
ja	的外れ	noun	1	3	10	10
ja	まぬがれ	verb	1	3	10	10
ja	暖め	verb	1	3	10	10
ja	努める	verb	1	3	10	10
ja	すたれ	verb	1	3	9	10
ja	軽んじ	verb	1	3	9	10
ja	おもう	verb	1	3	9	10
ja	非番	noun	1	3	9	10
ja	頓着	noun	1	3	9	10
ja	おぼえ	verb	1	3	9	10
ja	めくっ	verb	1	3	9	10
ja	装っ	verb	1	3	9	10
ja	同伴	noun	1	3	9	10
ja	恥ずかしかっ	adjective	1	3	9	10
ja	ささげ	verb	1	3	9	10
ja	撮ら	verb	1	3	9	10
ja	ほど遠い	adjective	1	3	9	10
ja	うまかっ	adjective	1	3	9	10
ja	脅かし	verb	1	3	9	10
ja	射	verb	1	3	9	10
ja	向かい	verb	1	3	8	10
ja	戦わ	verb	1	3	8	10
ja	失明	noun	1	3	8	10
ja	包ん	verb	1	3	8	10
ja	おさまっ	verb	1	3	8	10
ja	かん	verb	1	3	8	10
ja	売り切れ	noun	1	3	8	10
ja	下がり	verb	1	3	8	10
ja	呼ばわり	noun	1	3	8	10
ja	奪わ	verb	1	3	8	10
ja	磨き	verb	1	3	8	10
ja	略	noun	1	3	8	10
ja	満室	noun	1	3	8	10
ja	完売	noun	1	3	8	10
ja	なくなり	verb	1	3	8	10
ja	憤慨	noun	1	3	8	10
ja	驚嘆	noun	1	3	8	10
ja	指さし	verb	1	3	8	10
ja	うかがい	verb	1	3	8	10
ja	痛感	noun	1	3	8	10
ja	遊ぼう	verb	1	3	8	10
ja	つけろ	verb	1	3	7	10
ja	万歳	noun	1	3	7	10
ja	破綻	noun	1	3	7	10
ja	まちがえ	verb	1	3	7	10
ja	ゆで	verb	1	3	7	10
ja	頑張れ	verb	1	3	7	10
ja	迫ら	verb	1	3	7	10
ja	騒ぐ	verb	1	3	7	10
ja	のぞい	verb	1	3	7	10
ja	狂い	verb	1	3	7	10
ja	ちがう	verb	1	3	7	10
ja	折る	verb	1	3	7	10
ja	腐り	verb	1	3	7	10
ja	やかましい	adjective	1	3	7	10
ja	押さ	verb	1	3	7	10
ja	立腹	noun	1	3	7	10
ja	語ら	verb	1	3	7	10
ja	乗船	noun	1	3	6	10
ja	あて	verb	1	3	6	10
ja	熟達	noun	1	3	6	10
ja	思案	noun	1	3	6	10
ja	造っ	verb	1	3	6	10
ja	わきまえ	verb	1	3	6	10
ja	図っ	verb	1	3	6	10
ja	撃つ	verb	1	3	6	10
ja	味わい	noun	1	3	6	10
ja	ぶらつい	verb	1	3	6	10
ja	指す	verb	1	3	6	10
ja	気付く	verb	1	3	6	10
ja	尋ね	verb	1	3	6	10
ja	もてなし	verb	1	3	6	10
ja	おごる	verb	1	3	6	10
ja	そろっ	verb	1	3	6	10
ja	たてる	verb	1	3	6	10
ja	つまっ	verb	1	3	6	10
ja	救出	noun	1	3	6	10
ja	ほし	adjective	1	3	6	10
ja	鳴ら	verb	1	3	6	10
ja	吃音	noun	1	3	6	10
ja	除外	noun	1	3	6	10
ja	惚れ	verb	1	3	6	10
ja	それ	verb	1	3	6	10
ja	近付い	verb	1	3	6	10
ja	魅せ	verb	1	3	5	10
ja	崩し	verb	1	3	5	10
ja	エキサイティング	noun	1	3	5	10
ja	背丈	noun	1	3	5	10
ja	暮れる	verb	1	3	5	10
ja	おもしろ	adjective	1	3	5	10
ja	良し	noun	1	3	5	10
ja	ケビン	noun	1	3	5	10
ja	揚げ	verb	1	3	5	10
ja	腰掛け	verb	1	3	5	10
ja	冴え	verb	1	3	5	10
ja	斜め	noun	1	3	5	10
ja	悩ま	verb	1	3	5	10
ja	極め	verb	1	3	5	10
ja	つかむ	verb	1	3	5	10
ja	撮っ	verb	1	3	5	10
ja	ひざまずい	verb	1	3	4	10
ja	説い	verb	1	3	4	10
ja	調達	noun	1	3	4	10
ja	上手	noun	1	3	4	10
ja	下り坂	noun	1	3	4	10
ja	近視	noun	1	3	4	10
ja	あきれ	verb	1	3	4	10
ja	特売	noun	1	3	4	10
ja	まいり	verb	1	3	4	10
ja	壊れる	verb	1	3	4	10
ja	目立ち	verb	1	3	4	10
ja	発射	noun	1	3	4	10
ja	やま	verb	1	3	4	10
ja	くわえ	verb	1	3	4	10
ja	厚	adjective	1	3	4	10
ja	道のり	noun	1	3	4	10
ja	待遇	noun	1	3	4	10
ja	用件	noun	1	3	3	10
ja	報わ	verb	1	3	3	10
ja	喋り	noun	1	3	3	10
ja	老け	verb	1	3	3	10
ja	きまっ	verb	1	3	3	10
ja	核心	noun	1	3	3	10
ja	幾ら	adverb	1	3	3	10
ja	吐く	verb	1	3	3	10
ja	来よう	verb	1	3	3	10
ja	富む	verb	1	3	3	10
ja	欠勤	noun	1	3	3	10
ja	味付け	noun	1	3	3	10
ja	ムスリム	noun	1	3	3	10
ja	熱	adjective	1	3	3	10
ja	受信	noun	1	3	3	10
ja	褒美	noun	1	3	3	10
ja	かっ	verb	1	3	3	10
ja	堕落	noun	1	3	3	10
ja	満腹	noun	1	3	3	10
ja	応対	noun	1	3	3	10
ja	復習	noun	1	3	3	10
ja	追う	verb	1	3	3	10
ja	動議	noun	1	3	3	10
ja	生きがい	noun	1	3	3	10
ja	見知り	noun	1	3	3	10
ja	文無し	noun	1	3	3	10
ja	太い	adjective	1	3	3	10
ja	ねこ	noun	1	3	2	10
ja	水の泡	noun	1	3	2	10
ja	泳が	verb	1	3	2	10
ja	セックス	noun	1	3	2	10
ja	敵対	noun	1	3	2	10
ja	オートミール	noun	1	3	2	10
ja	口先	noun	1	3	2	10
ja	解読	noun	1	3	2	10
ja	分割	noun	1	3	2	10
ja	絶頂	noun	1	3	2	10
ja	下落	noun	1	3	2	10
ja	家畜	noun	1	3	2	10
ja	いじめる	verb	1	3	2	10
ja	工	noun	1	3	2	10
ja	マルガリータ	noun	1	3	2	10
ja	扶養	noun	1	3	2	10
ja	オースティン	noun	1	3	2	10
ja	ソーダ	noun	1	3	2	10
ja	分担	noun	1	3	2	10
ja	錆	noun	1	3	2	10
ja	だす	verb	1	3	2	10
ja	繁殖	noun	1	3	2	10
ja	いただく	verb	1	3	2	10
ja	中絶	noun	1	3	2	10
ja	忍者	noun	1	3	2	10
ja	木登り	noun	1	3	2	10
ja	まとめる	verb	1	3	2	10
ja	ブーム	noun	1	3	2	10
ja	伴奏	noun	1	3	2	10
ja	無謀	noun	1	3	2	10
ja	借り	noun	1	3	1	10
ja	力量	noun	1	3	1	10
ja	一髪	noun	1	3	1	10
ja	安堵	noun	1	3	1	10
ja	埃	noun	1	3	1	10
ja	ライオンズ	noun	1	3	1	10
ja	加工	noun	1	3	1	10
ja	となり	noun	1	3	1	10
ja	給仕	noun	1	3	1	10
ja	アヒル	noun	1	3	1	10
ja	逆さま	noun	1	3	1	10
ja	根気	noun	1	3	1	10
ja	メリット	noun	1	3	1	10
ja	こっけい	noun	1	3	1	10
ja	良	noun	1	3	1	10
ja	乗り物	noun	1	3	1	10
ja	とろう	verb	1	3	1	10
ja	ヴァン	noun	1	3	1	10
ja	ミント	noun	1	3	1	10
ja	断片	noun	1	3	1	10
ja	市販	noun	1	3	1	10
ja	薄	adjective	1	3	1	10
ja	エンチラーダ	noun	1	3	1	10
ja	本心	noun	1	3	1	10
ja	ジーパン	noun	1	3	1	10
ja	賭け事	noun	1	3	1	10
ja	意欲	noun	1	3	1	10
ja	スペル	noun	1	3	1	10
ja	土壇場	noun	1	3	1	10
ja	家々	noun	1	3	1	10
ja	古	adjective	1	3	1	10
ja	仏	noun	1	3	1	10
ja	独学	noun	1	3	1	10
ja	ボンジュール	noun	1	3	1	10
ja	標的	noun	1	3	1	10
ja	振る	verb	1	3	1	10
ja	逃げよう	verb	1	3	1	10
ja	技能	noun	1	3	1	10
ja	ハサミ	noun	1	3	1	10
ja	へん	noun	1	3	1	10
ja	絆	noun	1	3	1	10
ja	山脈	noun	1	3	1	10
ja	琵琶	noun	1	3	0	10
ja	シャボン	noun	1	3	0	10
ja	ドーナツ	noun	1	3	0	10
ja	議案	noun	1	3	0	10
ja	ハリウッド	noun	1	3	0	10
ja	直子	noun	1	3	0	10
ja	王位	noun	1	3	0	10
ja	重量	noun	1	3	0	10
ja	差し込ん	verb	1	3	0	10
ja	立ち入り	verb	1	3	0	10
ja	スペア	noun	1	3	0	10
ja	先延ばし	noun	1	3	0	10
ja	扇風	noun	1	3	0	10
ja	ポップス	noun	1	3	0	10
ja	上海	noun	1	3	0	10
ja	そり	noun	1	3	0	10
ja	カフェテリア	noun	1	3	0	10
ja	申し込む	verb	1	3	0	10
ja	地中	noun	1	3	0	10
ja	受け持っ	verb	1	3	0	10
ja	でかけ	verb	1	3	0	10
ja	引力	noun	1	3	0	10
ja	花屋	noun	1	3	0	10
ja	臨時	noun	1	3	0	10
ja	取り残さ	verb	1	3	0	10
ja	助け合わ	verb	1	3	0	10
ja	組み立てる	verb	1	3	0	10
ja	ついさっき	compounds	1	3	0	10
ja	親子	noun	1	3	0	10
ja	ペール	noun	1	3	0	10
ja	洗剤	noun	1	3	0	10
ja	昼ごはん	noun	1	3	0	10
ja	お好み焼き	noun	1	3	0	10
ja	王室	noun	1	3	0	10
ja	左足	noun	1	3	0	10
ja	佐知子	noun	1	3	0	10
ja	追いつか	verb	1	3	0	10
ja	ブッシュ	noun	1	3	0	10
ja	ホーキング	noun	1	3	0	10
ja	戸外	noun	1	3	0	10
ja	エアロビクス	noun	1	3	0	10
ja	題名	noun	1	3	0	10
ja	竹	noun	1	3	0	10
ja	ベース	noun	1	3	0	10
ja	延々	adverb	1	3	0	10
ja	鯉	noun	1	3	0	10
ja	くれぐれ	adverb	1	3	0	10
ja	暗証	noun	1	3	0	10
ja	エレン	noun	1	3	0	10
ja	塩分	noun	1	3	0	10
ja	氷点	noun	1	3	0	10
ja	ほっぺ	noun	1	3	0	10
ja	ホッケー	noun	1	3	0	10
ja	校則	noun	1	3	0	10
ja	あてはまる	verb	1	3	0	10
ja	説き伏せ	verb	1	3	0	10
ja	うんと	adverb	1	3	0	10
ja	玩具	noun	1	3	0	10
ja	サイレン	noun	1	3	0	10
ja	厨房	noun	1	3	0	10
ja	円高	noun	1	3	0	10
ja	身元	noun	1	3	0	10
ja	陸上	noun	1	3	0	10
ja	野望	noun	1	3	0	10
ja	売れ行き	noun	1	3	0	10
ja	ゆで卵	noun	1	3	0	10
ja	路面	noun	1	3	0	10
ja	つきあっ	verb	1	3	0	10
ja	バーゲン	noun	1	3	0	10
ja	活力	noun	1	3	0	10
ja	新薬	noun	1	3	0	10
ja	子宮	noun	1	3	0	10
ja	筋トレ	noun	1	3	0	10
ja	召し使い	noun	1	3	0	10
ja	苦悩	noun	1	3	0	10
ja	オーケストラ	noun	1	3	0	10
ja	小声	noun	1	3	0	10
ja	ピンポン	noun	1	3	0	10
ja	すき	noun	1	3	0	10
ja	捕虜	noun	1	3	0	10
ja	善意	noun	1	3	0	10
ja	かき集め	verb	1	3	0	10
ja	鉛	noun	1	3	0	10
ja	セントラル	noun	1	3	0	10
ja	異論	noun	1	3	0	10
ja	インドネシア	noun	1	3	0	10
ja	曲がりくねっ	verb	1	3	0	10
ja	草原	noun	1	3	0	10
ja	ベルギー	noun	1	3	0	10
ja	水夫	noun	1	3	0	10
ja	斜面	noun	1	3	0	10
ja	静岡	noun	1	3	0	10
ja	クイズ	noun	1	3	0	10
ja	ヘブライ	noun	1	3	0	10
ja	下着	noun	1	3	0	10
ja	片足	noun	1	3	0	10
ja	多けれ	adjective	1	3	0	10
ja	谷間	noun	1	3	0	10
ja	災難	noun	1	3	0	10
ja	川沿い	noun	1	3	0	10
ja	恐ろし	adjective	1	3	0	10
ja	戸棚	noun	1	3	0	10
ja	乗り出し	verb	1	3	0	10
ja	暴風	noun	1	3	0	10
ja	異存	noun	1	3	0	10
ja	喜劇	noun	1	3	0	10
ja	虚偽	noun	1	3	0	10
ja	旅館	noun	1	3	0	10
ja	苦境	noun	1	3	0	10
ja	パトカー	noun	1	3	0	10
ja	クーラー	noun	1	3	0	10
ja	古今	noun	1	3	0	10
ja	バスルーム	noun	1	3	0	10
ja	青森	noun	1	3	0	10
ja	見下ろし	verb	1	3	0	10
ja	小犬	noun	1	3	0	10
ja	国外	noun	1	3	0	10
ja	全般	noun	1	3	0	10
ja	先端	noun	1	3	0	10
ja	フルート	noun	1	3	0	10
ja	仕打ち	noun	1	3	0	10
ja	速達	noun	1	3	0	10
ja	奪い取っ	verb	1	3	0	10
ja	舞い上がっ	verb	1	3	0	10
ja	一撃	noun	1	3	0	10
ja	引き受ける	verb	1	3	0	10
ja	かあ	noun	1	3	0	10
ja	鷲	noun	1	3	0	10
ja	街路	noun	1	3	0	10
ja	テーブルクロス	noun	1	3	0	10
ja	ポーランド	noun	1	3	0	10
ja	船便	noun	1	3	0	10
ja	ばつ	noun	1	3	0	10
ja	さんざん	adverb	1	3	0	10
ja	週刊	noun	1	3	0	10
ja	耳元	noun	1	3	0	10
ja	揚げ物	noun	1	3	0	10
ja	語り合っ	verb	1	3	0	10
ja	泣き止ん	verb	1	3	0	10
ja	乗車	noun	1	3	0	10
ja	和食	noun	1	3	0	10
ja	いちご	noun	1	3	0	10
ja	知り合う	verb	1	3	0	10
ja	満ち溢れ	verb	1	3	0	10
ja	北京	noun	1	3	0	10
ja	メモリ	noun	1	3	0	10
ja	他社	noun	1	3	0	10
ja	まあまあ	adverb	1	3	0	10
ja	牡蠣	noun	1	3	0	10
ja	持ち帰り	verb	1	3	0	10
ja	ホームズ	noun	1	3	0	10
ja	菜園	noun	1	3	0	10
ja	飾る	verb	1	3	0	10
ja	ひとこと	noun	1	3	0	10
ja	許し	noun	1	3	0	10
ja	口数	noun	1	3	0	10
ja	フォー	noun	1	3	0	10
ja	温かく	adjective	1	3	0	10
ja	干し草	noun	1	3	0	10
ja	ベジ	noun	1	3	0	10
ja	遠回し	noun	1	3	0	10
ja	家内	noun	1	3	0	10
ja	重力	noun	1	3	0	10
ja	吸血	noun	1	3	0	10
ja	貝	noun	1	3	0	10
ja	片付け	noun	1	3	0	10
ja	フロリダ	noun	1	3	0	10
ja	エラー	noun	1	3	0	10
ja	化け	noun	1	3	0	10
ja	ケネディ	noun	1	3	0	10
ja	やすみ	noun	1	3	0	10
ja	方言	noun	1	3	0	10
ja	土手	noun	1	3	0	10
ja	寝過ごし	verb	1	3	0	10
ja	付け込ん	verb	1	3	0	10
ja	マンガ	noun	1	3	0	10
ja	日時	noun	1	3	0	10
ja	連れ出し	verb	1	3	0	10
ja	たこ	noun	1	3	0	10
ja	ウィーン	noun	1	3	0	10
ja	弱み	noun	1	3	0	10
ja	禁物	noun	1	3	9	9
ja	処せ	verb	1	3	9	9
ja	手渡し	verb	1	3	9	9
ja	深め	verb	1	3	9	9
ja	現さ	verb	1	3	9	9
ja	報じ	verb	1	3	9	9
ja	起訴	noun	1	3	8	9
ja	科せ	verb	1	3	8	9
ja	先んじ	verb	1	3	8	9
ja	敗れ	verb	1	3	8	9
ja	くわ	verb	1	3	8	9
ja	戻れ	verb	1	3	8	9
ja	くつろげ	verb	1	3	8	9
ja	商っ	verb	1	3	8	9
ja	贈り	verb	1	3	8	9
ja	おごり	noun	1	3	8	9
ja	のがれ	verb	1	3	8	9
ja	とおし	verb	1	3	8	9
ja	形作り	verb	1	3	8	9
ja	字引	noun	1	3	8	9
ja	さえぎっ	verb	1	3	8	9
ja	よせ	verb	1	3	8	9
ja	砕け	verb	1	3	8	9
ja	乱れ	verb	1	3	7	9
ja	雇い	verb	1	3	7	9
ja	切り	verb	1	3	7	9
ja	のん	verb	1	3	7	9
ja	いり	verb	1	3	7	9
ja	走れる	verb	1	3	7	9
ja	しゃべれる	verb	1	3	7	9
ja	吹か	verb	1	3	7	9
ja	まとっ	verb	1	3	7	9
ja	近かっ	adjective	1	3	7	9
ja	うらやましい	adjective	1	3	7	9
ja	熱かっ	adjective	1	3	7	9
ja	解い	verb	1	3	7	9
ja	隠せ	verb	1	3	7	9
ja	さらし	verb	1	3	7	9
ja	脅し	verb	1	3	7	9
ja	蒸発	noun	1	3	7	9
ja	効か	verb	1	3	7	9
ja	すっからかん	noun	1	3	7	9
ja	叶っ	verb	1	3	7	9
ja	船酔い	noun	1	3	7	9
ja	授け	verb	1	3	7	9
ja	与えよう	verb	1	3	6	9
ja	定住	noun	1	3	6	9
ja	亡くし	verb	1	3	6	9
ja	来れる	verb	1	3	6	9
ja	直せ	verb	1	3	6	9
ja	とらわれ	verb	1	3	6	9
ja	尽きる	verb	1	3	6	9
ja	ケンカ	noun	1	3	6	9
ja	はやい	adjective	1	3	6	9
ja	強要	noun	1	3	6	9
ja	リード	noun	1	3	6	9
ja	眠たい	adjective	1	3	6	9
ja	停め	verb	1	3	6	9
ja	属する	verb	1	3	6	9
ja	作り話	noun	1	3	6	9
ja	ひそめ	verb	1	3	6	9
ja	履き	verb	1	3	6	9
ja	解ら	verb	1	3	6	9
ja	イラつい	verb	1	3	6	9
ja	根源	noun	1	3	6	9
ja	生け	verb	1	3	6	9
ja	爆笑	noun	1	3	6	9
ja	呼べ	verb	1	3	6	9
ja	寄り	verb	1	3	6	9
ja	響き	noun	1	3	6	9
ja	正し	verb	1	3	6	9
ja	ズル休み	noun	1	3	6	9
ja	悩む	verb	1	3	6	9
ja	破棄	noun	1	3	5	9
ja	いれる	verb	1	3	5	9
ja	やさし	adjective	1	3	5	9
ja	公表	noun	1	3	5	9
ja	宝庫	noun	1	3	5	9
ja	力強い	adjective	1	3	5	9
ja	教わっ	verb	1	3	5	9
ja	食べれる	verb	1	3	5	9
ja	やらかし	verb	1	3	5	9
ja	広め	verb	1	3	5	9
ja	むけ	verb	1	3	5	9
ja	装備	noun	1	3	5	9
ja	差し	verb	1	3	5	9
ja	就任	noun	1	3	5	9
ja	塗り	verb	1	3	5	9
ja	出	noun	1	3	5	9
ja	いたずらっ子	noun	1	3	5	9
ja	おさえ	verb	1	3	5	9
ja	インストール	noun	1	3	5	9
ja	騒が	verb	1	3	5	9
ja	掘り	verb	1	3	5	9
ja	重たい	adjective	1	3	5	9
ja	傷つき	verb	1	3	5	9
ja	ぽっちゃり	adverb	1	3	4	9
ja	病弱	noun	1	3	4	9
ja	貸せ	verb	1	3	4	9
ja	好調	noun	1	3	4	9
ja	襲う	verb	1	3	4	9
ja	肥え	verb	1	3	4	9
ja	はさむ	verb	1	3	4	9
ja	スポーツマン	noun	1	3	4	9
ja	覚まさ	verb	1	3	4	9
ja	立証	noun	1	3	4	9
ja	泊まっ	verb	1	3	4	9
ja	早かっ	adjective	1	3	4	9
ja	あげれ	verb	1	3	4	9
ja	でたらめ	noun	1	3	4	9
ja	わるい	adjective	1	3	4	9
ja	暖か	adjective	1	3	4	9
ja	減ら	verb	1	3	4	9
ja	嘆い	verb	1	3	4	9
ja	退い	verb	1	3	4	9
ja	たとえる	verb	1	3	4	9
ja	摂り	verb	1	3	4	9
ja	長続き	noun	1	3	4	9
ja	熟考	noun	1	3	4	9
ja	一筋	noun	1	3	3	9
ja	惜しい	adjective	1	3	3	9
ja	出で	verb	1	3	3	9
ja	℃	noun	1	3	3	9
ja	隔離	noun	1	3	3	9
ja	天体	noun	1	3	3	9
ja	チャレンジ	noun	1	3	3	9
ja	配る	verb	1	3	3	9
ja	炒め物	noun	1	3	3	9
ja	近づける	verb	1	3	3	9
ja	入れ歯	noun	1	3	3	9
ja	叱る	verb	1	3	3	9
ja	有料	noun	1	3	3	9
ja	相場	noun	1	3	3	9
ja	ダラダラ	adverb	1	3	3	9
ja	かえる	verb	1	3	3	9
ja	掛ける	verb	1	3	3	9
ja	伏せ	verb	1	3	3	9
ja	有頂天	noun	1	3	3	9
ja	もどる	verb	1	3	3	9
ja	とどまら	verb	1	3	3	9
ja	創作	noun	1	3	3	9
ja	頂い	verb	1	3	3	9
ja	ルームメイト	noun	1	3	3	9
ja	出社	noun	1	3	3	9
ja	あったかい	adjective	1	3	3	9
ja	暖かかっ	adjective	1	3	3	9
ja	転ぶ	verb	1	3	3	9
ja	全盛	noun	1	3	3	9
ja	好評	noun	1	3	3	9
ja	指差し	verb	1	3	3	9
ja	尽くせ	verb	1	3	3	9
ja	裂け	verb	1	3	3	9
ja	陳列	noun	1	3	3	9
ja	急ぎ	noun	1	3	3	9
ja	大将	noun	1	3	3	9
ja	チャック	noun	1	3	2	9
ja	黒字	noun	1	3	2	9
ja	かむ	verb	1	3	2	9
ja	マッサージ	noun	1	3	2	9
ja	クリスチャン	noun	1	3	2	9
ja	どころ	noun	1	3	2	9
ja	電卓	noun	1	3	2	9
ja	採点	noun	1	3	2	9
ja	スコア	noun	1	3	2	9
ja	動かそう	verb	1	3	2	9
ja	親類	noun	1	3	2	9
ja	騒がしく	adjective	1	3	2	9
ja	マレーシア	noun	1	3	2	9
ja	パーマ	noun	1	3	2	9
ja	実数	noun	1	3	2	9
ja	賢	adjective	1	3	2	9
ja	前半	noun	1	3	2	9
ja	しつこい	adjective	1	3	2	9
ja	閉会	noun	1	3	2	9
ja	薄着	noun	1	3	2	9
ja	手書き	noun	1	3	2	9
ja	指図	noun	1	3	2	9
ja	転校	noun	1	3	2	9
ja	拾う	verb	1	3	2	9
ja	妖精	noun	1	3	2	9
ja	足取り	noun	1	3	2	9
ja	カナリア	noun	1	3	2	9
ja	信じよう	verb	1	3	2	9
ja	体格	noun	1	3	2	9
ja	送信	noun	1	3	2	9
ja	違わ	verb	1	3	2	9
ja	乗り換え	noun	1	3	2	9
ja	一郎	noun	1	3	1	9
ja	国旗	noun	1	3	1	9
ja	自活	noun	1	3	1	9
ja	釈迦	noun	1	3	1	9
ja	模範	noun	1	3	1	9
ja	ペリー	noun	1	3	1	9
ja	咳払い	noun	1	3	1	9
ja	押し	noun	1	3	1	9
ja	タッチ	noun	1	3	1	9
ja	マルチ	noun	1	3	1	9
ja	騒々しい	adjective	1	3	1	9
ja	脅し	noun	1	3	1	9
ja	通れる	verb	1	3	1	9
ja	加わる	verb	1	3	1	9
ja	指針	noun	1	3	1	9
ja	チョウ	noun	1	3	1	9
ja	補助	noun	1	3	1	9
ja	団子	noun	1	3	1	9
ja	一息	noun	1	3	1	9
ja	エーカー	noun	1	3	1	9
ja	くし	noun	1	3	1	9
ja	ケイコ	noun	1	3	1	9
ja	画期	noun	1	3	1	9
ja	証人	noun	1	3	1	9
ja	内向	noun	1	3	1	9
ja	殻	noun	1	3	1	9
ja	サマー	noun	1	3	1	9
ja	まあ	compounds	1	3	1	9
ja	ねー	adjective	1	3	1	9
ja	賛美	noun	1	3	1	9
ja	焼ける	verb	1	3	1	9
ja	スチュワーデス	noun	1	3	1	9
ja	締める	verb	1	3	1	9
ja	パストール	noun	1	3	1	9
ja	窓側	noun	1	3	1	9
ja	暴走	noun	1	3	1	9
ja	星空	noun	1	3	1	9
ja	ペスト	noun	1	3	1	9
ja	新刊	noun	1	3	1	9
ja	ジョーイ	noun	1	3	1	9
ja	住居	noun	1	3	1	9
ja	巨人	noun	1	3	1	9
ja	シリーズ	noun	1	3	1	9
ja	唱える	verb	1	3	1	9
ja	身動き	noun	1	3	1	9
ja	おとなしい	adjective	1	3	1	9
ja	浮か	verb	1	3	1	9
ja	余り	noun	1	3	1	9
ja	厳し	adjective	1	3	1	9
ja	リフティング	noun	1	3	1	9
ja	カタツムリ	noun	1	3	1	9
ja	渡ろう	verb	1	3	1	9
ja	通じる	verb	1	3	1	9
ja	投手	noun	1	3	1	9
ja	洗い物	noun	1	3	1	9
ja	レギュラー	noun	1	3	1	9
ja	顎	noun	1	3	0	9
ja	メアド	noun	1	3	0	9
ja	居所	noun	1	3	0	9
ja	見送る	verb	1	3	0	9
ja	突き止め	verb	1	3	0	9
ja	眉	noun	1	3	0	9
ja	走り回っ	verb	1	3	0	9
ja	見合わせ	verb	1	3	0	9
ja	トースター	noun	1	3	0	9
ja	こつ	noun	1	3	0	9
ja	彫像	noun	1	3	0	9
ja	言葉遣い	noun	1	3	0	9
ja	落石	noun	1	3	0	9
ja	アラブ	noun	1	3	0	9
ja	借用	noun	1	3	0	9
ja	引っ張る	verb	1	3	0	9
ja	抗生	noun	1	3	0	9
ja	デンマーク	noun	1	3	0	9
ja	学	noun	1	3	0	9
ja	溝	noun	1	3	0	9
ja	すっごく	adjective	1	3	0	9
ja	門限	noun	1	3	0	9
ja	物思い	noun	1	3	0	9
ja	一身	noun	1	3	0	9
ja	道端	noun	1	3	0	9
ja	線路	noun	1	3	0	9
ja	オーロラ	noun	1	3	0	9
ja	悪ふざけ	noun	1	3	0	9
ja	木材	noun	1	3	0	9
ja	探し求め	verb	1	3	0	9
ja	立ち直る	verb	1	3	0	9
ja	ハンガリー	noun	1	3	0	9
ja	ウール	noun	1	3	0	9
ja	ミツバチ	noun	1	3	0	9
ja	起きよう	verb	1	3	0	9
ja	抜け目	noun	1	3	0	9
ja	ヘルメット	noun	1	3	0	9
ja	立ち寄る	verb	1	3	0	9
ja	悲嘆	noun	1	3	0	9
ja	海面	noun	1	3	0	9
ja	トイレット	noun	1	3	0	9
ja	給食	noun	1	3	0	9
ja	レッカー	noun	1	3	0	9
ja	ソビエト	noun	1	3	0	9
ja	しゃっくり	noun	1	3	0	9
ja	錠剤	noun	1	3	0	9
ja	半身	noun	1	3	0	9
ja	南アフリカ	noun	1	3	0	9
ja	零下	noun	1	3	0	9
ja	ハンガー	noun	1	3	0	9
ja	染み	noun	1	3	0	9
ja	視覚	noun	1	3	0	9
ja	有給	noun	1	3	0	9
ja	プリン	noun	1	3	0	9
ja	大地	noun	1	3	0	9
ja	万物	noun	1	3	0	9
ja	ロード	noun	1	3	0	9
ja	吉田	noun	1	3	0	9
ja	呼び出さ	verb	1	3	0	9
ja	セミ	noun	1	3	0	9
ja	取り付か	verb	1	3	0	9
ja	偽善	noun	1	3	0	9
ja	アド	noun	1	3	0	9
ja	良家	noun	1	3	0	9
ja	婆	noun	1	3	0	9
ja	思いとどまら	verb	1	3	0	9
ja	サーフィン	noun	1	3	0	9
ja	架空	noun	1	3	0	9
ja	松山	noun	1	3	0	9
ja	仮病	noun	1	3	0	9
ja	取りやめ	verb	1	3	0	9
ja	羊毛	noun	1	3	0	9
ja	類	noun	1	3	0	9
ja	肝	noun	1	3	0	9
ja	役員	noun	1	3	0	9
ja	グレープフルーツ	noun	1	3	0	9
ja	ポチ	adverb	1	3	0	9
ja	劇作	noun	1	3	0	9
ja	タイピスト	noun	1	3	0	9
ja	情	noun	1	3	0	9
ja	ひび	noun	1	3	0	9
ja	面影	noun	1	3	0	9
ja	亀	noun	1	3	0	9
ja	故	noun	1	3	0	9
ja	すれ違っ	verb	1	3	0	9
ja	エミ	noun	1	3	0	9
ja	しっぽ	noun	1	3	0	9
ja	時差	noun	1	3	0	9
ja	こども	noun	1	3	0	9
ja	エイミー	noun	1	3	0	9
ja	笑	noun	1	3	0	9
ja	逆境	noun	1	3	0	9
ja	パー	noun	1	3	0	9
ja	冬休み	noun	1	3	0	9
ja	イチジク	noun	1	3	0	9
ja	反復	noun	1	3	0	9
ja	トラクター	noun	1	3	0	9
ja	つぼみ	noun	1	3	0	9
ja	調べ	noun	1	3	0	9
ja	笑い者	noun	1	3	0	9
ja	ワイシャツ	noun	1	3	0	9
ja	露	noun	1	3	0	9
ja	バブル	noun	1	3	0	9
ja	公務	noun	1	3	0	9
ja	見渡し	verb	1	3	0	9
ja	洗面	noun	1	3	0	9
ja	塾	noun	1	3	0	9
ja	一睡	noun	1	3	0	9
ja	葉巻	noun	1	3	0	9
ja	目薬	noun	1	3	0	9
ja	崇高	noun	1	3	0	9
ja	ユミ	noun	1	3	0	9
ja	免疫	noun	1	3	0	9
ja	陽	noun	1	3	0	9
ja	求人	noun	1	3	0	9
ja	わが家	noun	1	3	0	9
ja	療養	noun	1	3	0	9
ja	中年	noun	1	3	0	9
ja	逃げ去っ	verb	1	3	0	9
ja	四季	noun	1	3	0	9
ja	笛	noun	1	3	0	9
ja	白鳥	noun	1	3	0	9
ja	巻き起こし	verb	1	3	0	9
ja	細部	noun	1	3	0	9
ja	エース	noun	1	3	0	9
ja	辞表	noun	1	3	0	9
ja	カラス	noun	1	3	0	9
ja	追いつこう	verb	1	3	0	9
ja	万人	noun	1	3	0	9
ja	インスピレーション	noun	1	3	0	9
ja	見落とし	verb	1	3	0	9
ja	至る所	noun	1	3	0	9
ja	ペルー	noun	1	3	0	9
ja	ぐち	noun	1	3	0	9
ja	突っ立っ	verb	1	3	0	9
ja	算数	noun	1	3	0	9
ja	殺そう	verb	1	3	0	9
ja	天下	noun	1	3	0	9
ja	石けん	noun	1	3	0	9
ja	成し遂げる	verb	1	3	0	9
ja	青色	noun	1	3	0	9
ja	人文	noun	1	3	0	9
ja	アム	noun	1	3	0	9
ja	工作	noun	1	3	0	9
ja	静まり返っ	verb	1	3	0	9
ja	フィールド	noun	1	3	0	9
ja	待ち焦がれ	verb	1	3	0	9
ja	史上	noun	1	3	0	9
ja	四国	noun	1	3	0	9
ja	不可	noun	1	3	0	9
ja	立ちすくん	verb	1	3	0	9
ja	通そう	verb	1	3	0	9
ja	博多	noun	1	3	0	9
ja	サロン	noun	1	3	0	9
ja	歯茎	noun	1	3	0	9
ja	カキ	noun	1	3	0	9
ja	アイヌ	noun	1	3	0	9
ja	スモッグ	noun	1	3	0	9
ja	妨げ	noun	1	3	0	9
ja	言い争い	noun	1	3	0	9
ja	大分	adverb	1	3	0	9
ja	野鳥	noun	1	3	0	9
ja	日にち	noun	1	3	0	9
ja	半袖	noun	1	3	0	9
ja	筆	noun	1	3	0	9
ja	ミシュラン	noun	1	3	0	9
ja	ピアス	noun	1	3	0	9
ja	引き出し	verb	1	3	0	9
ja	雑音	noun	1	3	0	9
ja	書き上げ	verb	1	3	0	9
ja	基地	noun	1	3	0	9
ja	銀座	noun	1	3	0	9
ja	魚つり	noun	1	3	0	9
ja	よそ	noun	1	3	0	9
ja	背広	noun	1	3	0	9
ja	住み心地	noun	1	3	0	9
ja	兄貴	noun	1	3	0	9
ja	買い	noun	1	3	0	9
ja	兵庫	noun	1	3	0	9
ja	あらわし	verb	1	3	8	8
ja	呈し	verb	1	3	8	8
ja	整い	verb	1	3	8	8
ja	含み	verb	1	3	8	8
ja	まわし	verb	1	3	8	8
ja	乾杯	noun	1	3	8	8
ja	働かさ	verb	1	3	8	8
ja	焦がし	verb	1	3	8	8
ja	やさしかっ	adjective	1	3	8	8
ja	妬ん	verb	1	3	7	8
ja	死ね	verb	1	3	7	8
ja	驚かさ	verb	1	3	7	8
ja	乾かし	verb	1	3	7	8
ja	苦しめ	verb	1	3	7	8
ja	射殺	noun	1	3	7	8
ja	散らばっ	verb	1	3	7	8
ja	案じ	verb	1	3	7	8
ja	おかしかっ	adjective	1	3	7	8
ja	こね	verb	1	3	7	8
ja	つなが	verb	1	3	7	8
ja	ねたん	verb	1	3	7	8
ja	かなえ	verb	1	3	7	8
ja	利け	verb	1	3	7	8
ja	裂い	verb	1	3	7	8
ja	飛ばさ	verb	1	3	7	8
ja	付き	verb	1	3	7	8
ja	喋ら	verb	1	3	7	8
ja	うっとり	adverb	1	3	7	8
ja	導い	verb	1	3	7	8
ja	おもい	verb	1	3	7	8
ja	うらやん	verb	1	3	7	8
ja	あたり	verb	1	3	7	8
ja	浸し	verb	1	3	7	8
ja	ほどけ	verb	1	3	7	8
ja	おさめ	verb	1	3	7	8
ja	求めよ	verb	1	3	7	8
ja	まけ	verb	1	3	6	8
ja	参列	noun	1	3	6	8
ja	恥じる	verb	1	3	6	8
ja	たべ	verb	1	3	6	8
ja	裏切ら	verb	1	3	6	8
ja	のけ	verb	1	3	6	8
ja	力持ち	noun	1	3	6	8
ja	滅ぼし	verb	1	3	6	8
ja	たどっ	verb	1	3	6	8
ja	きこえ	verb	1	3	6	8
ja	加速	noun	1	3	6	8
ja	コリン	noun	1	3	6	8
ja	行かさ	verb	1	3	6	8
ja	うるさ	adjective	1	3	6	8
ja	手伝え	verb	1	3	6	8
ja	後ずさり	noun	1	3	6	8
ja	預ける	verb	1	3	6	8
ja	無益	noun	1	3	6	8
ja	アイザック	noun	1	3	6	8
ja	なん	verb	1	3	6	8
ja	改め	verb	1	3	6	8
ja	旬	noun	1	3	6	8
ja	企て	verb	1	3	6	8
ja	群がっ	verb	1	3	6	8
ja	送れ	verb	1	3	6	8
ja	座ら	verb	1	3	6	8
ja	見頃	noun	1	3	6	8
ja	もらし	verb	1	3	6	8
ja	名人	noun	1	3	6	8
ja	かわい	verb	1	3	6	8
ja	緩い	adjective	1	3	5	8
ja	縮ん	verb	1	3	5	8
ja	愛読	noun	1	3	5	8
ja	アップデート	noun	1	3	5	8
ja	賢かっ	adjective	1	3	5	8
ja	大当たり	noun	1	3	5	8
ja	張り	verb	1	3	5	8
ja	こだわる	verb	1	3	5	8
ja	願え	verb	1	3	5	8
ja	武道	noun	1	3	5	8
ja	ひと休み	noun	1	3	5	8
ja	走れ	verb	1	3	5	8
ja	細い	adjective	1	3	5	8
ja	整っ	verb	1	3	5	8
ja	剃っ	verb	1	3	5	8
ja	就き	verb	1	3	5	8
ja	抜か	verb	1	3	5	8
ja	淋しい	adjective	1	3	5	8
ja	吐き	verb	1	3	5	8
ja	加わり	verb	1	3	5	8
ja	から	verb	1	3	5	8
ja	トライ	noun	1	3	5	8
ja	待ち遠しい	adjective	1	3	5	8
ja	成し	verb	1	3	5	8
ja	踏ま	verb	1	3	5	8
ja	ださ	verb	1	3	5	8
ja	無くなる	verb	1	3	5	8
ja	絞っ	verb	1	3	5	8
ja	ややこしい	adjective	1	3	5	8
ja	カンカン	adverb	1	3	4	8
ja	かり	verb	1	3	4	8
ja	豊作	noun	1	3	4	8
ja	ありゃ	verb	1	3	4	8
ja	直せる	verb	1	3	4	8
ja	ニコニコ	adverb	1	3	4	8
ja	塩辛い	adjective	1	3	4	8
ja	バイオリニスト	noun	1	3	4	8
ja	直入	noun	1	3	4	8
ja	よこせ	verb	1	3	4	8
ja	手伝える	verb	1	3	4	8
ja	あける	verb	1	3	4	8
ja	保持	noun	1	3	4	8
ja	収束	noun	1	3	4	8
ja	くつろぐ	verb	1	3	4	8
ja	びっしょり	adverb	1	3	4	8
ja	叶う	verb	1	3	4	8
ja	稼ぎ	verb	1	3	4	8
ja	もどり	verb	1	3	4	8
ja	グラム	noun	1	3	4	8
ja	留まっ	verb	1	3	4	8
ja	ちがっ	verb	1	3	4	8
ja	ふけ	verb	1	3	4	8
ja	好き	verb	1	3	4	8
ja	おかす	verb	1	3	4	8
ja	包囲	noun	1	3	4	8
ja	若けれ	adjective	1	3	4	8
ja	明ける	verb	1	3	4	8
ja	すみ	verb	1	3	4	8
ja	誘い	verb	1	3	4	8
ja	止め	noun	1	3	3	8
ja	入用	noun	1	3	3	8
ja	生成	noun	1	3	3	8
ja	産まれ	verb	1	3	3	8
ja	ナンパ	noun	1	3	3	8
ja	スナック	noun	1	3	3	8
ja	務め	noun	1	3	3	8
ja	素人	noun	1	3	3	8
ja	許そう	verb	1	3	3	8
ja	騙し	verb	1	3	3	8
ja	旧姓	noun	1	3	3	8
ja	容赦	noun	1	3	3	8
ja	入賞	noun	1	3	3	8
ja	泳ごう	verb	1	3	3	8
ja	おくれ	verb	1	3	3	8
ja	むかっ	verb	1	3	3	8
ja	しきたり	noun	1	3	3	8
ja	暇潰し	noun	1	3	3	8
ja	功績	noun	1	3	3	8
ja	茹でる	verb	1	3	3	8
ja	水浸し	noun	1	3	3	8
ja	禁	noun	1	3	3	8
ja	未婚	noun	1	3	3	8
ja	寄る	verb	1	3	3	8
ja	鳴らす	verb	1	3	3	8
ja	座れる	verb	1	3	3	8
ja	弱	adjective	1	3	3	8
ja	じゃま	noun	1	3	3	8
ja	ちょい	adverb	1	3	3	8
ja	そうじ	noun	1	3	3	8
ja	粗野	noun	1	3	3	8
ja	空き家	noun	1	3	3	8
ja	いまいち	adverb	1	3	3	8
ja	しかめ	verb	1	3	3	8
ja	語句	noun	1	3	3	8
ja	落っこち	verb	1	3	3	8
ja	成す	verb	1	3	3	8
ja	押せ	verb	1	3	3	8
ja	ぎこちない	adjective	1	3	3	8
ja	クラッカー	noun	1	3	2	8
ja	危うい	adjective	1	3	2	8
ja	タレント	noun	1	3	2	8
ja	足る	verb	1	3	2	8
ja	シルク	noun	1	3	2	8
ja	教員	noun	1	3	2	8
ja	アマチュア	noun	1	3	2	8
ja	よし	noun	1	3	2	8
ja	パルメザン	noun	1	3	2	8
ja	弁	noun	1	3	2	8
ja	ペンス	noun	1	3	2	8
ja	長女	noun	1	3	2	8
ja	せっかち	noun	1	3	2	8
ja	妨害	noun	1	3	2	8
ja	数値	noun	1	3	2	8
ja	シマウマ	noun	1	3	2	8
ja	在学	noun	1	3	2	8
ja	手触り	noun	1	3	2	8
ja	披露	noun	1	3	2	8
ja	わんぱく	noun	1	3	2	8
ja	台詞	noun	1	3	2	8
ja	泥酔	noun	1	3	2	8
ja	カメラマン	noun	1	3	2	8
ja	オーケー	noun	1	3	2	8
ja	ウォーズ	noun	1	3	2	8
ja	熱し	verb	1	3	2	8
ja	マッシュルーム	noun	1	3	2	8
ja	ゲイ	noun	1	3	2	8
ja	げんか	noun	1	3	2	8
ja	ぼろぼろ	compounds	1	3	2	8
ja	フィレンツェ	noun	1	3	1	8
ja	ユー	noun	1	3	1	8
ja	ひき肉	noun	1	3	1	8
ja	東大	noun	1	3	1	8
ja	ハンター	noun	1	3	1	8
ja	召使い	noun	1	3	1	8
ja	リソース	noun	1	3	1	8
ja	踏む	verb	1	3	1	8
ja	漱石	noun	1	3	1	8
ja	こなせる	verb	1	3	1	8
ja	バッハ	noun	1	3	1	8
ja	書道	noun	1	3	1	8
ja	クローバー	noun	1	3	1	8
ja	戯曲	noun	1	3	1	8
ja	ありがたく	adjective	1	3	1	8
ja	ホスト	noun	1	3	1	8
ja	そわそわ	adverb	1	3	1	8
ja	ぬい	verb	1	3	1	8
ja	自棄	noun	1	3	1	8
ja	俳句	noun	1	3	1	8
ja	通例	noun	1	3	1	8
ja	鼻血	noun	1	3	1	8
ja	喜ばす	verb	1	3	1	8
ja	タイトル	noun	1	3	1	8
ja	うがい	noun	1	3	1	8
ja	きげん	noun	1	3	1	8
ja	かわら	verb	1	3	1	8
ja	安静	noun	1	3	1	8
ja	終点	noun	1	3	1	8
ja	仕上げよう	verb	1	3	1	8
ja	晩ごはん	noun	1	3	1	8
ja	ひっくり返し	verb	1	3	1	8
ja	従兄弟	noun	1	3	1	8
ja	だらだら	adverb	1	3	1	8
ja	つめ	noun	1	3	1	8
ja	ブタ	noun	1	3	1	8
ja	ためらわ	verb	1	3	1	8
ja	ブラウザ	noun	1	3	1	8
ja	氷河	noun	1	3	1	8
ja	メタル	noun	1	3	1	8
ja	ふざけ	verb	1	3	1	8
ja	すまし	verb	1	3	1	8
ja	危篤	noun	1	3	1	8
ja	にんじん	noun	1	3	1	8
ja	レシート	noun	1	3	1	8
ja	美女	noun	1	3	1	8
ja	審議	noun	1	3	1	8
ja	びりびり	adverb	1	3	1	8
ja	木星	noun	1	3	1	8
ja	パーカー	noun	1	3	1	8
ja	イヤリング	noun	1	3	1	8
ja	ベティー	noun	1	3	1	8
ja	パチンコ	noun	1	3	1	8
ja	回す	verb	1	3	1	8
ja	話し	noun	1	3	1	8
ja	気力	noun	1	3	1	8
ja	そろばん	noun	1	3	1	8
ja	ポテチ	noun	1	3	1	8
ja	時点	noun	1	3	1	8
ja	七夕	noun	1	3	1	8
ja	教え子	noun	1	3	1	8
ja	明	noun	1	3	0	8
ja	ミラノ	noun	1	3	0	8
ja	ハンバーグ	noun	1	3	0	8
ja	しつけ	noun	1	3	0	8
ja	腹痛	noun	1	3	0	8
ja	打ち勝っ	verb	1	3	0	8
ja	灰皿	noun	1	3	0	8
ja	八百屋	noun	1	3	0	8
ja	かかと	noun	1	3	0	8
ja	アイ	noun	1	3	0	8
ja	日増し	noun	1	3	0	8
ja	脱税	noun	1	3	0	8
ja	頼れる	verb	1	3	0	8
ja	へま	noun	1	3	0	8
ja	筋力	noun	1	3	0	8
ja	月末	noun	1	3	0	8
ja	専業	noun	1	3	0	8
ja	ユリ	noun	1	3	0	8
ja	ウェンディ	noun	1	3	0	8
ja	段落	noun	1	3	0	8
ja	売り切れ	verb	1	3	0	8
ja	吹きかけ	verb	1	3	0	8
ja	主任	noun	1	3	0	8
ja	氷山	noun	1	3	0	8
ja	動き回っ	verb	1	3	0	8
ja	えくぼ	noun	1	3	0	8
ja	猟師	noun	1	3	0	8
ja	弾	noun	1	3	0	8
ja	満タン	noun	1	3	0	8
ja	自画	noun	1	3	0	8
ja	鑑定	noun	1	3	0	8
ja	助け合う	verb	1	3	0	8
ja	単刀	noun	1	3	0	8
ja	たがい	noun	1	3	0	8
ja	泡	noun	1	3	0	8
ja	泣き	noun	1	3	0	8
ja	ビリ	noun	1	3	0	8
ja	シャベル	noun	1	3	0	8
ja	堤防	noun	1	3	0	8
ja	さくら	noun	1	3	0	8
ja	パンケーキ	noun	1	3	0	8
ja	ローラー	noun	1	3	0	8
ja	墓参り	noun	1	3	0	8
ja	高橋	noun	1	3	0	8
ja	歩き回る	verb	1	3	0	8
ja	犯行	noun	1	3	0	8
ja	ミルトン	noun	1	3	0	8
ja	さしあげ	verb	1	3	0	8
ja	ボディ	noun	1	3	0	8
ja	血管	noun	1	3	0	8
ja	高貴	noun	1	3	0	8
ja	カントリー	noun	1	3	0	8
ja	平方	noun	1	3	0	8
ja	病状	noun	1	3	0	8
ja	乗り込む	verb	1	3	0	8
ja	論点	noun	1	3	0	8
ja	花見	noun	1	3	0	8
ja	気性	noun	1	3	0	8
ja	ノブ	noun	1	3	0	8
ja	飲み会	noun	1	3	0	8
ja	悪友	noun	1	3	0	8
ja	おなら	noun	1	3	0	8
ja	混ぜ合わせ	verb	1	3	0	8
ja	小言	noun	1	3	0	8
ja	ショーシャンク	noun	1	3	0	8
ja	なぞなぞ	noun	1	3	0	8
ja	解説	noun	1	3	0	8
ja	ウェイト	noun	1	3	0	8
ja	晴雨	noun	1	3	0	8
ja	足し算	noun	1	3	0	8
ja	ぶっちゃけ	verb	1	3	0	8
ja	レイチェル	noun	1	3	0	8
ja	農産	noun	1	3	0	8
ja	ものすごい	adjective	1	3	0	8
ja	性欲	noun	1	3	0	8
ja	食用	noun	1	3	0	8
ja	生け花	noun	1	3	0	8
ja	悪運	noun	1	3	0	8
ja	万年	noun	1	3	0	8
ja	重税	noun	1	3	0	8
ja	上記	noun	1	3	0	8
ja	意向	noun	1	3	0	8
ja	見捨てる	verb	1	3	0	8
ja	黄色く	adjective	1	3	0	8
ja	カボチャ	noun	1	3	0	8
ja	箱根	noun	1	3	0	8
ja	楽々	adverb	1	3	0	8
ja	構内	noun	1	3	0	8
ja	収賄	noun	1	3	0	8
ja	飛び去っ	verb	1	3	0	8
ja	聞き飽き	verb	1	3	0	8
ja	折り合っ	verb	1	3	0	8
ja	応答	noun	1	3	0	8
ja	千里	noun	1	3	0	8
ja	拷問	noun	1	3	0	8
ja	野外	noun	1	3	0	8
ja	課税	noun	1	3	0	8
ja	あごひげ	noun	1	3	0	8
ja	悪臭	noun	1	3	0	8
ja	くぎ	noun	1	3	0	8
ja	早けれ	adjective	1	3	0	8
ja	肉屋	noun	1	3	0	8
ja	感受	noun	1	3	0	8
ja	昼夜	noun	1	3	0	8
ja	てんで	adverb	1	3	0	8
ja	ブリトー	noun	1	3	0	8
ja	物覚え	noun	1	3	0	8
ja	赤々	adverb	1	3	0	8
ja	甘酸っぱい	adjective	1	3	0	8
ja	引っかかっ	verb	1	3	0	8
ja	シャッター	noun	1	3	0	8
ja	ブランコ	noun	1	3	0	8
ja	やり直し	verb	1	3	0	8
ja	まるっきり	adverb	1	3	0	8
ja	すんごい	adjective	1	3	0	8
ja	会費	noun	1	3	0	8
ja	出来れ	verb	1	3	0	8
ja	水泡	noun	1	3	0	8
ja	預言	noun	1	3	0	8
ja	コンドーム	noun	1	3	0	8
ja	孫娘	noun	1	3	0	8
ja	地価	noun	1	3	0	8
ja	国務	noun	1	3	0	8
ja	太鼓	noun	1	3	0	8
ja	大差	noun	1	3	0	8
ja	自暴	noun	1	3	0	8
ja	方程	noun	1	3	0	8
ja	いったん	compounds	1	3	0	8
ja	抱きつい	verb	1	3	0	8
ja	里	noun	1	3	0	8
ja	骨折り	noun	1	3	0	8
ja	タイタニック	noun	1	3	0	8
ja	おかず	noun	1	3	0	8
ja	スクリーン	noun	1	3	0	8
ja	仇	noun	1	3	0	8
ja	賠償	noun	1	3	0	8
ja	引き続き	verb	1	3	0	8
ja	守備	noun	1	3	0	8
ja	乗り換える	verb	1	3	0	8
ja	回数	noun	1	3	0	8
ja	魚介	noun	1	3	0	8
ja	ロウソク	noun	1	3	0	8
ja	求婚	noun	1	3	0	8
ja	陪審	noun	1	3	0	8
ja	チラッ	adverb	1	3	0	8
ja	風呂場	noun	1	3	0	8
ja	避けよう	verb	1	3	0	8
ja	泣き崩れ	verb	1	3	0	8
ja	ドラゴン	noun	1	3	0	8
ja	理髪	noun	1	3	0	8
ja	たらふく	adverb	1	3	0	8
ja	言行	noun	1	3	0	8
ja	考え出し	verb	1	3	0	8
ja	割り勘	noun	1	3	0	8
ja	ブランデー	noun	1	3	0	8
ja	つまみ	noun	1	3	0	8
ja	駆け下り	verb	1	3	0	8
ja	受け継い	verb	1	3	0	8
ja	話し合わ	verb	1	3	0	8
ja	ターミナル	noun	1	3	0	8
ja	度々	adverb	1	3	0	8
ja	とりかかっ	verb	1	3	0	8
ja	散らかし	verb	1	3	0	8
ja	外車	noun	1	3	0	8
ja	総計	noun	1	3	0	8
ja	鉢	noun	1	3	0	8
ja	プライベート	noun	1	3	0	8
ja	リオ	noun	1	3	0	8
ja	ハチ	noun	1	3	0	8
ja	言いつけ	verb	1	3	0	8
ja	数千	noun	1	3	0	8
ja	バレエ	noun	1	3	0	8
ja	束	noun	1	3	0	8
ja	鳥かご	noun	1	3	0	8
ja	切り倒さ	verb	1	3	0	8
ja	引き上げ	verb	1	3	0	8
ja	箋	noun	1	3	0	8
ja	かけら	noun	1	3	0	8
ja	立ち去り	verb	1	3	0	8
ja	あらし	noun	1	3	0	8
ja	裏側	noun	1	3	0	8
ja	話し掛ける	verb	1	3	0	8
ja	ヘッド	noun	1	3	0	8
ja	熱湯	noun	1	3	0	8
ja	老い	verb	1	3	0	8
ja	モンゴル	noun	1	3	0	8
ja	金星	noun	1	3	0	8
ja	生来	noun	1	3	0	8
ja	流れ落ち	verb	1	3	0	8
ja	クローゼット	noun	1	3	0	8
ja	いっそ	adverb	1	3	0	8
ja	つかめ	verb	1	3	7	7
ja	測り	verb	1	3	7	7
ja	かぶれ	verb	1	3	7	7
ja	面食らっ	verb	1	3	7	7
ja	生き写し	noun	1	3	7	7
ja	仕上がっ	verb	1	3	7	7
ja	初耳	noun	1	3	7	7
ja	挟ん	verb	1	3	7	7
ja	剥奪	noun	1	3	7	7
ja	誓い	verb	1	3	7	7
ja	歌おう	verb	1	3	7	7
ja	そらし	verb	1	3	7	7
ja	上回っ	verb	1	3	7	7
ja	ささやい	verb	1	3	7	7
ja	量っ	verb	1	3	7	7
ja	力説	noun	1	3	7	7
ja	さまよっ	verb	1	3	7	7
ja	保ち	verb	1	3	7	7
ja	外さ	verb	1	3	7	7
ja	湧い	verb	1	3	7	7
ja	ののしっ	verb	1	3	6	7
ja	しでかし	verb	1	3	6	7
ja	ヒリヒリ	adverb	1	3	6	7
ja	前払い	noun	1	3	6	7
ja	別物	noun	1	3	6	7
ja	サミュエル	noun	1	3	6	7
ja	にらん	verb	1	3	6	7
ja	満載	noun	1	3	6	7
ja	あざ笑っ	verb	1	3	6	7
ja	ふけっ	verb	1	3	6	7
ja	ルーカス	noun	1	3	6	7
ja	宿る	verb	1	3	6	7
ja	鳴き	verb	1	3	6	7
ja	赤面	noun	1	3	6	7
ja	配ら	verb	1	3	6	7
ja	専心	noun	1	3	6	7
ja	他界	noun	1	3	6	7
ja	満喫	noun	1	3	6	7
ja	爆睡	noun	1	3	6	7
ja	剥い	verb	1	3	6	7
ja	こりごり	noun	1	3	6	7
ja	挫折	noun	1	3	6	7
ja	仕立て	verb	1	3	6	7
ja	決めよう	verb	1	3	6	7
ja	束ね	verb	1	3	6	7
ja	即死	noun	1	3	6	7
ja	短	adjective	1	3	6	7
ja	かゆい	adjective	1	3	6	7
ja	冷たかっ	adjective	1	3	6	7
ja	延ばさ	verb	1	3	6	7
ja	掲げ	verb	1	3	6	7
ja	探っ	verb	1	3	5	7
ja	くっつい	verb	1	3	5	7
ja	泣け	verb	1	3	5	7
ja	みつから	verb	1	3	5	7
ja	弱かっ	adjective	1	3	5	7
ja	ぐらぐら	adverb	1	3	5	7
ja	向ける	verb	1	3	5	7
ja	納め	verb	1	3	5	7
ja	固まっ	verb	1	3	5	7
ja	省く	verb	1	3	5	7
ja	片付い	verb	1	3	5	7
ja	自得	noun	1	3	5	7
ja	身震い	noun	1	3	5	7
ja	好し	noun	1	3	5	7
ja	くたびれ	verb	1	3	5	7
ja	とまっ	verb	1	3	5	7
ja	余っ	verb	1	3	5	7
ja	近寄っ	verb	1	3	5	7
ja	掛かる	verb	1	3	5	7
ja	前触れ	noun	1	3	5	7
ja	疑わしい	adjective	1	3	5	7
ja	無害	noun	1	3	5	7
ja	貫く	verb	1	3	5	7
ja	生やし	verb	1	3	5	7
ja	表せ	verb	1	3	5	7
ja	辞退	noun	1	3	5	7
ja	植え	verb	1	3	5	7
ja	遭い	verb	1	3	5	7
ja	破い	verb	1	3	5	7
ja	へた	noun	1	3	5	7
ja	ふれ	verb	1	3	5	7
ja	子持ち	noun	1	3	5	7
ja	進出	noun	1	3	4	7
ja	年長	noun	1	3	4	7
ja	求めよう	verb	1	3	4	7
ja	さらす	verb	1	3	4	7
ja	むかつく	verb	1	3	4	7
ja	おえ	verb	1	3	4	7
ja	励まさ	verb	1	3	4	7
ja	見れる	verb	1	3	4	7
ja	心細い	adjective	1	3	4	7
ja	惜しま	verb	1	3	4	7
ja	下位	noun	1	3	4	7
ja	座れ	verb	1	3	4	7
ja	途切れ	verb	1	3	4	7
ja	服役	noun	1	3	4	7
ja	捕まり	verb	1	3	4	7
ja	炒め	verb	1	3	4	7
ja	がんばる	verb	1	3	4	7
ja	はぐれ	verb	1	3	4	7
ja	罰し	verb	1	3	4	7
ja	ノア	noun	1	3	4	7
ja	ハラハラ	adverb	1	3	4	7
ja	判ら	verb	1	3	4	7
ja	かせぐ	verb	1	3	4	7
ja	不向き	noun	1	3	4	7
ja	黙ら	verb	1	3	4	7
ja	万端	noun	1	3	4	7
ja	盗ら	verb	1	3	4	7
ja	つつい	verb	1	3	4	7
ja	見よ	verb	1	3	4	7
ja	襲わ	verb	1	3	4	7
ja	一掃	noun	1	3	4	7
ja	代え	verb	1	3	4	7
ja	もれ	verb	1	3	4	7
ja	おさまる	verb	1	3	4	7
ja	飼わ	verb	1	3	4	7
ja	さぼっ	verb	1	3	4	7
ja	帰省	noun	1	3	4	7
ja	アスリート	noun	1	3	4	7
ja	頼め	verb	1	3	3	7
ja	縛ら	verb	1	3	3	7
ja	黙れ	verb	1	3	3	7
ja	まわる	verb	1	3	3	7
ja	そっ	verb	1	3	3	7
ja	昇り	verb	1	3	3	7
ja	南向き	noun	1	3	3	7
ja	不滅	noun	1	3	3	7
ja	しんどい	adjective	1	3	3	7
ja	腐ら	verb	1	3	3	7
ja	提携	noun	1	3	3	7
ja	達人	noun	1	3	3	7
ja	替え	verb	1	3	3	7
ja	再婚	noun	1	3	3	7
ja	澄まし	verb	1	3	3	7
ja	消せ	verb	1	3	3	7
ja	回れ	verb	1	3	3	7
ja	頑張ら	verb	1	3	3	7
ja	スケッチ	noun	1	3	3	7
ja	うろたえ	verb	1	3	3	7
ja	呆れ	verb	1	3	3	7
ja	払える	verb	1	3	3	7
ja	ぼーっと	adverb	1	3	3	7
ja	かけよう	verb	1	3	3	7
ja	甘やかし	verb	1	3	3	7
ja	全快	noun	1	3	3	7
ja	冬眠	noun	1	3	3	7
ja	吹け	verb	1	3	3	7
ja	盗っ	verb	1	3	3	7
ja	小さかっ	adjective	1	3	3	7
ja	フェア	noun	1	3	3	7
ja	収める	verb	1	3	3	7
ja	とらえる	verb	1	3	3	7
ja	放火	noun	1	3	2	7
ja	かぶる	verb	1	3	2	7
ja	青白い	adjective	1	3	2	7
ja	遠から	adjective	1	3	2	7
ja	さえ	verb	1	3	2	7
ja	逆立ち	noun	1	3	2	7
ja	立体	noun	1	3	2	7
ja	かぶら	verb	1	3	2	7
ja	テキーラ	noun	1	3	2	7
ja	家柄	noun	1	3	2	7
ja	万能	noun	1	3	2	7
ja	部員	noun	1	3	2	7
ja	盗人	noun	1	3	2	7
ja	ひとりぼっち	noun	1	3	2	7
ja	張ら	verb	1	3	2	7
ja	懐っこい	adjective	1	3	2	7
ja	片思い	noun	1	3	2	7
ja	年少	noun	1	3	2	7
ja	開き	noun	1	3	2	7
ja	噛み	verb	1	3	2	7
ja	震える	verb	1	3	2	7
ja	口外	noun	1	3	2	7
ja	色違い	noun	1	3	2	7
ja	ベーグル	noun	1	3	2	7
ja	モネ	noun	1	3	2	7
ja	大物	noun	1	3	2	7
ja	摂る	verb	1	3	2	7
ja	筆跡	noun	1	3	2	7
ja	焦ら	verb	1	3	2	7
ja	手遅れ	noun	1	3	2	7
ja	片道	noun	1	3	2	7
ja	ヒロイン	noun	1	3	2	7
ja	巻か	verb	1	3	2	7
ja	空き	verb	1	3	2	7
ja	バックアップ	noun	1	3	2	7
ja	やり手	noun	1	3	2	7
ja	スペシャリスト	noun	1	3	2	7
ja	当番	noun	1	3	2	7
ja	闘う	verb	1	3	2	7
ja	ガード	noun	1	3	2	7
ja	浮く	verb	1	3	2	7
ja	屈する	verb	1	3	2	7
ja	遭わ	verb	1	3	2	7
ja	あせっ	verb	1	3	2	7
ja	えらい	adjective	1	3	2	7
ja	なでなで	noun	1	3	2	7
ja	ドレッシング	noun	1	3	2	7
ja	さす	verb	1	3	2	7
ja	ボケ	noun	1	3	2	7
ja	アンソニー	noun	1	3	2	7
ja	名刺	noun	1	3	2	7
ja	保留	noun	1	3	2	7
ja	淹れる	verb	1	3	2	7
ja	スニーカー	noun	1	3	2	7
ja	人殺し	noun	1	3	1	7
ja	履く	verb	1	3	1	7
ja	ほどほど	noun	1	3	1	7
ja	情け	noun	1	3	1	7
ja	がつがつ	adverb	1	3	1	7
ja	ホース	noun	1	3	1	7
ja	うっとうしい	adjective	1	3	1	7
ja	醸造	noun	1	3	1	7
ja	めざし	verb	1	3	1	7
ja	ダチョウ	noun	1	3	1	7
ja	ブルース	noun	1	3	1	7
ja	満面	noun	1	3	1	7
ja	暴君	noun	1	3	1	7
ja	乗	noun	1	3	1	7
ja	開演	noun	1	3	1	7
ja	だらしない	adjective	1	3	1	7
ja	カプセル	noun	1	3	1	7
ja	主催	noun	1	3	1	7
ja	正門	noun	1	3	1	7
ja	憂うつ	noun	1	3	1	7
ja	ひととき	noun	1	3	1	7
ja	のる	verb	1	3	1	7
ja	うわべ	noun	1	3	1	7
ja	亡命	noun	1	3	1	7
ja	エスカルゴ	noun	1	3	1	7
ja	スパイダー	noun	1	3	1	7
ja	知ろう	verb	1	3	1	7
ja	恥ず	verb	1	3	1	7
ja	雲行き	noun	1	3	1	7
ja	薬物	noun	1	3	1	7
ja	近づき	noun	1	3	1	7
ja	灯油	noun	1	3	1	7
ja	憎む	verb	1	3	1	7
ja	ピンチ	noun	1	3	1	7
ja	ラマダン	noun	1	3	1	7
ja	多種	noun	1	3	1	7
ja	ミートボール	noun	1	3	1	7
ja	戦士	noun	1	3	1	7
ja	恐	adjective	1	3	1	7
ja	きっちり	adverb	1	3	1	7
ja	槍	noun	1	3	1	7
ja	持ち帰り	noun	1	3	1	7
ja	引け	noun	1	3	1	7
ja	フェミニスト	noun	1	3	1	7
ja	かき氷	noun	1	3	1	7
ja	コメディー	noun	1	3	1	7
ja	中庸	noun	1	3	1	7
ja	革製	noun	1	3	1	7
ja	チン	adverb	1	3	1	7
ja	さしあたり	adverb	1	3	1	7
ja	レンタル	noun	1	3	1	7
ja	つくづく	adverb	1	3	1	7
ja	歯並び	noun	1	3	1	7
ja	レビュー	noun	1	3	1	7
ja	快晴	noun	1	3	1	7
ja	ロバ	noun	1	3	1	7
ja	見せびらかす	verb	1	3	1	7
ja	ゆけ	verb	1	3	1	7
ja	長身	noun	1	3	1	7
ja	蝙蝠	noun	1	3	1	7
ja	合唱	noun	1	3	1	7
ja	貧血	noun	1	3	1	7
ja	ジェニー	noun	1	3	1	7
ja	嘲笑	noun	1	3	1	7
ja	色合い	noun	1	3	1	7
ja	溜まっ	verb	1	3	1	7
ja	素早い	adjective	1	3	1	7
ja	守ろう	verb	1	3	1	7
ja	ドガ	noun	1	3	1	7
ja	測る	verb	1	3	1	7
ja	灯台	noun	1	3	1	7
ja	のむ	verb	1	3	1	7
ja	立てれ	verb	1	3	1	7
ja	ほえる	verb	1	3	0	7
ja	親しみ	noun	1	3	0	7
ja	たどり着く	verb	1	3	0	7
ja	ミシン	noun	1	3	0	7
ja	取っ組み	verb	1	3	0	7
ja	物乞い	noun	1	3	0	7
ja	アメフト	noun	1	3	0	7
ja	取り合っ	verb	1	3	0	7
ja	水たまり	noun	1	3	0	7
ja	脇腹	noun	1	3	0	7
ja	商社	noun	1	3	0	7
ja	寒波	noun	1	3	0	7
ja	雨季	noun	1	3	0	7
ja	既婚	noun	1	3	0	7
ja	消し止め	verb	1	3	0	7
ja	減らそう	verb	1	3	0	7
ja	温か	adjective	1	3	0	7
ja	でっち上げ	verb	1	3	0	7
ja	身の毛	noun	1	3	0	7
ja	パッ	adverb	1	3	0	7
ja	ダイビング	noun	1	3	0	7
ja	連帯	noun	1	3	0	7
ja	おそれ	noun	1	3	0	7
ja	引き分け	noun	1	3	0	7
ja	死因	noun	1	3	0	7
ja	追いかける	verb	1	3	0	7
ja	ジェラート	noun	1	3	0	7
ja	シャンパン	noun	1	3	0	7
ja	叫び	noun	1	3	0	7
ja	狸	noun	1	3	0	7
ja	ナンバー	noun	1	3	0	7
ja	やっかい	noun	1	3	0	7
ja	細く	adjective	1	3	0	7
ja	フォン	noun	1	3	0	7
ja	具材	noun	1	3	0	7
ja	淡い	adjective	1	3	0	7
ja	チャーリー	noun	1	3	0	7
ja	脚本	noun	1	3	0	7
ja	起き上がっ	verb	1	3	0	7
ja	ココア	noun	1	3	0	7
ja	みよっ	verb	1	3	0	7
ja	胃袋	noun	1	3	0	7
ja	アフガニスタン	noun	1	3	0	7
ja	とくに	adverb	1	3	0	7
ja	よそ者	noun	1	3	0	7
ja	チャイム	noun	1	3	0	7
ja	油絵	noun	1	3	0	7
ja	追い出さ	verb	1	3	0	7
ja	聖霊	noun	1	3	0	7
ja	つま先	noun	1	3	0	7
ja	同級	noun	1	3	0	7
ja	炊飯	noun	1	3	0	7
ja	立ち入る	verb	1	3	0	7
ja	裏切り	noun	1	3	0	7
ja	重み	noun	1	3	0	7
ja	仕方なく	adjective	1	3	0	7
ja	水際	noun	1	3	0	7
ja	通りすがり	noun	1	3	0	7
ja	さびしく	adjective	1	3	0	7
ja	拳	noun	1	3	0	7
ja	かわるがわる	adverb	1	3	0	7
ja	避妊	noun	1	3	0	7
ja	カ所	noun	1	3	0	7
ja	肺ガン	noun	1	3	0	7
ja	立ち上がる	verb	1	3	0	7
ja	した	noun	1	3	0	7
ja	通りかかっ	verb	1	3	0	7
ja	時限	noun	1	3	0	7
ja	市外	noun	1	3	0	7
ja	着替え	noun	1	3	0	7
ja	賢者	noun	1	3	0	7
ja	言い張る	verb	1	3	0	7
ja	たま	noun	1	3	0	7
ja	着心地	noun	1	3	0	7
ja	漁夫	noun	1	3	0	7
ja	小枝	noun	1	3	0	7
ja	目つき	noun	1	3	0	7
ja	自家	noun	1	3	0	7
ja	入り込ん	verb	1	3	0	7
ja	マイクロ	noun	1	3	0	7
ja	鎮痛	noun	1	3	0	7
ja	切り取っ	verb	1	3	0	7
ja	心底	noun	1	3	0	7
ja	人事	noun	1	3	0	7
ja	容体	noun	1	3	0	7
ja	再考	noun	1	3	0	7
ja	生け捕り	noun	1	3	0	7
ja	生粋	noun	1	3	0	7
ja	責め	noun	1	3	0	7
ja	前列	noun	1	3	0	7
ja	ポーカー	noun	1	3	0	7
ja	見直し	verb	1	3	0	7
ja	とっとと	adverb	1	3	0	7
ja	日なた	noun	1	3	0	7
ja	新種	noun	1	3	0	7
ja	酢	noun	1	3	0	7
ja	見下ろす	verb	1	3	0	7
ja	迎え	noun	1	3	0	7
ja	神論	noun	1	3	0	7
ja	ガチョウ	noun	1	3	0	7
ja	ひとりひとり	noun	1	3	0	7
ja	口内	noun	1	3	0	7
ja	盛り上がっ	verb	1	3	0	7
ja	焼きたて	noun	1	3	0	7
ja	左腕	noun	1	3	0	7
ja	年輩	noun	1	3	0	7
ja	帰属	noun	1	3	0	7
ja	教皇	noun	1	3	0	7
ja	ふだん	noun	1	3	0	7
ja	今本	noun	1	3	0	7
ja	ウィルソン	noun	1	3	0	7
ja	唾	noun	1	3	0	7
ja	キケロ	noun	1	3	0	7
ja	焼きそば	noun	1	3	0	7
ja	こだわり	noun	1	3	0	7
ja	境	noun	1	3	0	7
ja	桁	noun	1	3	0	7
ja	切ない	adjective	1	3	0	7
ja	利子	noun	1	3	0	7
ja	スリッパ	noun	1	3	0	7
ja	忘れ去ら	verb	1	3	0	7
ja	見合い	noun	1	3	0	7
ja	アキラ	noun	1	3	0	7
ja	勇者	noun	1	3	0	7
ja	マドンナ	noun	1	3	0	7
ja	ブルーベリー	noun	1	3	0	7
ja	辞	noun	1	3	0	7
ja	財	noun	1	3	0	7
ja	盗賊	noun	1	3	0	7
ja	ばかばかしい	adjective	1	3	0	7
ja	衣料	noun	1	3	0	7
ja	高給	noun	1	3	0	7
ja	水疱	noun	1	3	0	7
ja	判子	noun	1	3	0	7
ja	ビリー	noun	1	3	0	7
ja	トロフィー	noun	1	3	0	7
ja	プロセッサ	noun	1	3	0	7
ja	酸っぱく	adjective	1	3	0	7
ja	いまさら	adverb	1	3	0	7
ja	待ちこがれ	verb	1	3	0	7
ja	なにより	compounds	1	3	0	7
ja	誤植	noun	1	3	0	7
ja	麻酔	noun	1	3	0	7
ja	ルックス	noun	1	3	0	7
ja	海軍	noun	1	3	0	7
ja	天狗	noun	1	3	0	7
ja	吹き消し	verb	1	3	0	7
ja	鎖	noun	1	3	0	7
ja	債務	noun	1	3	0	7
ja	水族	noun	1	3	0	7
ja	気球	noun	1	3	0	7
ja	指先	noun	1	3	0	7
ja	神田	noun	1	3	0	7
ja	ひらがな	noun	1	3	0	7
ja	スクランブル	noun	1	3	0	7
ja	ひっぱたい	verb	1	3	0	7
ja	導き	noun	1	3	0	7
ja	埠頭	noun	1	3	0	7
ja	形勢	noun	1	3	0	7
ja	ヤニ	noun	1	3	0	7
ja	ベア	noun	1	3	0	7
ja	追い払っ	verb	1	3	0	7
ja	引き付け	verb	1	3	0	7
ja	黒雲	noun	1	3	0	7
ja	島々	noun	1	3	0	7
ja	クリケット	noun	1	3	0	7
ja	オムレツ	noun	1	3	0	7
ja	腕立て	noun	1	3	0	7
ja	新潟	noun	1	3	0	7
ja	引っ張ら	verb	1	3	0	7
ja	ルイ	noun	1	3	0	7
ja	高所	noun	1	3	0	7
ja	局面	noun	1	3	0	7
ja	今し方	noun	1	3	0	7
ja	さぞ	adverb	1	3	0	7
ja	腰痛	noun	1	3	0	7
ja	コーディング	noun	1	3	0	7
ja	切り開い	verb	1	3	0	7
ja	物腰	noun	1	3	0	7
ja	手首	noun	1	3	0	7
ja	栗	noun	1	3	0	7
ja	奥の手	noun	1	3	0	7
ja	磨き	noun	1	3	0	7
ja	高官	noun	1	3	0	7
ja	ポーク	noun	1	3	0	7
ja	縦列	noun	1	3	0	7
ja	取り計らい	verb	1	3	0	7
ja	爺	noun	1	3	0	7
ja	駆け寄っ	verb	1	3	0	7
ja	逃げ出す	verb	1	3	0	7
ja	案の定	adverb	1	3	0	7
ja	書き物	noun	1	3	0	7
ja	ブローチ	noun	1	3	0	7
ja	まゆ	noun	1	3	0	7
ja	毛糸	noun	1	3	0	7
ja	嗅ぎつけ	verb	1	3	0	7
ja	応接	noun	1	3	0	7
ja	強み	noun	1	3	0	7
ja	生死	noun	1	3	0	7
ja	真っ直ぐ	adverb	1	3	0	7
ja	引こう	verb	1	3	0	7
ja	未遂	noun	1	3	0	7
ja	くどくど	adverb	1	3	0	7
ja	遺書	noun	1	3	0	7
ja	不整	noun	1	3	0	7
ja	骨身	noun	1	3	0	7
ja	オーディオ	noun	1	3	0	7
ja	自業	noun	1	3	0	7
ja	ヒート	noun	1	3	0	7
ja	償い	noun	1	3	0	7
ja	懐	noun	1	3	0	7
ja	はねつけ	verb	1	3	0	7
ja	合点	noun	1	3	0	7
ja	このかた	noun	1	3	0	7
ja	立ち向かう	verb	1	3	0	7
ja	呼び戻し	verb	1	3	0	7
ja	碁	noun	1	3	0	7
ja	うとうと	adverb	1	3	0	7
ja	知り合い	verb	1	3	0	7
ja	阪神	noun	1	3	0	7
ja	押し込ん	verb	1	3	0	7
ja	ロマンス	noun	1	3	0	7
ja	アレン	noun	1	3	0	7
ja	視界	noun	1	3	0	7
ja	止まれ	verb	1	3	0	7
ja	交響	noun	1	3	0	7
ja	金のこ	noun	1	3	0	7
ja	かけ	noun	1	3	0	7
ja	ポロ	noun	1	3	0	7
ja	いろ	verb	1	3	0	7
ja	自賛	noun	1	3	0	7
ja	恩義	noun	1	3	0	7
ja	噴水	noun	1	3	0	7
ja	下痢	noun	1	3	0	7
ja	摘む	verb	1	3	0	7
ja	人員	noun	1	3	0	7
ja	ジュ	noun	1	3	0	7
ja	チャンドラー	noun	1	3	0	7
ja	輝かしい	adjective	1	3	0	7
ja	白紙	noun	1	3	0	7
ja	差し込む	verb	1	3	0	7
ja	みじん	noun	1	3	0	7
ja	ＳＦ	noun	1	3	0	7
ja	病床	noun	1	3	0	7
ja	レオナルド	noun	1	3	0	7
ja	リセット	noun	1	3	0	7
ja	古城	noun	1	3	0	7
ja	混み合っ	verb	1	3	0	7
ja	語源	noun	1	3	0	7
ja	取扱	noun	1	3	0	7
ja	肘	noun	1	3	0	7
ja	夜更け	noun	1	3	0	7
ja	誠意	noun	1	3	0	7
ja	私事	noun	1	3	0	7
ja	今時	noun	1	3	0	7
ja	クミ	noun	1	3	0	7
ja	サメ	noun	1	3	0	7
ja	見向き	verb	1	3	0	7
ja	険しい	adjective	1	3	0	7
ja	作り上げ	verb	1	3	0	7
ja	磁力	noun	1	3	0	7
ja	立ち入り	noun	1	3	0	7
ja	要し	verb	1	3	6	6
ja	窮し	verb	1	3	6	6
ja	足せ	verb	1	3	6	6
ja	急騰	noun	1	3	6	6
ja	はかどっ	verb	1	3	6	6
ja	旅立っ	verb	1	3	6	6
ja	貯え	verb	1	3	6	6
ja	弱まっ	verb	1	3	6	6
ja	つなぎ	verb	1	3	6	6
ja	譲ら	verb	1	3	6	6
ja	彫っ	verb	1	3	6	6
ja	よそう	noun	1	3	6	6
ja	博し	verb	1	3	6	6
ja	閉口	noun	1	3	6	6
ja	委ね	verb	1	3	6	6
ja	明かさ	verb	1	3	6	6
ja	おち	verb	1	3	6	6
ja	傷付け	verb	1	3	6	6
ja	退け	verb	1	3	6	6
ja	つぶやい	verb	1	3	6	6
ja	蒸し暑かっ	adjective	1	3	6	6
ja	おおっ	verb	1	3	6	6
ja	召集	noun	1	3	6	6
ja	ねがい	verb	1	3	6	6
ja	命じ	verb	1	3	6	6
ja	かざし	verb	1	3	5	6
ja	沸い	verb	1	3	5	6
ja	閉ざさ	verb	1	3	5	6
ja	どい	verb	1	3	5	6
ja	見付け	verb	1	3	5	6
ja	たのん	verb	1	3	5	6
ja	島国	noun	1	3	5	6
ja	おんぶ	noun	1	3	5	6
ja	さらわ	verb	1	3	5	6
ja	扱え	verb	1	3	5	6
ja	びくびく	adverb	1	3	5	6
ja	たれ	verb	1	3	5	6
ja	呆れる	verb	1	3	5	6
ja	染まっ	verb	1	3	5	6
ja	毛嫌い	noun	1	3	5	6
ja	放さ	verb	1	3	5	6
ja	ミスっ	verb	1	3	5	6
ja	持ち逃げ	noun	1	3	5	6
ja	荒い	adjective	1	3	5	6
ja	未定	noun	1	3	5	6
ja	くじけ	verb	1	3	5	6
ja	築き	verb	1	3	5	6
ja	命名	noun	1	3	5	6
ja	金欠	noun	1	3	5	6
ja	明るかっ	adjective	1	3	5	6
ja	投じ	verb	1	3	5	6
ja	あき	verb	1	3	5	6
ja	渡ら	verb	1	3	5	6
ja	熟睡	noun	1	3	5	6
ja	改宗	noun	1	3	5	6
ja	治まっ	verb	1	3	5	6
ja	緩め	verb	1	3	5	6
ja	誓う	verb	1	3	5	6
ja	しかたない	adjective	1	3	5	6
ja	球体	noun	1	3	5	6
ja	エリヤ	noun	1	3	5	6
ja	お手上げ	noun	1	3	5	6
ja	オリバー	noun	1	3	5	6
ja	味わい	verb	1	3	5	6
ja	化し	verb	1	3	5	6
ja	縛っ	verb	1	3	5	6
ja	形作っ	verb	1	3	5	6
ja	合流	noun	1	3	4	6
ja	ひろっ	verb	1	3	4	6
ja	こすっ	verb	1	3	4	6
ja	すごかっ	adjective	1	3	4	6
ja	頑張れる	verb	1	3	4	6
ja	はれ	verb	1	3	4	6
ja	性分	noun	1	3	4	6
ja	撮ろう	verb	1	3	4	6
ja	フラフラ	adverb	1	3	4	6
ja	滅亡	noun	1	3	4	6
ja	念願	noun	1	3	4	6
ja	つくす	verb	1	3	4	6
ja	敬っ	verb	1	3	4	6
ja	登ら	verb	1	3	4	6
ja	どけ	verb	1	3	4	6
ja	怯え	verb	1	3	4	6
ja	錯覚	noun	1	3	4	6
ja	独りぼっち	noun	1	3	4	6
ja	暖冬	noun	1	3	4	6
ja	首席	noun	1	3	4	6
ja	こよっ	verb	1	3	4	6
ja	句読点	noun	1	3	4	6
ja	ひける	verb	1	3	4	6
ja	ふり	verb	1	3	4	6
ja	済み	verb	1	3	4	6
ja	動じ	verb	1	3	4	6
ja	過信	noun	1	3	4	6
ja	まっぴら	adverb	1	3	4	6
ja	預かり	verb	1	3	4	6
ja	障っ	verb	1	3	4	6
ja	たたえ	verb	1	3	4	6
ja	アクティビティ	noun	1	3	4	6
ja	移さ	verb	1	3	4	6
ja	承っ	verb	1	3	4	6
ja	ふるっ	verb	1	3	4	6
ja	程遠い	adjective	1	3	4	6
ja	障る	verb	1	3	4	6
ja	頼れ	verb	1	3	4	6
ja	不味い	adjective	1	3	4	6
ja	凍え	verb	1	3	4	6
ja	舐め	verb	1	3	4	6
ja	捨てよう	verb	1	3	4	6
ja	背い	verb	1	3	4	6
ja	屈服	noun	1	3	4	6
ja	なさら	verb	1	3	4	6
ja	見せかけ	noun	1	3	4	6
ja	仕業	noun	1	3	4	6
ja	炎上	noun	1	3	4	6
ja	日課	noun	1	3	4	6
ja	はかどら	verb	1	3	4	6
ja	貫い	verb	1	3	4	6
ja	フェリックス	noun	1	3	4	6
ja	震わせ	verb	1	3	4	6
ja	防い	verb	1	3	4	6
ja	ずるい	adjective	1	3	4	6
ja	しらべ	verb	1	3	4	6
ja	強い	verb	1	3	4	6
ja	山分け	noun	1	3	3	6
ja	ぬぐっ	verb	1	3	3	6
ja	便り	verb	1	3	3	6
ja	加わら	verb	1	3	3	6
ja	頂戴	noun	1	3	3	6
ja	飲まさ	verb	1	3	3	6
ja	マジシャン	noun	1	3	3	6
ja	一人っ子	noun	1	3	3	6
ja	震え	verb	1	3	3	6
ja	削っ	verb	1	3	3	6
ja	上手	adjective	1	3	3	6
ja	思いつき	noun	1	3	3	6
ja	チュー	noun	1	3	3	6
ja	黄	noun	1	3	3	6
ja	チビ	noun	1	3	3	6
ja	深まる	verb	1	3	3	6
ja	丁重	noun	1	3	3	6
ja	終っ	verb	1	3	3	6
ja	静まっ	verb	1	3	3	6
ja	重なっ	verb	1	3	3	6
ja	ごまかす	verb	1	3	3	6
ja	添削	noun	1	3	3	6
ja	泡立っ	verb	1	3	3	6
ja	出たて	noun	1	3	3	6
ja	日向ぼっこ	noun	1	3	3	6
ja	炒める	verb	1	3	3	6
ja	突い	verb	1	3	3	6
ja	偶数	noun	1	3	3	6
ja	制する	verb	1	3	3	6
ja	王者	noun	1	3	3	6
ja	昇格	noun	1	3	3	6
ja	買わさ	verb	1	3	3	6
ja	代わり	verb	1	3	3	6
ja	けっ	verb	1	3	3	6
ja	独り占め	noun	1	3	3	6
ja	ぼれ	noun	1	3	3	6
ja	ぞっこん	adverb	1	3	3	6
ja	媒体	noun	1	3	3	6
ja	磨か	verb	1	3	3	6
ja	幻滅	noun	1	3	3	6
ja	一憂	noun	1	3	3	6
ja	心地	noun	1	3	3	6
ja	愛す	verb	1	3	3	6
ja	キレ	verb	1	3	3	6
ja	オスカー	noun	1	3	3	6
ja	上げよう	verb	1	3	3	6
ja	果たせ	verb	1	3	3	6
ja	ムカムカ	adverb	1	3	3	6
ja	のろい	adjective	1	3	3	6
ja	イケ	verb	1	3	3	6
ja	揉ん	verb	1	3	3	6
ja	爽快	noun	1	3	3	6
ja	エクササイズ	noun	1	3	3	6
ja	短縮	noun	1	3	3	6
ja	戻す	verb	1	3	3	6
ja	借りよう	verb	1	3	3	6
ja	仲たがい	noun	1	3	2	6
ja	ワーク	noun	1	3	2	6
ja	炊く	verb	1	3	2	6
ja	兼ね	verb	1	3	2	6
ja	蹴る	verb	1	3	2	6
ja	小柄	noun	1	3	2	6
ja	わび	noun	1	3	2	6
ja	在住	noun	1	3	2	6
ja	とんとん	adverb	1	3	2	6
ja	爆撃	noun	1	3	2	6
ja	口添え	noun	1	3	2	6
ja	おかし	adjective	1	3	2	6
ja	告げ口	noun	1	3	2	6
ja	紙切れ	noun	1	3	2	6
ja	探そう	verb	1	3	2	6
ja	ずきずき	adverb	1	3	2	6
ja	かかろう	verb	1	3	2	6
ja	清算	noun	1	3	2	6
ja	シナリオ	noun	1	3	2	6
ja	呼ぼう	verb	1	3	2	6
ja	ふくらま	verb	1	3	2	6
ja	黒髪	noun	1	3	2	6
ja	頷い	verb	1	3	2	6
ja	かっか	adverb	1	3	2	6
ja	役場	noun	1	3	2	6
ja	そる	verb	1	3	2	6
ja	読破	noun	1	3	2	6
ja	乱雑	noun	1	3	2	6
ja	塗り	noun	1	3	2	6
ja	製作	noun	1	3	2	6
ja	手先	noun	1	3	2	6
ja	取り柄	noun	1	3	2	6
ja	察し	noun	1	3	2	6
ja	道連れ	noun	1	3	2	6
ja	教えよう	verb	1	3	2	6
ja	クリップ	noun	1	3	2	6
ja	はやり	noun	1	3	2	6
ja	ポピュラー	noun	1	3	2	6
ja	刈ら	verb	1	3	2	6
ja	大男	noun	1	3	2	6
ja	ボロネーゼ	noun	1	3	2	6
ja	あがら	verb	1	3	2	6
ja	カリカリ	adverb	1	3	2	6
ja	本分	noun	1	3	2	6
ja	味見	noun	1	3	2	6
ja	帰還	noun	1	3	2	6
ja	採集	noun	1	3	2	6
ja	難題	noun	1	3	2	6
ja	スライス	noun	1	3	2	6
ja	スカイプ	noun	1	3	2	6
ja	淹れ	verb	1	3	2	6
ja	答えれ	verb	1	3	2	6
ja	試行	noun	1	3	2	6
ja	受諾	noun	1	3	2	6
ja	ならん	verb	1	3	2	6
ja	立て	noun	1	3	2	6
ja	たち	noun	1	3	2	6
ja	温まる	verb	1	3	2	6
ja	水牛	noun	1	3	2	6
ja	つき	noun	1	3	1	6
ja	天の川	noun	1	3	1	6
ja	平成	noun	1	3	1	6
ja	祭	noun	1	3	1	6
ja	卑怯	noun	1	3	1	6
ja	ジェームス	noun	1	3	1	6
ja	ムース	noun	1	3	1	6
ja	ゴー	noun	1	3	1	6
ja	身内	noun	1	3	1	6
ja	酔う	verb	1	3	1	6
ja	カウボーイ	noun	1	3	1	6
ja	消火	noun	1	3	1	6
ja	転がる	verb	1	3	1	6
ja	かぼちゃ	noun	1	3	1	6
ja	新卒	noun	1	3	1	6
ja	勝ち目	noun	1	3	1	6
ja	ヘアー	noun	1	3	1	6
ja	残り物	noun	1	3	1	6
ja	人ごと	noun	1	3	1	6
ja	オリジナル	noun	1	3	1	6
ja	罹っ	verb	1	3	1	6
ja	打倒	noun	1	3	1	6
ja	える	verb	1	3	1	6
ja	再発	noun	1	3	1	6
ja	負かす	verb	1	3	1	6
ja	寝入り	noun	1	3	1	6
ja	勝者	noun	1	3	1	6
ja	おねしょ	noun	1	3	1	6
ja	上り	noun	1	3	1	6
ja	下ろす	verb	1	3	1	6
ja	出頭	noun	1	3	1	6
ja	誓い	noun	1	3	1	6
ja	肌寒い	adjective	1	3	1	6
ja	塗装	noun	1	3	1	6
ja	欠乏	noun	1	3	1	6
ja	百姓	noun	1	3	1	6
ja	学部	noun	1	3	1	6
ja	金槌	noun	1	3	1	6
ja	気立て	noun	1	3	1	6
ja	空き	noun	1	3	1	6
ja	引け	verb	1	3	1	6
ja	マクドナルド	noun	1	3	1	6
ja	ひな祭り	noun	1	3	1	6
ja	外れる	verb	1	3	1	6
ja	気合	noun	1	3	1	6
ja	不服	noun	1	3	1	6
ja	上がり	noun	1	3	1	6
ja	使者	noun	1	3	1	6
ja	気まずい	adjective	1	3	1	6
ja	とりこ	noun	1	3	1	6
ja	あたたかい	adjective	1	3	1	6
ja	どん底	noun	1	3	1	6
ja	音感	noun	1	3	1	6
ja	ビーバー	noun	1	3	1	6
ja	愛敬	noun	1	3	1	6
ja	彼岸	noun	1	3	1	6
ja	遺失	noun	1	3	1	6
ja	地名	noun	1	3	1	6
ja	怠ける	verb	1	3	1	6
ja	なまけ	verb	1	3	1	6
ja	庭師	noun	1	3	1	6
ja	蛍	noun	1	3	1	6
ja	巨乳	noun	1	3	1	6
ja	予知	noun	1	3	1	6
ja	害さ	verb	1	3	1	6
ja	楽天	noun	1	3	1	6
ja	ゴルファー	noun	1	3	1	6
ja	ねぇ	adjective	1	3	1	6
ja	茶色い	adjective	1	3	1	6
ja	言葉使い	noun	1	3	1	6
ja	特技	noun	1	3	1	6
ja	藁	noun	1	3	1	6
ja	左利き	noun	1	3	1	6
ja	リゾット	noun	1	3	1	6
ja	踊り子	noun	1	3	1	6
ja	はっと	adverb	1	3	1	6
ja	罰する	verb	1	3	1	6
ja	出来上がり	verb	1	3	1	6
ja	滑稽	noun	1	3	1	6
ja	子守	noun	1	3	1	6
ja	部署	noun	1	3	1	6
ja	汚点	noun	1	3	1	6
ja	乗せる	verb	1	3	1	6
ja	元妻	noun	1	3	1	6
ja	奏者	noun	1	3	1	6
ja	漁師	noun	1	3	1	6
ja	エンパナーダ	noun	1	3	1	6
ja	クッション	noun	1	3	1	6
ja	春休み	noun	1	3	1	6
ja	控除	noun	1	3	1	6
ja	聞かさ	verb	1	3	1	6
ja	コウモリ	noun	1	3	1	6
ja	ほこり	verb	1	3	1	6
ja	敬う	verb	1	3	1	6
ja	レア	noun	1	3	1	6
ja	くだもの	noun	1	3	1	6
ja	曜日	noun	1	3	0	6
ja	うまい	compounds	1	3	0	6
ja	虜	noun	1	3	0	6
ja	一命	noun	1	3	0	6
ja	開け放し	verb	1	3	0	6
ja	キャンパス	noun	1	3	0	6
ja	新税	noun	1	3	0	6
ja	仕事帰り	noun	1	3	0	6
ja	ピエロ	noun	1	3	0	6
ja	マーベル	noun	1	3	0	6
ja	飛び込む	verb	1	3	0	6
ja	バリ	noun	1	3	0	6
ja	ついで	compounds	1	3	0	6
ja	連立	noun	1	3	0	6
ja	引きずっ	verb	1	3	0	6
ja	星座	noun	1	3	0	6
ja	六十	noun	1	3	0	6
ja	取り込ん	verb	1	3	0	6
ja	各駅	noun	1	3	0	6
ja	右目	noun	1	3	0	6
ja	禍	noun	1	3	0	6
ja	ボーリング	noun	1	3	0	6
ja	洞穴	noun	1	3	0	6
ja	押し流さ	verb	1	3	0	6
ja	干上がっ	verb	1	3	0	6
ja	校門	noun	1	3	0	6
ja	知力	noun	1	3	0	6
ja	ヒゲ	noun	1	3	0	6
ja	立ち込め	verb	1	3	0	6
ja	小指	noun	1	3	0	6
ja	ソックス	noun	1	3	0	6
ja	ジャスティン	noun	1	3	0	6
ja	フグ	noun	1	3	0	6
ja	飛びつい	verb	1	3	0	6
ja	押し開け	verb	1	3	0	6
ja	一刻	noun	1	3	0	6
ja	取り壊し	verb	1	3	0	6
ja	従おう	verb	1	3	0	6
ja	トピック	noun	1	3	0	6
ja	あっけなく	adjective	1	3	0	6
ja	パット	noun	1	3	0	6
ja	ハイチ	noun	1	3	0	6
ja	バクテリア	noun	1	3	0	6
ja	よじ登っ	verb	1	3	0	6
ja	フィービー	noun	1	3	0	6
ja	審美	noun	1	3	0	6
ja	金沢	noun	1	3	0	6
ja	ぐるり	adverb	1	3	0	6
ja	さっち	noun	1	3	0	6
ja	本に	adverb	1	3	0	6
ja	ミカン	noun	1	3	0	6
ja	火花	noun	1	3	0	6
ja	辛うじて	adverb	1	3	0	6
ja	ありったけ	noun	1	3	0	6
ja	薬剤	noun	1	3	0	6
ja	紫外	noun	1	3	0	6
ja	玄米	noun	1	3	0	6
ja	面白み	noun	1	3	0	6
ja	トランペット	noun	1	3	0	6
ja	生まれ変わっ	verb	1	3	0	6
ja	富豪	noun	1	3	0	6
ja	ランダム	noun	1	3	0	6
ja	猟犬	noun	1	3	0	6
ja	寝言	noun	1	3	0	6
ja	てひどい	adjective	1	3	0	6
ja	抱き締め	verb	1	3	0	6
ja	通りぬけ	verb	1	3	0	6
ja	一介	noun	1	3	0	6
ja	学説	noun	1	3	0	6
ja	撃ち合い	noun	1	3	0	6
ja	交番	noun	1	3	0	6
ja	輝き	noun	1	3	0	6
ja	ステッキ	noun	1	3	0	6
ja	二流	noun	1	3	0	6
ja	仲裁	noun	1	3	0	6
ja	合間	noun	1	3	0	6
ja	クラスト	noun	1	3	0	6
ja	先見	noun	1	3	0	6
ja	落ち込む	verb	1	3	0	6
ja	裁縫	noun	1	3	0	6
ja	癇癪	noun	1	3	0	6
ja	笑いかけ	verb	1	3	0	6
ja	はしっぽ	noun	1	3	0	6
ja	揚げ足	noun	1	3	0	6
ja	リブ	noun	1	3	0	6
ja	空き缶	noun	1	3	0	6
ja	律	noun	1	3	0	6
ja	清掃	noun	1	3	0	6
ja	行き先	noun	1	3	0	6
ja	売店	noun	1	3	0	6
ja	奥歯	noun	1	3	0	6
ja	千葉	noun	1	3	0	6
ja	鼻歌	noun	1	3	0	6
ja	音質	noun	1	3	0	6
ja	寝ぼけ	verb	1	3	0	6
ja	打ち解け	verb	1	3	0	6
ja	定休	noun	1	3	0	6
ja	時たま	adverb	1	3	0	6
ja	起き上がる	verb	1	3	0	6
ja	家業	noun	1	3	0	6
ja	家路	noun	1	3	0	6
ja	日程	noun	1	3	0	6
ja	幼く	adjective	1	3	0	6
ja	野獣	noun	1	3	0	6
ja	ガウン	noun	1	3	0	6
ja	切り落とし	verb	1	3	0	6
ja	詰め込ま	verb	1	3	0	6
ja	悪評	noun	1	3	0	6
ja	軽井沢	noun	1	3	0	6
ja	材木	noun	1	3	0	6
ja	転げ落ち	verb	1	3	0	6
ja	選び出し	verb	1	3	0	6
ja	大海	noun	1	3	0	6
ja	代数	noun	1	3	0	6
ja	志	noun	1	3	0	6
ja	震え上がっ	verb	1	3	0	6
ja	マヨネーズ	noun	1	3	0	6
ja	よろしかっ	adjective	1	3	0	6
ja	マーガリン	noun	1	3	0	6
ja	師	noun	1	3	0	6
ja	より	noun	1	3	0	6
ja	泣き声	noun	1	3	0	6
ja	切り詰め	verb	1	3	0	6
ja	飲み込め	verb	1	3	0	6
ja	速球	noun	1	3	0	6
ja	めでたい	adjective	1	3	0	6
ja	バタン	adverb	1	3	0	6
ja	故人	noun	1	3	0	6
ja	首位	noun	1	3	0	6
ja	懐かしく	adjective	1	3	0	6
ja	行く手	noun	1	3	0	6
ja	ウェア	noun	1	3	0	6
ja	首輪	noun	1	3	0	6
ja	母乳	noun	1	3	0	6
ja	供	noun	1	3	0	6
ja	はたして	adverb	1	3	0	6
ja	先方	noun	1	3	0	6
ja	ロジャー	noun	1	3	0	6
ja	中庭	noun	1	3	0	6
ja	守り	noun	1	3	0	6
ja	口頭	noun	1	3	0	6
ja	針金	noun	1	3	0	6
ja	排尿	noun	1	3	0	6
ja	クラフト	noun	1	3	0	6
ja	南米	noun	1	3	0	6
ja	勝ち取っ	verb	1	3	0	6
ja	ルーク	noun	1	3	0	6
ja	やかん	noun	1	3	0	6
ja	狙い	noun	1	3	0	6
ja	光線	noun	1	3	0	6
ja	け	noun	1	3	0	6
ja	かみつい	verb	1	3	0	6
ja	語りかけ	verb	1	3	0	6
ja	スポンジ	noun	1	3	0	6
ja	パース	noun	1	3	0	6
ja	隔週	noun	1	3	0	6
ja	デイブ	noun	1	3	0	6
ja	無言	noun	1	3	0	6
ja	至極	adverb	1	3	0	6
ja	手の内	noun	1	3	0	6
ja	嫌気	noun	1	3	0	6
ja	きり	noun	1	3	0	6
ja	暗算	noun	1	3	0	6
ja	カン	noun	1	3	0	6
ja	遊び心	noun	1	3	0	6
ja	自販	noun	1	3	0	6
ja	ハイカー	noun	1	3	0	6
ja	フィリピン	noun	1	3	0	6
ja	ふろ	noun	1	3	0	6
ja	レジャー	noun	1	3	0	6
ja	ミイラ	noun	1	3	0	6
ja	豚骨	noun	1	3	0	6
ja	蓄え	noun	1	3	0	6
ja	内科	noun	1	3	0	6
ja	狂人	noun	1	3	0	6
ja	とりとめ	verb	1	3	0	6
ja	古来	noun	1	3	0	6
ja	鷹	noun	1	3	0	6
ja	投げ出し	verb	1	3	0	6
ja	立ち直れ	verb	1	3	0	6
ja	受け取ろう	verb	1	3	0	6
ja	えーと	compounds	1	3	0	6
ja	盛り付け	verb	1	3	0	6
ja	吐き出し	verb	1	3	0	6
ja	一喜	noun	1	3	0	6
ja	バルセロナ	noun	1	3	0	6
ja	菜食	noun	1	3	0	6
ja	またまた	adverb	1	3	0	6
ja	寝台	noun	1	3	0	6
ja	時給	noun	1	3	0	6
ja	フクロウ	noun	1	3	0	6
ja	パウダー	noun	1	3	0	6
ja	ソロ	noun	1	3	0	6
ja	いさかい	noun	1	3	0	6
ja	程	noun	1	3	0	6
ja	押しのけ	verb	1	3	0	6
ja	サウンド	noun	1	3	0	6
ja	見逃さ	verb	1	3	0	6
ja	めっきり	adverb	1	3	0	6
ja	でっちあげ	verb	1	3	0	6
ja	やり直さ	verb	1	3	0	6
ja	日用	noun	1	3	0	6
ja	ぎめ	noun	1	3	0	6
ja	エスカレーター	noun	1	3	0	6
ja	おまわり	noun	1	3	0	6
ja	見上げる	verb	1	3	0	6
ja	生気	noun	1	3	0	6
ja	エレベータ	noun	1	3	0	6
ja	炭水	noun	1	3	0	6
ja	治安	noun	1	3	0	6
ja	エドガー	noun	1	3	0	6
ja	蜜蜂	noun	1	3	0	6
ja	タマネギ	noun	1	3	0	6
ja	長靴	noun	1	3	0	6
ja	実例	noun	1	3	0	6
ja	切りつめ	verb	1	3	0	6
ja	空所	noun	1	3	0	6
ja	直そう	verb	1	3	0	6
ja	礼状	noun	1	3	0	6
ja	がたがた	adverb	1	3	0	6
ja	乳製	noun	1	3	0	6
ja	特製	noun	1	3	0	6
ja	固める	verb	1	3	0	6
ja	たこ焼き	noun	1	3	0	6
ja	家系	noun	1	3	0	6
ja	怒り狂っ	verb	1	3	0	6
ja	苔	noun	1	3	0	6
ja	づける	verb	1	3	0	6
ja	つきあう	verb	1	3	0	6
ja	取り返し	verb	1	3	0	6
ja	言い渡さ	verb	1	3	0	6
ja	ＯＳ	noun	1	3	0	6
ja	ぬくもり	noun	1	3	0	6
ja	座り心地	noun	1	3	0	6
ja	古着	noun	1	3	0	6
ja	たか	noun	1	3	0	6
ja	ときおり	adverb	1	3	0	6
ja	ヴァイオリン	noun	1	3	0	6
ja	心遣い	noun	1	3	0	6
ja	愛し合う	verb	1	3	0	6
ja	シャンペン	noun	1	3	0	6
ja	ドライヤー	noun	1	3	0	6
ja	駆け込ん	verb	1	3	0	6
ja	ペダル	noun	1	3	0	6
ja	続編	noun	1	3	0	6
ja	風鈴	noun	1	3	0	6
ja	竜	noun	1	3	0	6
ja	船旅	noun	1	3	0	6
ja	税関	noun	1	3	0	6
ja	アラバマ	noun	1	3	0	6
ja	プレッシャー	noun	1	3	0	6
ja	バレリーナ	noun	1	3	0	6
ja	七十	noun	1	3	0	6
ja	パティ	noun	1	3	0	6
ja	多年	noun	1	3	0	6
ja	会期	noun	1	3	0	6
ja	歳月	noun	1	3	0	6
ja	マグロ	noun	1	3	0	6
ja	厚かましく	adjective	1	3	0	6
ja	見栄	noun	1	3	0	6
ja	肥満	noun	1	3	0	6
ja	おべっか	noun	1	3	0	6
ja	出来高	noun	1	3	0	6
ja	リーダーシップ	noun	1	3	0	6
ja	かき分け	verb	1	3	0	6
ja	デニス	noun	1	3	0	6
ja	見苦しい	adjective	1	3	0	6
ja	雑用	noun	1	3	0	6
ja	考え出す	verb	1	3	0	6
ja	こってり	adverb	1	3	0	6
ja	スラム	noun	1	3	0	6
ja	カジュアル	noun	1	3	0	6
ja	カリキュラム	noun	1	3	0	6
ja	舞踏	noun	1	3	0	6
ja	ゼリー	noun	1	3	0	6
ja	やましい	adjective	1	3	0	6
ja	久しく	adjective	1	3	0	6
ja	身の上	noun	1	3	0	6
ja	焼け落ち	verb	1	3	0	6
ja	肩幅	noun	1	3	0	6
ja	夢想	noun	1	3	0	6
ja	乗り捨て	verb	1	3	0	6
ja	コンマ	noun	1	3	0	6
ja	後生	noun	1	3	0	6
ja	稲光	noun	1	3	0	6
ja	引き返し	verb	1	3	0	6
ja	水ぶくれ	noun	1	3	0	6
ja	ガール	noun	1	3	0	6
ja	早まっ	verb	1	3	0	6
ja	にっち	noun	1	3	0	6
ja	歯痛	noun	1	3	0	6
ja	等しかっ	adjective	1	3	5	5
ja	拝借	noun	1	3	5	5
ja	とかし	verb	1	3	5	5
ja	しくじっ	verb	1	3	5	5
ja	横たえ	verb	1	3	5	5
ja	同感	noun	1	3	5	5
ja	誓わ	verb	1	3	5	5
ja	嗅い	verb	1	3	5	5
ja	あこがれ	verb	1	3	5	5
ja	振れ	verb	1	3	5	5
ja	報い	verb	1	3	5	5
ja	ふえ	verb	1	3	5	5
ja	立てよう	verb	1	3	5	5
ja	あらわす	verb	1	3	5	5
ja	どぎまぎ	adverb	1	3	5	5
ja	畳ん	verb	1	3	5	5
ja	かわし	verb	1	3	5	5
ja	幸せ者	noun	1	3	5	5
ja	割り	verb	1	3	5	5
ja	左折	noun	1	3	5	5
ja	ゆずっ	verb	1	3	5	5
ja	圧勝	noun	1	3	5	5
ja	見舞っ	verb	1	3	5	5
ja	拭き	verb	1	3	5	5
ja	仰い	verb	1	3	5	5
ja	あしらっ	verb	1	3	5	5
ja	つくさ	verb	1	3	5	5
ja	わび	verb	1	3	5	5
ja	構え	verb	1	3	5	5
ja	イアン	noun	1	3	5	5
ja	鈍っ	verb	1	3	5	5
ja	踊ろう	verb	1	3	5	5
ja	放せ	verb	1	3	5	5
ja	かさ	verb	1	3	5	5
ja	なつい	verb	1	3	5	5
ja	表わし	verb	1	3	5	5
ja	厳禁	noun	1	3	5	5
ja	考えろ	verb	1	3	5	5
ja	的はずれ	noun	1	3	5	5
ja	ユリシーズ	noun	1	3	5	5
ja	講じ	verb	1	3	5	5
ja	わずらっ	verb	1	3	5	5
ja	まずかっ	adjective	1	3	5	5
ja	弾か	verb	1	3	4	5
ja	こたえる	verb	1	3	4	5
ja	灯し	verb	1	3	4	5
ja	さまよい	verb	1	3	4	5
ja	輝き	verb	1	3	4	5
ja	泥まみれ	noun	1	3	4	5
ja	苦し	adjective	1	3	4	5
ja	抜き	verb	1	3	4	5
ja	踊れる	verb	1	3	4	5
ja	健在	noun	1	3	4	5
ja	用立て	verb	1	3	4	5
ja	いかれ	verb	1	3	4	5
ja	飛ば	verb	1	3	4	5
ja	過敏	noun	1	3	4	5
ja	あらわれ	verb	1	3	4	5
ja	すくめ	verb	1	3	4	5
ja	支払え	verb	1	3	4	5
ja	セーフ	noun	1	3	4	5
ja	計り	verb	1	3	4	5
ja	甘かっ	adjective	1	3	4	5
ja	スッキリ	adverb	1	3	4	5
ja	競っ	verb	1	3	4	5
ja	うつさ	verb	1	3	4	5
ja	戸惑っ	verb	1	3	4	5
ja	あたら	verb	1	3	4	5
ja	ゲット	noun	1	3	4	5
ja	うなずき	verb	1	3	4	5
ja	受から	verb	1	3	4	5
ja	好物	noun	1	3	4	5
ja	優しかっ	adjective	1	3	4	5
ja	請う	verb	1	3	4	5
ja	伴っ	verb	1	3	4	5
ja	しり	verb	1	3	4	5
ja	楽しもう	verb	1	3	4	5
ja	ひど	adjective	1	3	4	5
ja	殴り	verb	1	3	4	5
ja	泊まろう	verb	1	3	4	5
ja	怠る	verb	1	3	4	5
ja	まごつい	verb	1	3	4	5
ja	はずさ	verb	1	3	4	5
ja	スルー	noun	1	3	4	5
ja	絶交	noun	1	3	4	5
ja	ガブリエル	noun	1	3	4	5
ja	みつかっ	verb	1	3	4	5
ja	弁償	noun	1	3	4	5
ja	浴びせ	verb	1	3	4	5
ja	ずれ	verb	1	3	4	5
ja	うかがっ	verb	1	3	4	5
ja	上り	verb	1	3	4	5
ja	わか	verb	1	3	4	5
ja	もがい	verb	1	3	4	5
ja	寄ら	verb	1	3	4	5
ja	怒鳴っ	verb	1	3	4	5
ja	さすっ	verb	1	3	4	5
ja	つねっ	verb	1	3	4	5
ja	悲しま	verb	1	3	4	5
ja	辛かっ	adjective	1	3	4	5
ja	任さ	verb	1	3	4	5
ja	疑い	verb	1	3	4	5
ja	生み	verb	1	3	4	5
ja	虚しい	adjective	1	3	4	5
ja	残り	verb	1	3	4	5
ja	眠かっ	adjective	1	3	3	5
ja	愛らしい	adjective	1	3	3	5
ja	忘れよう	verb	1	3	3	5
ja	なじめ	verb	1	3	3	5
ja	休もう	verb	1	3	3	5
ja	うかべ	verb	1	3	3	5
ja	ダサい	adjective	1	3	3	5
ja	同棲	noun	1	3	3	5
ja	注が	verb	1	3	3	5
ja	倒さ	verb	1	3	3	5
ja	くずれ	verb	1	3	3	5
ja	洗脳	noun	1	3	3	5
ja	交付	noun	1	3	3	5
ja	察し	verb	1	3	3	5
ja	正装	noun	1	3	3	5
ja	照れ	verb	1	3	3	5
ja	見し	verb	1	3	3	5
ja	つらかっ	adjective	1	3	3	5
ja	難解	noun	1	3	3	5
ja	暴発	noun	1	3	3	5
ja	逢い	verb	1	3	3	5
ja	登れる	verb	1	3	3	5
ja	イマイチ	adverb	1	3	3	5
ja	しぼっ	verb	1	3	3	5
ja	交信	noun	1	3	3	5
ja	熟れ	verb	1	3	3	5
ja	やみ	verb	1	3	3	5
ja	補充	noun	1	3	3	5
ja	腹ペコ	noun	1	3	3	5
ja	防水	noun	1	3	3	5
ja	いそがしい	adjective	1	3	3	5
ja	現す	verb	1	3	3	5
ja	歌い手	noun	1	3	3	5
ja	東風	noun	1	3	3	5
ja	大忙し	noun	1	3	3	5
ja	心変わり	noun	1	3	3	5
ja	まいっ	verb	1	3	3	5
ja	禁ずる	verb	1	3	3	5
ja	鈍感	noun	1	3	3	5
ja	くもっ	verb	1	3	3	5
ja	そらす	verb	1	3	3	5
ja	奇数	noun	1	3	3	5
ja	顧み	verb	1	3	3	5
ja	遠	adjective	1	3	3	5
ja	上の空	noun	1	3	3	5
ja	折ら	verb	1	3	3	5
ja	とい	verb	1	3	3	5
ja	酒飲み	noun	1	3	3	5
ja	かすめ	verb	1	3	3	5
ja	気遣っ	verb	1	3	3	5
ja	御座い	verb	1	3	3	5
ja	ささ	verb	1	3	3	5
ja	みっともない	adjective	1	3	3	5
ja	行き来	noun	1	3	3	5
ja	溶かし	verb	1	3	3	5
ja	現われる	verb	1	3	3	5
ja	気まぐれ	noun	1	3	3	5
ja	眠たかっ	adjective	1	3	3	5
ja	甘やかさ	verb	1	3	3	5
ja	ばっちり	adverb	1	3	3	5
ja	はさまっ	verb	1	3	3	5
ja	すべっ	verb	1	3	3	5
ja	帝王	noun	1	3	3	5
ja	腰かけ	verb	1	3	3	5
ja	同化	noun	1	3	3	5
ja	配り	verb	1	3	3	5
ja	ぬるい	adjective	1	3	3	5
ja	ひねっ	verb	1	3	3	5
ja	視聴	noun	1	3	3	5
ja	ビクター	noun	1	3	3	5
ja	考えよう	verb	1	3	3	5
ja	コラーダ	noun	1	3	2	5
ja	危なかっ	adjective	1	3	2	5
ja	丸め	verb	1	3	2	5
ja	ファーリー	noun	1	3	2	5
ja	かかさ	verb	1	3	2	5
ja	淑女	noun	1	3	2	5
ja	乾く	verb	1	3	2	5
ja	膨らま	verb	1	3	2	5
ja	中傷	noun	1	3	2	5
ja	泊り	verb	1	3	2	5
ja	おきる	verb	1	3	2	5
ja	筋違い	noun	1	3	2	5
ja	おっしゃり	verb	1	3	2	5
ja	落ち	noun	1	3	2	5
ja	好運	noun	1	3	2	5
ja	断た	verb	1	3	2	5
ja	掻い	verb	1	3	2	5
ja	云う	verb	1	3	2	5
ja	何分	noun	1	3	2	5
ja	もらす	verb	1	3	2	5
ja	配送	noun	1	3	2	5
ja	おもわ	verb	1	3	2	5
ja	重んじ	verb	1	3	2	5
ja	出くわす	verb	1	3	2	5
ja	冒さ	verb	1	3	2	5
ja	こだわら	verb	1	3	2	5
ja	信奉	noun	1	3	2	5
ja	付けろ	verb	1	3	2	5
ja	増強	noun	1	3	2	5
ja	急変	noun	1	3	2	5
ja	なぐっ	verb	1	3	2	5
ja	朗報	noun	1	3	2	5
ja	どなっ	verb	1	3	2	5
ja	濃	adjective	1	3	2	5
ja	慌てる	verb	1	3	2	5
ja	ちっちゃい	adjective	1	3	2	5
ja	無能	noun	1	3	2	5
ja	ボウリング	noun	1	3	2	5
ja	手強い	adjective	1	3	2	5
ja	滑る	verb	1	3	2	5
ja	辞令	noun	1	3	2	5
ja	甘やかす	verb	1	3	2	5
ja	ころん	verb	1	3	2	5
ja	複製	noun	1	3	2	5
ja	ティミー	noun	1	3	2	5
ja	詮索	noun	1	3	2	5
ja	錯誤	noun	1	3	2	5
ja	むだ使い	noun	1	3	2	5
ja	支え	noun	1	3	2	5
ja	かたまり	noun	1	3	2	5
ja	オナニー	noun	1	3	2	5
ja	厚かましい	adjective	1	3	2	5
ja	交わる	verb	1	3	2	5
ja	ほめる	verb	1	3	2	5
ja	しみる	verb	1	3	2	5
ja	片づける	verb	1	3	2	5
ja	騒がしかっ	adjective	1	3	2	5
ja	だるい	adjective	1	3	2	5
ja	打て	verb	1	3	2	5
ja	なくなれ	verb	1	3	2	5
ja	ベンジャミン	noun	1	3	2	5
ja	墓場	noun	1	3	2	5
ja	過ごせる	verb	1	3	2	5
ja	高値	noun	1	3	2	5
ja	サーブ	noun	1	3	2	5
ja	いかし	verb	1	3	2	5
ja	どきどき	adverb	1	3	2	5
ja	見つけれ	verb	1	3	2	5
ja	因縁	noun	1	3	2	5
ja	棘	noun	1	3	2	5
ja	オッケー	noun	1	3	2	5
ja	得手	noun	1	3	2	5
ja	一雨	noun	1	3	2	5
ja	ゴマ	noun	1	3	2	5
ja	鍛える	verb	1	3	2	5
ja	振ら	verb	1	3	2	5
ja	定める	verb	1	3	2	5
ja	一押し	noun	1	3	2	5
ja	横領	noun	1	3	2	5
ja	座り	noun	1	3	2	5
ja	節水	noun	1	3	1	5
ja	打撲	noun	1	3	1	5
ja	壷	noun	1	3	1	5
ja	栓抜き	noun	1	3	1	5
ja	ゆれる	verb	1	3	1	5
ja	住ま	verb	1	3	1	5
ja	入口	noun	1	3	1	5
ja	ひと泳ぎ	noun	1	3	1	5
ja	プレッツェル	noun	1	3	1	5
ja	悪徳	noun	1	3	1	5
ja	きれる	verb	1	3	1	5
ja	すっぴん	noun	1	3	1	5
ja	密閉	noun	1	3	1	5
ja	負け犬	noun	1	3	1	5
ja	ヤギ	noun	1	3	1	5
ja	近々	noun	1	3	1	5
ja	かえり	verb	1	3	1	5
ja	ねばねば	adverb	1	3	1	5
ja	不定	noun	1	3	1	5
ja	憧れ	noun	1	3	1	5
ja	救える	verb	1	3	1	5
ja	擦っ	verb	1	3	1	5
ja	操る	verb	1	3	1	5
ja	蒸し	verb	1	3	1	5
ja	半島	noun	1	3	1	5
ja	唐辛子	noun	1	3	1	5
ja	おりる	verb	1	3	1	5
ja	シェルター	noun	1	3	1	5
ja	ジョーカー	noun	1	3	1	5
ja	置ける	verb	1	3	1	5
ja	欠かさ	verb	1	3	1	5
ja	ウォーター	noun	1	3	1	5
ja	マルゲリータ	noun	1	3	1	5
ja	片親	noun	1	3	1	5
ja	かねがね	adverb	1	3	1	5
ja	呼べる	verb	1	3	1	5
ja	黒幕	noun	1	3	1	5
ja	耳鳴り	noun	1	3	1	5
ja	ざま	noun	1	3	1	5
ja	ルナ	noun	1	3	1	5
ja	いれよう	verb	1	3	1	5
ja	アムステルダム	noun	1	3	1	5
ja	落ち度	noun	1	3	1	5
ja	種子	noun	1	3	1	5
ja	過っ	verb	1	3	1	5
ja	ゾーン	noun	1	3	1	5
ja	宜しく	adverb	1	3	1	5
ja	まぎれ	verb	1	3	1	5
ja	打ち上げ	noun	1	3	1	5
ja	ひらめき	noun	1	3	1	5
ja	泡立て	verb	1	3	1	5
ja	日給	noun	1	3	1	5
ja	分け	noun	1	3	1	5
ja	濡れる	verb	1	3	1	5
ja	使おう	verb	1	3	1	5
ja	囲む	verb	1	3	1	5
ja	ユナイテッド	noun	1	3	1	5
ja	親しみ	verb	1	3	1	5
ja	ギタリスト	noun	1	3	1	5
ja	火遊び	noun	1	3	1	5
ja	四つんばい	noun	1	3	1	5
ja	言いわけ	noun	1	3	1	5
ja	沸く	verb	1	3	1	5
ja	浴衣	noun	1	3	1	5
ja	救い	verb	1	3	1	5
ja	静寂	noun	1	3	1	5
ja	かなづち	noun	1	3	1	5
ja	原本	noun	1	3	1	5
ja	冷める	verb	1	3	1	5
ja	草むしり	noun	1	3	1	5
ja	ヒョウ	noun	1	3	1	5
ja	リストラ	noun	1	3	1	5
ja	月夜	noun	1	3	1	5
ja	出資	noun	1	3	1	5
ja	野宿	noun	1	3	1	5
ja	乗じ	verb	1	3	1	5
ja	週給	noun	1	3	1	5
ja	勧め	noun	1	3	1	5
ja	しゃく	noun	1	3	1	5
ja	連れ	noun	1	3	1	5
ja	テイクアウト	noun	1	3	1	5
ja	花園	noun	1	3	1	5
ja	デブっ	verb	1	3	1	5
ja	ピカピカ	adverb	1	3	1	5
ja	見積り	noun	1	3	1	5
ja	吐息	noun	1	3	1	5
ja	悪性	noun	1	3	1	5
ja	ウインドウ	noun	1	3	1	5
ja	物忘れ	noun	1	3	1	5
ja	長	noun	1	3	1	5
ja	改装	noun	1	3	1	5
ja	同名	noun	1	3	1	5
ja	八百	noun	1	3	1	5
ja	内障	noun	1	3	1	5
ja	猛暑	noun	1	3	1	5
ja	ひっくり返っ	verb	1	3	1	5
ja	雌	noun	1	3	1	5
ja	ベテラン	noun	1	3	1	5
ja	しかめっ面	noun	1	3	1	5
ja	デブ	noun	1	3	1	5
ja	差す	verb	1	3	1	5
ja	付属	noun	1	3	1	5
ja	強国	noun	1	3	1	5
ja	音色	noun	1	3	1	5
ja	ヘヴィ	noun	1	3	0	5
ja	スティング	noun	1	3	0	5
ja	サイエンス	noun	1	3	0	5
ja	柳	noun	1	3	0	5
ja	足手	noun	1	3	0	5
ja	死人	noun	1	3	0	5
ja	浜	noun	1	3	0	5
ja	ミディアム	noun	1	3	0	5
ja	ひきつけ	verb	1	3	0	5
ja	吸入	noun	1	3	0	5
ja	公金	noun	1	3	0	5
ja	なべ	noun	1	3	0	5
ja	おっぱい	noun	1	3	0	5
ja	無二	noun	1	3	0	5
ja	燃費	noun	1	3	0	5
ja	ノンフィクション	noun	1	3	0	5
ja	しおり	noun	1	3	0	5
ja	先程	noun	1	3	0	5
ja	株主	noun	1	3	0	5
ja	青少年	noun	1	3	0	5
ja	転ば	verb	1	3	0	5
ja	怒鳴りつけ	verb	1	3	0	5
ja	民	noun	1	3	0	5
ja	一人前	noun	1	3	0	5
ja	PC	compounds	1	3	0	5
ja	クラウド	noun	1	3	0	5
ja	ざる	noun	1	3	0	5
ja	テイスティング	noun	1	3	0	5
ja	キャラメル	noun	1	3	0	5
ja	らくだ	noun	1	3	0	5
ja	ひっかけ	verb	1	3	0	5
ja	札入れ	noun	1	3	0	5
ja	校庭	noun	1	3	0	5
ja	すり減っ	verb	1	3	0	5
ja	一両	noun	1	3	0	5
ja	田舎暮らし	noun	1	3	0	5
ja	上り坂	noun	1	3	0	5
ja	アルジェ	noun	1	3	0	5
ja	総出	noun	1	3	0	5
ja	ペテン	noun	1	3	0	5
ja	小娘	noun	1	3	0	5
ja	探し物	noun	1	3	0	5
ja	引き金	noun	1	3	0	5
ja	つきまとっ	verb	1	3	0	5
ja	締め出さ	verb	1	3	0	5
ja	進退	noun	1	3	0	5
ja	しびれ	noun	1	3	0	5
ja	のしかかっ	verb	1	3	0	5
ja	局部	noun	1	3	0	5
ja	チュロス	noun	1	3	0	5
ja	子羊	noun	1	3	0	5
ja	ぜったい	noun	1	3	0	5
ja	さえずり	noun	1	3	0	5
ja	抱き合っ	verb	1	3	0	5
ja	め	noun	1	3	0	5
ja	生き返る	verb	1	3	0	5
ja	分け合っ	verb	1	3	0	5
ja	愛犬	noun	1	3	0	5
ja	固ゆで	noun	1	3	0	5
ja	気合い	noun	1	3	0	5
ja	峠	noun	1	3	0	5
ja	モンスター	noun	1	3	0	5
ja	胃痛	noun	1	3	0	5
ja	ヴィンテージ	noun	1	3	0	5
ja	ひそひそ	adverb	1	3	0	5
ja	あだ	noun	1	3	0	5
ja	自説	noun	1	3	0	5
ja	ヘロイン	noun	1	3	0	5
ja	上衣	noun	1	3	0	5
ja	酢豚	noun	1	3	0	5
ja	ガキ	noun	1	3	0	5
ja	替え	noun	1	3	0	5
ja	肉食	noun	1	3	0	5
ja	取り消す	verb	1	3	0	5
ja	おやじ	noun	1	3	0	5
ja	平山	noun	1	3	0	5
ja	とことん	noun	1	3	0	5
ja	局番	noun	1	3	0	5
ja	しぐさ	noun	1	3	0	5
ja	プディング	noun	1	3	0	5
ja	灯	noun	1	3	0	5
ja	鉄橋	noun	1	3	0	5
ja	眼中	noun	1	3	0	5
ja	潜水	noun	1	3	0	5
ja	ピニャ	noun	1	3	0	5
ja	立ちあがっ	verb	1	3	0	5
ja	打ち負かし	verb	1	3	0	5
ja	釣り糸	noun	1	3	0	5
ja	海老	noun	1	3	0	5
ja	若死に	noun	1	3	0	5
ja	どろぼう	noun	1	3	0	5
ja	花びん	noun	1	3	0	5
ja	突き落とし	verb	1	3	0	5
ja	肝臓	noun	1	3	0	5
ja	館内	noun	1	3	0	5
ja	リサイタル	noun	1	3	0	5
ja	蛍光	noun	1	3	0	5
ja	嫌疑	noun	1	3	0	5
ja	駆け出し	verb	1	3	0	5
ja	後味	noun	1	3	0	5
ja	騒々しく	adjective	1	3	0	5
ja	テディ	noun	1	3	0	5
ja	ザクロ	noun	1	3	0	5
ja	ジェスチャー	noun	1	3	0	5
ja	ペニー	noun	1	3	0	5
ja	職権	noun	1	3	0	5
ja	乙女	noun	1	3	0	5
ja	哀れみ	noun	1	3	0	5
ja	一転	noun	1	3	0	5
ja	カヌー	noun	1	3	0	5
ja	毎度	noun	1	3	0	5
ja	曲線	noun	1	3	0	5
ja	ペニシリン	noun	1	3	0	5
ja	新入り	noun	1	3	0	5
ja	キャンドル	noun	1	3	0	5
ja	阿蘇	noun	1	3	0	5
ja	コネ	noun	1	3	0	5
ja	待ちわび	verb	1	3	0	5
ja	くじ	noun	1	3	0	5
ja	マジック	noun	1	3	0	5
ja	長話	noun	1	3	0	5
ja	こつこつ	adverb	1	3	0	5
ja	けっきょく	noun	1	3	0	5
ja	時おり	adverb	1	3	0	5
ja	冷や汗	noun	1	3	0	5
ja	カツオ	noun	1	3	0	5
ja	アーモンド	noun	1	3	0	5
ja	色白	noun	1	3	0	5
ja	滑り降りる	verb	1	3	0	5
ja	梅干し	noun	1	3	0	5
ja	アルバート	noun	1	3	0	5
ja	出前	noun	1	3	0	5
ja	かれこれ	adverb	1	3	0	5
ja	激痛	noun	1	3	0	5
ja	使い捨て	noun	1	3	0	5
ja	マフィン	noun	1	3	0	5
ja	旅費	noun	1	3	0	5
ja	からがら	adverb	1	3	0	5
ja	戸締まり	noun	1	3	0	5
ja	道順	noun	1	3	0	5
ja	水彩	noun	1	3	0	5
ja	顔面	noun	1	3	0	5
ja	とりつか	verb	1	3	0	5
ja	口元	noun	1	3	0	5
ja	プレステ	noun	1	3	0	5
ja	大水	noun	1	3	0	5
ja	胡椒	noun	1	3	0	5
ja	埼玉	noun	1	3	0	5
ja	話しかけよう	verb	1	3	0	5
ja	力添え	noun	1	3	0	5
ja	ホットケーキ	noun	1	3	0	5
ja	ＵＮ	noun	1	3	0	5
ja	ティーン	noun	1	3	0	5
ja	債権	noun	1	3	0	5
ja	段差	noun	1	3	0	5
ja	ストロベリー	noun	1	3	0	5
ja	陛下	noun	1	3	0	5
ja	点滴	noun	1	3	0	5
ja	桃色	noun	1	3	0	5
ja	命懸け	noun	1	3	0	5
ja	撥ね	verb	1	3	0	5
ja	断じ	verb	1	3	0	5
ja	飼い慣らさ	verb	1	3	0	5
ja	蝿	noun	1	3	0	5
ja	放り出さ	verb	1	3	0	5
ja	前線	noun	1	3	0	5
ja	悲報	noun	1	3	0	5
ja	ご	noun	1	3	0	5
ja	トレイ	noun	1	3	0	5
ja	失策	noun	1	3	0	5
ja	家政	noun	1	3	0	5
ja	テンポ	noun	1	3	0	5
ja	憎み合っ	verb	1	3	0	5
ja	真正	noun	1	3	0	5
ja	仔牛	noun	1	3	0	5
ja	滑り落ち	verb	1	3	0	5
ja	悪癖	noun	1	3	0	5
ja	ひとまず	adverb	1	3	0	5
ja	ノルウェー	noun	1	3	0	5
ja	空き部屋	noun	1	3	0	5
ja	ウェールズ	noun	1	3	0	5
ja	カルロス	noun	1	3	0	5
ja	刑期	noun	1	3	0	5
ja	忍び寄っ	verb	1	3	0	5
ja	モリー	noun	1	3	0	5
ja	ともあれ	adverb	1	3	0	5
ja	汚名	noun	1	3	0	5
ja	スカイ	noun	1	3	0	5
ja	大麦	noun	1	3	0	5
ja	もたれかかっ	verb	1	3	0	5
ja	金色	noun	1	3	0	5
ja	山羊	noun	1	3	0	5
ja	勤め口	noun	1	3	0	5
ja	おふくろ	noun	1	3	0	5
ja	照りつけ	verb	1	3	0	5
ja	責務	noun	1	3	0	5
ja	斎藤	noun	1	3	0	5
ja	回りくどい	adjective	1	3	0	5
ja	ウルトラ	noun	1	3	0	5
ja	目前	noun	1	3	0	5
ja	オルガン	noun	1	3	0	5
ja	燃焼	noun	1	3	0	5
ja	近々	adverb	1	3	0	5
ja	すこぶる	adverb	1	3	0	5
ja	音節	noun	1	3	0	5
ja	常習	noun	1	3	0	5
ja	スタメン	noun	1	3	0	5
ja	特許	noun	1	3	0	5
ja	密輸	noun	1	3	0	5
ja	じつ	noun	1	3	0	5
ja	ソウル	noun	1	3	0	5
ja	探し出す	verb	1	3	0	5
ja	侍	noun	1	3	0	5
ja	フロイト	noun	1	3	0	5
ja	ぎゅっ	adverb	1	3	0	5
ja	単数	noun	1	3	0	5
ja	アンティーク	noun	1	3	0	5
ja	乗り合わせ	verb	1	3	0	5
ja	煮えくり	verb	1	3	0	5
ja	フレンチ	noun	1	3	0	5
ja	獅子	noun	1	3	0	5
ja	題	noun	1	3	0	5
ja	ラップ	noun	1	3	0	5
ja	ゴシック	noun	1	3	0	5
ja	のみならず	compounds	1	3	0	5
ja	探し出し	verb	1	3	0	5
ja	アナウンス	noun	1	3	0	5
ja	先回	noun	1	3	0	5
ja	アンドロメダ	noun	1	3	0	5
ja	自室	noun	1	3	0	5
ja	晴れ着	noun	1	3	0	5
ja	ホルモン	noun	1	3	0	5
ja	暁	noun	1	3	0	5
ja	タトゥー	noun	1	3	0	5
ja	年が	noun	1	3	0	5
ja	トミー	noun	1	3	0	5
ja	冠	noun	1	3	0	5
ja	ブー	noun	1	3	0	5
ja	チャーハン	noun	1	3	0	5
ja	座右	noun	1	3	0	5
ja	散々	adverb	1	3	0	5
ja	カイロ	noun	1	3	0	5
ja	葉書	noun	1	3	0	5
ja	出来上がっ	verb	1	3	0	5
ja	見守る	verb	1	3	0	5
ja	客間	noun	1	3	0	5
ja	黒猫	noun	1	3	0	5
ja	ピクルス	noun	1	3	0	5
ja	汽船	noun	1	3	0	5
ja	忍び込む	verb	1	3	0	5
ja	酔いつぶれ	verb	1	3	0	5
ja	前歯	noun	1	3	0	5
ja	ハリネズミ	noun	1	3	0	5
ja	フロ	noun	1	3	0	5
ja	きょうだい	noun	1	3	0	5
ja	引きつける	verb	1	3	0	5
ja	いがみ合っ	verb	1	3	0	5
ja	ヘルスケア	noun	1	3	0	5
ja	無	adjective	1	3	0	5
ja	打ち寄せ	verb	1	3	0	5
ja	面識	noun	1	3	0	5
ja	乳歯	noun	1	3	0	5
ja	嘆き悲しん	verb	1	3	0	5
ja	痴漢	noun	1	3	0	5
ja	後年	noun	1	3	0	5
ja	駆け落ち	noun	1	3	0	5
ja	幸	noun	1	3	0	5
ja	取り掛かっ	verb	1	3	0	5
ja	ジンジャー	noun	1	3	0	5
ja	ヒューズ	noun	1	3	0	5
ja	明け渡し	verb	1	3	0	5
ja	蝋燭	noun	1	3	0	5
ja	霊魂	noun	1	3	0	5
ja	ソナタ	noun	1	3	0	5
ja	案外	adverb	1	3	0	5
ja	レモネード	noun	1	3	0	5
ja	大粒	noun	1	3	0	5
ja	見張り	noun	1	3	0	5
ja	痛み止め	noun	1	3	0	5
ja	ばら	noun	1	3	0	5
ja	くず	noun	1	3	0	5
ja	官能	noun	1	3	0	5
ja	申し込み	verb	1	3	0	5
ja	応変	noun	1	3	0	5
ja	銅像	noun	1	3	0	5
ja	激論	noun	1	3	0	5
ja	くすくす	adverb	1	3	0	5
ja	ひな	noun	1	3	0	5
ja	後回し	noun	1	3	0	5
ja	大概	noun	1	3	0	5
ja	思い浮かべ	verb	1	3	0	5
ja	暮し向き	noun	1	3	0	5
ja	立ち聞き	noun	1	3	0	5
ja	襟	noun	1	3	0	5
ja	稽古	noun	1	3	0	5
ja	マス	noun	1	3	0	5
ja	節制	noun	1	3	0	5
ja	ダウニー	noun	1	3	0	5
ja	パエリア	noun	1	3	0	5
ja	渡辺	noun	1	3	0	5
ja	タスク	noun	1	3	0	5
ja	悪気	noun	1	3	0	5
ja	かっさい	noun	1	3	0	5
ja	夜景	noun	1	3	0	5
ja	液	noun	1	3	0	5
ja	ブリティッシュ	noun	1	3	0	5
ja	クラゲ	noun	1	3	0	5
ja	藪	noun	1	3	0	5
ja	闘志	noun	1	3	0	5
ja	本降り	noun	1	3	0	5
ja	遠征	noun	1	3	0	5
ja	見習い	verb	1	3	0	5
ja	いも	noun	1	3	0	5
ja	付け込む	verb	1	3	0	5
ja	折り	noun	1	3	0	5
ja	ダニエル	noun	1	3	0	5
ja	デビッド	noun	1	3	0	5
ja	うどん	noun	1	3	0	5
ja	うめき声	noun	1	3	0	5
ja	シカ	noun	1	3	0	5
ja	並外れ	verb	1	3	0	5
ja	コカ	noun	1	3	0	5
ja	ひ孫	noun	1	3	0	5
ja	多幸	noun	1	3	0	5
ja	取り戻せ	verb	1	3	0	5
ja	寝心地	noun	1	3	0	5
ja	マリオ	noun	1	3	0	5
ja	おとな	noun	1	3	0	5
ja	取り扱う	verb	1	3	0	5
ja	精密	noun	1	3	0	5
ja	ガリレオ	noun	1	3	0	5
ja	申し上げよう	verb	1	3	0	5
ja	内輪	noun	1	3	0	5
ja	打ちひしが	verb	1	3	0	5
ja	酒類	noun	1	3	0	5
ja	かわいらしく	adjective	1	3	0	5
ja	手のひら	noun	1	3	0	5
ja	三千	noun	1	3	0	5
ja	パニック	noun	1	3	0	5
ja	落葉	noun	1	3	0	5
ja	笑い声	noun	1	3	0	5
ja	かゆく	adjective	1	3	0	5
ja	仮眠	noun	1	3	0	5
ja	取り寄せ	verb	1	3	0	5
ja	満ちあふれ	verb	1	3	0	5
ja	こころ	noun	1	3	0	5
ja	庭いじり	noun	1	3	0	5
ja	仮装	noun	1	3	0	5
ja	深々	adverb	1	3	0	5
ja	クラウン	noun	1	3	0	5
ja	寝返り	noun	1	3	0	5
ja	年玉	noun	1	3	0	5
ja	人通り	noun	1	3	0	5
ja	遂に	adverb	1	3	0	5
ja	賢治	noun	1	3	0	5
ja	心機	noun	1	3	0	5
ja	懲り	verb	1	3	0	5
ja	草の根	noun	1	3	0	5
ja	並木	noun	1	3	0	5
ja	ＮＴＴ	noun	1	3	0	5
ja	靴紐	noun	1	3	0	5
ja	カモメ	noun	1	3	0	5
ja	胴体	noun	1	3	0	5
ja	花々	noun	1	3	0	5
ja	サボテン	noun	1	3	0	5
ja	イングリッシュ	noun	1	3	0	5
ja	正しく	adverb	1	3	0	5
ja	中流	noun	1	3	0	5
ja	方式	noun	1	3	0	5
ja	入れ替え	verb	1	3	0	5
ja	生まれ育ち	verb	1	3	0	5
ja	臨機	noun	1	3	0	5
ja	じゃんけん	noun	1	3	0	5
ja	ケンタウルス	noun	1	3	0	5
ja	手中	noun	1	3	0	5
ja	胃腸	noun	1	3	0	5
ja	擦り減っ	verb	1	3	0	5
ja	貧し	adjective	1	3	0	5
ja	盗聴	noun	1	3	0	5
ja	武士	noun	1	3	0	5
ja	赤子	noun	1	3	0	5
ja	格言	noun	1	3	0	5
ja	夕暮れ	noun	1	3	0	5
ja	見覚え	noun	1	3	0	5
ja	三振	noun	1	3	0	5
ja	目玉	noun	1	3	0	5
ja	シンジ	noun	1	3	0	5
ja	合言葉	noun	1	3	0	5
ja	左目	noun	1	3	0	5
ja	腕相撲	noun	1	3	4	4
ja	撤回	noun	1	3	4	4
ja	しあわせ	noun	1	3	4	4
ja	むかむか	adverb	1	3	4	4
ja	ござる	verb	1	3	4	4
ja	泣かし	verb	1	3	4	4
ja	とげ	verb	1	3	4	4
ja	写生	noun	1	3	4	4
ja	暮らせ	verb	1	3	4	4
ja	蹴ら	verb	1	3	4	4
ja	引ける	verb	1	3	4	4
ja	刻み	verb	1	3	4	4
ja	渇き	verb	1	3	4	4
ja	背け	verb	1	3	4	4
ja	正さ	verb	1	3	4	4
ja	起きろ	verb	1	3	4	4
ja	みまわ	verb	1	3	4	4
ja	近寄る	verb	1	3	4	4
ja	分ら	verb	1	3	4	4
ja	ごまかさ	verb	1	3	4	4
ja	実っ	verb	1	3	4	4
ja	ほてっ	verb	1	3	4	4
ja	クラクラ	adverb	1	3	4	4
ja	こわかっ	adjective	1	3	4	4
ja	潜め	verb	1	3	4	4
ja	判っ	verb	1	3	4	4
ja	旅慣れ	verb	1	3	4	4
ja	さわら	verb	1	3	4	4
ja	著し	verb	1	3	4	4
ja	ザカリー	noun	1	3	4	4
ja	符合	noun	1	3	4	4
ja	滅入る	verb	1	3	4	4
ja	遮っ	verb	1	3	4	4
ja	勝た	verb	1	3	4	4
ja	傷み	verb	1	3	4	4
ja	苛立っ	verb	1	3	4	4
ja	先立た	verb	1	3	4	4
ja	やきもき	adverb	1	3	4	4
ja	手口	noun	1	3	4	4
ja	止めれ	verb	1	3	4	4
ja	恐ろしかっ	adjective	1	3	4	4
ja	くう	verb	1	3	4	4
ja	試さ	verb	1	3	4	4
ja	絶やさ	verb	1	3	4	4
ja	頼もう	verb	1	3	4	4
ja	うらやましかっ	adjective	1	3	4	4
ja	塞がっ	verb	1	3	4	4
ja	任せよう	verb	1	3	4	4
ja	重んじる	verb	1	3	4	4
ja	寝よっ	verb	1	3	4	4
ja	越さ	verb	1	3	4	4
ja	伝わら	verb	1	3	4	4
ja	キラーズ	noun	1	3	4	4
ja	慎み	verb	1	3	4	4
ja	聴か	verb	1	3	4	4
ja	制す	verb	1	3	4	4
ja	旨い	adjective	1	3	4	4
ja	羨まし	adjective	1	3	4	4
ja	のら	verb	1	3	4	4
ja	まとまっ	verb	1	3	4	4
ja	浮かび	verb	1	3	4	4
ja	鎮め	verb	1	3	4	4
ja	仕方なかっ	adjective	1	3	4	4
ja	借りれ	verb	1	3	4	4
ja	咎め	verb	1	3	4	4
ja	渋っ	verb	1	3	4	4
ja	貧弱	noun	1	3	4	4
ja	添わ	verb	1	3	4	4
ja	ふき	verb	1	3	4	4
ja	決めろ	verb	1	3	4	4
ja	なだめ	verb	1	3	4	4
ja	訳せ	verb	1	3	4	4
ja	ふらつい	verb	1	3	4	4
ja	にげ	verb	1	3	4	4
ja	損し	verb	1	3	3	4
ja	間違わ	verb	1	3	3	4
ja	かくれ	verb	1	3	3	4
ja	おもえる	verb	1	3	3	4
ja	幼馴染み	noun	1	3	3	4
ja	さげ	verb	1	3	3	4
ja	ビクビク	adverb	1	3	3	4
ja	でこぼこ	noun	1	3	3	4
ja	まにあっ	verb	1	3	3	4
ja	もどし	verb	1	3	3	4
ja	遠ざけ	verb	1	3	3	4
ja	起立	noun	1	3	3	4
ja	搬送	noun	1	3	3	4
ja	脱帽	noun	1	3	3	4
ja	描け	verb	1	3	3	4
ja	的中	noun	1	3	3	4
ja	負わさ	verb	1	3	3	4
ja	癒し	verb	1	3	3	4
ja	ひらめい	verb	1	3	3	4
ja	担い	verb	1	3	3	4
ja	耕す	verb	1	3	3	4
ja	いらしゃい	verb	1	3	3	4
ja	かない	verb	1	3	3	4
ja	手の物	noun	1	3	3	4
ja	しつけ	verb	1	3	3	4
ja	笑え	verb	1	3	3	4
ja	中退	noun	1	3	3	4
ja	ちがい	verb	1	3	3	4
ja	ならべ	verb	1	3	3	4
ja	捏造	noun	1	3	3	4
ja	開けろ	verb	1	3	3	4
ja	抜かし	verb	1	3	3	4
ja	抜歯	noun	1	3	3	4
ja	間にあっ	verb	1	3	3	4
ja	造り	noun	1	3	3	4
ja	買おっ	verb	1	3	3	4
ja	滅入っ	verb	1	3	3	4
ja	甘党	noun	1	3	3	4
ja	くっつく	verb	1	3	3	4
ja	くらくら	adverb	1	3	3	4
ja	並び	verb	1	3	3	4
ja	絶っ	verb	1	3	3	4
ja	決行	noun	1	3	3	4
ja	ならし	verb	1	3	3	4
ja	編成	noun	1	3	3	4
ja	研い	verb	1	3	3	4
ja	失せ	verb	1	3	3	4
ja	無休	noun	1	3	3	4
ja	返金	noun	1	3	3	4
ja	浮かれ	verb	1	3	3	4
ja	制止	noun	1	3	3	4
ja	しらけ	verb	1	3	3	4
ja	泊まれ	verb	1	3	3	4
ja	焼き立て	noun	1	3	3	4
ja	劣る	verb	1	3	3	4
ja	有っ	verb	1	3	3	4
ja	とばし	verb	1	3	3	4
ja	痛める	verb	1	3	3	4
ja	カイル	noun	1	3	3	4
ja	こまっ	verb	1	3	3	4
ja	脅さ	verb	1	3	3	4
ja	くすぐったい	adjective	1	3	3	4
ja	恋しかっ	adjective	1	3	3	4
ja	きらし	verb	1	3	3	4
ja	方便	noun	1	3	3	4
ja	右折	noun	1	3	3	4
ja	うつむい	verb	1	3	3	4
ja	心地良い	adjective	1	3	3	4
ja	したため	verb	1	3	3	4
ja	ビビっ	verb	1	3	3	4
ja	口説い	verb	1	3	3	4
ja	変わり者	noun	1	3	3	4
ja	ピックアップ	noun	1	3	3	4
ja	うつし	verb	1	3	3	4
ja	抱っこ	noun	1	3	3	4
ja	ベタベタ	adverb	1	3	3	4
ja	さえぎら	verb	1	3	3	4
ja	甘んじ	verb	1	3	3	4
ja	付し	verb	1	3	3	4
ja	亡くなら	verb	1	3	3	4
ja	ふれる	verb	1	3	2	4
ja	叫ば	verb	1	3	2	4
ja	聖地	noun	1	3	2	4
ja	いとわ	verb	1	3	2	4
ja	返品	noun	1	3	2	4
ja	そこね	verb	1	3	2	4
ja	誤る	verb	1	3	2	4
ja	いじめっ子	noun	1	3	2	4
ja	日食	noun	1	3	2	4
ja	仕掛け	verb	1	3	2	4
ja	親離れ	noun	1	3	2	4
ja	美味い	adjective	1	3	2	4
ja	感触	noun	1	3	2	4
ja	手仕事	noun	1	3	2	4
ja	退席	noun	1	3	2	4
ja	フール	noun	1	3	2	4
ja	狙わ	verb	1	3	2	4
ja	近寄り	verb	1	3	2	4
ja	にやり	adverb	1	3	2	4
ja	偏食	noun	1	3	2	4
ja	始動	noun	1	3	2	4
ja	厚着	noun	1	3	2	4
ja	ともし	verb	1	3	2	4
ja	発せ	verb	1	3	2	4
ja	うれしかっ	adjective	1	3	2	4
ja	改ざん	noun	1	3	2	4
ja	威張っ	verb	1	3	2	4
ja	守れる	verb	1	3	2	4
ja	ブレンド	noun	1	3	2	4
ja	有様	noun	1	3	2	4
ja	逸し	verb	1	3	2	4
ja	講じる	verb	1	3	2	4
ja	下校	noun	1	3	2	4
ja	失神	noun	1	3	2	4
ja	ストレート	noun	1	3	2	4
ja	片付けよう	verb	1	3	2	4
ja	程よい	adjective	1	3	2	4
ja	賛同	noun	1	3	2	4
ja	ノワール	noun	1	3	2	4
ja	よそよそしい	adjective	1	3	2	4
ja	ぶっ	verb	1	3	2	4
ja	先導	noun	1	3	2	4
ja	アドベンチャー	noun	1	3	2	4
ja	焦る	verb	1	3	2	4
ja	陽性	noun	1	3	2	4
ja	名医	noun	1	3	2	4
ja	戴け	verb	1	3	2	4
ja	とどまり	verb	1	3	2	4
ja	おこる	verb	1	3	2	4
ja	純金	noun	1	3	2	4
ja	確約	noun	1	3	2	4
ja	外向	noun	1	3	2	4
ja	リキュール	noun	1	3	2	4
ja	わっ	verb	1	3	2	4
ja	雨男	noun	1	3	2	4
ja	除雪	noun	1	3	2	4
ja	揺すっ	verb	1	3	2	4
ja	こわい	adjective	1	3	2	4
ja	若々しい	adjective	1	3	2	4
ja	ゆがめ	verb	1	3	2	4
ja	月食	noun	1	3	2	4
ja	寝れる	verb	1	3	2	4
ja	物入れ	noun	1	3	2	4
ja	殺せ	verb	1	3	2	4
ja	ボディガード	noun	1	3	2	4
ja	取り合わせ	noun	1	3	2	4
ja	ペイトリオッツ	noun	1	3	2	4
ja	さかのぼっ	verb	1	3	2	4
ja	上向き	noun	1	3	2	4
ja	ブレックファースト	noun	1	3	2	4
ja	かえっ	verb	1	3	2	4
ja	嘔吐	noun	1	3	2	4
ja	冷まし	verb	1	3	2	4
ja	女装	noun	1	3	2	4
ja	マニア	noun	1	3	2	4
ja	必修	noun	1	3	2	4
ja	耳打ち	noun	1	3	2	4
ja	おちる	verb	1	3	2	4
ja	上告	noun	1	3	2	4
ja	助っ人	noun	1	3	2	4
ja	躍進	noun	1	3	2	4
ja	釣り合い	noun	1	3	2	4
ja	払おう	verb	1	3	2	4
ja	ノックアウト	noun	1	3	2	4
ja	釘付け	noun	1	3	2	4
ja	キック	noun	1	3	2	4
ja	あやし	verb	1	3	2	4
ja	クズ	noun	1	3	2	4
ja	チャーター	noun	1	3	2	4
ja	食べごろ	noun	1	3	2	4
ja	嗅ぐ	verb	1	3	2	4
ja	大食い	noun	1	3	2	4
ja	相愛	noun	1	3	2	4
ja	自重	noun	1	3	2	4
ja	明晰	noun	1	3	2	4
ja	うなだれ	verb	1	3	2	4
ja	通し	noun	1	3	2	4
ja	成り	verb	1	3	2	4
ja	証	noun	1	3	2	4
ja	盛況	noun	1	3	2	4
ja	細工	noun	1	3	2	4
ja	断水	noun	1	3	2	4
ja	しか	verb	1	3	2	4
ja	ほどい	verb	1	3	2	4
ja	滅ぼす	verb	1	3	2	4
ja	シャルドネ	noun	1	3	2	4
ja	進もう	verb	1	3	2	4
ja	直る	verb	1	3	2	4
ja	漕ぎ	verb	1	3	2	4
ja	刻む	verb	1	3	2	4
ja	気詰まり	noun	1	3	2	4
ja	役立た	verb	1	3	2	4
ja	炊い	verb	1	3	2	4
ja	二鳥	noun	1	3	2	4
ja	ホビット	noun	1	3	2	4
ja	憎ま	verb	1	3	2	4
ja	学童	noun	1	3	1	4
ja	手製	noun	1	3	1	4
ja	たたき上げ	noun	1	3	1	4
ja	がっくり	adverb	1	3	1	4
ja	踊ら	verb	1	3	1	4
ja	ねんね	noun	1	3	1	4
ja	コンコン	adverb	1	3	1	4
ja	コピペ	noun	1	3	1	4
ja	盗作	noun	1	3	1	4
ja	愚者	noun	1	3	1	4
ja	揚げる	verb	1	3	1	4
ja	管轄	noun	1	3	1	4
ja	京	noun	1	3	1	4
ja	わかれ	verb	1	3	1	4
ja	モモ	noun	1	3	1	4
ja	おぼつかない	adjective	1	3	1	4
ja	アンプ	noun	1	3	1	4
ja	べっぴん	noun	1	3	1	4
ja	なんぼ	adverb	1	3	1	4
ja	先立つ	verb	1	3	1	4
ja	ケラー	noun	1	3	1	4
ja	酔っぱらい	noun	1	3	1	4
ja	ラマ	noun	1	3	1	4
ja	戻そう	verb	1	3	1	4
ja	大儲け	noun	1	3	1	4
ja	巡る	verb	1	3	1	4
ja	最強	noun	1	3	1	4
ja	長袖	noun	1	3	1	4
ja	晴れれ	verb	1	3	1	4
ja	免じ	verb	1	3	1	4
ja	とんこつ	noun	1	3	1	4
ja	粉薬	noun	1	3	1	4
ja	草案	noun	1	3	1	4
ja	決め手	noun	1	3	1	4
ja	木綿	noun	1	3	1	4
ja	始めれ	verb	1	3	1	4
ja	シュート	noun	1	3	1	4
ja	はらぺこ	noun	1	3	1	4
ja	背伸び	noun	1	3	1	4
ja	根性	noun	1	3	1	4
ja	そそのかし	verb	1	3	1	4
ja	貼ら	verb	1	3	1	4
ja	素面	noun	1	3	1	4
ja	勧誘	noun	1	3	1	4
ja	チーズバーガー	noun	1	3	1	4
ja	がな	noun	1	3	1	4
ja	河童	noun	1	3	1	4
ja	長髪	noun	1	3	1	4
ja	継母	noun	1	3	1	4
ja	登り	noun	1	3	1	4
ja	何時ごろ	noun	1	3	1	4
ja	入札	noun	1	3	1	4
ja	ゴミ出し	noun	1	3	1	4
ja	欠落	noun	1	3	1	4
ja	つくせ	verb	1	3	1	4
ja	一向	adverb	1	3	1	4
ja	強けれ	adjective	1	3	1	4
ja	紛れ	verb	1	3	1	4
ja	人違い	noun	1	3	1	4
ja	マトリックス	noun	1	3	1	4
ja	つけ	noun	1	3	1	4
ja	散策	noun	1	3	1	4
ja	ヒジャブ	noun	1	3	1	4
ja	怖じ気	noun	1	3	1	4
ja	鮭	noun	1	3	1	4
ja	君子	noun	1	3	1	4
ja	解禁	noun	1	3	1	4
ja	母校	noun	1	3	1	4
ja	すばやい	adjective	1	3	1	4
ja	医院	noun	1	3	1	4
ja	ぶつかり	verb	1	3	1	4
ja	不潔	noun	1	3	1	4
ja	娘婿	noun	1	3	1	4
ja	不能	noun	1	3	1	4
ja	マシュマロ	noun	1	3	1	4
ja	遠ざかっ	verb	1	3	1	4
ja	ヒドイ	adjective	1	3	1	4
ja	弱虫	noun	1	3	1	4
ja	安っぽい	adjective	1	3	1	4
ja	クロ	noun	1	3	1	4
ja	よだつ	verb	1	3	1	4
ja	こぶし	noun	1	3	1	4
ja	半生	noun	1	3	1	4
ja	写す	verb	1	3	1	4
ja	フレーバー	noun	1	3	1	4
ja	ブス	noun	1	3	1	4
ja	飲み水	noun	1	3	1	4
ja	方策	noun	1	3	1	4
ja	主夫	noun	1	3	1	4
ja	後押し	noun	1	3	1	4
ja	列島	noun	1	3	1	4
ja	愛嬌	noun	1	3	1	4
ja	荒々しい	adjective	1	3	1	4
ja	考え事	noun	1	3	1	4
ja	チームワーク	noun	1	3	1	4
ja	ペア	noun	1	3	1	4
ja	相席	noun	1	3	1	4
ja	安けれ	adjective	1	3	1	4
ja	こちら側	noun	1	3	1	4
ja	おしぼり	noun	1	3	1	4
ja	眉毛	noun	1	3	1	4
ja	拭く	verb	1	3	1	4
ja	解さ	verb	1	3	1	4
ja	適材	noun	1	3	1	4
ja	ズレ	verb	1	3	1	4
ja	毛虫	noun	1	3	1	4
ja	裏切り	verb	1	3	1	4
ja	ずる賢い	adjective	1	3	1	4
ja	扮装	noun	1	3	1	4
ja	老化	noun	1	3	1	4
ja	カモ	noun	1	3	1	4
ja	真ん前	noun	1	3	1	4
ja	悩ましい	adjective	1	3	1	4
ja	徴候	noun	1	3	1	4
ja	走ろう	verb	1	3	1	4
ja	変人	noun	1	3	1	4
ja	ハット	noun	1	3	1	4
ja	年越し	noun	1	3	1	4
ja	詰め物	noun	1	3	1	4
ja	倒す	verb	1	3	1	4
ja	生かす	verb	1	3	1	4
ja	往来	noun	1	3	1	4
ja	失言	noun	1	3	1	4
ja	掴み	verb	1	3	1	4
ja	キュリー	noun	1	3	1	4
ja	しっぺ	noun	1	3	1	4
ja	思い違い	noun	1	3	1	4
ja	心当たり	noun	1	3	1	4
ja	長旅	noun	1	3	1	4
ja	ハイブリッド	noun	1	3	1	4
ja	ロビン	noun	1	3	1	4
ja	冬至	noun	1	3	1	4
ja	造花	noun	1	3	1	4
ja	はなれ	verb	1	3	1	4
ja	ぶた	verb	1	3	1	4
ja	あきらめ	noun	1	3	1	4
ja	ブライド	noun	1	3	1	4
ja	植えよう	verb	1	3	1	4
ja	ギャグ	noun	1	3	1	4
ja	回覧	noun	1	3	1	4
ja	串焼き	noun	1	3	1	4
ja	おのずから	adverb	1	3	1	4
ja	五郎	noun	1	3	1	4
ja	コンサルタント	noun	1	3	1	4
ja	凡人	noun	1	3	1	4
ja	ラガー	noun	1	3	1	4
ja	レディー	noun	1	3	1	4
ja	イラストレーター	noun	1	3	1	4
ja	いつごろ	noun	1	3	1	4
ja	笑いごと	noun	1	3	1	4
ja	食通	noun	1	3	1	4
ja	貸し	noun	1	3	1	4
ja	覚えよう	verb	1	3	1	4
ja	きびしい	adjective	1	3	1	4
ja	髪形	noun	1	3	1	4
ja	極まりない	adjective	1	3	1	4
ja	就け	verb	1	3	1	4
ja	発酵	noun	1	3	1	4
ja	軒先	noun	1	3	1	4
ja	経	noun	1	3	1	4
ja	即答	noun	1	3	1	4
ja	たまご	noun	1	3	0	4
ja	押しあて	verb	1	3	0	4
ja	手抜き	noun	1	3	0	4
ja	レイカーズ	noun	1	3	0	4
ja	猫耳	noun	1	3	0	4
ja	スティーブン	noun	1	3	0	4
ja	極地	noun	1	3	0	4
ja	虚栄	noun	1	3	0	4
ja	イモ	noun	1	3	0	4
ja	サツマ	noun	1	3	0	4
ja	リスボン	noun	1	3	0	4
ja	ワルツ	noun	1	3	0	4
ja	クオリティ	noun	1	3	0	4
ja	フォアグラ	noun	1	3	0	4
ja	周期	noun	1	3	0	4
ja	ミキサー	noun	1	3	0	4
ja	気遣い	noun	1	3	0	4
ja	ツベルクリン	noun	1	3	0	4
ja	朝っぱら	noun	1	3	0	4
ja	連れ去ら	verb	1	3	0	4
ja	異母	noun	1	3	0	4
ja	飛び乗っ	verb	1	3	0	4
ja	大あくび	noun	1	3	0	4
ja	立ち入ら	verb	1	3	0	4
ja	とぼけ	verb	1	3	0	4
ja	ケツ	noun	1	3	0	4
ja	売場	noun	1	3	0	4
ja	塗りたて	noun	1	3	0	4
ja	振りまい	verb	1	3	0	4
ja	子女	noun	1	3	0	4
ja	小数	noun	1	3	0	4
ja	スズメバチ	noun	1	3	0	4
ja	うだる	verb	1	3	0	4
ja	国勢	noun	1	3	0	4
ja	にらみつけ	verb	1	3	0	4
ja	空軍	noun	1	3	0	4
ja	向き合っ	verb	1	3	0	4
ja	日暮れ	noun	1	3	0	4
ja	サハラ	noun	1	3	0	4
ja	消え失せ	verb	1	3	0	4
ja	みかけ	verb	1	3	0	4
ja	長寿	noun	1	3	0	4
ja	訴え	noun	1	3	0	4
ja	ＮＨＫ	noun	1	3	0	4
ja	うらやましく	adjective	1	3	0	4
ja	黄身	noun	1	3	0	4
ja	妊婦	noun	1	3	0	4
ja	擦り切れ	verb	1	3	0	4
ja	振舞い	noun	1	3	0	4
ja	さら	noun	1	3	0	4
ja	元旦	noun	1	3	0	4
ja	食感	noun	1	3	0	4
ja	前金	noun	1	3	0	4
ja	ダメージ	noun	1	3	0	4
ja	酔っ払う	verb	1	3	0	4
ja	カリフラワー	noun	1	3	0	4
ja	マンハッタン	noun	1	3	0	4
ja	赤丸	noun	1	3	0	4
ja	ジーン	noun	1	3	0	4
ja	湿疹	noun	1	3	0	4
ja	博打	noun	1	3	0	4
ja	積分	noun	1	3	0	4
ja	ハードル	noun	1	3	0	4
ja	荒野	noun	1	3	0	4
ja	落ちつい	verb	1	3	0	4
ja	カメ	noun	1	3	0	4
ja	ハタ	noun	1	3	0	4
ja	待ち合わせ	verb	1	3	0	4
ja	ディーゼル	noun	1	3	0	4
ja	水虫	noun	1	3	0	4
ja	たいがい	noun	1	3	0	4
ja	ワカモレ	noun	1	3	0	4
ja	書面	noun	1	3	0	4
ja	自閉	noun	1	3	0	4
ja	小さじ	noun	1	3	0	4
ja	エレクトロニクス	noun	1	3	0	4
ja	パッタイ	noun	1	3	0	4
ja	物々しい	adjective	1	3	0	4
ja	栄誉	noun	1	3	0	4
ja	昔話	noun	1	3	0	4
ja	リバプール	noun	1	3	0	4
ja	苦言	noun	1	3	0	4
ja	飾り	noun	1	3	0	4
ja	熱情	noun	1	3	0	4
ja	風潮	noun	1	3	0	4
ja	引きつけ	verb	1	3	0	4
ja	モロ	noun	1	3	0	4
ja	咳止め	noun	1	3	0	4
ja	先駆	noun	1	3	0	4
ja	コマンド	noun	1	3	0	4
ja	懸賞	noun	1	3	0	4
ja	見まわし	verb	1	3	0	4
ja	うつぶせ	noun	1	3	0	4
ja	ヒマワリ	noun	1	3	0	4
ja	早晩	adverb	1	3	0	4
ja	履き心地	noun	1	3	0	4
ja	枯れかけ	verb	1	3	0	4
ja	ぐでんぐでん	noun	1	3	0	4
ja	押しつけ	verb	1	3	0	4
ja	歩調	noun	1	3	0	4
ja	立ち去れ	verb	1	3	0	4
ja	見返し	verb	1	3	0	4
ja	騙す	verb	1	3	0	4
ja	授賞	noun	1	3	0	4
ja	ネッド	noun	1	3	0	4
ja	哀しい	adjective	1	3	0	4
ja	うま	noun	1	3	0	4
ja	脱毛	noun	1	3	0	4
ja	しこり	noun	1	3	0	4
ja	以	verb	1	3	0	4
ja	ボンネット	noun	1	3	0	4
ja	下水	noun	1	3	0	4
ja	見習う	verb	1	3	0	4
ja	専制	noun	1	3	0	4
ja	やきもち	noun	1	3	0	4
ja	休止	noun	1	3	0	4
ja	えび	noun	1	3	0	4
ja	声援	noun	1	3	0	4
ja	落下	noun	1	3	0	4
ja	順風	noun	1	3	0	4
ja	掛け	noun	1	3	0	4
ja	博識	noun	1	3	0	4
ja	生き返っ	verb	1	3	0	4
ja	ほほ	noun	1	3	0	4
ja	大急ぎ	noun	1	3	0	4
ja	クラッチ	noun	1	3	0	4
ja	腸	noun	1	3	0	4
ja	目印	noun	1	3	0	4
ja	敬語	noun	1	3	0	4
ja	上部	noun	1	3	0	4
ja	焼け死ん	verb	1	3	0	4
ja	言い聞かせ	verb	1	3	0	4
ja	抱負	noun	1	3	0	4
ja	一朝	noun	1	3	0	4
ja	駆り立て	verb	1	3	0	4
ja	テクニック	noun	1	3	0	4
ja	突き進ん	verb	1	3	0	4
ja	漬ける	verb	1	3	0	4
ja	甘口	noun	1	3	0	4
ja	とり	noun	1	3	0	4
ja	模造	noun	1	3	0	4
ja	陣痛	noun	1	3	0	4
ja	楽屋	noun	1	3	0	4
ja	就学	noun	1	3	0	4
ja	原案	noun	1	3	0	4
ja	公約	noun	1	3	0	4
ja	死にかかっ	verb	1	3	0	4
ja	ふんわり	adverb	1	3	0	4
ja	範疇	noun	1	3	0	4
ja	針仕事	noun	1	3	0	4
ja	赤身	noun	1	3	0	4
ja	たくましい	adjective	1	3	0	4
ja	ファラオ	noun	1	3	0	4
ja	評決	noun	1	3	0	4
ja	福井	noun	1	3	0	4
ja	品詞	noun	1	3	0	4
ja	よう	adverb	1	3	0	4
ja	吉野	noun	1	3	0	4
ja	取りかかる	verb	1	3	0	4
ja	ひきとっ	verb	1	3	0	4
ja	はた	noun	1	3	0	4
ja	ひっかかっ	verb	1	3	0	4
ja	井	noun	1	3	0	4
ja	塗り替え	verb	1	3	0	4
ja	カルフォルニア	noun	1	3	0	4
ja	笑い飛ばし	verb	1	3	0	4
ja	ロン	noun	1	3	0	4
ja	はらわた	noun	1	3	0	4
ja	浮かび上がっ	verb	1	3	0	4
ja	朝寝	noun	1	3	0	4
ja	部位	noun	1	3	0	4
ja	ミッキー	noun	1	3	0	4
ja	余命	noun	1	3	0	4
ja	付き合わ	verb	1	3	0	4
ja	庭仕事	noun	1	3	0	4
ja	北米	noun	1	3	0	4
ja	寝つい	verb	1	3	0	4
ja	コンパス	noun	1	3	0	4
ja	パール	noun	1	3	0	4
ja	駄々	noun	1	3	0	4
ja	概ね	noun	1	3	0	4
ja	ポジティブ	noun	1	3	0	4
ja	すっぱく	adjective	1	3	0	4
ja	ｃｍ	noun	1	3	0	4
ja	偽	noun	1	3	0	4
ja	スキン	noun	1	3	0	4
ja	見掛け	verb	1	3	0	4
ja	打ち負かす	verb	1	3	0	4
ja	祝し	verb	1	3	0	4
ja	女心	noun	1	3	0	4
ja	さしつかえ	verb	1	3	0	4
ja	苗	noun	1	3	0	4
ja	食べ残し	noun	1	3	0	4
ja	血糖	noun	1	3	0	4
ja	引っ込め	verb	1	3	0	4
ja	大人しく	adjective	1	3	0	4
ja	貰え	verb	1	3	0	4
ja	立ち上がら	verb	1	3	0	4
ja	聖者	noun	1	3	0	4
ja	キャビア	noun	1	3	0	4
ja	草食	noun	1	3	0	4
ja	キンカン	noun	1	3	0	4
ja	野山	noun	1	3	0	4
ja	野次馬	noun	1	3	0	4
ja	埋め合わせ	verb	1	3	0	4
ja	リュック	noun	1	3	0	4
ja	一心	noun	1	3	0	4
ja	叩きのめさ	verb	1	3	0	4
ja	リン	noun	1	3	0	4
ja	妻子	noun	1	3	0	4
ja	取っつき	verb	1	3	0	4
ja	瓶詰め	noun	1	3	0	4
ja	血の気	noun	1	3	0	4
ja	でか	adjective	1	3	0	4
ja	姫路	noun	1	3	0	4
ja	エンディング	noun	1	3	0	4
ja	デビー	noun	1	3	0	4
ja	ひと雨	noun	1	3	0	4
ja	成就	noun	1	3	0	4
ja	シンデレラ	noun	1	3	0	4
ja	仰る	verb	1	3	0	4
ja	排し	verb	1	3	0	4
ja	エリー	noun	1	3	0	4
ja	ホリデー	noun	1	3	0	4
ja	車中	noun	1	3	0	4
ja	がけ	verb	1	3	0	4
ja	持ち上がら	verb	1	3	0	4
ja	アザラシ	noun	1	3	0	4
ja	見違える	verb	1	3	0	4
ja	吹き飛ばし	verb	1	3	0	4
ja	先入	noun	1	3	0	4
ja	空手	noun	1	3	0	4
ja	じゃくし	noun	1	3	0	4
ja	インディーズ	noun	1	3	0	4
ja	物干	noun	1	3	0	4
ja	坦懐	noun	1	3	0	4
ja	仕事探し	noun	1	3	0	4
ja	飛ばし	noun	1	3	0	4
ja	羽振り	noun	1	3	0	4
ja	玄人	noun	1	3	0	4
ja	受け止め	verb	1	3	0	4
ja	つべこべ	adverb	1	3	0	4
ja	史学	noun	1	3	0	4
ja	デスクトップ	noun	1	3	0	4
ja	繰り上げ	verb	1	3	0	4
ja	奇蹟	noun	1	3	0	4
ja	口ひげ	noun	1	3	0	4
ja	ほっぺた	noun	1	3	0	4
ja	ブッ	adverb	1	3	0	4
ja	イカ	noun	1	3	0	4
ja	いえ	noun	1	3	0	4
ja	刺青	noun	1	3	0	4
ja	ディー	noun	1	3	0	4
ja	卒論	noun	1	3	0	4
ja	ふち	noun	1	3	0	4
ja	割と	adverb	1	3	0	4
ja	パセリ	noun	1	3	0	4
ja	ふ	noun	1	3	0	4
ja	解体	noun	1	3	0	4
ja	騒ぎ立て	verb	1	3	0	4
ja	溶岩	noun	1	3	0	4
ja	素朴	noun	1	3	0	4
ja	危なく	adjective	1	3	0	4
ja	ワニ	noun	1	3	0	4
ja	着想	noun	1	3	0	4
ja	滑り降り	verb	1	3	0	4
ja	日よけ	noun	1	3	0	4
ja	ディワリ	noun	1	3	0	4
ja	川崎	noun	1	3	0	4
ja	指さす	verb	1	3	0	4
ja	ポケモン	noun	1	3	0	4
ja	空欄	noun	1	3	0	4
ja	断続	noun	1	3	0	4
ja	燃え尽き	verb	1	3	0	4
ja	学食	noun	1	3	0	4
ja	知ったか	noun	1	3	0	4
ja	部外	noun	1	3	0	4
ja	領主	noun	1	3	0	4
ja	定職	noun	1	3	0	4
ja	言い切っ	verb	1	3	0	4
ja	願い出	verb	1	3	0	4
ja	バード	noun	1	3	0	4
ja	北斗	noun	1	3	0	4
ja	立てかけ	verb	1	3	0	4
ja	アダム	noun	1	3	0	4
ja	呼び鈴	noun	1	3	0	4
ja	取り決め	verb	1	3	0	4
ja	虚心	noun	1	3	0	4
ja	引出し	noun	1	3	0	4
ja	最愛	noun	1	3	0	4
ja	出汁	noun	1	3	0	4
ja	ストレンジャー	noun	1	3	0	4
ja	急流	noun	1	3	0	4
ja	シングス	noun	1	3	0	4
ja	物分かり	noun	1	3	0	4
ja	山本	noun	1	3	0	4
ja	従者	noun	1	3	0	4
ja	先天	noun	1	3	0	4
ja	縄跳び	noun	1	3	0	4
ja	生前	noun	1	3	0	4
ja	後れ	noun	1	3	0	4
ja	足下	noun	1	3	0	4
ja	信憑	noun	1	3	0	4
ja	フラット	noun	1	3	0	4
ja	カンナダ	noun	1	3	0	4
ja	多角	noun	1	3	0	4
ja	コレステロール	noun	1	3	0	4
ja	ふざける	verb	1	3	0	4
ja	主旨	noun	1	3	0	4
ja	崩れ落ち	verb	1	3	0	4
ja	観覧	noun	1	3	0	4
ja	ファーム	noun	1	3	0	4
ja	手もと	noun	1	3	0	4
ja	レインボー	noun	1	3	0	4
ja	首筋	noun	1	3	0	4
ja	汎神	noun	1	3	0	4
ja	表裏	noun	1	3	0	4
ja	もみ	noun	1	3	0	4
ja	機体	noun	1	3	0	4
ja	割り切れ	verb	1	3	0	4
ja	弦	noun	1	3	0	4
ja	押しつける	verb	1	3	0	4
ja	しょうゆ	noun	1	3	0	4
ja	奇怪	noun	1	3	0	4
ja	割れ目	noun	1	3	0	4
ja	一笑	noun	1	3	0	4
ja	揃い	noun	1	3	0	4
ja	微熱	noun	1	3	0	4
ja	身の回り	noun	1	3	0	4
ja	立ち向かっ	verb	1	3	0	4
ja	愛車	noun	1	3	0	4
ja	タモリ	noun	1	3	0	4
ja	スノー	noun	1	3	0	4
ja	良薬	noun	1	3	0	4
ja	昨今	noun	1	3	0	4
ja	枕元	noun	1	3	0	4
ja	労	noun	1	3	0	4
ja	洋書	noun	1	3	0	4
ja	しばし	adverb	1	3	0	4
ja	陽気	noun	1	3	0	4
ja	突きつけ	verb	1	3	0	4
ja	わき腹	noun	1	3	0	4
ja	ピノ	noun	1	3	0	4
ja	敗戦	noun	1	3	0	4
ja	注釈	noun	1	3	0	4
ja	立て続け	noun	1	3	0	4
ja	見あたら	verb	1	3	0	4
ja	村民	noun	1	3	0	4
ja	ウィリアムス	noun	1	3	0	4
ja	水辺	noun	1	3	0	4
ja	争議	noun	1	3	0	4
ja	取り囲ま	verb	1	3	0	4
ja	ランドリー	noun	1	3	0	4
ja	今宵	noun	1	3	0	4
ja	嫌々	noun	1	3	0	4
ja	追いつける	verb	1	3	0	4
ja	せまい	adjective	1	3	0	4
ja	ギフト	noun	1	3	0	4
ja	交え	verb	1	3	0	4
ja	ネタバレ	noun	1	3	0	4
ja	ムード	noun	1	3	0	4
ja	ウィンブルドン	noun	1	3	0	4
ja	ターン	noun	1	3	0	4
ja	きゅうり	noun	1	3	0	4
ja	刻々	adverb	1	3	0	4
ja	免職	noun	1	3	0	4
ja	筋道	noun	1	3	0	4
ja	サンダル	noun	1	3	0	4
ja	鋭く	adjective	1	3	0	4
ja	雹	noun	1	3	0	4
ja	こぞっ	verb	1	3	0	4
ja	取り上げる	verb	1	3	0	4
ja	金離れ	noun	1	3	0	4
ja	結び目	noun	1	3	0	4
ja	ペストリー	noun	1	3	0	4
ja	診療	noun	1	3	0	4
ja	根こそぎ	adverb	1	3	0	4
ja	せっけん	noun	1	3	0	4
ja	猶予	noun	1	3	0	4
ja	臭く	adjective	1	3	0	4
ja	即興	noun	1	3	0	4
ja	ナイス	noun	1	3	0	4
ja	報復	noun	1	3	0	4
ja	語り合う	verb	1	3	0	4
ja	バケット	noun	1	3	0	4
ja	敢えて	adverb	1	3	0	4
ja	巻き込ん	verb	1	3	0	4
ja	ポッケ	noun	1	3	0	4
ja	たまえ	verb	1	3	0	4
ja	アウトドア	noun	1	3	0	4
ja	刺し身	noun	1	3	0	4
ja	引き立て	verb	1	3	0	4
ja	強情	noun	1	3	0	4
ja	両面	noun	1	3	0	4
ja	リトル	noun	1	3	0	4
ja	ギブ	noun	1	3	0	4
ja	秋風	noun	1	3	0	4
ja	蹴飛ばし	verb	1	3	0	4
ja	下線	noun	1	3	0	4
ja	相応しく	adjective	1	3	0	4
ja	売品	noun	1	3	0	4
ja	あおむけ	noun	1	3	0	4
ja	骨折り	verb	1	3	0	4
ja	打ちのめさ	verb	1	3	0	4
ja	よそ	compounds	1	3	0	4
ja	シャーロック	noun	1	3	0	4
ja	乾季	noun	1	3	0	4
ja	うつり	noun	1	3	0	4
ja	仏語	noun	1	3	0	4
ja	マカロン	noun	1	3	0	4
ja	本文	noun	1	3	0	4
ja	噛みつい	verb	1	3	0	4
ja	春巻き	noun	1	3	0	4
ja	マスタード	noun	1	3	0	4
ja	三つ星	noun	1	3	0	4
ja	崩れる	verb	1	3	0	4
ja	求職	noun	1	3	0	4
ja	べらぼう	noun	1	3	0	4
ja	四川	noun	1	3	0	4
ja	杭	noun	1	3	0	4
ja	あつい	adjective	1	3	0	4
ja	さつま	noun	1	3	0	4
ja	シスター	noun	1	3	0	4
ja	全粒	noun	1	3	0	4
ja	セーフティー	noun	1	3	0	4
ja	自民	noun	1	3	0	4
ja	近日	noun	1	3	0	4
ja	泣きわめい	verb	1	3	0	4
ja	合鍵	noun	1	3	0	4
ja	合宿	noun	1	3	0	4
ja	ぶっきらぼう	noun	1	3	0	4
ja	フロッピー	noun	1	3	0	4
ja	水筒	noun	1	3	0	4
ja	えり	noun	1	3	0	4
ja	人びと	noun	1	3	0	4
ja	惚れ込ん	verb	1	3	0	4
ja	既往	noun	1	3	0	4
ja	主役	noun	1	3	0	4
ja	時流	noun	1	3	0	4
ja	びしょぬれ	noun	1	3	0	4
ja	あかあか	adverb	1	3	0	4
ja	初雪	noun	1	3	0	4
ja	じゃが芋	noun	1	3	0	4
ja	昼休み	noun	1	3	0	4
ja	投げ入れ	verb	1	3	0	4
ja	走り回る	verb	1	3	0	4
ja	アイアン	noun	1	3	0	4
ja	こつ	compounds	1	3	0	4
ja	進子	noun	1	3	0	4
ja	排卵	noun	1	3	0	4
ja	コク	noun	1	3	0	4
ja	若かり	adjective	1	3	0	4
ja	キッシュ	noun	1	3	0	4
ja	ジョッキ	noun	1	3	0	4
ja	命がけ	noun	1	3	0	4
ja	デトロイト	noun	1	3	0	4
ja	襲いかかっ	verb	1	3	0	4
ja	吹きつけ	verb	1	3	0	4
ja	さし上げ	verb	1	3	0	4
ja	もったい	noun	1	3	0	4
ja	逃げ道	noun	1	3	0	4
ja	ディカプリオ	noun	1	3	0	4
ja	泥沼	noun	1	3	0	4
ja	切り出し	verb	1	3	0	4
ja	ベリー	noun	1	3	0	4
ja	名門	noun	1	3	0	4
ja	心中	noun	1	3	0	4
ja	だまそう	verb	1	3	0	4
ja	縛り付け	verb	1	3	0	4
ja	うだつ	noun	1	3	0	4
ja	シェリー	noun	1	3	0	4
ja	即席	noun	1	3	0	4
ja	プラグ	noun	1	3	0	4
ja	絆創	noun	1	3	0	4
ja	人垣	noun	1	3	0	4
ja	マーサ	noun	1	3	0	4
ja	背泳ぎ	noun	1	3	0	4
ja	大食	noun	1	3	0	4
ja	通り雨	noun	1	3	0	4
ja	レバー	noun	1	3	0	4
ja	種々	noun	1	3	0	4
ja	歩み寄っ	verb	1	3	0	4
ja	ミッション	noun	1	3	0	4
ja	コリアンダー	noun	1	3	0	4
ja	自営	noun	1	3	0	4
ja	カフェイン	noun	1	3	0	4
ja	ヘルシンキ	noun	1	3	0	4
ja	通り道	noun	1	3	0	4
ja	わさび	noun	1	3	0	4
ja	買い替え	verb	1	3	0	4
ja	骸骨	noun	1	3	0	4
ja	金輪際	noun	1	3	0	4
ja	クーポン	noun	1	3	0	4
ja	相思	noun	1	3	0	4
ja	ホタテ	noun	1	3	0	4
ja	米作	noun	1	3	0	4
ja	スカッシュ	noun	1	3	0	4
ja	中村	noun	1	3	0	4
ja	立入	noun	1	3	0	4
ja	持論	noun	1	3	0	4
ja	請願	noun	1	3	0	4
ja	容易く	adjective	1	3	0	4
ja	あのー	compounds	1	3	0	4
ja	豆乳	noun	1	3	0	4
ja	色気	noun	1	3	0	4
ja	真空	noun	1	3	0	4
ja	接客	noun	1	3	0	4
ja	ヒマラヤ	noun	1	3	0	4
ja	休会	noun	1	3	0	4
ja	風格	noun	1	3	0	4
ja	ワイングラス	noun	1	3	0	4
ja	病後	noun	1	3	0	4
ja	ドジャース	noun	1	3	0	4
ja	コースター	noun	1	3	0	4
ja	ファレル	noun	1	3	0	4
ja	心行く	verb	1	3	0	4
ja	釣り上げ	verb	1	3	0	4
ja	弱気	noun	1	3	0	4
ja	モロッコ	noun	1	3	0	4
ja	両頬	noun	1	3	0	4
ja	下町	noun	1	3	0	4
ja	着飾る	verb	1	3	0	4
ja	売り出し	verb	1	3	0	4
ja	定食	noun	1	3	0	4
ja	おー	compounds	1	3	0	4
ja	剛	noun	1	3	0	4
ja	考え込ん	verb	1	3	0	4
ja	枯葉	noun	1	3	0	4
ja	ヘルニア	noun	1	3	0	4
ja	目線	noun	1	3	0	4
ja	ミネラル	noun	1	3	0	4
ja	麦畑	noun	1	3	0	4
ja	夏場	noun	1	3	0	4
ja	分け合う	verb	1	3	0	4
ja	思いとどまっ	verb	1	3	0	4
ja	すみ	noun	1	3	0	4
ja	一夕	noun	1	3	0	4
ja	生まれ変わる	verb	1	3	0	4
ja	御免	noun	1	3	0	4
ja	日帰り	noun	1	3	0	4
ja	鍵穴	noun	1	3	0	4
ja	パオ	noun	1	3	0	4
ja	ライチ	noun	1	3	0	4
ja	チョップ	noun	1	3	0	4
ja	モレ	noun	1	3	0	4
ja	成り立た	verb	1	3	0	4
ja	入隊	noun	1	3	3	3
ja	さそっ	verb	1	3	3	3
ja	出ろ	verb	1	3	3	3
ja	構い	noun	1	3	3	3
ja	目くばせ	noun	1	3	3	3
ja	なおっ	verb	1	3	3	3
ja	くすぐっ	verb	1	3	3	3
ja	排水	noun	1	3	3	3
ja	陰性	noun	1	3	3	3
ja	見出せ	verb	1	3	3	3
ja	真っ盛り	noun	1	3	3	3
ja	食え	verb	1	3	3	3
ja	冷やせ	verb	1	3	3	3
ja	あてがっ	verb	1	3	3	3
ja	キモい	adjective	1	3	3	3
ja	いそがしかっ	adjective	1	3	3	3
ja	とける	verb	1	3	3	3
ja	仰ぐ	verb	1	3	3	3
ja	顔負け	noun	1	3	3	3
ja	贈ろう	verb	1	3	3	3
ja	フィアンセ	noun	1	3	3	3
ja	かけろ	verb	1	3	3	3
ja	拭え	verb	1	3	3	3
ja	断れ	verb	1	3	3	3
ja	才女	noun	1	3	3	3
ja	あきれる	verb	1	3	3	3
ja	架け	verb	1	3	3	3
ja	ストーンズ	noun	1	3	3	3
ja	分けよう	verb	1	3	3	3
ja	はためい	verb	1	3	3	3
ja	釣れ	verb	1	3	3	3
ja	そっけなかっ	adjective	1	3	3	3
ja	金棒	noun	1	3	3	3
ja	かくまっ	verb	1	3	3	3
ja	もたれる	verb	1	3	3	3
ja	振るっ	verb	1	3	3	3
ja	贈呈	noun	1	3	3	3
ja	荒れる	verb	1	3	3	3
ja	涼しかっ	adjective	1	3	3	3
ja	ロマンチスト	noun	1	3	3	3
ja	行こっ	verb	1	3	3	3
ja	ぐらつい	verb	1	3	3	3
ja	キモイ	adjective	1	3	3	3
ja	はたし	verb	1	3	3	3
ja	見付かっ	verb	1	3	3	3
ja	危なっかしい	adjective	1	3	3	3
ja	いため	verb	1	3	3	3
ja	むずかしかっ	adjective	1	3	3	3
ja	あまい	adjective	1	3	3	3
ja	温まっ	verb	1	3	3	3
ja	かわかし	verb	1	3	3	3
ja	譲り	noun	1	3	3	3
ja	おさまり	verb	1	3	3	3
ja	収まら	verb	1	3	3	3
ja	なれよ	verb	1	3	3	3
ja	強食	noun	1	3	3	3
ja	急ごう	verb	1	3	3	3
ja	催す	verb	1	3	3	3
ja	うめい	verb	1	3	3	3
ja	そえ	verb	1	3	3	3
ja	狂う	verb	1	3	3	3
ja	小判	noun	1	3	3	3
ja	すくわ	verb	1	3	3	3
ja	独り身	noun	1	3	3	3
ja	茶の子	noun	1	3	3	3
ja	ののしる	verb	1	3	3	3
ja	隠れよう	verb	1	3	3	3
ja	もうから	verb	1	3	3	3
ja	たしなめ	verb	1	3	3	3
ja	ねむっ	verb	1	3	3	3
ja	下ろさ	verb	1	3	3	3
ja	叶え	verb	1	3	3	3
ja	贔屓	noun	1	3	3	3
ja	現われ	verb	1	3	3	3
ja	いらつく	verb	1	3	3	3
ja	下ろせ	verb	1	3	3	3
ja	跳ん	verb	1	3	3	3
ja	漕ごう	verb	1	3	3	3
ja	座ろう	verb	1	3	3	3
ja	大敵	noun	1	3	3	3
ja	うけたまわり	verb	1	3	3	3
ja	そわ	verb	1	3	3	3
ja	そぐわ	verb	1	3	3	3
ja	赤かっ	adjective	1	3	3	3
ja	ふるまい	verb	1	3	3	3
ja	なづけ	verb	1	3	3	3
ja	貯まっ	verb	1	3	3	3
ja	直っ	verb	1	3	3	3
ja	温かかっ	adjective	1	3	3	3
ja	よだっ	verb	1	3	3	3
ja	感服	noun	1	3	3	3
ja	詰問	noun	1	3	3	3
ja	祈ろう	verb	1	3	3	3
ja	砕けろ	verb	1	3	3	3
ja	すご	adjective	1	3	3	3
ja	通ず	verb	1	3	3	3
ja	のび	verb	1	3	3	3
ja	節穴	noun	1	3	3	3
ja	下がら	verb	1	3	3	3
ja	すばしっこい	adjective	1	3	3	3
ja	未聞	noun	1	3	3	3
ja	仕向け	verb	1	3	3	3
ja	名高い	adjective	1	3	3	3
ja	解か	verb	1	3	3	3
ja	沈め	verb	1	3	3	3
ja	偽っ	verb	1	3	3	3
ja	旨かっ	adjective	1	3	3	3
ja	拭っ	verb	1	3	3	3
ja	停まり	verb	1	3	3	3
ja	おろさ	verb	1	3	3	3
ja	繋がっ	verb	1	3	3	3
ja	なまけもの	noun	1	3	3	3
ja	こしらえ	verb	1	3	3	3
ja	走破	noun	1	3	3	3
ja	補っ	verb	1	3	3	3
ja	全滅	noun	1	3	3	3
ja	すすめる	verb	1	3	2	3
ja	嘘っぱち	noun	1	3	2	3
ja	離す	verb	1	3	2	3
ja	習い	noun	1	3	2	3
ja	伺え	verb	1	3	2	3
ja	尖ら	verb	1	3	2	3
ja	終われ	verb	1	3	2	3
ja	おとし	verb	1	3	2	3
ja	男前	noun	1	3	2	3
ja	臭う	verb	1	3	2	3
ja	没収	noun	1	3	2	3
ja	はじけ	verb	1	3	2	3
ja	盗み聞き	noun	1	3	2	3
ja	薄命	noun	1	3	2	3
ja	吊るし	verb	1	3	2	3
ja	はなせ	verb	1	3	2	3
ja	うずくまっ	verb	1	3	2	3
ja	戻ろう	verb	1	3	2	3
ja	はなす	verb	1	3	2	3
ja	降りよう	verb	1	3	2	3
ja	一人占め	noun	1	3	2	3
ja	掴む	verb	1	3	2	3
ja	いん	verb	1	3	2	3
ja	争え	verb	1	3	2	3
ja	DVD	compounds	1	3	2	3
ja	氷解	noun	1	3	2	3
ja	道断	noun	1	3	2	3
ja	おっかない	adjective	1	3	2	3
ja	返ら	verb	1	3	2	3
ja	悔し	adjective	1	3	2	3
ja	同席	noun	1	3	2	3
ja	あいこ	noun	1	3	2	3
ja	無税	noun	1	3	2	3
ja	微笑む	verb	1	3	2	3
ja	落ちぶれ	verb	1	3	2	3
ja	港町	noun	1	3	2	3
ja	値下がり	noun	1	3	2	3
ja	羽織っ	verb	1	3	2	3
ja	降りろ	verb	1	3	2	3
ja	優っ	verb	1	3	2	3
ja	アレクサンダー	noun	1	3	2	3
ja	汚らわしい	adjective	1	3	2	3
ja	短命	noun	1	3	2	3
ja	立とう	verb	1	3	2	3
ja	前菜	noun	1	3	2	3
ja	かぶり	verb	1	3	2	3
ja	万丈	noun	1	3	2	3
ja	永眠	noun	1	3	2	3
ja	垢抜け	verb	1	3	2	3
ja	混線	noun	1	3	2	3
ja	着れ	verb	1	3	2	3
ja	ゾクゾク	adverb	1	3	2	3
ja	綴り	verb	1	3	2	3
ja	参る	verb	1	3	2	3
ja	踏み	verb	1	3	2	3
ja	稼ぎ手	noun	1	3	2	3
ja	反撃	noun	1	3	2	3
ja	留年	noun	1	3	2	3
ja	目障り	noun	1	3	2	3
ja	遠のい	verb	1	3	2	3
ja	逃げろ	verb	1	3	2	3
ja	駆ら	verb	1	3	2	3
ja	悲しむ	verb	1	3	2	3
ja	手伝おう	verb	1	3	2	3
ja	かさばる	verb	1	3	2	3
ja	振舞う	verb	1	3	2	3
ja	ビショビショ	adverb	1	3	2	3
ja	がんばれ	verb	1	3	2	3
ja	厚かまし	adjective	1	3	2	3
ja	たのしかっ	adjective	1	3	2	3
ja	およば	verb	1	3	2	3
ja	養え	verb	1	3	2	3
ja	疑い深い	adjective	1	3	2	3
ja	盛っ	verb	1	3	2	3
ja	続けよう	verb	1	3	2	3
ja	穴場	noun	1	3	2	3
ja	改悪	noun	1	3	2	3
ja	怖れ	verb	1	3	2	3
ja	退却	noun	1	3	2	3
ja	そそる	verb	1	3	2	3
ja	あっけない	adjective	1	3	2	3
ja	踊れ	verb	1	3	2	3
ja	更け	verb	1	3	2	3
ja	空涙	noun	1	3	2	3
ja	転向	noun	1	3	2	3
ja	ぷり	noun	1	3	2	3
ja	遊べる	verb	1	3	2	3
ja	欲目	noun	1	3	2	3
ja	もい	verb	1	3	2	3
ja	志し	verb	1	3	2	3
ja	供し	verb	1	3	2	3
ja	ヤバイ	adjective	1	3	2	3
ja	逆らわ	verb	1	3	2	3
ja	任せろ	verb	1	3	2	3
ja	よろめい	verb	1	3	2	3
ja	八百長	noun	1	3	2	3
ja	失脚	noun	1	3	2	3
ja	助く	verb	1	3	2	3
ja	後れ	verb	1	3	2	3
ja	眠た	adjective	1	3	2	3
ja	イメチェン	noun	1	3	2	3
ja	感激	noun	1	3	2	3
ja	罵っ	verb	1	3	2	3
ja	千万	noun	1	3	2	3
ja	もぐっ	verb	1	3	2	3
ja	おごり	verb	1	3	2	3
ja	思い過ごし	noun	1	3	2	3
ja	ひもじい	adjective	1	3	2	3
ja	不可分	noun	1	3	2	3
ja	そそい	verb	1	3	2	3
ja	下手くそ	noun	1	3	2	3
ja	安らぐ	verb	1	3	2	3
ja	あやまっ	verb	1	3	2	3
ja	無茶苦茶	noun	1	3	2	3
ja	急落	noun	1	3	2	3
ja	死語	noun	1	3	2	3
ja	串	noun	1	3	2	3
ja	とがっ	verb	1	3	2	3
ja	ムズムズ	adverb	1	3	2	3
ja	恨ん	verb	1	3	2	3
ja	わめい	verb	1	3	2	3
ja	スプレー	noun	1	3	2	3
ja	湿っぽい	adjective	1	3	2	3
ja	素早	adjective	1	3	2	3
ja	見くびる	verb	1	3	2	3
ja	注ぎ	verb	1	3	2	3
ja	募っ	verb	1	3	2	3
ja	阻ま	verb	1	3	2	3
ja	遠吠え	noun	1	3	2	3
ja	いちゃつく	verb	1	3	2	3
ja	勤める	verb	1	3	2	3
ja	ストップ	noun	1	3	2	3
ja	区分	noun	1	3	2	3
ja	伍し	verb	1	3	2	3
ja	染み	verb	1	3	2	3
ja	またい	verb	1	3	2	3
ja	巻く	verb	1	3	2	3
ja	散る	verb	1	3	2	3
ja	狂喜	noun	1	3	2	3
ja	染まる	verb	1	3	2	3
ja	振る舞い	verb	1	3	2	3
ja	むなしい	adjective	1	3	2	3
ja	かわり	verb	1	3	2	3
ja	近眼	noun	1	3	2	3
ja	かか	verb	1	3	2	3
ja	見いだす	verb	1	3	2	3
ja	ウソつき	noun	1	3	2	3
ja	セリフ	noun	1	3	2	3
ja	慎む	verb	1	3	2	3
ja	南東	noun	1	3	1	3
ja	平熱	noun	1	3	1	3
ja	幻影	noun	1	3	1	3
ja	詰まら	verb	1	3	1	3
ja	横好き	noun	1	3	1	3
ja	放す	verb	1	3	1	3
ja	みがい	verb	1	3	1	3
ja	遊び好き	noun	1	3	1	3
ja	共鳴	noun	1	3	1	3
ja	はかどり	verb	1	3	1	3
ja	堅苦しい	adjective	1	3	1	3
ja	ちくしょう	noun	1	3	1	3
ja	初老	noun	1	3	1	3
ja	鼻汁	noun	1	3	1	3
ja	おどし	verb	1	3	1	3
ja	つとめ	noun	1	3	1	3
ja	こぼさ	verb	1	3	1	3
ja	都民	noun	1	3	1	3
ja	親し	adjective	1	3	1	3
ja	はかない	adjective	1	3	1	3
ja	ペドロ	noun	1	3	1	3
ja	クレープ	noun	1	3	1	3
ja	瞑っ	verb	1	3	1	3
ja	寝具	noun	1	3	1	3
ja	一味	noun	1	3	1	3
ja	信じれ	verb	1	3	1	3
ja	養生	noun	1	3	1	3
ja	トレーナー	noun	1	3	1	3
ja	フラグ	noun	1	3	1	3
ja	ブレイディ	noun	1	3	1	3
ja	世慣れ	verb	1	3	1	3
ja	所帯	noun	1	3	1	3
ja	べつ	noun	1	3	1	3
ja	ミニヨン	noun	1	3	1	3
ja	なう	adjective	1	3	1	3
ja	聖典	noun	1	3	1	3
ja	祝宴	noun	1	3	1	3
ja	珍味	noun	1	3	1	3
ja	スターズ	noun	1	3	1	3
ja	ギムレット	noun	1	3	1	3
ja	嫁入り	noun	1	3	1	3
ja	夜ふかし	noun	1	3	1	3
ja	ルームメート	noun	1	3	1	3
ja	幼なじみ	noun	1	3	1	3
ja	いそい	verb	1	3	1	3
ja	石造り	noun	1	3	1	3
ja	チェンジ	noun	1	3	1	3
ja	一角	noun	1	3	1	3
ja	汗だく	noun	1	3	1	3
ja	ブロガー	noun	1	3	1	3
ja	かしこまり	verb	1	3	1	3
ja	よそ行き	noun	1	3	1	3
ja	未決	noun	1	3	1	3
ja	新曲	noun	1	3	1	3
ja	義姉	noun	1	3	1	3
ja	頭でっかち	noun	1	3	1	3
ja	案件	noun	1	3	1	3
ja	クランベリー	noun	1	3	1	3
ja	汗臭い	adjective	1	3	1	3
ja	耽っ	verb	1	3	1	3
ja	再選	noun	1	3	1	3
ja	ケント	noun	1	3	1	3
ja	腹立ち	verb	1	3	1	3
ja	満塁	noun	1	3	1	3
ja	殺し屋	noun	1	3	1	3
ja	巡り合わせ	noun	1	3	1	3
ja	つり	verb	1	3	1	3
ja	慌ただしい	adjective	1	3	1	3
ja	はる	verb	1	3	1	3
ja	便秘	noun	1	3	1	3
ja	ぴかぴか	adverb	1	3	1	3
ja	息抜き	noun	1	3	1	3
ja	サケ	noun	1	3	1	3
ja	尋ね者	noun	1	3	1	3
ja	ベイダー	noun	1	3	1	3
ja	そろえる	verb	1	3	1	3
ja	健勝	noun	1	3	1	3
ja	独り者	noun	1	3	1	3
ja	慰める	verb	1	3	1	3
ja	またがり	verb	1	3	1	3
ja	禿げ	verb	1	3	1	3
ja	なめる	verb	1	3	1	3
ja	聞き捨て	noun	1	3	1	3
ja	よろしく	adjective	1	3	1	3
ja	晒さ	verb	1	3	1	3
ja	アニマル	noun	1	3	1	3
ja	見	noun	1	3	1	3
ja	ゴッホ	noun	1	3	1	3
ja	盲	noun	1	3	1	3
ja	サン＝テグジュペリ	noun	1	3	1	3
ja	力士	noun	1	3	1	3
ja	静粛	noun	1	3	1	3
ja	スカンク	noun	1	3	1	3
ja	悔やみ	noun	1	3	1	3
ja	ボーッと	adverb	1	3	1	3
ja	食べろ	verb	1	3	1	3
ja	濡らし	verb	1	3	1	3
ja	無芸	noun	1	3	1	3
ja	目まい	noun	1	3	1	3
ja	貫禄	noun	1	3	1	3
ja	温厚	noun	1	3	1	3
ja	塩梅	noun	1	3	1	3
ja	近寄ら	verb	1	3	1	3
ja	儚い	adjective	1	3	1	3
ja	一難	noun	1	3	1	3
ja	かたい	adjective	1	3	1	3
ja	荒らし	verb	1	3	1	3
ja	おわっ	verb	1	3	1	3
ja	凡俗	noun	1	3	1	3
ja	せい	verb	1	3	1	3
ja	キジ	noun	1	3	1	3
ja	成敗	noun	1	3	1	3
ja	揚がっ	verb	1	3	1	3
ja	ぎゅ	adverb	1	3	1	3
ja	セルフサービス	noun	1	3	1	3
ja	サテー	noun	1	3	1	3
ja	ヴィトン	noun	1	3	1	3
ja	金使い	noun	1	3	1	3
ja	サツ	noun	1	3	1	3
ja	ポンコツ	noun	1	3	1	3
ja	憚る	verb	1	3	1	3
ja	キレる	verb	1	3	1	3
ja	ドリル	noun	1	3	1	3
ja	収まる	verb	1	3	1	3
ja	売り出し	noun	1	3	1	3
ja	ディッシュ	noun	1	3	1	3
ja	しゃぶしゃぶ	noun	1	3	1	3
ja	焼こう	verb	1	3	1	3
ja	行けれ	verb	1	3	1	3
ja	隠し立て	noun	1	3	1	3
ja	洗髪	noun	1	3	1	3
ja	しよ	verb	1	3	1	3
ja	返る	verb	1	3	1	3
ja	すわり	verb	1	3	1	3
ja	説法	noun	1	3	1	3
ja	中級	noun	1	3	1	3
ja	立ち見	noun	1	3	1	3
ja	言い逃れ	noun	1	3	1	3
ja	損気	noun	1	3	1	3
ja	隠れろ	verb	1	3	1	3
ja	インテル	noun	1	3	1	3
ja	貸間	noun	1	3	1	3
ja	投げやり	noun	1	3	1	3
ja	高飛び	noun	1	3	1	3
ja	下戸	noun	1	3	1	3
ja	官軍	noun	1	3	1	3
ja	ググっ	verb	1	3	1	3
ja	仁義	noun	1	3	1	3
ja	めげ	verb	1	3	1	3
ja	ヘーゼルナッツ	noun	1	3	1	3
ja	駄洒落	noun	1	3	1	3
ja	卵白	noun	1	3	1	3
ja	手落ち	noun	1	3	1	3
ja	ＦＢＩ	noun	1	3	1	3
ja	バーテンダー	noun	1	3	1	3
ja	揺るが	verb	1	3	1	3
ja	逆説	noun	1	3	1	3
ja	麦茶	noun	1	3	1	3
ja	一事	noun	1	3	1	3
ja	犯さ	verb	1	3	1	3
ja	拒む	verb	1	3	1	3
ja	表れ	noun	1	3	1	3
ja	ばれる	verb	1	3	1	3
ja	高望み	noun	1	3	1	3
ja	やり直し	noun	1	3	1	3
ja	税込み	noun	1	3	1	3
ja	血筋	noun	1	3	1	3
ja	認可	noun	1	3	1	3
ja	繋がる	verb	1	3	1	3
ja	やぶら	verb	1	3	1	3
ja	弱々しい	adjective	1	3	1	3
ja	はいら	verb	1	3	1	3
ja	レーズン	noun	1	3	1	3
ja	はした金	noun	1	3	1	3
ja	みみっちい	adjective	1	3	1	3
ja	墳墓	noun	1	3	1	3
ja	夜型	noun	1	3	1	3
ja	一癖	noun	1	3	1	3
ja	足踏み	noun	1	3	1	3
ja	くま	noun	1	3	1	3
ja	タイル	noun	1	3	1	3
ja	発覚	noun	1	3	1	3
ja	義弟	noun	1	3	1	3
ja	棟梁	noun	1	3	1	3
ja	クオート	noun	1	3	1	3
ja	得策	noun	1	3	1	3
ja	蒼白	noun	1	3	1	3
ja	まばたき	noun	1	3	1	3
ja	如か	verb	1	3	1	3
ja	イチャイチャ	adverb	1	3	1	3
ja	三十路	noun	1	3	1	3
ja	ライアン	noun	1	3	1	3
ja	図々しい	adjective	1	3	1	3
ja	徴兵	noun	1	3	1	3
ja	はなさ	verb	1	3	1	3
ja	おぼれる	verb	1	3	1	3
ja	反駁	noun	1	3	1	3
ja	手渡し	noun	1	3	1	3
ja	戸締り	noun	1	3	1	3
ja	もどかしい	adjective	1	3	1	3
ja	進撃	noun	1	3	1	3
ja	刺繍	noun	1	3	1	3
ja	誉れ	noun	1	3	1	3
ja	貸家	noun	1	3	1	3
ja	ずうずうしい	adjective	1	3	1	3
ja	ごちゃごちゃ	adverb	1	3	1	3
ja	仕置き	noun	1	3	1	3
ja	チカチカ	adverb	1	3	1	3
ja	戒め	noun	1	3	1	3
ja	経緯	noun	1	3	1	3
ja	恋文	noun	1	3	1	3
ja	現役	noun	1	3	1	3
ja	貰わ	verb	1	3	1	3
ja	キャッチャー	noun	1	3	1	3
ja	ルクセンブルク	noun	1	3	1	3
ja	吐血	noun	1	3	1	3
ja	額縁	noun	1	3	1	3
ja	定石	noun	1	3	1	3
ja	古都	noun	1	3	1	3
ja	つかま	verb	1	3	1	3
ja	ブリュレ	noun	1	3	1	3
ja	謝絶	noun	1	3	1	3
ja	どき	noun	1	3	1	3
ja	軽はずみ	noun	1	3	1	3
ja	セッティング	noun	1	3	1	3
ja	小	noun	1	3	1	3
ja	直通	noun	1	3	1	3
ja	幻	noun	1	3	1	3
ja	ダ・ヴィンチ	noun	1	3	0	3
ja	砲火	noun	1	3	0	3
ja	良妻	noun	1	3	0	3
ja	グリルド	noun	1	3	0	3
ja	賊	noun	1	3	0	3
ja	思い切り	verb	1	3	0	3
ja	こっぴどく	adjective	1	3	0	3
ja	サスペンス	noun	1	3	0	3
ja	代わる代わる	adverb	1	3	0	3
ja	孔子	noun	1	3	0	3
ja	大佐	noun	1	3	0	3
ja	人だかり	noun	1	3	0	3
ja	銀杏	noun	1	3	0	3
ja	縛りつけ	verb	1	3	0	3
ja	ブリー	noun	1	3	0	3
ja	あまっ	verb	1	3	0	3
ja	陶芸	noun	1	3	0	3
ja	組み立て	noun	1	3	0	3
ja	たのしい	adjective	1	3	0	3
ja	ニャー	adverb	1	3	0	3
ja	かき回す	verb	1	3	0	3
ja	聞き出し	verb	1	3	0	3
ja	年波	noun	1	3	0	3
ja	光沢	noun	1	3	0	3
ja	小人	noun	1	3	0	3
ja	さじ	noun	1	3	0	3
ja	デバッグ	noun	1	3	0	3
ja	引き渡し	verb	1	3	0	3
ja	始まろう	verb	1	3	0	3
ja	すすめ	noun	1	3	0	3
ja	窓枠	noun	1	3	0	3
ja	温熱	noun	1	3	0	3
ja	トリノ	noun	1	3	0	3
ja	ジェントルマン	noun	1	3	0	3
ja	白雪	noun	1	3	0	3
ja	椎茸	noun	1	3	0	3
ja	付き添っ	verb	1	3	0	3
ja	埋め立て	noun	1	3	0	3
ja	レセプション	noun	1	3	0	3
ja	水位	noun	1	3	0	3
ja	露天	noun	1	3	0	3
ja	腕力	noun	1	3	0	3
ja	標本	noun	1	3	0	3
ja	利回り	noun	1	3	0	3
ja	軽度	noun	1	3	0	3
ja	転々	adverb	1	3	0	3
ja	コーラス	noun	1	3	0	3
ja	銘	noun	1	3	0	3
ja	村田	noun	1	3	0	3
ja	当市	noun	1	3	0	3
ja	フリスビー	noun	1	3	0	3
ja	エクスプレス	noun	1	3	0	3
ja	ばけ	noun	1	3	0	3
ja	やや	compounds	1	3	0	3
ja	飾り付け	noun	1	3	0	3
ja	白米	noun	1	3	0	3
ja	節介	noun	1	3	0	3
ja	跳ねる	verb	1	3	0	3
ja	膿漏	noun	1	3	0	3
ja	せわしく	adjective	1	3	0	3
ja	紙袋	noun	1	3	0	3
ja	ゴミ箱	noun	1	3	0	3
ja	ブラックベリー	noun	1	3	0	3
ja	前代	noun	1	3	0	3
ja	エロ	noun	1	3	0	3
ja	図面	noun	1	3	0	3
ja	サンディエゴ	noun	1	3	0	3
ja	ガット	noun	1	3	0	3
ja	引き止め	verb	1	3	0	3
ja	コスチューム	noun	1	3	0	3
ja	低き	adjective	1	3	0	3
ja	半熟	noun	1	3	0	3
ja	シチリア	noun	1	3	0	3
ja	そで	noun	1	3	0	3
ja	初見	noun	1	3	0	3
ja	思いやる	verb	1	3	0	3
ja	爪先	noun	1	3	0	3
ja	択一	noun	1	3	0	3
ja	イディオム	noun	1	3	0	3
ja	ラッパ	noun	1	3	0	3
ja	狙う	verb	1	3	0	3
ja	押し出し	verb	1	3	0	3
ja	クラウチ	noun	1	3	0	3
ja	豹	noun	1	3	0	3
ja	飛び立っ	verb	1	3	0	3
ja	言い合っ	verb	1	3	0	3
ja	つり革	noun	1	3	0	3
ja	立身	noun	1	3	0	3
ja	居座る	verb	1	3	0	3
ja	かかわり	noun	1	3	0	3
ja	小雪	noun	1	3	0	3
ja	うなぎ	noun	1	3	0	3
ja	オハイオ	noun	1	3	0	3
ja	小魚	noun	1	3	0	3
ja	原宿	noun	1	3	0	3
ja	ラズベリー	noun	1	3	0	3
ja	つけ加え	verb	1	3	0	3
ja	石橋	noun	1	3	0	3
ja	ひとり旅	noun	1	3	0	3
ja	マーマレード	noun	1	3	0	3
ja	石榴	noun	1	3	0	3
ja	赦し	noun	1	3	0	3
ja	ヘルペス	noun	1	3	0	3
ja	押し入ろう	verb	1	3	0	3
ja	潔く	adjective	1	3	0	3
ja	一理	noun	1	3	0	3
ja	抑えよう	verb	1	3	0	3
ja	マグ	noun	1	3	0	3
ja	色目	noun	1	3	0	3
ja	訪ね歩い	verb	1	3	0	3
ja	ペーター	noun	1	3	0	3
ja	助け合い	verb	1	3	0	3
ja	椀	noun	1	3	0	3
ja	えり首	noun	1	3	0	3
ja	引き抜い	verb	1	3	0	3
ja	見当たり	verb	1	3	0	3
ja	こなごな	noun	1	3	0	3
ja	ベラ	noun	1	3	0	3
ja	ラスベガス	noun	1	3	0	3
ja	手腕	noun	1	3	0	3
ja	一寸	adverb	1	3	0	3
ja	徳川	noun	1	3	0	3
ja	奈落	noun	1	3	0	3
ja	竜巻	noun	1	3	0	3
ja	外気	noun	1	3	0	3
ja	牢屋	noun	1	3	0	3
ja	アントワーヌ	noun	1	3	0	3
ja	腫れる	verb	1	3	0	3
ja	チャーチル	noun	1	3	0	3
ja	ニュートラル	noun	1	3	0	3
ja	持て余し	verb	1	3	0	3
ja	ちご	noun	1	3	0	3
ja	小腸	noun	1	3	0	3
ja	殴り倒し	verb	1	3	0	3
ja	噛み切っ	verb	1	3	0	3
ja	融和	noun	1	3	0	3
ja	既成	noun	1	3	0	3
ja	あえない	adjective	1	3	0	3
ja	現物	noun	1	3	0	3
ja	取りかから	verb	1	3	0	3
ja	他動	noun	1	3	0	3
ja	諦め	noun	1	3	0	3
ja	マリカ	noun	1	3	0	3
ja	称号	noun	1	3	0	3
ja	着飾っ	verb	1	3	0	3
ja	スイング	noun	1	3	0	3
ja	褒める	verb	1	3	0	3
ja	出だし	noun	1	3	0	3
ja	持ち出さ	verb	1	3	0	3
ja	電器	noun	1	3	0	3
ja	ブラインド	noun	1	3	0	3
ja	飲みほし	verb	1	3	0	3
ja	ドングリ	noun	1	3	0	3
ja	書き込み	verb	1	3	0	3
ja	ミキシング	noun	1	3	0	3
ja	一風	noun	1	3	0	3
ja	ちょっ	adverb	1	3	0	3
ja	サラミ	noun	1	3	0	3
ja	窮鼠	noun	1	3	0	3
ja	岡山	noun	1	3	0	3
ja	アラ	noun	1	3	0	3
ja	推し進め	verb	1	3	0	3
ja	胸毛	noun	1	3	0	3
ja	ジリ	noun	1	3	0	3
ja	瀬戸際	noun	1	3	0	3
ja	割り込む	verb	1	3	0	3
ja	鋤	noun	1	3	0	3
ja	盛り上がろう	verb	1	3	0	3
ja	同姓	noun	1	3	0	3
ja	バツイチ	noun	1	3	0	3
ja	首吊り	noun	1	3	0	3
ja	右脚	noun	1	3	0	3
ja	性病	noun	1	3	0	3
ja	二者	noun	1	3	0	3
ja	ビデオテープ	noun	1	3	0	3
ja	引き寄せ	verb	1	3	0	3
ja	滑舌	noun	1	3	0	3
ja	頼み込ん	verb	1	3	0	3
ja	ニャンコ	noun	1	3	0	3
ja	ドラゴンズ	noun	1	3	0	3
ja	スリランカ	noun	1	3	0	3
ja	乗り越し	verb	1	3	0	3
ja	オペレーター	noun	1	3	0	3
ja	連れ戻し	verb	1	3	0	3
ja	寝転ん	verb	1	3	0	3
ja	パラシュート	noun	1	3	0	3
ja	飛び起き	verb	1	3	0	3
ja	育て上げ	verb	1	3	0	3
ja	ヒト	noun	1	3	0	3
ja	引き離し	verb	1	3	0	3
ja	常軌	noun	1	3	0	3
ja	レゲエ	noun	1	3	0	3
ja	ダニ	noun	1	3	0	3
ja	頼もしい	adjective	1	3	0	3
ja	どんぐり	noun	1	3	0	3
ja	山羊座	noun	1	3	0	3
ja	まざまざ	adverb	1	3	0	3
ja	対岸	noun	1	3	0	3
ja	言い返す	verb	1	3	0	3
ja	取り違え	verb	1	3	0	3
ja	眼差し	noun	1	3	0	3
ja	ガッツ	noun	1	3	0	3
ja	ウィンドウズ	noun	1	3	0	3
ja	漢詩	noun	1	3	0	3
ja	賭け	noun	1	3	0	3
ja	すし	noun	1	3	0	3
ja	寝巻き	noun	1	3	0	3
ja	張り合っ	verb	1	3	0	3
ja	覆水	noun	1	3	0	3
ja	吹き倒さ	verb	1	3	0	3
ja	さりげなく	adjective	1	3	0	3
ja	突っぱね	verb	1	3	0	3
ja	話し声	noun	1	3	0	3
ja	たたきつけ	verb	1	3	0	3
ja	カヤ	noun	1	3	0	3
ja	耳あか	noun	1	3	0	3
ja	二郎	noun	1	3	0	3
ja	いじ	noun	1	3	0	3
ja	大分	noun	1	3	0	3
ja	閉じこめ	verb	1	3	0	3
ja	エイプリル	noun	1	3	0	3
ja	岐阜	noun	1	3	0	3
ja	モッツァレラ	noun	1	3	0	3
ja	履きつぶし	verb	1	3	0	3
ja	一目散	noun	1	3	0	3
ja	カル	noun	1	3	0	3
ja	胡散	noun	1	3	0	3
ja	ひところ	noun	1	3	0	3
ja	いっこう	adverb	1	3	0	3
ja	簿記	noun	1	3	0	3
ja	歯槽	noun	1	3	0	3
ja	ガリレイ	noun	1	3	0	3
ja	井上	noun	1	3	0	3
ja	ちょっかい	noun	1	3	0	3
ja	聴力	noun	1	3	0	3
ja	引き離す	verb	1	3	0	3
ja	取り除き	verb	1	3	0	3
ja	学祭	noun	1	3	0	3
ja	ヤンキース	noun	1	3	0	3
ja	即金	noun	1	3	0	3
ja	無花果	noun	1	3	0	3
ja	郷	noun	1	3	0	3
ja	水路	noun	1	3	0	3
ja	フライング	noun	1	3	0	3
ja	石ころ	noun	1	3	0	3
ja	小節	noun	1	3	0	3
ja	噛み合わ	verb	1	3	0	3
ja	引っ込み	noun	1	3	0	3
ja	陸路	noun	1	3	0	3
ja	かみ	noun	1	3	0	3
ja	烙印	noun	1	3	0	3
ja	ヤール	noun	1	3	0	3
ja	遊泳	noun	1	3	0	3
ja	傷跡	noun	1	3	0	3
ja	西瓜	noun	1	3	0	3
ja	生憎	adverb	1	3	0	3
ja	付き添わ	verb	1	3	0	3
ja	つきまとう	verb	1	3	0	3
ja	スゴイ	adjective	1	3	0	3
ja	横目	noun	1	3	0	3
ja	結びつけ	verb	1	3	0	3
ja	小田原	noun	1	3	0	3
ja	倦怠	noun	1	3	0	3
ja	引っ込ん	verb	1	3	0	3
ja	噂話	noun	1	3	0	3
ja	考えつい	verb	1	3	0	3
ja	忠言	noun	1	3	0	3
ja	出来立て	noun	1	3	0	3
ja	果報	noun	1	3	0	3
ja	烏	noun	1	3	0	3
ja	締め出し	verb	1	3	0	3
ja	真鍮	noun	1	3	0	3
ja	キ	verb	1	3	0	3
ja	亡夫	noun	1	3	0	3
ja	只今	noun	1	3	0	3
ja	隔てる	verb	1	3	0	3
ja	武	noun	1	3	0	3
ja	射撃	noun	1	3	0	3
ja	かめ	noun	1	3	0	3
ja	ぬかるみ	noun	1	3	0	3
ja	代役	noun	1	3	0	3
ja	食いちぎっ	verb	1	3	0	3
ja	だし	noun	1	3	0	3
ja	親思い	noun	1	3	0	3
ja	甲殻	noun	1	3	0	3
ja	朝御飯	noun	1	3	0	3
ja	召使	noun	1	3	0	3
ja	編物	noun	1	3	0	3
ja	卑しい	adjective	1	3	0	3
ja	打ち勝て	verb	1	3	0	3
ja	イド	noun	1	3	0	3
ja	アベル	noun	1	3	0	3
ja	バドミントン	noun	1	3	0	3
ja	思い詰め	verb	1	3	0	3
ja	転がり落ち	verb	1	3	0	3
ja	すり切れ	verb	1	3	0	3
ja	諸悪	noun	1	3	0	3
ja	立ち上がろう	verb	1	3	0	3
ja	暫く	adverb	1	3	0	3
ja	名称	noun	1	3	0	3
ja	タンパ	noun	1	3	0	3
ja	おちつか	verb	1	3	0	3
ja	赤川	noun	1	3	0	3
ja	ハネムーン	noun	1	3	0	3
ja	直属	noun	1	3	0	3
ja	潰瘍	noun	1	3	0	3
ja	執務	noun	1	3	0	3
ja	ほうび	noun	1	3	0	3
ja	愛せる	verb	1	3	0	3
ja	明晩	noun	1	3	0	3
ja	脇の下	noun	1	3	0	3
ja	発熱	noun	1	3	0	3
ja	やり残し	verb	1	3	0	3
ja	おとつい	noun	1	3	0	3
ja	円形	noun	1	3	0	3
ja	三塁	noun	1	3	0	3
ja	スピーキング	noun	1	3	0	3
ja	レスキュー	noun	1	3	0	3
ja	腹心	noun	1	3	0	3
ja	ヒップ	noun	1	3	0	3
ja	引きこもっ	verb	1	3	0	3
ja	自慰	noun	1	3	0	3
ja	ライフスタイル	noun	1	3	0	3
ja	仕切り	verb	1	3	0	3
ja	深海	noun	1	3	0	3
ja	軸	noun	1	3	0	3
ja	正に	adverb	1	3	0	3
ja	黙り込ん	verb	1	3	0	3
ja	ガタイ	noun	1	3	0	3
ja	茶々	noun	1	3	0	3
ja	グラント	noun	1	3	0	3
ja	元日	noun	1	3	0	3
ja	ぎこちなく	adjective	1	3	0	3
ja	照らし合わせ	verb	1	3	0	3
ja	マレ	noun	1	3	0	3
ja	げんこつ	noun	1	3	0	3
ja	各自	noun	1	3	0	3
ja	追い払わ	verb	1	3	0	3
ja	頼みごと	noun	1	3	0	3
ja	素晴らしき	adjective	1	3	0	3
ja	噛み付い	verb	1	3	0	3
ja	グラブ	noun	1	3	0	3
ja	ミックス	noun	1	3	0	3
ja	グリン	noun	1	3	0	3
ja	良子	noun	1	3	0	3
ja	静脈	noun	1	3	0	3
ja	あり金	noun	1	3	0	3
ja	高山	noun	1	3	0	3
ja	取り立て	verb	1	3	0	3
ja	追い詰め	verb	1	3	0	3
ja	言い渡し	verb	1	3	0	3
ja	まき	noun	1	3	0	3
ja	ＥＣ	noun	1	3	0	3
ja	原典	noun	1	3	0	3
ja	しいたけ	noun	1	3	0	3
ja	神託	noun	1	3	0	3
ja	来訪	noun	1	3	0	3
ja	ごう慢	noun	1	3	0	3
ja	オーディション	noun	1	3	0	3
ja	もたれかかる	verb	1	3	0	3
ja	易く	adjective	1	3	0	3
ja	鋼	noun	1	3	0	3
ja	飾り付け	verb	1	3	0	3
ja	物わかり	noun	1	3	0	3
ja	ペンダント	noun	1	3	0	3
ja	宙返り	noun	1	3	0	3
ja	ベタ	noun	1	3	0	3
ja	よーい	noun	1	3	0	3
ja	気品	noun	1	3	0	3
ja	義兄	noun	1	3	0	3
ja	苦心	noun	1	3	0	3
ja	シュレッダー	noun	1	3	0	3
ja	争う	verb	1	3	0	3
ja	とがめ	noun	1	3	0	3
ja	ひったくら	verb	1	3	0	3
ja	やり直せ	verb	1	3	0	3
ja	かき立て	verb	1	3	0	3
ja	しがない	adjective	1	3	0	3
ja	取り押さえ	verb	1	3	0	3
ja	岸壁	noun	1	3	0	3
ja	タウン	noun	1	3	0	3
ja	泥んこ	noun	1	3	0	3
ja	ＶＩＳＡ	noun	1	3	0	3
ja	愚行	noun	1	3	0	3
ja	問屋	noun	1	3	0	3
ja	湯気	noun	1	3	0	3
ja	確証	noun	1	3	0	3
ja	あくどい	adjective	1	3	0	3
ja	美穂	noun	1	3	0	3
ja	謝礼	noun	1	3	0	3
ja	海産	noun	1	3	0	3
ja	姉貴	noun	1	3	0	3
ja	木の間	noun	1	3	0	3
ja	目隠し	noun	1	3	0	3
ja	天辺	noun	1	3	0	3
ja	体罰	noun	1	3	0	3
ja	酔い止め	noun	1	3	0	3
ja	親譲り	noun	1	3	0	3
ja	エステ	noun	1	3	0	3
ja	蟹	noun	1	3	0	3
ja	謝ん	verb	1	3	0	3
ja	憎め	verb	1	3	0	3
ja	落ち合っ	verb	1	3	0	3
ja	喪服	noun	1	3	0	3
ja	取り消せ	verb	1	3	0	3
ja	公明	noun	1	3	0	3
ja	ローリー	noun	1	3	0	3
ja	蒸留	noun	1	3	0	3
ja	ほんま	noun	1	3	0	3
ja	吸い込む	verb	1	3	0	3
ja	なすりつけ	verb	1	3	0	3
ja	立ち退き	noun	1	3	0	3
ja	きっぷ	noun	1	3	0	3
ja	スラックス	noun	1	3	0	3
ja	さくらんぼ	noun	1	3	0	3
ja	シュガー	noun	1	3	0	3
ja	文才	noun	1	3	0	3
ja	見抜い	verb	1	3	0	3
ja	ジッパー	noun	1	3	0	3
ja	寒暖	noun	1	3	0	3
ja	ちょちょい	adverb	1	3	0	3
ja	雨雲	noun	1	3	0	3
ja	HP	compounds	1	3	0	3
ja	不言	noun	1	3	0	3
ja	びっこ	noun	1	3	0	3
ja	考え出そう	verb	1	3	0	3
ja	灯火	noun	1	3	0	3
ja	生業	noun	1	3	0	3
ja	並み	noun	1	3	0	3
ja	きそう	noun	1	3	0	3
ja	奪い合っ	verb	1	3	0	3
ja	小腹	noun	1	3	0	3
ja	生き甲斐	noun	1	3	0	3
ja	弱肉	noun	1	3	0	3
ja	駆け上っ	verb	1	3	0	3
ja	鮫	noun	1	3	0	3
ja	握力	noun	1	3	0	3
ja	拾い集め	verb	1	3	0	3
ja	ミニ	noun	1	3	0	3
ja	殴りかかっ	verb	1	3	0	3
ja	マップ	noun	1	3	0	3
ja	立ち去ら	verb	1	3	0	3
ja	帰路	noun	1	3	0	3
ja	トレーラー	noun	1	3	0	3
ja	歯石	noun	1	3	0	3
ja	投げ出さ	verb	1	3	0	3
ja	汚れる	verb	1	3	0	3
ja	ショウイチ	noun	1	3	0	3
ja	突き刺し	verb	1	3	0	3
ja	追い付く	verb	1	3	0	3
ja	しくしく	adverb	1	3	0	3
ja	雀	noun	1	3	0	3
ja	空き地	noun	1	3	0	3
ja	ぎみ	noun	1	3	0	3
ja	刺	noun	1	3	0	3
ja	週休	noun	1	3	0	3
ja	悪者	noun	1	3	0	3
ja	合い言葉	noun	1	3	0	3
ja	夜行	noun	1	3	0	3
ja	逐語	noun	1	3	0	3
ja	初診	noun	1	3	0	3
ja	先手	noun	1	3	0	3
ja	卒中	noun	1	3	0	3
ja	何時頃	noun	1	3	0	3
ja	思い起こさ	verb	1	3	0	3
ja	合	noun	1	3	0	3
ja	折り鶴	noun	1	3	0	3
ja	華	noun	1	3	0	3
ja	極力	adverb	1	3	0	3
ja	安息	noun	1	3	0	3
ja	大火	noun	1	3	0	3
ja	呵責	noun	1	3	0	3
ja	昼前	noun	1	3	0	3
ja	フォーラム	noun	1	3	0	3
ja	深酒	noun	1	3	0	3
ja	結膜	noun	1	3	0	3
ja	ひよこ	noun	1	3	0	3
ja	ジェニファー	noun	1	3	0	3
ja	ノイローゼ	noun	1	3	0	3
ja	輸血	noun	1	3	0	3
ja	割りきる	verb	1	3	0	3
ja	金貨	noun	1	3	0	3
ja	寝癖	noun	1	3	0	3
ja	そり遊び	noun	1	3	0	3
ja	イシュマエル	noun	1	3	0	3
ja	レブロン	noun	1	3	0	3
ja	露語	noun	1	3	0	3
ja	冷水	noun	1	3	0	3
ja	山裾	noun	1	3	0	3
ja	マットレス	noun	1	3	0	3
ja	助から	verb	1	3	0	3
ja	エリック	noun	1	3	0	3
ja	シャーベット	noun	1	3	0	3
ja	ローリング	noun	1	3	0	3
ja	奇行	noun	1	3	0	3
ja	中指	noun	1	3	0	3
ja	脱ぎ捨て	verb	1	3	0	3
ja	あどけない	adjective	1	3	0	3
ja	商才	noun	1	3	0	3
ja	東海道	noun	1	3	0	3
ja	白身	noun	1	3	0	3
ja	千切り	noun	1	3	0	3
ja	脈拍	noun	1	3	0	3
ja	由紀子	noun	1	3	0	3
ja	やんわり	adverb	1	3	0	3
ja	手錠	noun	1	3	0	3
ja	やすり	noun	1	3	0	3
ja	ジャグリング	noun	1	3	0	3
ja	決算	noun	1	3	0	3
ja	頭数	noun	1	3	0	3
ja	自席	noun	1	3	0	3
ja	プレ	noun	1	3	0	3
ja	滑り出し	noun	1	3	0	3
ja	世知	noun	1	3	0	3
ja	ハンド	noun	1	3	0	3
ja	縛り上げ	verb	1	3	0	3
ja	合わし	verb	1	3	0	3
ja	サングリア	noun	1	3	0	3
ja	ひきだし	verb	1	3	0	3
ja	痒く	adjective	1	3	0	3
ja	案ずる	verb	1	3	0	3
ja	サクランボ	noun	1	3	0	3
ja	悪銭	noun	1	3	0	3
ja	読みとら	verb	1	3	0	3
ja	ホイール	noun	1	3	0	3
ja	ジャーナリズム	noun	1	3	0	3
ja	飾り気	noun	1	3	0	3
ja	ヴィータ	noun	1	3	0	3
ja	立ち	noun	1	3	0	3
ja	強気	noun	1	3	0	3
ja	結び	noun	1	3	0	3
ja	いかさま	noun	1	3	0	3
ja	わる	noun	1	3	0	3
ja	睡魔	noun	1	3	0	3
ja	接戦	noun	1	3	0	3
ja	こまかい	adjective	1	3	0	3
ja	聞き耳	noun	1	3	0	3
ja	焼きもち	noun	1	3	0	3
ja	凧揚げ	noun	1	3	0	3
ja	手立て	noun	1	3	0	3
ja	食い違っ	verb	1	3	0	3
ja	川べり	noun	1	3	0	3
ja	伝票	noun	1	3	0	3
ja	持ちあわせ	noun	1	3	0	3
ja	背もたれ	noun	1	3	0	3
ja	転石	noun	1	3	0	3
ja	ざあざあ	adverb	1	3	0	3
ja	行き届い	verb	1	3	0	3
ja	引き渡さ	verb	1	3	0	3
ja	後期	noun	1	3	0	3
ja	元栓	noun	1	3	0	3
ja	寝足り	verb	1	3	0	3
ja	しつける	verb	1	3	0	3
ja	人当たり	noun	1	3	0	3
ja	歯車	noun	1	3	0	3
ja	仕える	verb	1	3	0	3
ja	他言	noun	1	3	0	3
ja	みすぼらしく	adjective	1	3	0	3
ja	イイ	adjective	1	3	0	3
ja	貴女	noun	1	3	0	3
ja	聖子	noun	1	3	0	3
ja	靴ベラ	noun	1	3	0	3
ja	光陰	noun	1	3	0	3
ja	サウナ	noun	1	3	0	3
ja	あずかっ	verb	1	3	0	3
ja	言い当て	verb	1	3	0	3
ja	吹き返し	verb	1	3	0	3
ja	レール	noun	1	3	0	3
ja	ブザー	noun	1	3	0	3
ja	やっつけ	verb	1	3	0	3
ja	かたく	adjective	1	3	0	3
ja	卑屈	noun	1	3	0	3
ja	カズ	noun	1	3	0	3
ja	濡れ衣	noun	1	3	0	3
ja	グルテン	noun	1	3	0	3
ja	グッド	noun	1	3	0	3
ja	圧制	noun	1	3	0	3
ja	フリット	noun	1	3	0	3
ja	ぶつぶつ	noun	1	3	0	3
ja	罪深い	adjective	1	3	0	3
ja	むずむず	adverb	1	3	0	3
ja	前年	noun	1	3	0	3
ja	雪崩	noun	1	3	0	3
ja	尊大	noun	1	3	0	3
ja	くすぐる	verb	1	3	0	3
ja	指差す	verb	1	3	0	3
ja	スタバ	noun	1	3	0	3
ja	ミドル	noun	1	3	0	3
ja	甲板	noun	1	3	0	3
ja	無鉄砲	noun	1	3	0	3
ja	奮っ	verb	1	3	0	3
ja	辞苑	noun	1	3	0	3
ja	沼	noun	1	3	0	3
ja	タブレット	noun	1	3	0	3
ja	とっつき	verb	1	3	0	3
ja	更衣	noun	1	3	0	3
ja	ちっちゃく	adjective	1	3	0	3
ja	万難	noun	1	3	0	3
ja	胃ガン	noun	1	3	0	3
ja	エンジニアリング	noun	1	3	0	3
ja	裏話	noun	1	3	0	3
ja	クシ	noun	1	3	0	3
ja	見失わ	verb	1	3	0	3
ja	だまれ	verb	1	3	0	3
ja	行き違い	noun	1	3	0	3
ja	双眼	noun	1	3	0	3
ja	内装	noun	1	3	0	3
ja	きんとん	noun	1	3	0	3
ja	タコ	noun	1	3	0	3
ja	関わり合い	verb	1	3	0	3
ja	ギャツビー	noun	1	3	0	3
ja	ギラギラ	adverb	1	3	0	3
ja	愛猫	noun	1	3	0	3
ja	飲み込み	noun	1	3	0	3
ja	聞き逃し	verb	1	3	0	3
ja	百合	noun	1	3	0	3
ja	殺虫	noun	1	3	0	3
ja	市政	noun	1	3	0	3
ja	密売	noun	1	3	0	3
ja	当てはめ	verb	1	3	0	3
ja	川越	noun	1	3	0	3
ja	追いやら	verb	1	3	0	3
ja	ゆるい	adjective	1	3	0	3
ja	摂理	noun	1	3	0	3
ja	真理恵	noun	1	3	0	3
ja	攻め	noun	1	3	0	3
ja	初日の出	noun	1	3	0	3
ja	五感	noun	1	3	0	3
ja	ハムスター	noun	1	3	0	3
ja	荒らし	noun	1	3	0	3
ja	ウォーキング	noun	1	3	0	3
ja	夏期	noun	1	3	0	3
ja	握りしめ	verb	1	3	0	3
ja	レーザー	noun	1	3	0	3
ja	言い換え	verb	1	3	0	3
ja	ぶち	adverb	1	3	0	3
ja	煮物	noun	1	3	0	3
ja	泣きっ面	noun	1	3	0	3
ja	ファーマーズ	noun	1	3	0	3
ja	襟首	noun	1	3	0	3
ja	トロント	noun	1	3	0	3
ja	コラム	noun	1	3	0	3
ja	蠅	noun	1	3	0	3
ja	脂	noun	1	3	0	3
ja	職探し	noun	1	3	0	3
ja	ニッケル	noun	1	3	0	3
ja	渦巻き	noun	1	3	0	3
ja	立ち上がれ	verb	1	3	0	3
ja	満天	noun	1	3	0	3
ja	選考	noun	1	3	0	3
ja	ウンコ	noun	1	3	0	3
ja	バカバカしい	adjective	1	3	0	3
ja	吸い取る	verb	1	3	0	3
ja	撃ち抜い	verb	1	3	0	3
ja	寝付け	verb	1	3	0	3
ja	企み	noun	1	3	0	3
ja	ジャガー	noun	1	3	0	3
ja	一人娘	noun	1	3	0	3
ja	飛び回っ	verb	1	3	0	3
ja	見せどころ	noun	1	3	2	2
ja	小出し	noun	1	3	2	2
ja	デブる	verb	1	3	2	2
ja	イカれ	verb	1	3	2	2
ja	息苦しい	adjective	1	3	2	2
ja	元々	noun	1	3	2	2
ja	キャスター	noun	1	3	2	2
ja	つのる	verb	1	3	2	2
ja	チクチク	adverb	1	3	2	2
ja	ほころび	verb	1	3	2	2
ja	マーメイド	noun	1	3	2	2
ja	ひるがえし	verb	1	3	2	2
ja	スイマー	noun	1	3	2	2
ja	賢母	noun	1	3	2	2
ja	おどろい	verb	1	3	2	2
ja	暗し	adjective	1	3	2	2
ja	ほじる	verb	1	3	2	2
ja	ハメ	verb	1	3	2	2
ja	まかせ	noun	1	3	2	2
ja	錆び	verb	1	3	2	2
ja	はたさ	verb	1	3	2	2
ja	小食	noun	1	3	2	2
ja	狭まっ	verb	1	3	2	2
ja	さかだっ	verb	1	3	2	2
ja	こさ	verb	1	3	2	2
ja	はずかしい	adjective	1	3	2	2
ja	くじい	verb	1	3	2	2
ja	わかろう	verb	1	3	2	2
ja	コラボ	noun	1	3	2	2
ja	とろい	adjective	1	3	2	2
ja	凶作	noun	1	3	2	2
ja	腰抜け	noun	1	3	2	2
ja	掴ま	verb	1	3	2	2
ja	剥げ	verb	1	3	2	2
ja	うったえ	verb	1	3	2	2
ja	おび	verb	1	3	2	2
ja	待ち遠しかっ	adjective	1	3	2	2
ja	摘め	verb	1	3	2	2
ja	茶番	noun	1	3	2	2
ja	出来ばえ	noun	1	3	2	2
ja	からっぽ	noun	1	3	2	2
ja	助	noun	1	3	2	2
ja	神童	noun	1	3	2	2
ja	ズキズキ	adverb	1	3	2	2
ja	火照っ	verb	1	3	2	2
ja	かえさ	verb	1	3	2	2
ja	がめつい	adjective	1	3	2	2
ja	宣し	verb	1	3	2	2
ja	点い	verb	1	3	2	2
ja	露見	noun	1	3	2	2
ja	なまけ者	noun	1	3	2	2
ja	みとめ	verb	1	3	2	2
ja	あげろ	verb	1	3	2	2
ja	ぼったくら	verb	1	3	2	2
ja	あざけっ	verb	1	3	2	2
ja	混ざら	verb	1	3	2	2
ja	萎れ	verb	1	3	2	2
ja	寝苦しい	adjective	1	3	2	2
ja	出盛り	noun	1	3	2	2
ja	狩ら	verb	1	3	2	2
ja	おどっ	verb	1	3	2	2
ja	苔むさ	verb	1	3	2	2
ja	内定	noun	1	3	2	2
ja	覗か	verb	1	3	2	2
ja	似る	verb	1	3	2	2
ja	履か	verb	1	3	2	2
ja	付さ	verb	1	3	2	2
ja	曇ら	verb	1	3	2	2
ja	ほてり	verb	1	3	2	2
ja	面食い	noun	1	3	2	2
ja	ザビエル	noun	1	3	2	2
ja	水死	noun	1	3	2	2
ja	ウィンク	noun	1	3	2	2
ja	食中り	noun	1	3	2	2
ja	たいくつ	noun	1	3	2	2
ja	住い	noun	1	3	2	2
ja	知りあい	noun	1	3	2	2
ja	おおごと	noun	1	3	2	2
ja	事欠か	verb	1	3	2	2
ja	おびえる	verb	1	3	2	2
ja	燃やせ	verb	1	3	2	2
ja	浮かさ	verb	1	3	2	2
ja	物種	noun	1	3	2	2
ja	片づけろ	verb	1	3	2	2
ja	降ろそう	verb	1	3	2	2
ja	白け	verb	1	3	2	2
ja	イガイガ	adverb	1	3	2	2
ja	焼か	verb	1	3	2	2
ja	伸ばせ	verb	1	3	2	2
ja	やらさ	verb	1	3	2	2
ja	渡せ	verb	1	3	2	2
ja	ネイサン	noun	1	3	2	2
ja	浅かっ	adjective	1	3	2	2
ja	落着	noun	1	3	2	2
ja	卯年	noun	1	3	2	2
ja	ふやし	verb	1	3	2	2
ja	鉄製	noun	1	3	2	2
ja	命ぜ	verb	1	3	2	2
ja	行き止まり	noun	1	3	2	2
ja	愚痴っ	verb	1	3	2	2
ja	もてあそば	verb	1	3	2	2
ja	没し	verb	1	3	2	2
ja	うずい	verb	1	3	2	2
ja	別腹	noun	1	3	2	2
ja	償え	verb	1	3	2	2
ja	いたわり	verb	1	3	2	2
ja	うなされ	verb	1	3	2	2
ja	錆びる	verb	1	3	2	2
ja	剃ら	verb	1	3	2	2
ja	膨れる	verb	1	3	2	2
ja	つかれ	verb	1	3	2	2
ja	後ろ前	noun	1	3	2	2
ja	さわり	verb	1	3	2	2
ja	みすぼらしかっ	adjective	1	3	2	2
ja	定まっ	verb	1	3	2	2
ja	まとまら	verb	1	3	2	2
ja	見ごろ	noun	1	3	2	2
ja	さがさ	verb	1	3	2	2
ja	なびい	verb	1	3	2	2
ja	こじら	verb	1	3	2	2
ja	打算	noun	1	3	2	2
ja	歌わさ	verb	1	3	2	2
ja	逃がす	verb	1	3	2	2
ja	ののしり	verb	1	3	2	2
ja	穿つ	verb	1	3	2	2
ja	捕まえろ	verb	1	3	2	2
ja	狩っ	verb	1	3	2	2
ja	男児	noun	1	3	2	2
ja	見いだし	verb	1	3	2	2
ja	涙もろい	adjective	1	3	2	2
ja	こんがらがっ	verb	1	3	2	2
ja	しかたなかっ	adjective	1	3	2	2
ja	下げろ	verb	1	3	2	2
ja	嫁が	verb	1	3	2	2
ja	にやけ	verb	1	3	2	2
ja	さ迷っ	verb	1	3	2	2
ja	償い	verb	1	3	2	2
ja	茂り	verb	1	3	2	2
ja	拾え	verb	1	3	2	2
ja	化物	noun	1	3	2	2
ja	まか	verb	1	3	2	2
ja	えぐい	adjective	1	3	2	2
ja	継ぎ	verb	1	3	2	2
ja	もち米	noun	1	3	2	2
ja	ホコリ	noun	1	3	2	2
ja	宵の口	noun	1	3	2	2
ja	結べ	verb	1	3	2	2
ja	しぼん	verb	1	3	2	2
ja	化膿	noun	1	3	2	2
ja	くだっ	verb	1	3	2	2
ja	女たらし	noun	1	3	2	2
ja	転嫁	noun	1	3	2	2
ja	心強い	adjective	1	3	2	2
ja	グジュグジュ	adverb	1	3	2	2
ja	アタック	noun	1	3	2	2
ja	捕縛	noun	1	3	2	2
ja	広かっ	adjective	1	3	2	2
ja	見せろ	verb	1	3	2	2
ja	吸え	verb	1	3	2	2
ja	おっきい	adjective	1	3	2	2
ja	食わさ	verb	1	3	2	2
ja	ヤバ	adjective	1	3	2	2
ja	離党	noun	1	3	2	2
ja	失笑	noun	1	3	2	2
ja	延ばせ	verb	1	3	2	2
ja	治まら	verb	1	3	2	2
ja	捕れ	verb	1	3	2	2
ja	おてんば	noun	1	3	2	2
ja	虐げ	verb	1	3	2	2
ja	討っ	verb	1	3	2	2
ja	味気ない	adjective	1	3	2	2
ja	抱け	verb	1	3	2	2
ja	丸つぶれ	noun	1	3	2	2
ja	さけん	verb	1	3	2	2
ja	バーピー	noun	1	3	2	2
ja	入選	noun	1	3	2	2
ja	ふるえ	verb	1	3	2	2
ja	妬い	verb	1	3	2	2
ja	雇え	verb	1	3	2	2
ja	キマっ	verb	1	3	2	2
ja	気落ち	noun	1	3	2	2
ja	積もり	verb	1	3	2	2
ja	ぼろ負け	noun	1	3	2	2
ja	三唱	noun	1	3	2	2
ja	たけなわ	noun	1	3	2	2
ja	生家	noun	1	3	2	2
ja	マシュー	noun	1	3	2	2
ja	泣き虫	noun	1	3	2	2
ja	悪酔い	noun	1	3	2	2
ja	恐かっ	adjective	1	3	2	2
ja	たけ	verb	1	3	2	2
ja	まがっ	verb	1	3	2	2
ja	どす黒かっ	adjective	1	3	2	2
ja	女盛り	noun	1	3	2	2
ja	つかまさ	verb	1	3	2	2
ja	食いしん坊	noun	1	3	2	2
ja	埃まみれ	noun	1	3	2	2
ja	忘る	verb	1	3	2	2
ja	気づまり	noun	1	3	2	2
ja	はり	verb	1	3	2	2
ja	大勝	noun	1	3	2	2
ja	逆立っ	verb	1	3	2	2
ja	拘留	noun	1	3	2	2
ja	少食	noun	1	3	2	2
ja	唸っ	verb	1	3	2	2
ja	クエンティン	noun	1	3	2	2
ja	認めろ	verb	1	3	2	2
ja	恥じ	verb	1	3	2	2
ja	疎い	adjective	1	3	2	2
ja	奏で	verb	1	3	2	2
ja	わたし	verb	1	3	2	2
ja	権兵衛	noun	1	3	2	2
ja	メイト	noun	1	3	2	2
ja	敬わ	verb	1	3	2	2
ja	しばっ	verb	1	3	2	2
ja	領分	noun	1	3	2	2
ja	お洒落	noun	1	3	2	2
ja	ブースト	noun	1	3	2	2
ja	戦え	verb	1	3	2	2
ja	大卒	noun	1	3	2	2
ja	あらわせ	verb	1	3	2	2
ja	よそよそしかっ	adjective	1	3	2	2
ja	ハンドメイド	noun	1	3	2	2
ja	剃り	verb	1	3	2	2
ja	いじる	verb	1	3	2	2
ja	長子	noun	1	3	2	2
ja	兼備	noun	1	3	2	2
ja	要せ	verb	1	3	2	2
ja	すがっ	verb	1	3	2	2
ja	破水	noun	1	3	2	2
ja	でっち上げ	noun	1	3	2	2
ja	すずしい	adjective	1	3	2	2
ja	生かせ	verb	1	3	2	2
ja	詫びる	verb	1	3	2	2
ja	ただしい	adjective	1	3	2	2
ja	おごら	verb	1	3	2	2
ja	選り好み	noun	1	3	2	2
ja	ハゲ	verb	1	3	2	2
ja	仕上がる	verb	1	3	2	2
ja	こなさ	verb	1	3	2	2
ja	とつが	verb	1	3	2	2
ja	しわくちゃ	noun	1	3	2	2
ja	むせ	verb	1	3	2	2
ja	ボロ負け	noun	1	3	2	2
ja	腹立っ	verb	1	3	2	2
ja	しびれる	verb	1	3	2	2
ja	愛称	noun	1	3	1	2
ja	合わさ	verb	1	3	1	2
ja	あばか	verb	1	3	1	2
ja	なれなれし	adjective	1	3	1	2
ja	すてる	verb	1	3	1	2
ja	上げ底	noun	1	3	1	2
ja	絞殺	noun	1	3	1	2
ja	ぷんぷん	adverb	1	3	1	2
ja	天災	noun	1	3	1	2
ja	〆切	noun	1	3	1	2
ja	バサバサ	adverb	1	3	1	2
ja	パティスリー	noun	1	3	1	2
ja	目覚しい	adjective	1	3	1	2
ja	不随	noun	1	3	1	2
ja	あわせよう	verb	1	3	1	2
ja	立ち食い	noun	1	3	1	2
ja	高尚	noun	1	3	1	2
ja	えげつない	adjective	1	3	1	2
ja	ワイヤー	noun	1	3	1	2
ja	曙	noun	1	3	1	2
ja	制し	verb	1	3	1	2
ja	おそ	adjective	1	3	1	2
ja	釣る	verb	1	3	1	2
ja	捕まら	verb	1	3	1	2
ja	ゼーゼー	adverb	1	3	1	2
ja	前借り	noun	1	3	1	2
ja	ロングヘア	noun	1	3	1	2
ja	コンボ	noun	1	3	1	2
ja	撃て	verb	1	3	1	2
ja	狭苦しい	adjective	1	3	1	2
ja	全う	adverb	1	3	1	2
ja	ホランド	noun	1	3	1	2
ja	加えよう	verb	1	3	1	2
ja	居士	noun	1	3	1	2
ja	うなずく	verb	1	3	1	2
ja	内訳	noun	1	3	1	2
ja	生える	verb	1	3	1	2
ja	ビストロ	noun	1	3	1	2
ja	さっ	verb	1	3	1	2
ja	かび臭い	adjective	1	3	1	2
ja	ニート	noun	1	3	1	2
ja	ブラウニー	noun	1	3	1	2
ja	嘆願	noun	1	3	1	2
ja	出来映え	noun	1	3	1	2
ja	監獄	noun	1	3	1	2
ja	センチメートル	noun	1	3	1	2
ja	ウインク	noun	1	3	1	2
ja	八つ当たり	noun	1	3	1	2
ja	不死身	noun	1	3	1	2
ja	愛せ	verb	1	3	1	2
ja	人出	noun	1	3	1	2
ja	青	adjective	1	3	1	2
ja	又貸し	noun	1	3	1	2
ja	不覚	noun	1	3	1	2
ja	鼻炎	noun	1	3	1	2
ja	バグっ	verb	1	3	1	2
ja	うざい	adjective	1	3	1	2
ja	ワルシャワ	noun	1	3	1	2
ja	逸する	verb	1	3	1	2
ja	物言い	noun	1	3	1	2
ja	あおむし	noun	1	3	1	2
ja	すくない	adjective	1	3	1	2
ja	只中	noun	1	3	1	2
ja	着こなし	noun	1	3	1	2
ja	クロール	noun	1	3	1	2
ja	名指し	noun	1	3	1	2
ja	うなぎ上り	noun	1	3	1	2
ja	わかめ	noun	1	3	1	2
ja	まいど	noun	1	3	1	2
ja	レズ	noun	1	3	1	2
ja	ドラッグ	noun	1	3	1	2
ja	別格	noun	1	3	1	2
ja	落とせ	verb	1	3	1	2
ja	重たかっ	adjective	1	3	1	2
ja	タメ	noun	1	3	1	2
ja	泥鰌	noun	1	3	1	2
ja	童貞	noun	1	3	1	2
ja	切れ目	noun	1	3	1	2
ja	放校	noun	1	3	1	2
ja	びびっ	verb	1	3	1	2
ja	破け	verb	1	3	1	2
ja	王道	noun	1	3	1	2
ja	たわむ	verb	1	3	1	2
ja	改名	noun	1	3	1	2
ja	蛾	noun	1	3	1	2
ja	べたべた	adverb	1	3	1	2
ja	おてんば娘	noun	1	3	1	2
ja	末娘	noun	1	3	1	2
ja	荒稼ぎ	noun	1	3	1	2
ja	配役	noun	1	3	1	2
ja	庭土	noun	1	3	1	2
ja	黄昏	noun	1	3	1	2
ja	メルアド	noun	1	3	1	2
ja	パトリシア	noun	1	3	1	2
ja	臭かっ	adjective	1	3	1	2
ja	古かっ	adjective	1	3	1	2
ja	止ま	verb	1	3	1	2
ja	アッパー	noun	1	3	1	2
ja	読唇	noun	1	3	1	2
ja	観よう	verb	1	3	1	2
ja	エディタ	noun	1	3	1	2
ja	折れよう	verb	1	3	1	2
ja	疑い深	adjective	1	3	1	2
ja	外泊	noun	1	3	1	2
ja	兄妹	noun	1	3	1	2
ja	ねんざ	noun	1	3	1	2
ja	やんちゃ	noun	1	3	1	2
ja	拾わ	verb	1	3	1	2
ja	思ふ	verb	1	3	1	2
ja	おちぶれ	verb	1	3	1	2
ja	吸おう	verb	1	3	1	2
ja	厄災	noun	1	3	1	2
ja	はたらき	verb	1	3	1	2
ja	つる	noun	1	3	1	2
ja	称え	verb	1	3	1	2
ja	屑	noun	1	3	1	2
ja	納め	noun	1	3	1	2
ja	声かけ	noun	1	3	1	2
ja	泊り	noun	1	3	1	2
ja	べた惚れ	noun	1	3	1	2
ja	青ざめる	verb	1	3	1	2
ja	削り	verb	1	3	1	2
ja	げんき	noun	1	3	1	2
ja	朽ち	verb	1	3	1	2
ja	遣り	verb	1	3	1	2
ja	こっくり	adverb	1	3	1	2
ja	描画	noun	1	3	1	2
ja	はばかる	verb	1	3	1	2
ja	見所	noun	1	3	1	2
ja	とばっちり	noun	1	3	1	2
ja	侮っ	verb	1	3	1	2
ja	睡蓮	noun	1	3	1	2
ja	ぬかるみ	verb	1	3	1	2
ja	絶叫	noun	1	3	1	2
ja	思惑	noun	1	3	1	2
ja	広東	noun	1	3	1	2
ja	加われ	verb	1	3	1	2
ja	水差し	noun	1	3	1	2
ja	早熟	noun	1	3	1	2
ja	そと	noun	1	3	1	2
ja	解し	verb	1	3	1	2
ja	愚	noun	1	3	1	2
ja	重態	noun	1	3	1	2
ja	通院	noun	1	3	1	2
ja	すいか	noun	1	3	1	2
ja	攻め	verb	1	3	1	2
ja	パクリ	noun	1	3	1	2
ja	器械	noun	1	3	1	2
ja	同類	noun	1	3	1	2
ja	揉む	verb	1	3	1	2
ja	虚し	adjective	1	3	1	2
ja	朝型	noun	1	3	1	2
ja	一報	noun	1	3	1	2
ja	略語	noun	1	3	1	2
ja	順守	noun	1	3	1	2
ja	照り焼き	noun	1	3	1	2
ja	豹変	noun	1	3	1	2
ja	騒々しかっ	adjective	1	3	1	2
ja	おそい	adjective	1	3	1	2
ja	建てよう	verb	1	3	1	2
ja	貸し家	noun	1	3	1	2
ja	文なし	noun	1	3	1	2
ja	パニール	noun	1	3	1	2
ja	ダイキリ	noun	1	3	1	2
ja	食らわし	verb	1	3	1	2
ja	ボーっと	adverb	1	3	1	2
ja	拝む	verb	1	3	1	2
ja	雑種	noun	1	3	1	2
ja	侮る	verb	1	3	1	2
ja	ダブっ	verb	1	3	1	2
ja	隻腕	noun	1	3	1	2
ja	ギネス	noun	1	3	1	2
ja	カワイイ	adjective	1	3	1	2
ja	はけ	noun	1	3	1	2
ja	タイト	noun	1	3	1	2
ja	ケータイ	noun	1	3	1	2
ja	正雄	noun	1	3	1	2
ja	わらっ	verb	1	3	1	2
ja	ワトソン	noun	1	3	1	2
ja	喫し	verb	1	3	1	2
ja	ウルグアイ	noun	1	3	1	2
ja	楊枝	noun	1	3	1	2
ja	明け	noun	1	3	1	2
ja	毒舌	noun	1	3	1	2
ja	とがめる	verb	1	3	1	2
ja	食らえ	verb	1	3	1	2
ja	まぶしい	adjective	1	3	1	2
ja	探せ	verb	1	3	1	2
ja	ナイチンゲール	noun	1	3	1	2
ja	ボロ勝ち	noun	1	3	1	2
ja	もろい	adjective	1	3	1	2
ja	休す	verb	1	3	1	2
ja	悪かろう	adjective	1	3	1	2
ja	付き物	noun	1	3	1	2
ja	逸す	verb	1	3	1	2
ja	火鍋	noun	1	3	1	2
ja	逃がさ	verb	1	3	1	2
ja	開けれる	verb	1	3	1	2
ja	事足り	verb	1	3	1	2
ja	フィット	noun	1	3	1	2
ja	不味かっ	adjective	1	3	1	2
ja	ずぼら	noun	1	3	1	2
ja	凡退	noun	1	3	1	2
ja	呼び物	noun	1	3	1	2
ja	寺巡り	noun	1	3	1	2
ja	堪ら	verb	1	3	1	2
ja	吉日	noun	1	3	1	2
ja	くつろが	verb	1	3	1	2
ja	較べ	verb	1	3	1	2
ja	ろくでなし	noun	1	3	1	2
ja	生ぬるい	adjective	1	3	1	2
ja	たがえ	verb	1	3	1	2
ja	相棒	noun	1	3	1	2
ja	ばっちい	adjective	1	3	1	2
ja	年の功	noun	1	3	1	2
ja	低級	noun	1	3	1	2
ja	たたみ	verb	1	3	1	2
ja	込み	verb	1	3	1	2
ja	剃る	verb	1	3	1	2
ja	アンカラ	noun	1	3	1	2
ja	かりかり	adverb	1	3	1	2
ja	流産	noun	1	3	1	2
ja	ドロー	noun	1	3	1	2
ja	大成	noun	1	3	1	2
ja	作りごと	noun	1	3	1	2
ja	ベネット	noun	1	3	1	2
ja	着よう	verb	1	3	1	2
ja	虚弱	noun	1	3	1	2
ja	勃起	noun	1	3	1	2
ja	松井	noun	1	3	1	2
ja	出来上がり	noun	1	3	1	2
ja	背比べ	noun	1	3	1	2
ja	おこ	verb	1	3	1	2
ja	キリキリ	noun	1	3	1	2
ja	呟い	verb	1	3	1	2
ja	濃かっ	adjective	1	3	1	2
ja	しつれい	noun	1	3	1	2
ja	ショコラ	noun	1	3	1	2
ja	そむい	verb	1	3	1	2
ja	無敵	noun	1	3	1	2
ja	早産	noun	1	3	1	2
ja	ひけ	verb	1	3	1	2
ja	遭難	noun	1	3	1	2
ja	恋心	noun	1	3	1	2
ja	そなえ	verb	1	3	1	2
ja	踏ん張り	noun	1	3	1	2
ja	声変わり	noun	1	3	1	2
ja	回せ	verb	1	3	1	2
ja	扇	noun	1	3	1	2
ja	ムッシュ	noun	1	3	1	2
ja	サード	noun	1	3	1	2
ja	フリーマン	noun	1	3	1	2
ja	知れる	verb	1	3	1	2
ja	言葉遊び	noun	1	3	1	2
ja	馬鹿馬鹿しい	adjective	1	3	1	2
ja	あったかく	adjective	1	3	1	2
ja	クラッシュ	noun	1	3	1	2
ja	外用	noun	1	3	1	2
ja	上れ	verb	1	3	1	2
ja	抱擁	noun	1	3	1	2
ja	塞がり	noun	1	3	1	2
ja	濡らす	verb	1	3	1	2
ja	牙城	noun	1	3	1	2
ja	炊き出し	noun	1	3	1	2
ja	騙せ	verb	1	3	1	2
ja	縫い	verb	1	3	1	2
ja	ゴメン	noun	1	3	1	2
ja	澄ま	verb	1	3	1	2
ja	心頭	noun	1	3	1	2
ja	持とう	verb	1	3	1	2
ja	頭取	noun	1	3	1	2
ja	デカい	adjective	1	3	1	2
ja	満帆	noun	1	3	1	2
ja	へび	noun	1	3	1	2
ja	失せろ	verb	1	3	1	2
ja	きわまっ	verb	1	3	1	2
ja	梅雨入り	noun	1	3	1	2
ja	分娩	noun	1	3	1	2
ja	険悪	noun	1	3	1	2
ja	ねる	verb	1	3	1	2
ja	ぬらし	verb	1	3	1	2
ja	喀血	noun	1	3	1	2
ja	枷	noun	1	3	1	2
ja	ひと時	noun	1	3	1	2
ja	オセロ	noun	1	3	1	2
ja	只	noun	1	3	1	2
ja	生ぜ	verb	1	3	1	2
ja	据わっ	verb	1	3	1	2
ja	グル	noun	1	3	1	2
ja	もやし	verb	1	3	1	2
ja	延泊	noun	1	3	1	2
ja	ブラザー	noun	1	3	1	2
ja	予兆	noun	1	3	1	2
ja	水鳥	noun	1	3	1	2
ja	わた	noun	1	3	1	2
ja	ノートブック	noun	1	3	1	2
ja	ＤＪ	noun	1	3	1	2
ja	幼馴染	noun	1	3	1	2
ja	しょんぼり	adverb	1	3	1	2
ja	蕾	noun	1	3	1	2
ja	エレガント	noun	1	3	1	2
ja	養育	noun	1	3	1	2
ja	ばらし	verb	1	3	1	2
ja	盛り合わせ	noun	1	3	1	2
ja	ずれ	noun	1	3	1	2
ja	かぶり	noun	1	3	1	2
ja	手習い	noun	1	3	1	2
ja	ハプニング	noun	1	3	1	2
ja	ささっ	verb	1	3	1	2
ja	極限	noun	1	3	1	2
ja	習性	noun	1	3	1	2
ja	易しかっ	adjective	1	3	1	2
ja	晩成	noun	1	3	1	2
ja	ふさふさ	adverb	1	3	1	2
ja	織る	verb	1	3	1	2
ja	デビルズ	noun	1	3	1	2
ja	アルフィー	noun	1	3	1	2
ja	レンジャー	noun	1	3	1	2
ja	悔やむ	verb	1	3	1	2
ja	ナン	noun	1	3	1	2
ja	ドジっ	verb	1	3	1	2
ja	代価	noun	1	3	1	2
ja	そっけない	adjective	1	3	1	2
ja	安らぎ	verb	1	3	1	2
ja	禁じる	verb	1	3	1	2
ja	まっ青	noun	1	3	1	2
ja	湿布	noun	1	3	1	2
ja	化ける	verb	1	3	1	2
ja	うらやまし	adjective	1	3	1	2
ja	はける	verb	1	3	1	2
ja	泳ぎ手	noun	1	3	1	2
ja	弱まり	verb	1	3	1	2
ja	逆襲	noun	1	3	1	2
ja	いちじく	noun	1	3	1	2
ja	天性	noun	1	3	1	2
ja	八丁	noun	1	3	1	2
ja	ストラップ	noun	1	3	1	2
ja	早食い	noun	1	3	1	2
ja	あがめ	verb	1	3	1	2
ja	食い気	noun	1	3	1	2
ja	死ねる	verb	1	3	1	2
ja	マザコン	noun	1	3	1	2
ja	プレイス	noun	1	3	1	2
ja	染色	noun	1	3	1	2
ja	同志	noun	1	3	1	2
ja	高潮	noun	1	3	1	2
ja	おぶっ	verb	1	3	1	2
ja	袖の下	noun	1	3	1	2
ja	ち	adverb	1	3	1	2
ja	顔出し	noun	1	3	1	2
ja	気遣う	verb	1	3	1	2
ja	にきび	noun	1	3	1	2
ja	衣替え	noun	1	3	1	2
ja	祟り目	noun	1	3	1	2
ja	中休み	noun	1	3	1	2
ja	問	noun	1	3	1	2
ja	インストラクター	noun	1	3	1	2
ja	昼下がり	noun	1	3	1	2
ja	名優	noun	1	3	1	2
ja	儲け	noun	1	3	1	2
ja	おし	verb	1	3	1	2
ja	熱せ	verb	1	3	1	2
ja	枕投げ	noun	1	3	1	2
ja	スタウト	noun	1	3	1	2
ja	早咲き	noun	1	3	1	2
ja	こっ	verb	1	3	1	2
ja	浪人	noun	1	3	1	2
ja	重そう	noun	1	3	1	2
ja	士官	noun	1	3	1	2
ja	すっぽかし	verb	1	3	1	2
ja	はねかし	verb	1	3	1	2
ja	潰さ	verb	1	3	1	2
ja	大ごと	noun	1	3	1	2
ja	リカルド	noun	1	3	1	2
ja	きづかっ	verb	1	3	1	2
ja	塗り立て	noun	1	3	1	2
ja	蒔か	verb	1	3	0	2
ja	オシッコ	noun	1	3	0	2
ja	漸く	adverb	1	3	0	2
ja	さいの目	noun	1	3	0	2
ja	立ちより	verb	1	3	0	2
ja	暮らしむき	noun	1	3	0	2
ja	待ち遠しく	adjective	1	3	0	2
ja	上述	noun	1	3	0	2
ja	入り用	noun	1	3	0	2
ja	右肩	noun	1	3	0	2
ja	所定	noun	1	3	0	2
ja	日誌	noun	1	3	0	2
ja	かまくら	noun	1	3	0	2
ja	たとえよう	verb	1	3	0	2
ja	想い出	noun	1	3	0	2
ja	ラブコメ	noun	1	3	0	2
ja	鉄鉱	noun	1	3	0	2
ja	ひとたび	noun	1	3	0	2
ja	密林	noun	1	3	0	2
ja	カンシャク	noun	1	3	0	2
ja	スクリュー	noun	1	3	0	2
ja	思い立っ	verb	1	3	0	2
ja	はげしく	adjective	1	3	0	2
ja	レポーター	noun	1	3	0	2
ja	スノーボード	noun	1	3	0	2
ja	百獣	noun	1	3	0	2
ja	欲張っ	verb	1	3	0	2
ja	五大	noun	1	3	0	2
ja	駆け登っ	verb	1	3	0	2
ja	鼻風邪	noun	1	3	0	2
ja	いろは	noun	1	3	0	2
ja	たらい回し	noun	1	3	0	2
ja	アマルフィ	noun	1	3	0	2
ja	異彩	noun	1	3	0	2
ja	ファイア	noun	1	3	0	2
ja	ダントツ	noun	1	3	0	2
ja	ツェッペリン	noun	1	3	0	2
ja	チェコスロバキア	noun	1	3	0	2
ja	訴えよう	verb	1	3	0	2
ja	コニャック	noun	1	3	0	2
ja	パレス	noun	1	3	0	2
ja	立志	noun	1	3	0	2
ja	つわり	noun	1	3	0	2
ja	カブトムシ	noun	1	3	0	2
ja	彫る	verb	1	3	0	2
ja	えじき	noun	1	3	0	2
ja	邦画	noun	1	3	0	2
ja	大器	noun	1	3	0	2
ja	下調べ	noun	1	3	0	2
ja	インドア	noun	1	3	0	2
ja	誉めちぎっ	verb	1	3	0	2
ja	ニキビ	noun	1	3	0	2
ja	無地	noun	1	3	0	2
ja	インポッシブル	noun	1	3	0	2
ja	ハングリー	noun	1	3	0	2
ja	こじ開けよう	verb	1	3	0	2
ja	雉	noun	1	3	0	2
ja	知	noun	1	3	0	2
ja	盤面	noun	1	3	0	2
ja	守衛	noun	1	3	0	2
ja	追い越さ	verb	1	3	0	2
ja	純子	noun	1	3	0	2
ja	カンマ	noun	1	3	0	2
ja	切り詰める	verb	1	3	0	2
ja	弘法	noun	1	3	0	2
ja	敷金	noun	1	3	0	2
ja	ひっかか	verb	1	3	0	2
ja	善し悪し	noun	1	3	0	2
ja	選定	noun	1	3	0	2
ja	抗争	noun	1	3	0	2
ja	怠け	noun	1	3	0	2
ja	スヌーピー	noun	1	3	0	2
ja	留め金	noun	1	3	0	2
ja	一矢	noun	1	3	0	2
ja	癪	noun	1	3	0	2
ja	祝電	noun	1	3	0	2
ja	ロスアンゼルス	noun	1	3	0	2
ja	積み木	noun	1	3	0	2
ja	ジブラルタル	noun	1	3	0	2
ja	いやらしい	adjective	1	3	0	2
ja	課外	noun	1	3	0	2
ja	よろこび	verb	1	3	0	2
ja	老眼	noun	1	3	0	2
ja	毒物	noun	1	3	0	2
ja	ガンジー	noun	1	3	0	2
ja	落ちつか	verb	1	3	0	2
ja	ヒステリー	noun	1	3	0	2
ja	気色	noun	1	3	0	2
ja	ヘッドフォン	noun	1	3	0	2
ja	ハイダ	noun	1	3	0	2
ja	親睦	noun	1	3	0	2
ja	晴れ上がる	verb	1	3	0	2
ja	骨惜しみ	noun	1	3	0	2
ja	アイリッシュ	noun	1	3	0	2
ja	打ち切り	verb	1	3	0	2
ja	純真	noun	1	3	0	2
ja	目もと	noun	1	3	0	2
ja	グルジア	noun	1	3	0	2
ja	ミッド	noun	1	3	0	2
ja	食いつぶし	verb	1	3	0	2
ja	抗体	noun	1	3	0	2
ja	ビジュアル	noun	1	3	0	2
ja	サイレント	noun	1	3	0	2
ja	なりすまし	verb	1	3	0	2
ja	マッスル	noun	1	3	0	2
ja	チア	noun	1	3	0	2
ja	歩き疲れ	verb	1	3	0	2
ja	おもちゃ屋	noun	1	3	0	2
ja	見殺し	noun	1	3	0	2
ja	頭金	noun	1	3	0	2
ja	二枚舌	noun	1	3	0	2
ja	邦楽	noun	1	3	0	2
ja	耳栓	noun	1	3	0	2
ja	バッティング	noun	1	3	0	2
ja	取り越し	noun	1	3	0	2
ja	皺	noun	1	3	0	2
ja	自炊	noun	1	3	0	2
ja	襲い掛かっ	verb	1	3	0	2
ja	別れ話	noun	1	3	0	2
ja	みみ	noun	1	3	0	2
ja	なにしろ	adverb	1	3	0	2
ja	甲子	noun	1	3	0	2
ja	敵手	noun	1	3	0	2
ja	ひらひら	adverb	1	3	0	2
ja	放蕩	noun	1	3	0	2
ja	爬虫	noun	1	3	0	2
ja	麻里子	noun	1	3	0	2
ja	振り出し	noun	1	3	0	2
ja	青あざ	noun	1	3	0	2
ja	ひさし	noun	1	3	0	2
ja	空き巣	noun	1	3	0	2
ja	和睦	noun	1	3	0	2
ja	占星	noun	1	3	0	2
ja	節句	noun	1	3	0	2
ja	かき集める	verb	1	3	0	2
ja	因数	noun	1	3	0	2
ja	加護	noun	1	3	0	2
ja	ポパイ	noun	1	3	0	2
ja	みるみる	adverb	1	3	0	2
ja	ださい	adjective	1	3	0	2
ja	嗅ぎつける	verb	1	3	0	2
ja	ピート	noun	1	3	0	2
ja	笑おう	verb	1	3	0	2
ja	オムライス	noun	1	3	0	2
ja	海草	noun	1	3	0	2
ja	打ち明けよう	verb	1	3	0	2
ja	バスタブ	noun	1	3	0	2
ja	辛らつ	noun	1	3	0	2
ja	金物	noun	1	3	0	2
ja	ムール	noun	1	3	0	2
ja	逆様	noun	1	3	0	2
ja	ケニー	noun	1	3	0	2
ja	便通	noun	1	3	0	2
ja	足掻き	noun	1	3	0	2
ja	打ち負かさ	verb	1	3	0	2
ja	見せつけ	verb	1	3	0	2
ja	かみ合わせ	noun	1	3	0	2
ja	ガイ	noun	1	3	0	2
ja	侮り	noun	1	3	0	2
ja	鰻	noun	1	3	0	2
ja	ヒザ	noun	1	3	0	2
ja	昆布	noun	1	3	0	2
ja	ジョッキー	noun	1	3	0	2
ja	リナックス	noun	1	3	0	2
ja	タイピング	noun	1	3	0	2
ja	シアトル	noun	1	3	0	2
ja	セフレ	noun	1	3	0	2
ja	恥じらい	noun	1	3	0	2
ja	ぬかり	noun	1	3	0	2
ja	馬力	noun	1	3	0	2
ja	朝市	noun	1	3	0	2
ja	奢る	verb	1	3	0	2
ja	つかる	verb	1	3	0	2
ja	内々	noun	1	3	0	2
ja	パントリー	noun	1	3	0	2
ja	やぶへび	noun	1	3	0	2
ja	やりとげ	verb	1	3	0	2
ja	手厳しい	adjective	1	3	0	2
ja	気恥ずかし	adjective	1	3	0	2
ja	吊り橋	noun	1	3	0	2
ja	ぴたり	adverb	1	3	0	2
ja	天窓	noun	1	3	0	2
ja	フロスト	noun	1	3	0	2
ja	人心	noun	1	3	0	2
ja	引き摺っ	verb	1	3	0	2
ja	ホンマ	noun	1	3	0	2
ja	突きぬけ	verb	1	3	0	2
ja	戦災	noun	1	3	0	2
ja	暴言	noun	1	3	0	2
ja	腎臓	noun	1	3	0	2
ja	一辺倒	noun	1	3	0	2
ja	スイミング	noun	1	3	0	2
ja	募る	verb	1	3	0	2
ja	梅雨明け	noun	1	3	0	2
ja	砕け散っ	verb	1	3	0	2
ja	青菜	noun	1	3	0	2
ja	ほめたたえ	verb	1	3	0	2
ja	ブルックリン	noun	1	3	0	2
ja	サイク	noun	1	3	0	2
ja	飲用	noun	1	3	0	2
ja	バーテン	noun	1	3	0	2
ja	落ち合おう	verb	1	3	0	2
ja	温帯	noun	1	3	0	2
ja	シュミット	noun	1	3	0	2
ja	まとまり	noun	1	3	0	2
ja	色覚	noun	1	3	0	2
ja	鳶	noun	1	3	0	2
ja	乳房	noun	1	3	0	2
ja	刑法	noun	1	3	0	2
ja	局員	noun	1	3	0	2
ja	テ	noun	1	3	0	2
ja	知己	noun	1	3	0	2
ja	彩り	noun	1	3	0	2
ja	ばく大	noun	1	3	0	2
ja	ボーン	noun	1	3	0	2
ja	チアリーダー	noun	1	3	0	2
ja	ヒキガエル	noun	1	3	0	2
ja	サソリ	noun	1	3	0	2
ja	ひなび	verb	1	3	0	2
ja	猛犬	noun	1	3	0	2
ja	酒気	noun	1	3	0	2
ja	向き合い	verb	1	3	0	2
ja	頭髪	noun	1	3	0	2
ja	アンクレット	noun	1	3	0	2
ja	ナゲット	noun	1	3	0	2
ja	ふきこぼれ	verb	1	3	0	2
ja	平年	noun	1	3	0	2
ja	麦わら	noun	1	3	0	2
ja	性癖	noun	1	3	0	2
ja	スマ	noun	1	3	0	2
ja	トロピカーナ	noun	1	3	0	2
ja	小林	noun	1	3	0	2
ja	増築	noun	1	3	0	2
ja	投球	noun	1	3	0	2
ja	品位	noun	1	3	0	2
ja	請け合う	verb	1	3	0	2
ja	万代	noun	1	3	0	2
ja	積み重なっ	verb	1	3	0	2
ja	持ちかけ	verb	1	3	0	2
ja	麒麟	noun	1	3	0	2
ja	エチケット	noun	1	3	0	2
ja	ピータン	noun	1	3	0	2
ja	ウィル	noun	1	3	0	2
ja	尿量	noun	1	3	0	2
ja	徹する	verb	1	3	0	2
ja	泣きじゃくっ	verb	1	3	0	2
ja	つけこむ	verb	1	3	0	2
ja	ベーキング	noun	1	3	0	2
ja	釣り針	noun	1	3	0	2
ja	引き取り	noun	1	3	0	2
ja	迷え	verb	1	3	0	2
ja	にじみ出	verb	1	3	0	2
ja	誇る	verb	1	3	0	2
ja	発疹	noun	1	3	0	2
ja	痔	noun	1	3	0	2
ja	買い取っ	verb	1	3	0	2
ja	言い寄っ	verb	1	3	0	2
ja	自虐	noun	1	3	0	2
ja	ＵＳ	noun	1	3	0	2
ja	歯型	noun	1	3	0	2
ja	スコーン	noun	1	3	0	2
ja	がぶり	adverb	1	3	0	2
ja	ランタン	noun	1	3	0	2
ja	道楽	noun	1	3	0	2
ja	古書	noun	1	3	0	2
ja	全速	noun	1	3	0	2
ja	ウィスキー	noun	1	3	0	2
ja	日の丸	noun	1	3	0	2
ja	縮尺	noun	1	3	0	2
ja	折り曲げ	verb	1	3	0	2
ja	潔癖	noun	1	3	0	2
ja	ＭＰ	noun	1	3	0	2
ja	口達	noun	1	3	0	2
ja	跪い	verb	1	3	0	2
ja	錨	noun	1	3	0	2
ja	コカイン	noun	1	3	0	2
ja	一躍	adverb	1	3	0	2
ja	鏡台	noun	1	3	0	2
ja	チャオ	noun	1	3	0	2
ja	穴埋め	noun	1	3	0	2
ja	枯れ葉	noun	1	3	0	2
ja	しげみ	noun	1	3	0	2
ja	エルニーニョ	noun	1	3	0	2
ja	呼び寄せ	verb	1	3	0	2
ja	ガタ	noun	1	3	0	2
ja	ドクター	noun	1	3	0	2
ja	くすぐり	noun	1	3	0	2
ja	ピエール	noun	1	3	0	2
ja	ウェーブ	noun	1	3	0	2
ja	エアメール	noun	1	3	0	2
ja	アンネ	noun	1	3	0	2
ja	月謝	noun	1	3	0	2
ja	あほ	noun	1	3	0	2
ja	労使	noun	1	3	0	2
ja	龍	noun	1	3	0	2
ja	田舎者	noun	1	3	0	2
ja	歯垢	noun	1	3	0	2
ja	湯割り	noun	1	3	0	2
ja	受け入れよう	verb	1	3	0	2
ja	出直し	verb	1	3	0	2
ja	踵	noun	1	3	0	2
ja	招き入れ	verb	1	3	0	2
ja	本通り	noun	1	3	0	2
ja	後藤	noun	1	3	0	2
ja	躾	noun	1	3	0	2
ja	りす	noun	1	3	0	2
ja	腹立たし	adjective	1	3	0	2
ja	仮性	noun	1	3	0	2
ja	ゆすり	noun	1	3	0	2
ja	きく	noun	1	3	0	2
ja	凍え死ぬ	verb	1	3	0	2
ja	無情	noun	1	3	0	2
ja	啓子	noun	1	3	0	2
ja	マーカス	noun	1	3	0	2
ja	ジェン	noun	1	3	0	2
ja	求め	noun	1	3	0	2
ja	佳人	noun	1	3	0	2
ja	煮込む	verb	1	3	0	2
ja	道はた	noun	1	3	0	2
ja	タマゴ	noun	1	3	0	2
ja	凍え死に	verb	1	3	0	2
ja	フック	noun	1	3	0	2
ja	狂信	noun	1	3	0	2
ja	奇術	noun	1	3	0	2
ja	褒め	noun	1	3	0	2
ja	吹き寄せ	verb	1	3	0	2
ja	エントランス	noun	1	3	0	2
ja	逢う	verb	1	3	0	2
ja	繰り出す	verb	1	3	0	2
ja	取り合おう	verb	1	3	0	2
ja	順々	adverb	1	3	0	2
ja	あんこ	noun	1	3	0	2
ja	キリル	noun	1	3	0	2
ja	蚊帳	noun	1	3	0	2
ja	際どい	adjective	1	3	0	2
ja	言質	noun	1	3	0	2
ja	温もり	noun	1	3	0	2
ja	テンペ	noun	1	3	0	2
ja	水浴び	noun	1	3	0	2
ja	鳥取	noun	1	3	0	2
ja	作柄	noun	1	3	0	2
ja	下座	noun	1	3	0	2
ja	ふりまく	verb	1	3	0	2
ja	バッジ	noun	1	3	0	2
ja	激戦	noun	1	3	0	2
ja	黒衣	noun	1	3	0	2
ja	ビギナー	noun	1	3	0	2
ja	無駄骨	noun	1	3	0	2
ja	見知っ	verb	1	3	0	2
ja	バルーン	noun	1	3	0	2
ja	払い戻し	verb	1	3	0	2
ja	にらめ	verb	1	3	0	2
ja	飛び上がる	verb	1	3	0	2
ja	今金	noun	1	3	0	2
ja	美声	noun	1	3	0	2
ja	カーティス	noun	1	3	0	2
ja	鳴か	verb	1	3	0	2
ja	手榴	noun	1	3	0	2
ja	図々しく	adjective	1	3	0	2
ja	ムクドリ	noun	1	3	0	2
ja	ほころび	noun	1	3	0	2
ja	氷嚢	noun	1	3	0	2
ja	けとばし	verb	1	3	0	2
ja	疑わし	adjective	1	3	0	2
ja	抜糸	noun	1	3	0	2
ja	天職	noun	1	3	0	2
ja	閉所	noun	1	3	0	2
ja	振り付け	noun	1	3	0	2
ja	フラミンゴ	noun	1	3	0	2
ja	一山	noun	1	3	0	2
ja	引き継ごう	verb	1	3	0	2
ja	下敷き	noun	1	3	0	2
ja	マンモス	noun	1	3	0	2
ja	笑い物	noun	1	3	0	2
ja	遠まわし	noun	1	3	0	2
ja	素っ気なく	adjective	1	3	0	2
ja	飲みもの	noun	1	3	0	2
ja	にらみ付け	verb	1	3	0	2
ja	ジャイアン	noun	1	3	0	2
ja	飾りたて	verb	1	3	0	2
ja	向き合わ	verb	1	3	0	2
ja	授乳	noun	1	3	0	2
ja	小事	noun	1	3	0	2
ja	イチョウ	noun	1	3	0	2
ja	忙しけれ	adjective	1	3	0	2
ja	しゃんと	adverb	1	3	0	2
ja	無双	noun	1	3	0	2
ja	八十	noun	1	3	0	2
ja	代わり番	noun	1	3	0	2
ja	給ひ	verb	1	3	0	2
ja	戦況	noun	1	3	0	2
ja	好事	noun	1	3	0	2
ja	骨抜き	noun	1	3	0	2
ja	強打	noun	1	3	0	2
ja	リポーター	noun	1	3	0	2
ja	滴る	verb	1	3	0	2
ja	凍ら	verb	1	3	0	2
ja	スッ	adverb	1	3	0	2
ja	ストライプ	noun	1	3	0	2
ja	あぶない	adjective	1	3	0	2
ja	持ち歩か	verb	1	3	0	2
ja	縮刷	noun	1	3	0	2
ja	思い切り	noun	1	3	0	2
ja	筆遣い	noun	1	3	0	2
ja	知り合え	verb	1	3	0	2
ja	瞼	noun	1	3	0	2
ja	雪男	noun	1	3	0	2
ja	町角	noun	1	3	0	2
ja	スポイト	noun	1	3	0	2
ja	バロック	noun	1	3	0	2
ja	ばら色	noun	1	3	0	2
ja	紗	noun	1	3	0	2
ja	子ネコ	noun	1	3	0	2
ja	無上	noun	1	3	0	2
ja	ボヤール	noun	1	3	0	2
ja	パプリカ	noun	1	3	0	2
ja	愛くるしい	adjective	1	3	0	2
ja	謝辞	noun	1	3	0	2
ja	傷あと	noun	1	3	0	2
ja	抱きしめる	verb	1	3	0	2
ja	ボルドー	noun	1	3	0	2
ja	舞い上がる	verb	1	3	0	2
ja	ＣＭ	noun	1	3	0	2
ja	夕御飯	noun	1	3	0	2
ja	ぶっ殺す	verb	1	3	0	2
ja	百薬	noun	1	3	0	2
ja	囀り	noun	1	3	0	2
ja	フィッツジェラルド	noun	1	3	0	2
ja	あぶく銭	noun	1	3	0	2
ja	力強く	adjective	1	3	0	2
ja	母性	noun	1	3	0	2
ja	始めよ	verb	1	3	0	2
ja	車酔い	noun	1	3	0	2
ja	ひとめ	noun	1	3	0	2
ja	前頭	noun	1	3	0	2
ja	奪い取ろう	verb	1	3	0	2
ja	度外	noun	1	3	0	2
ja	ジョナス	noun	1	3	0	2
ja	朝シャン	noun	1	3	0	2
ja	ローソク	noun	1	3	0	2
ja	ＰＴＡ	noun	1	3	0	2
ja	税務	noun	1	3	0	2
ja	とび上がっ	verb	1	3	0	2
ja	踏みにじっ	verb	1	3	0	2
ja	木犀	noun	1	3	0	2
ja	みぞれ	noun	1	3	0	2
ja	ひもじ	adjective	1	3	0	2
ja	極点	noun	1	3	0	2
ja	パテ	noun	1	3	0	2
ja	オー	noun	1	3	0	2
ja	従犯	noun	1	3	0	2
ja	向かい風	noun	1	3	0	2
ja	やじ馬	noun	1	3	0	2
ja	百聞	noun	1	3	0	2
ja	波瀾	noun	1	3	0	2
ja	やわらかく	adjective	1	3	0	2
ja	脳波	noun	1	3	0	2
ja	のびのび	adverb	1	3	0	2
ja	畜生	noun	1	3	0	2
ja	張り紙	noun	1	3	0	2
ja	取りはずし	verb	1	3	0	2
ja	こすり落とし	verb	1	3	0	2
ja	きそう	verb	1	3	0	2
ja	喜色	noun	1	3	0	2
ja	やぶ	noun	1	3	0	2
ja	教職員	noun	1	3	0	2
ja	ヴェネツィア	noun	1	3	0	2
ja	考えだし	verb	1	3	0	2
ja	黒目	noun	1	3	0	2
ja	渦巻く	verb	1	3	0	2
ja	ムービー	noun	1	3	0	2
ja	平服	noun	1	3	0	2
ja	凍りつい	verb	1	3	0	2
ja	貧乳	noun	1	3	0	2
ja	生け垣	noun	1	3	0	2
ja	日刊	noun	1	3	0	2
ja	のちほど	noun	1	3	0	2
ja	いいかえれ	verb	1	3	0	2
ja	賽	noun	1	3	0	2
ja	振り袖	noun	1	3	0	2
ja	艱難	noun	1	3	0	2
ja	釣	noun	1	3	0	2
ja	令状	noun	1	3	0	2
ja	寝違え	verb	1	3	0	2
ja	領事	noun	1	3	0	2
ja	仔犬	noun	1	3	0	2
ja	場外	noun	1	3	0	2
ja	かい出す	verb	1	3	0	2
ja	野口	noun	1	3	0	2
ja	鮎漁	noun	1	3	0	2
ja	出来上がる	verb	1	3	0	2
ja	ＳＲ	noun	1	3	0	2
ja	聞き出せ	verb	1	3	0	2
ja	張り裂けん	verb	1	3	0	2
ja	いくばく	adverb	1	3	0	2
ja	ウォッチング	noun	1	3	0	2
ja	パティー	noun	1	3	0	2
ja	せっかい	noun	1	3	0	2
ja	でかける	verb	1	3	0	2
ja	凧上げ	noun	1	3	0	2
ja	有限	noun	1	3	0	2
ja	計り知れ	verb	1	3	0	2
ja	マチルダ	noun	1	3	0	2
ja	ありきたり	noun	1	3	0	2
ja	谷底	noun	1	3	0	2
ja	炊事	noun	1	3	0	2
ja	パラク	noun	1	3	0	2
ja	コペンハーゲン	noun	1	3	0	2
ja	冥界	noun	1	3	0	2
ja	輝け	verb	1	3	0	2
ja	打ちどころ	noun	1	3	0	2
ja	思いきり	noun	1	3	0	2
ja	坂道	noun	1	3	0	2
ja	寡黙	noun	1	3	0	2
ja	風呂敷	noun	1	3	0	2
ja	海がめ	noun	1	3	0	2
ja	マカロニ	noun	1	3	0	2
ja	門外	noun	1	3	0	2
ja	押しつぶさ	verb	1	3	0	2
ja	こむらがえり	noun	1	3	0	2
ja	呼び入れ	verb	1	3	0	2
ja	炊き	verb	1	3	0	2
ja	ぺろり	adverb	1	3	0	2
ja	コーク	noun	1	3	0	2
ja	支え合っ	verb	1	3	0	2
ja	つまる	verb	1	3	0	2
ja	悪弊	noun	1	3	0	2
ja	飲み	noun	1	3	0	2
ja	禁固	noun	1	3	0	2
ja	音波	noun	1	3	0	2
ja	完	noun	1	3	0	2
ja	引き継ぐ	verb	1	3	0	2
ja	もたせかけ	verb	1	3	0	2
ja	脱脂	noun	1	3	0	2
ja	飛車	noun	1	3	0	2
ja	沼地	noun	1	3	0	2
ja	思い切れ	verb	1	3	0	2
ja	ほっつき歩い	verb	1	3	0	2
ja	すたこら	adverb	1	3	0	2
ja	軽傷	noun	1	3	0	2
ja	日系	noun	1	3	0	2
ja	スノボ	noun	1	3	0	2
ja	見聞	noun	1	3	0	2
ja	ナント	noun	1	3	0	2
ja	煮え立た	verb	1	3	0	2
ja	焼きあがっ	verb	1	3	0	2
ja	シャンピニオン	noun	1	3	0	2
ja	バカンス	noun	1	3	0	2
ja	たまねぎ	noun	1	3	0	2
ja	筆箱	noun	1	3	0	2
ja	ネバー	noun	1	3	0	2
ja	メンツ	noun	1	3	0	2
ja	持ちこたえ	verb	1	3	0	2
ja	射手	noun	1	3	0	2
ja	みがき	noun	1	3	0	2
ja	不時	noun	1	3	0	2
ja	妄動	noun	1	3	0	2
ja	ジーンと	adverb	1	3	0	2
ja	胸中	noun	1	3	0	2
ja	独房	noun	1	3	0	2
ja	報知	noun	1	3	0	2
ja	ティーポット	noun	1	3	0	2
ja	生き残り	verb	1	3	0	2
ja	バトル	noun	1	3	0	2
ja	ミート	noun	1	3	0	2
ja	アーロン	noun	1	3	0	2
ja	引っかから	verb	1	3	0	2
ja	昇任	noun	1	3	0	2
ja	いわく	noun	1	3	0	2
ja	持ち込め	verb	1	3	0	2
ja	ブイ	noun	1	3	0	2
ja	すり傷	noun	1	3	0	2
ja	速攻	noun	1	3	0	2
ja	剥がれ落ち	verb	1	3	0	2
ja	ヤリ	noun	1	3	0	2
ja	ジブチ	noun	1	3	0	2
ja	聾唖	noun	1	3	0	2
ja	立ち話	noun	1	3	0	2
ja	呼び出せ	verb	1	3	0	2
ja	差額	noun	1	3	0	2
ja	走り回り	verb	1	3	0	2
ja	コンサルティング	noun	1	3	0	2
ja	ホウレン	noun	1	3	0	2
ja	鍛練	noun	1	3	0	2
ja	逞しい	adjective	1	3	0	2
ja	船荷	noun	1	3	0	2
ja	早鐘	noun	1	3	0	2
ja	ひっかい	verb	1	3	0	2
ja	将兵	noun	1	3	0	2
ja	喜ばそう	verb	1	3	0	2
ja	随意	noun	1	3	0	2
ja	痘痕	noun	1	3	0	2
ja	一塁	noun	1	3	0	2
ja	いー	compounds	1	3	0	2
ja	蝋	noun	1	3	0	2
ja	相づち	noun	1	3	0	2
ja	浮き足	noun	1	3	0	2
ja	ビオラ	noun	1	3	0	2
ja	解	noun	1	3	0	2
ja	前言	noun	1	3	0	2
ja	事後	noun	1	3	0	2
ja	死期	noun	1	3	0	2
ja	ネガティブ	noun	1	3	0	2
ja	長広	noun	1	3	0	2
ja	軽挙	noun	1	3	0	2
ja	カプチーノ	noun	1	3	0	2
ja	手提げ	noun	1	3	0	2
ja	買い置き	noun	1	3	0	2
ja	取り分	noun	1	3	0	2
ja	立て込ん	verb	1	3	0	2
ja	大志	noun	1	3	0	2
ja	取りかかり	verb	1	3	0	2
ja	しこたま	adverb	1	3	0	2
ja	しぼり	verb	1	3	0	2
ja	ズッキーニ	noun	1	3	0	2
ja	言いなさ	verb	1	3	0	2
ja	個室	noun	1	3	0	2
ja	晩飯	noun	1	3	0	2
ja	思い浮かべる	verb	1	3	0	2
ja	写り	noun	1	3	0	2
ja	フィレ	noun	1	3	0	2
ja	ラドゥ	noun	1	3	0	2
ja	点取	noun	1	3	0	2
ja	跳ね上がっ	verb	1	3	0	2
ja	水温	noun	1	3	0	2
ja	張本	noun	1	3	0	2
ja	構える	verb	1	3	0	2
ja	フラッシュ	noun	1	3	0	2
ja	ホバークラフト	noun	1	3	0	2
ja	頭皮	noun	1	3	0	2
ja	気取る	verb	1	3	0	2
ja	封じ込ま	verb	1	3	0	2
ja	焼き飯	noun	1	3	0	2
ja	どっちみち	adverb	1	3	0	2
ja	大樹	noun	1	3	0	2
ja	吉川	noun	1	3	0	2
ja	サイダー	noun	1	3	0	2
ja	ひびき	verb	1	3	0	2
ja	大口	noun	1	3	0	2
ja	インテリア	noun	1	3	0	2
ja	コンロ	noun	1	3	0	2
ja	弱り目	noun	1	3	0	2
ja	キュビズム	noun	1	3	0	2
ja	ものわかり	noun	1	3	0	2
ja	ケイティ	noun	1	3	0	2
ja	ダンボ	noun	1	3	0	2
ja	機先	noun	1	3	0	2
ja	あじさい	noun	1	3	0	2
ja	パッド	noun	1	3	0	2
ja	蹴り入れ	verb	1	3	0	2
ja	汗水	noun	1	3	0	2
ja	だせ	verb	1	3	0	2
ja	ローリ	noun	1	3	0	2
ja	食虫	noun	1	3	0	2
ja	唄	noun	1	3	0	2
ja	ラクロス	noun	1	3	0	2
ja	初潮	noun	1	3	0	2
ja	こじ開け	verb	1	3	0	2
ja	惜しみなく	adjective	1	3	0	2
ja	茨城	noun	1	3	0	2
ja	心労	noun	1	3	0	2
ja	支え合う	verb	1	3	0	2
ja	オンドリ	noun	1	3	0	2
ja	タメ口	noun	1	3	0	2
ja	パイント	noun	1	3	0	2
ja	愛きょう	noun	1	3	0	2
ja	サイフ	noun	1	3	0	2
ja	人づて	noun	1	3	0	2
ja	ロックンロール	noun	1	3	0	2
ja	いとしい	adjective	1	3	0	2
ja	フアナ	noun	1	3	0	2
ja	刈り取る	verb	1	3	0	2
ja	しかりつけ	verb	1	3	0	2
ja	サンバ	noun	1	3	0	2
ja	栄冠	noun	1	3	0	2
ja	パーキンソン	noun	1	3	0	2
ja	明々	noun	1	3	0	2
ja	総勢	noun	1	3	0	2
ja	ジャマイカ	noun	1	3	0	2
ja	トントン	adverb	1	3	0	2
ja	嘘吐き	noun	1	3	0	2
ja	保とう	verb	1	3	0	2
ja	息の根	noun	1	3	0	2
ja	つけ込む	verb	1	3	0	2
ja	振り返り	verb	1	3	0	2
ja	うしろめたい	adjective	1	3	0	2
ja	がっつり	adverb	1	3	0	2
ja	親元	noun	1	3	0	2
ja	足がかり	noun	1	3	0	2
ja	燃え移っ	verb	1	3	0	2
ja	チュウチュウ	adverb	1	3	0	2
ja	法科	noun	1	3	0	2
ja	ジョエル	noun	1	3	0	2
ja	怨み	noun	1	3	0	2
ja	小論	noun	1	3	0	2
ja	愛校	noun	1	3	0	2
ja	見逃せ	verb	1	3	0	2
ja	はずかしく	adjective	1	3	0	2
ja	雨上がり	noun	1	3	0	2
ja	昼ごろ	noun	1	3	0	2
ja	立ち消え	verb	1	3	0	2
ja	切り下げ	verb	1	3	0	2
ja	ブラウザー	noun	1	3	0	2
ja	はなし	noun	1	3	0	2
ja	末席	noun	1	3	0	2
ja	ビーフステーキ	noun	1	3	0	2
ja	皆目	adverb	1	3	0	2
ja	異父	noun	1	3	0	2
ja	剣幕	noun	1	3	0	2
ja	ベロベロ	adverb	1	3	0	2
ja	ノド	noun	1	3	0	2
ja	乗り違え	verb	1	3	0	2
ja	ジロジロ	adverb	1	3	0	2
ja	カネ	noun	1	3	0	2
ja	お出まし	noun	1	3	0	2
ja	楽しけれ	adjective	1	3	0	2
ja	どのみち	adverb	1	3	0	2
ja	ほおづえ	noun	1	3	0	2
ja	冷	noun	1	3	0	2
ja	胸ぐら	noun	1	3	0	2
ja	ラウンジ	noun	1	3	0	2
ja	口臭	noun	1	3	0	2
ja	無傷	noun	1	3	0	2
ja	さびし	adjective	1	3	0	2
ja	ケンジ	noun	1	3	0	2
ja	インゲン	noun	1	3	0	2
ja	墓穴	noun	1	3	0	2
ja	買い方	noun	1	3	0	2
ja	走り抜け	verb	1	3	0	2
ja	蚕	noun	1	3	0	2
ja	ブチ	noun	1	3	0	2
ja	酒好き	noun	1	3	0	2
ja	つむ	verb	1	3	0	2
ja	てんぷら	noun	1	3	0	2
ja	随筆	noun	1	3	0	2
ja	次善	noun	1	3	0	2
ja	ポンプ	noun	1	3	0	2
ja	鳥居	noun	1	3	0	2
ja	ゴタゴタ	noun	1	3	0	2
ja	私物	noun	1	3	0	2
ja	逃れ	noun	1	3	0	2
ja	多芸	noun	1	3	0	2
ja	プリンセス	noun	1	3	0	2
ja	ふり返っ	verb	1	3	0	2
ja	デマ	noun	1	3	0	2
ja	上がり下がり	noun	1	3	0	2
ja	出欠	noun	1	3	0	2
ja	才色	noun	1	3	0	2
ja	讃え	verb	1	3	0	2
ja	パラソル	noun	1	3	0	2
ja	灰燼	noun	1	3	0	2
ja	吹っ飛ん	verb	1	3	0	2
ja	重責	noun	1	3	0	2
ja	軽んずる	verb	1	3	0	2
ja	作り笑い	noun	1	3	0	2
ja	メリッサ	noun	1	3	0	2
ja	せみ	noun	1	3	0	2
ja	安土	noun	1	3	0	2
ja	狂い	noun	1	3	0	2
ja	弱々しく	adjective	1	3	0	2
ja	すすり泣く	verb	1	3	0	2
ja	買い上げ	verb	1	3	0	2
ja	散り散り	noun	1	3	0	2
ja	虫除け	noun	1	3	0	2
ja	雪下ろし	noun	1	3	0	2
ja	忍び足	noun	1	3	0	2
ja	締め上げ	verb	1	3	0	2
ja	要人	noun	1	3	0	2
ja	円陣	noun	1	3	0	2
ja	後ろ手	noun	1	3	0	2
ja	付き合おう	verb	1	3	0	2
ja	肉離れ	noun	1	3	0	2
ja	クリストファー	noun	1	3	0	2
ja	つかれる	verb	1	3	0	2
ja	まんじゅう	noun	1	3	0	2
ja	古銭	noun	1	3	0	2
ja	上塗り	noun	1	3	0	2
ja	貸	noun	1	3	0	2
ja	代弁	noun	1	3	0	2
ja	白タク	noun	1	3	0	2
ja	名無し	noun	1	3	0	2
ja	芭蕉	noun	1	3	0	2
ja	母子	noun	1	3	0	2
ja	触り	verb	1	3	0	2
ja	精読	noun	1	3	0	2
ja	ギ	noun	1	3	0	2
ja	思索	noun	1	3	0	2
ja	院	noun	1	3	0	2
ja	呼び出し	noun	1	3	0	2
ja	臭覚	noun	1	3	0	2
ja	垂れ込め	verb	1	3	0	2
ja	とおる	verb	1	3	0	2
ja	横暴	noun	1	3	0	2
ja	安かろう	adjective	1	3	0	2
ja	後ろ足	noun	1	3	0	2
ja	肌着	noun	1	3	0	2
ja	恵方	noun	1	3	0	2
ja	死に絶え	verb	1	3	0	2
ja	旅券	noun	1	3	0	2
ja	呑み	verb	1	3	0	2
ja	そっけなく	adjective	1	3	0	2
ja	持病	noun	1	3	0	2
ja	訃報	noun	1	3	0	2
ja	暑中	noun	1	3	0	2
ja	分け合い	verb	1	3	0	2
ja	デメリット	noun	1	3	0	2
ja	目方	noun	1	3	0	2
ja	完ぺき	noun	1	3	0	2
ja	話しあっ	verb	1	3	0	2
ja	がちょう	noun	1	3	0	2
ja	悔み	verb	1	3	0	2
ja	左肩	noun	1	3	0	2
ja	乗っ取っ	verb	1	3	0	2
ja	万病	noun	1	3	0	2
ja	腑	noun	1	3	0	2
ja	抱き上げ	verb	1	3	0	2
ja	盛り上がり	noun	1	3	0	2
ja	啄木鳥	noun	1	3	0	2
ja	カルト	noun	1	3	0	2
ja	散らかり	verb	1	3	0	2
ja	壮行	noun	1	3	0	2
ja	大福	noun	1	3	0	2
ja	切り離せ	verb	1	3	0	2
ja	くちばし	noun	1	3	0	2
ja	クルミ	noun	1	3	0	2
ja	ソフトボール	noun	1	3	0	2
ja	打率	noun	1	3	0	2
ja	水掛け	noun	1	3	0	2
ja	買い与え	verb	1	3	0	2
ja	ススメ	noun	1	3	0	2
ja	美香	noun	1	3	0	2
ja	差し当たり	adverb	1	3	0	2
ja	ミンク	noun	1	3	0	2
ja	師走	noun	1	3	0	2
ja	呆気	noun	1	3	0	2
ja	肩こり	noun	1	3	0	2
ja	横向き	noun	1	3	0	2
ja	淳子	noun	1	3	0	2
ja	和牛	noun	1	3	0	2
ja	打ち破っ	verb	1	3	0	2
ja	高木	noun	1	3	0	2
ja	英世	noun	1	3	0	2
ja	物欲	noun	1	3	0	2
ja	妙案	noun	1	3	0	2
ja	盾	noun	1	3	0	2
ja	論じ合っ	verb	1	3	0	2
ja	むちゃくちゃ	adverb	1	3	0	2
ja	かざす	verb	1	3	0	2
ja	あみ	noun	1	3	0	2
ja	早足	noun	1	3	0	2
ja	塩辛く	adjective	1	3	0	2
ja	部屋探し	noun	1	3	0	2
ja	言いかえる	verb	1	3	0	2
ja	スリラー	noun	1	3	0	2
ja	正邪	noun	1	3	0	2
ja	コロン	noun	1	3	0	2
ja	ねむく	adjective	1	3	0	2
ja	トピ	noun	1	3	0	2
ja	肩肘	noun	1	3	0	2
ja	ポッキー	noun	1	3	0	2
ja	代行	noun	1	3	0	2
ja	もの思い	noun	1	3	0	2
ja	買いかぶっ	verb	1	3	0	2
ja	もろく	adjective	1	3	0	2
ja	ひょい	adverb	1	3	0	2
ja	頼み事	noun	1	3	0	2
ja	ミンスク	noun	1	3	0	2
ja	嘆き	noun	1	3	0	2
ja	コンセント	noun	1	3	0	2
ja	盆休み	noun	1	3	0	2
ja	サクラ	noun	1	3	0	2
ja	桃山	noun	1	3	0	2
ja	甲斐甲斐しく	adjective	1	3	0	2
ja	眼下	noun	1	3	0	2
ja	石川	noun	1	3	0	2
ja	うざく	adjective	1	3	0	2
ja	貸し出し	noun	1	3	0	2
ja	マドリード	noun	1	3	0	2
ja	全敗	noun	1	3	0	2
ja	ムスタング	noun	1	3	0	2
ja	ハイウエイ	noun	1	3	0	2
ja	ナイン	noun	1	3	0	2
ja	液晶	noun	1	3	0	2
ja	取り返す	verb	1	3	0	2
ja	見習っ	verb	1	3	0	2
ja	でっかい	adjective	1	3	0	2
ja	性感	noun	1	3	0	2
ja	ジャーン	adverb	1	3	0	2
ja	通じ	noun	1	3	0	2
ja	直し	noun	1	3	0	2
ja	床下	noun	1	3	0	2
ja	ほろ酔い	noun	1	3	0	2
ja	共犯	noun	1	3	0	2
ja	冥福	noun	1	3	0	2
ja	焼	noun	1	3	0	2
ja	インディア	noun	1	3	0	2
ja	とろとろ	adverb	1	3	0	2
ja	祭り上げ	verb	1	3	0	2
ja	わんこ	noun	1	3	0	2
ja	茹で上がり	verb	1	3	0	2
ja	くすぐった	adjective	1	3	0	2
ja	大汗	noun	1	3	0	2
ja	おたふくかぜ	noun	1	3	0	2
ja	極まっ	verb	1	3	0	2
ja	泣き止ま	verb	1	3	0	2
ja	夜分	noun	1	3	0	2
ja	デビット	noun	1	3	0	2
ja	冊子	noun	1	3	0	2
ja	ローブ	noun	1	3	0	2
ja	こらえよう	verb	1	3	0	2
ja	とびつい	verb	1	3	0	2
ja	手職	noun	1	3	0	2
ja	無病	noun	1	3	0	2
ja	信	noun	1	3	0	2
ja	ちんちん	noun	1	3	0	2
ja	聞きとれ	verb	1	3	0	2
ja	文頭	noun	1	3	0	2
ja	グリー	noun	1	3	0	2
ja	掻き集める	verb	1	3	0	2
ja	考え合わせる	verb	1	3	0	2
ja	引き返せ	verb	1	3	0	2
ja	ヒスタミン	noun	1	3	0	2
ja	肉親	noun	1	3	0	2
ja	移り変わり	noun	1	3	0	2
ja	青二才	noun	1	3	0	2
ja	入党	noun	1	3	0	2
ja	手洗	noun	1	3	0	2
ja	寝つけ	verb	1	3	0	2
ja	ブードゥー	noun	1	3	0	2
ja	和紙	noun	1	3	0	2
ja	肩越し	noun	1	3	0	2
ja	絶世	noun	1	3	0	2
ja	老女	noun	1	3	0	2
ja	己心	noun	1	3	0	2
ja	分かち合う	verb	1	3	0	2
ja	メモっ	verb	1	3	1	1
ja	ほめよ	verb	1	3	1	1
ja	ケバケバ	adverb	1	3	1	1
ja	齧っ	verb	1	3	1	1
ja	抗え	verb	1	3	1	1
ja	不順	noun	1	3	1	1
ja	宿直	noun	1	3	1	1
ja	ニヤつい	verb	1	3	1	1
ja	あか抜け	verb	1	3	1	1
ja	丸める	verb	1	3	1	1
ja	外傷	noun	1	3	1	1
ja	ごたごた	adverb	1	3	1	1
ja	作りたて	noun	1	3	1	1
ja	バーツ	noun	1	3	1	1
ja	ホカホカ	adverb	1	3	1	1
ja	うぬぼれる	verb	1	3	1	1
ja	実ら	verb	1	3	1	1
ja	いらっ	adverb	1	3	1	1
ja	孔雀	noun	1	3	1	1
ja	許せる	verb	1	3	1	1
ja	スース	noun	1	3	1	1
ja	潤む	verb	1	3	1	1
ja	羽織り	verb	1	3	1	1
ja	誤診	noun	1	3	1	1
ja	マルタ	noun	1	3	1	1
ja	組し	verb	1	3	1	1
ja	ジャス	noun	1	3	1	1
ja	快諾	noun	1	3	1	1
ja	茶目	noun	1	3	1	1
ja	ざわつい	verb	1	3	1	1
ja	県花	noun	1	3	1	1
ja	国花	noun	1	3	1	1
ja	桜貝	noun	1	3	1	1
ja	装い	noun	1	3	1	1
ja	長びき	verb	1	3	1	1
ja	こと欠き	verb	1	3	1	1
ja	むかつい	verb	1	3	1	1
ja	伏せろ	verb	1	3	1	1
ja	まざら	verb	1	3	1	1
ja	手編み	noun	1	3	1	1
ja	エコーズ	noun	1	3	1	1
ja	おたふく風邪	noun	1	3	1	1
ja	魘され	verb	1	3	1	1
ja	豊漁	noun	1	3	1	1
ja	しょっぱい	adjective	1	3	1	1
ja	急かす	verb	1	3	1	1
ja	難産	noun	1	3	1	1
ja	ふさごう	verb	1	3	1	1
ja	売行き	noun	1	3	1	1
ja	しくじれ	verb	1	3	1	1
ja	ちび	verb	1	3	1	1
ja	タタン	noun	1	3	1	1
ja	滲む	verb	1	3	1	1
ja	生きれ	verb	1	3	1	1
ja	中座	noun	1	3	1	1
ja	懲り懲り	noun	1	3	1	1
ja	滅入り	verb	1	3	1	1
ja	和人	noun	1	3	1	1
ja	浴びよう	verb	1	3	1	1
ja	たがやし	verb	1	3	1	1
ja	義妹	noun	1	3	1	1
ja	ロハ	noun	1	3	1	1
ja	ムチャ	noun	1	3	1	1
ja	丸潰れ	noun	1	3	1	1
ja	講じろ	verb	1	3	1	1
ja	躓く	verb	1	3	1	1
ja	張ろう	verb	1	3	1	1
ja	言えよ	verb	1	3	1	1
ja	門違い	noun	1	3	1	1
ja	たずさわろう	verb	1	3	1	1
ja	波打た	verb	1	3	1	1
ja	操っ	verb	1	3	1	1
ja	憐れむ	verb	1	3	1	1
ja	列せ	verb	1	3	1	1
ja	楽しめよ	verb	1	3	1	1
ja	か弱かっ	adjective	1	3	1	1
ja	苛立ち	verb	1	3	1	1
ja	麺つゆ	noun	1	3	1	1
ja	悪文	noun	1	3	1	1
ja	完徹	noun	1	3	1	1
ja	潔い	adjective	1	3	1	1
ja	ひっくり返さ	verb	1	3	1	1
ja	着ろ	verb	1	3	1	1
ja	着服	noun	1	3	1	1
ja	たたかえ	verb	1	3	1	1
ja	淡白	noun	1	3	1	1
ja	略記	noun	1	3	1	1
ja	止水	noun	1	3	1	1
ja	殴れ	verb	1	3	1	1
ja	ふるまえ	verb	1	3	1	1
ja	うやまう	verb	1	3	1	1
ja	くらえ	verb	1	3	1	1
ja	とどまれ	verb	1	3	1	1
ja	麗しい	adjective	1	3	1	1
ja	すっぽん	noun	1	3	1	1
ja	ローブロー	noun	1	3	1	1
ja	たのしま	verb	1	3	1	1
ja	増設	noun	1	3	1	1
ja	とろけ	verb	1	3	1	1
ja	逢わ	verb	1	3	1	1
ja	欲張ら	verb	1	3	1	1
ja	かつお節	noun	1	3	1	1
ja	メダリスト	noun	1	3	1	1
ja	本読み	noun	1	3	1	1
ja	目ざめる	verb	1	3	1	1
ja	たりる	verb	1	3	1	1
ja	あぶら	verb	1	3	1	1
ja	メリサ	noun	1	3	1	1
ja	通り言葉	noun	1	3	1	1
ja	煩雑	noun	1	3	1	1
ja	歩き疲れ	noun	1	3	1	1
ja	上げれ	verb	1	3	1	1
ja	ちょうちょ	noun	1	3	1	1
ja	やぶる	verb	1	3	1	1
ja	有難い	adjective	1	3	1	1
ja	いたわっ	verb	1	3	1	1
ja	悪童	noun	1	3	1	1
ja	空車	noun	1	3	1	1
ja	敏腕	noun	1	3	1	1
ja	なまっ	verb	1	3	1	1
ja	支払わさ	verb	1	3	1	1
ja	そり	verb	1	3	1	1
ja	進ぜよう	verb	1	3	1	1
ja	先払い	noun	1	3	1	1
ja	添い	verb	1	3	1	1
ja	弥太郎	noun	1	3	1	1
ja	盲点	noun	1	3	1	1
ja	仕込ま	verb	1	3	1	1
ja	鎮まっ	verb	1	3	1	1
ja	おぼつかなかっ	adjective	1	3	1	1
ja	やかまし	adjective	1	3	1	1
ja	はずむ	verb	1	3	1	1
ja	気狂い	noun	1	3	1	1
ja	木石	noun	1	3	1	1
ja	贋物	noun	1	3	1	1
ja	ガン	adverb	1	3	1	1
ja	絹製	noun	1	3	1	1
ja	長老	noun	1	3	1	1
ja	むか	verb	1	3	1	1
ja	まねい	verb	1	3	1	1
ja	怖じ	verb	1	3	1	1
ja	愛おしい	adjective	1	3	1	1
ja	白袴	noun	1	3	1	1
ja	のんべえ	noun	1	3	1	1
ja	マジレス	noun	1	3	1	1
ja	制さ	verb	1	3	1	1
ja	俗物	noun	1	3	1	1
ja	及ぼさ	verb	1	3	1	1
ja	めんどく	adjective	1	3	1	1
ja	長命	noun	1	3	1	1
ja	ズキンズキン	adverb	1	3	1	1
ja	住み込み	noun	1	3	1	1
ja	つやっつや	adverb	1	3	1	1
ja	轟い	verb	1	3	1	1
ja	ノっ	verb	1	3	1	1
ja	ハイライト	noun	1	3	1	1
ja	雇おう	verb	1	3	1	1
ja	しろっ	verb	1	3	1	1
ja	こらしめ	verb	1	3	1	1
ja	突飛	noun	1	3	1	1
ja	かゆ	adjective	1	3	1	1
ja	銭失い	noun	1	3	1	1
ja	かけ引き	noun	1	3	1	1
ja	よそう	verb	1	3	1	1
ja	ごまかせる	verb	1	3	1	1
ja	ホプキンス	noun	1	3	1	1
ja	落とし所	noun	1	3	1	1
ja	仰が	verb	1	3	1	1
ja	激やせ	noun	1	3	1	1
ja	畏まり	verb	1	3	1	1
ja	おもい	adjective	1	3	1	1
ja	しり込み	noun	1	3	1	1
ja	フリーズ	noun	1	3	1	1
ja	韜晦	noun	1	3	1	1
ja	セレクション	noun	1	3	1	1
ja	せかせる	verb	1	3	1	1
ja	無比	noun	1	3	1	1
ja	おちいる	verb	1	3	1	1
ja	新月	noun	1	3	1	1
ja	せこい	adjective	1	3	1	1
ja	ズルい	adjective	1	3	1	1
ja	暴い	verb	1	3	1	1
ja	没する	verb	1	3	1	1
ja	あおっ	verb	1	3	1	1
ja	止そう	verb	1	3	1	1
ja	嫌らしい	adjective	1	3	1	1
ja	川流れ	noun	1	3	1	1
ja	馴染め	verb	1	3	1	1
ja	覚ませ	verb	1	3	1	1
ja	ヒリヒリ	noun	1	3	1	1
ja	戦わし	verb	1	3	1	1
ja	頼めよ	verb	1	3	1	1
ja	侵し	verb	1	3	1	1
ja	下僕	noun	1	3	1	1
ja	ストップウオッチ	noun	1	3	1	1
ja	堅苦しかっ	adjective	1	3	1	1
ja	ラバト	noun	1	3	1	1
ja	あわせろ	verb	1	3	1	1
ja	口うるさい	adjective	1	3	1	1
ja	まごつか	verb	1	3	1	1
ja	不精	noun	1	3	1	1
ja	めくら	verb	1	3	1	1
ja	幕開け	noun	1	3	1	1
ja	縋っ	verb	1	3	1	1
ja	とどい	verb	1	3	1	1
ja	コンドミニアム	noun	1	3	1	1
ja	降ろす	verb	1	3	1	1
ja	うたがわしい	adjective	1	3	1	1
ja	かかげ	verb	1	3	1	1
ja	靨	noun	1	3	1	1
ja	許嫁	noun	1	3	1	1
ja	真東	noun	1	3	1	1
ja	きちがい	noun	1	3	1	1
ja	良性	noun	1	3	1	1
ja	バギンズ	noun	1	3	1	1
ja	途絶え	verb	1	3	1	1
ja	色付き	verb	1	3	1	1
ja	直情	noun	1	3	1	1
ja	ギュ	adverb	1	3	1	1
ja	厳めしい	adjective	1	3	1	1
ja	窄め	verb	1	3	1	1
ja	暖まり	verb	1	3	1	1
ja	血族	noun	1	3	1	1
ja	十八番	noun	1	3	1	1
ja	満たせ	verb	1	3	1	1
ja	たから	verb	1	3	1	1
ja	珍奇	noun	1	3	1	1
ja	演じろ	verb	1	3	1	1
ja	福来	noun	1	3	1	1
ja	とげとげしかっ	adjective	1	3	1	1
ja	好演	noun	1	3	1	1
ja	敵影	noun	1	3	1	1
ja	当たり年	noun	1	3	1	1
ja	撤し	verb	1	3	1	1
ja	一案	noun	1	3	1	1
ja	やく	verb	1	3	1	1
ja	種牛	noun	1	3	1	1
ja	解かし	verb	1	3	1	1
ja	かしこまら	verb	1	3	1	1
ja	デンジャラス	noun	1	3	1	1
ja	持ち出し	noun	1	3	1	1
ja	描こう	verb	1	3	1	1
ja	笑窪	noun	1	3	1	1
ja	集う	verb	1	3	1	1
ja	くさい	adjective	1	3	1	1
ja	食べよっ	verb	1	3	1	1
ja	パワフル	noun	1	3	1	1
ja	喰い	verb	1	3	1	1
ja	白々	noun	1	3	1	1
ja	肩車	noun	1	3	1	1
ja	ジャリジャリ	adverb	1	3	1	1
ja	用済み	noun	1	3	1	1
ja	業	noun	1	3	1	1
ja	ピンぼけ	noun	1	3	1	1
ja	留っ	verb	1	3	1	1
ja	蝮	noun	1	3	1	1
ja	測ら	verb	1	3	1	1
ja	ハッタリ	noun	1	3	1	1
ja	あわせ	noun	1	3	1	1
ja	繋がら	verb	1	3	1	1
ja	節減	noun	1	3	1	1
ja	就けよう	verb	1	3	1	1
ja	ときめかす	verb	1	3	1	1
ja	ハアハア	adverb	1	3	1	1
ja	キーパー	noun	1	3	1	1
ja	造る	verb	1	3	1	1
ja	見つけろ	verb	1	3	1	1
ja	おこせ	verb	1	3	1	1
ja	リメイク	noun	1	3	1	1
ja	泥塗れ	noun	1	3	1	1
ja	勘当	noun	1	3	1	1
ja	上がり目	noun	1	3	1	1
ja	人名	noun	1	3	1	1
ja	ケチケチ	adverb	1	3	1	1
ja	狐使い	noun	1	3	1	1
ja	失くす	verb	1	3	1	1
ja	もて遊ぶ	verb	1	3	1	1
ja	とっちめ	verb	1	3	1	1
ja	止めよ	verb	1	3	1	1
ja	あんぽんたん	noun	1	3	1	1
ja	さぼろう	verb	1	3	1	1
ja	めくる	verb	1	3	1	1
ja	三太夫	noun	1	3	1	1
ja	よごし	verb	1	3	1	1
ja	執心	noun	1	3	1	1
ja	ロマンティスト	noun	1	3	1	1
ja	速まっ	verb	1	3	1	1
ja	天敵	noun	1	3	1	1
ja	仕掛ける	verb	1	3	1	1
ja	近接	noun	1	3	1	1
ja	せびら	verb	1	3	1	1
ja	ヤリチン	noun	1	3	1	1
ja	ヘコん	verb	1	3	1	1
ja	約款	noun	1	3	1	1
ja	詰ん	verb	1	3	1	1
ja	トーン	noun	1	3	1	1
ja	やじっ	verb	1	3	1	1
ja	現わす	verb	1	3	1	1
ja	想う	verb	1	3	1	1
ja	娶っ	verb	1	3	1	1
ja	慶	noun	1	3	1	1
ja	住家	noun	1	3	1	1
ja	とかさ	verb	1	3	1	1
ja	救い主	noun	1	3	1	1
ja	願い下げ	noun	1	3	1	1
ja	ほてる	verb	1	3	1	1
ja	スノーボーダー	noun	1	3	1	1
ja	名手	noun	1	3	1	1
ja	おばこ	noun	1	3	1	1
ja	鍵あけ	noun	1	3	1	1
ja	結べる	verb	1	3	1	1
ja	ささやく	verb	1	3	1	1
ja	猫舌	noun	1	3	1	1
ja	おちょくっ	verb	1	3	1	1
ja	いいなずけ	noun	1	3	1	1
ja	絡まっ	verb	1	3	1	1
ja	薄情	noun	1	3	1	1
ja	飲んべえ	noun	1	3	1	1
ja	かぶれる	verb	1	3	1	1
ja	迫力	noun	1	3	1	1
ja	トラブっ	verb	1	3	1	1
ja	奥手	noun	1	3	1	1
ja	振る舞える	verb	1	3	1	1
ja	険しかっ	adjective	1	3	1	1
ja	カートン	noun	1	3	1	1
ja	骨頂	noun	1	3	1	1
ja	ソムリエ	noun	1	3	1	1
ja	ぼうや	noun	1	3	1	1
ja	荒げ	verb	1	3	1	1
ja	あげれる	verb	1	3	1	1
ja	腐り	noun	1	3	1	1
ja	東向き	noun	1	3	1	1
ja	倒せ	verb	1	3	1	1
ja	げんまん	noun	1	3	1	1
ja	とどろい	verb	1	3	1	1
ja	牛耳っ	verb	1	3	1	1
ja	こび	verb	1	3	1	1
ja	締めろ	verb	1	3	1	1
ja	盛会	noun	1	3	1	1
ja	精髄	noun	1	3	1	1
ja	択ば	verb	1	3	1	1
ja	びり	adverb	1	3	1	1
ja	束ねる	verb	1	3	1	1
ja	ニコン	noun	1	3	1	1
ja	かたづい	verb	1	3	1	1
ja	歌人	noun	1	3	1	1
ja	乏しかっ	adjective	1	3	1	1
ja	かぐ	verb	1	3	1	1
ja	危ぶむ	verb	1	3	1	1
ja	列し	verb	1	3	1	1
ja	恋敵	noun	1	3	1	1
ja	飽かせ	verb	1	3	1	1
ja	巧い	adjective	1	3	1	1
ja	蘇り	verb	1	3	1	1
ja	ウンチ	noun	1	3	1	1
ja	毒蛇	noun	1	3	1	1
ja	ならび	noun	1	3	1	1
ja	よぼう	verb	1	3	1	1
ja	寄越せ	verb	1	3	1	1
ja	入部	noun	1	3	1	1
ja	甘える	verb	1	3	1	1
ja	ほほ笑み	noun	1	3	1	1
ja	カクカク	adverb	1	3	1	1
ja	陥れ	verb	1	3	1	1
ja	ドロン	noun	1	3	1	1
ja	選り抜き	noun	1	3	1	1
ja	咎める	verb	1	3	1	1
ja	逆らえ	verb	1	3	1	1
ja	花形	noun	1	3	1	1
ja	新しかっ	adjective	1	3	1	1
ja	誤らす	verb	1	3	1	1
ja	ラビット	noun	1	3	1	1
ja	いつわっ	verb	1	3	1	1
ja	無一文	noun	1	3	1	1
ja	かつぐ	verb	1	3	1	1
ja	悪賢い	adjective	1	3	1	1
ja	粉乳	noun	1	3	1	1
ja	口うるさかっ	adjective	1	3	1	1
ja	暑くるしかっ	adjective	1	3	1	1
ja	講ずる	verb	1	3	1	1
ja	手すき	noun	1	3	1	1
ja	ややこし	adjective	1	3	1	1
ja	愚問	noun	1	3	1	1
ja	パニクん	verb	1	3	1	1
ja	くずせ	verb	1	3	1	1
ja	損じ	verb	1	3	1	1
ja	はがさ	verb	1	3	1	1
ja	しずめ	verb	1	3	1	1
ja	南美	noun	1	3	1	1
ja	通ろう	verb	1	3	1	1
ja	被せ	verb	1	3	1	1
ja	キ	noun	1	3	1	1
ja	キングス	noun	1	3	1	1
ja	人妻	noun	1	3	1	1
ja	獲れ	verb	1	3	1	1
ja	片付き	verb	1	3	1	1
ja	シャッド	noun	1	3	1	1
ja	通せんぼ	noun	1	3	1	1
ja	ニューデリー	noun	1	3	1	1
ja	囀る	verb	1	3	1	1
ja	くっつか	verb	1	3	1	1
ja	長引か	verb	1	3	1	1
ja	淹れよっ	verb	1	3	1	1
ja	氷冠	noun	1	3	1	1
ja	ウケる	verb	1	3	1	1
ja	どもる	verb	1	3	1	1
ja	諸人	noun	1	3	1	1
ja	かすみ	verb	1	3	1	1
ja	身ごもっ	verb	1	3	1	1
ja	ふさがり	verb	1	3	1	1
ja	覆ら	verb	1	3	1	1
ja	負ぶっ	verb	1	3	1	1
ja	しどころ	noun	1	3	1	1
ja	感づく	verb	1	3	1	1
ja	亜種	noun	1	3	1	1
ja	汗まみれ	noun	1	3	1	1
ja	ささえ	verb	1	3	1	1
ja	慣れろ	verb	1	3	1	1
ja	出しゃばっ	verb	1	3	1	1
ja	暴か	verb	1	3	1	1
ja	掘ろう	verb	1	3	1	1
ja	拒ま	verb	1	3	1	1
ja	押そう	verb	1	3	1	1
ja	喘い	verb	1	3	1	1
ja	メガホン	noun	1	3	1	1
ja	かまい	noun	1	3	1	1
ja	命じる	verb	1	3	1	1
ja	うせろ	verb	1	3	1	1
ja	ごまかせ	verb	1	3	1	1
ja	生煮え	noun	1	3	1	1
ja	いらだた	verb	1	3	1	1
ja	閉めろ	verb	1	3	1	1
ja	湿らし	verb	1	3	1	1
ja	駄弁る	verb	1	3	1	1
ja	落す	verb	1	3	1	1
ja	穴開け	noun	1	3	1	1
ja	あきなっ	verb	1	3	1	1
ja	バイセクシュアル	noun	1	3	1	1
ja	おたんこなす	noun	1	3	1	1
ja	専売	noun	1	3	1	1
ja	口べた	noun	1	3	1	1
ja	ムシムシ	adverb	1	3	1	1
ja	こもごも	adverb	1	3	1	1
ja	太れ	verb	1	3	1	1
ja	小突い	verb	1	3	1	1
ja	知之	noun	1	3	1	1
ja	無くさ	verb	1	3	1	1
ja	差し歯	noun	1	3	1	1
ja	ＭＶＰ	noun	1	3	1	1
ja	あぶれ	verb	1	3	1	1
ja	やとっ	verb	1	3	1	1
ja	侵す	verb	1	3	1	1
ja	受け売り	noun	1	3	1	1
ja	起き	noun	1	3	1	1
ja	辞し	verb	1	3	1	1
ja	ころっ	adverb	1	3	1	1
ja	乾期	noun	1	3	1	1
ja	藻掻い	verb	1	3	1	1
ja	ぐちゃぐちゃ	adverb	1	3	1	1
ja	ひかえる	verb	1	3	1	1
ja	来さ	verb	1	3	1	1
ja	ファイターズ	noun	1	3	1	1
ja	ちゃっかり	adverb	1	3	1	1
ja	白かっ	adjective	1	3	1	1
ja	聞こえ	noun	1	3	1	1
ja	安宿	noun	1	3	1	1
ja	まち	verb	1	3	1	1
ja	スクロール	noun	1	3	1	1
ja	返そう	verb	1	3	1	1
ja	すす	adverb	1	3	1	1
ja	アグネス	noun	1	3	1	1
ja	突き出し	noun	1	3	1	1
ja	ポター	noun	1	3	1	1
ja	なで	verb	1	3	1	1
ja	下ろう	verb	1	3	1	1
ja	卸さ	verb	1	3	1	1
ja	伏せっ	verb	1	3	1	1
ja	つかまえろ	verb	1	3	1	1
ja	見え	noun	1	3	1	1
ja	ちっこい	adjective	1	3	1	1
ja	なあれ	verb	1	3	1	1
ja	ツインズ	noun	1	3	1	1
ja	おごろう	verb	1	3	1	1
ja	男盛り	noun	1	3	1	1
ja	かじら	verb	1	3	1	1
ja	さまさ	verb	1	3	1	1
ja	短足	noun	1	3	1	1
ja	めんじ	verb	1	3	1	1
ja	つつしみ	verb	1	3	1	1
ja	こなれ	verb	1	3	1	1
ja	帰ろ	verb	1	3	1	1
ja	妙手	noun	1	3	1	1
ja	雑食	noun	1	3	1	1
ja	沸き	verb	1	3	1	1
ja	あつらえ	verb	1	3	1	1
ja	パパラッチ	noun	1	3	1	1
ja	いかさま師	noun	1	3	1	1
ja	くノ一	noun	1	3	1	1
ja	離れろ	verb	1	3	1	1
ja	のろっ	verb	1	3	1	1
ja	だぶつい	verb	1	3	1	1
ja	あてよう	verb	1	3	1	1
ja	つなごう	verb	1	3	1	1
ja	うんち	noun	1	3	1	1
ja	盗め	verb	1	3	1	1
ja	失禁	noun	1	3	1	1
ja	暴き	verb	1	3	1	1
ja	ずらかれ	verb	1	3	1	1
ja	働かし	verb	1	3	1	1
ja	殺る	verb	1	3	1	1
ja	訊き	verb	1	3	1	1
ja	しめし	verb	1	3	1	1
ja	視	verb	1	3	1	1
ja	心地良かっ	adjective	1	3	1	1
ja	フェットチーネ	noun	1	3	1	1
ja	大食らい	noun	1	3	1	1
ja	鞄持ち	noun	1	3	1	1
ja	みつかり	verb	1	3	1	1
ja	指しゃぶり	noun	1	3	1	1
ja	勇士	noun	1	3	1	1
ja	水あげ	noun	1	3	1	1
ja	がっつく	verb	1	3	1	1
ja	玄孫	noun	1	3	1	1
ja	キログラム	noun	1	3	1	1
ja	煙たい	adjective	1	3	1	1
ja	むしる	verb	1	3	1	1
ja	バディ	noun	1	3	1	1
ja	黒死	noun	1	3	1	1
ja	面汚し	noun	1	3	1	1
ja	ぞくっ	adverb	1	3	1	1
ja	うたがっ	verb	1	3	1	1
ja	チャリ通	noun	1	3	1	1
ja	ナチ	noun	1	3	1	1
ja	倒せる	verb	1	3	1	1
ja	竪琴	noun	1	3	1	1
ja	フィエスタ	noun	1	3	1	1
ja	物怖じ	noun	1	3	1	1
ja	お転婆	noun	1	3	1	1
ja	そよい	verb	1	3	1	1
ja	ロップ	noun	1	3	1	1
ja	凪い	verb	1	3	1	1
ja	処し	verb	1	3	1	1
ja	くたびれ儲け	noun	1	3	1	1
ja	物干し	noun	1	3	1	1
ja	懲りる	verb	1	3	1	1
ja	ベイクド	noun	1	3	1	1
ja	見くびっ	verb	1	3	1	1
ja	若作り	noun	1	3	1	1
ja	せかし	verb	1	3	1	1
ja	さます	verb	1	3	1	1
ja	砕か	verb	1	3	1	1
ja	さがす	verb	1	3	1	1
ja	ダサかっ	adjective	1	3	1	1
ja	避けよ	verb	1	3	1	1
ja	つるむ	verb	1	3	1	1
ja	真下	noun	1	3	1	1
ja	うらやみ	verb	1	3	1	1
ja	アペティート	noun	1	3	1	1
ja	閉じろ	verb	1	3	1	1
ja	近付ける	verb	1	3	1	1
ja	いたみ	verb	1	3	1	1
ja	のまさ	verb	1	3	1	1
ja	生ぬるかっ	adjective	1	3	1	1
ja	ひるがえす	verb	1	3	1	1
ja	清々	adverb	1	3	1	1
ja	任ぜ	verb	1	3	1	1
ja	置けよ	verb	1	3	1	1
ja	躍っ	verb	1	3	1	1
ja	つねら	verb	1	3	1	1
ja	度忘れ	noun	1	3	1	1
ja	紛らわしい	adjective	1	3	1	1
ja	属さ	verb	1	3	1	1
ja	出番	noun	1	3	1	1
ja	はばたか	verb	1	3	1	1
ja	弱々しかっ	adjective	1	3	1	1
ja	胸焼け	noun	1	3	1	1
ja	プロデュース	noun	1	3	1	1
ja	きどり	verb	1	3	1	1
ja	あきらめろ	verb	1	3	1	1
ja	見いだせ	verb	1	3	1	1
ja	儲かり	verb	1	3	1	1
ja	ぎんちゃく	noun	1	3	1	1
ja	肌寒かっ	adjective	1	3	1	1
ja	諦めよう	verb	1	3	1	1
ja	虎の巻	noun	1	3	1	1
ja	甘酸っぱかっ	adjective	1	3	1	1
ja	脱皮	noun	1	3	1	1
ja	柔らかかっ	adjective	1	3	1	1
ja	ザック	adverb	1	3	1	1
ja	しゃべらさ	verb	1	3	1	1
ja	分かち	verb	1	3	1	1
ja	かつが	verb	1	3	1	1
ja	仲違い	noun	1	3	1	1
ja	棒読み	noun	1	3	1	1
ja	告っ	verb	1	3	1	1
ja	紙くず	noun	1	3	1	1
ja	喋ろう	verb	1	3	1	1
ja	夢み	verb	1	3	1	1
ja	漬かる	verb	1	3	1	1
ja	埋めろ	verb	1	3	1	1
ja	異人	noun	1	3	1	1
ja	びちょびちょ	adverb	1	3	1	1
ja	ローム	noun	1	3	1	1
ja	悪女	noun	1	3	1	1
ja	捗る	verb	1	3	1	1
ja	洗おう	verb	1	3	1	1
ja	安産	noun	1	3	1	1
ja	儲から	verb	1	3	1	1
ja	ウザい	adjective	1	3	1	1
ja	息苦し	adjective	1	3	1	1
ja	つらよごし	noun	1	3	1	1
ja	だい	verb	1	3	1	1
ja	姉弟	noun	1	3	1	1
ja	しおき	noun	1	3	1	1
ja	律する	verb	1	3	1	1
ja	梳かし	verb	1	3	1	1
ja	後ずさっ	verb	1	3	1	1
ja	だれ	verb	1	3	1	1
ja	はこべ	verb	1	3	1	1
ja	神頼み	noun	1	3	1	1
ja	イッチ	noun	1	3	1	1
ja	しょぼ	adjective	1	3	1	1
ja	上書き	noun	1	3	1	1
ja	一興	noun	1	3	1	1
ja	たのもう	verb	1	3	1	1
ja	よろし	adjective	1	3	1	1
ja	あざけら	verb	1	3	1	1
ja	からまり	verb	1	3	1	1
ja	驚愕	noun	1	3	1	1
ja	くたばら	verb	1	3	1	1
ja	観れる	verb	1	3	1	1
ja	あやまら	verb	1	3	1	1
ja	ミスる	verb	1	3	1	1
ja	まかせよう	verb	1	3	1	1
ja	なやまさ	verb	1	3	1	1
ja	吊し	verb	1	3	1	1
ja	食い物	noun	1	3	1	1
ja	いさめ	verb	1	3	1	1
ja	くたびれもうけ	noun	1	3	1	1
ja	我がまま	noun	1	3	1	1
ja	囚われる	verb	1	3	1	1
ja	みのっ	verb	1	3	1	1
ja	偽者	noun	1	3	1	1
ja	流転	noun	1	3	1	1
ja	壊そう	verb	1	3	1	1
ja	雨女	noun	1	3	1	1
ja	あきなう	verb	1	3	1	1
ja	スマイルズ	noun	1	3	1	1
ja	べたつい	verb	1	3	1	1
ja	司る	verb	1	3	1	1
ja	じれったい	adjective	1	3	1	1
ja	酒くさい	adjective	1	3	1	1
ja	嘲笑っ	verb	1	3	1	1
ja	ちかい	adjective	1	3	1	1
ja	神業	noun	1	3	1	1
ja	ナルシスト	noun	1	3	1	1
ja	なおせ	verb	1	3	1	1
ja	どなる	verb	1	3	1	1
ja	ピーカン	noun	1	3	1	1
ja	体形	noun	1	3	1	1
ja	ならう	verb	1	3	1	1
ja	ぐらつく	verb	1	3	1	1
ja	開門	noun	1	3	1	1
ja	びんしょう	noun	1	3	1	1
ja	糾す	verb	1	3	1	1
ja	フィズ	noun	1	3	1	1
ja	戒め	verb	1	3	1	1
ja	飴玉	noun	1	3	1	1
ja	もどそう	verb	1	3	1	1
ja	頑健	noun	1	3	1	1
ja	冷徹	noun	1	3	1	1
ja	ただ者	noun	1	3	1	1
ja	揺るぎ	verb	1	3	1	1
ja	ここちよい	adjective	1	3	1	1
ja	ぱらつく	verb	1	3	1	1
ja	ウルウル	adverb	1	3	1	1
ja	素っ気ない	adjective	1	3	1	1
ja	逆子	noun	1	3	1	1
ja	すまそう	verb	1	3	1	1
ja	達筆	noun	1	3	1	1
ja	ディテール	noun	1	3	1	1
ja	しけ	verb	1	3	1	1
ja	おとろえ	verb	1	3	1	1
ja	載り	verb	1	3	1	1
ja	憎い	adjective	1	3	1	1
ja	測れ	verb	1	3	1	1
ja	トラ猫	noun	1	3	1	1
ja	上背	noun	1	3	1	1
ja	拓く	verb	1	3	1	1
ja	めくり	verb	1	3	1	1
ja	落さ	verb	1	3	1	1
ja	ほまれ	noun	1	3	1	1
ja	習え	verb	1	3	1	1
ja	繋ぎ	verb	1	3	1	1
ja	ゆすい	verb	1	3	1	1
ja	とばさ	verb	1	3	1	1
ja	たっ	verb	1	3	1	1
ja	空耳	noun	1	3	1	1
ja	多し	adjective	1	3	1	1
ja	ピスタチオ	noun	1	3	1	1
ja	そだて	verb	1	3	1	1
ja	問え	verb	1	3	1	1
ja	会えん	verb	1	3	1	1
ja	遅し	adjective	1	3	1	1
ja	南南東	noun	1	3	1	1
ja	起きよっ	verb	1	3	1	1
ja	売りもの	noun	1	3	1	1
ja	すばしこい	adjective	1	3	1	1
ja	ウザく	adjective	1	3	1	1
ja	なじま	verb	1	3	1	1
ja	化身	noun	1	3	1	1
ja	漏出	noun	1	3	1	1
ja	てこずら	verb	1	3	1	1
ja	馬脚	noun	1	3	0	1
ja	バンコク	noun	1	3	0	1
ja	飛び切り	noun	1	3	0	1
ja	神父	noun	1	3	0	1
ja	ギバー	noun	1	3	0	1
ja	フジモリ	noun	1	3	0	1
ja	玉屋	noun	1	3	0	1
ja	だまし取っ	verb	1	3	0	1
ja	お祭り騒ぎ	noun	1	3	0	1
ja	レアル	noun	1	3	0	1
ja	割り戻し	verb	1	3	0	1
ja	かみ合っ	verb	1	3	0	1
ja	おくび	noun	1	3	0	1
ja	掛け釘	noun	1	3	0	1
ja	おもしろう	adjective	1	3	0	1
ja	遊覧	noun	1	3	0	1
ja	放り込ま	verb	1	3	0	1
ja	張り合おう	verb	1	3	0	1
ja	明察	noun	1	3	0	1
ja	押し込み	verb	1	3	0	1
ja	鍵束	noun	1	3	0	1
ja	凡打	noun	1	3	0	1
ja	蒲団	noun	1	3	0	1
ja	与信	noun	1	3	0	1
ja	作り事	noun	1	3	0	1
ja	静穏	noun	1	3	0	1
ja	街外れ	noun	1	3	0	1
ja	明けがた	noun	1	3	0	1
ja	ずいぶん	compounds	1	3	0	1
ja	でしゃばら	verb	1	3	0	1
ja	言い放っ	verb	1	3	0	1
ja	置いてきぼり	noun	1	3	0	1
ja	流血	noun	1	3	0	1
ja	登別	noun	1	3	0	1
ja	熱海	noun	1	3	0	1
ja	シェフズ	noun	1	3	0	1
ja	捕らわれ	noun	1	3	0	1
ja	新着	noun	1	3	0	1
ja	るり子	noun	1	3	0	1
ja	火元	noun	1	3	0	1
ja	ぺてん	noun	1	3	0	1
ja	魅惑	noun	1	3	0	1
ja	外聞	noun	1	3	0	1
ja	掘り返す	verb	1	3	0	1
ja	埋もれ木	noun	1	3	0	1
ja	加えれ	verb	1	3	0	1
ja	廃屋	noun	1	3	0	1
ja	多摩	noun	1	3	0	1
ja	ひでえ	adjective	1	3	0	1
ja	清濁	noun	1	3	0	1
ja	暮れ	noun	1	3	0	1
ja	大逆	noun	1	3	0	1
ja	あほん	noun	1	3	0	1
ja	かきすて	verb	1	3	0	1
ja	ひより	noun	1	3	0	1
ja	にくらし	adjective	1	3	0	1
ja	風力	noun	1	3	0	1
ja	垂れ耳	noun	1	3	0	1
ja	ゾクッ	adverb	1	3	0	1
ja	うごき	verb	1	3	0	1
ja	元老	noun	1	3	0	1
ja	マイクロバス	noun	1	3	0	1
ja	蒸し返す	verb	1	3	0	1
ja	突き飛ばし	verb	1	3	0	1
ja	思い込ま	verb	1	3	0	1
ja	押入れ	noun	1	3	0	1
ja	白波	noun	1	3	0	1
ja	いっぱし	adverb	1	3	0	1
ja	駟	noun	1	3	0	1
ja	ヒゲづら	noun	1	3	0	1
ja	スカンピ	noun	1	3	0	1
ja	たたり	noun	1	3	0	1
ja	立ちよっ	verb	1	3	0	1
ja	タマコ	noun	1	3	0	1
ja	肝油	noun	1	3	0	1
ja	請け合っ	verb	1	3	0	1
ja	照り返し	noun	1	3	0	1
ja	ぷぷ	adverb	1	3	0	1
ja	六角	noun	1	3	0	1
ja	イロハ	noun	1	3	0	1
ja	ブ男	noun	1	3	0	1
ja	ロゼ	noun	1	3	0	1
ja	取り集める	verb	1	3	0	1
ja	肩ごし	noun	1	3	0	1
ja	がっぽり	adverb	1	3	0	1
ja	取り戻せれ	verb	1	3	0	1
ja	カラム	noun	1	3	0	1
ja	ヴィクトリア	noun	1	3	0	1
ja	にぶい	adjective	1	3	0	1
ja	濡れねずみ	noun	1	3	0	1
ja	吾郎	noun	1	3	0	1
ja	寝転がろう	verb	1	3	0	1
ja	空砲	noun	1	3	0	1
ja	おりもの	noun	1	3	0	1
ja	大慌て	noun	1	3	0	1
ja	挫傷	noun	1	3	0	1
ja	待ち合わせよう	verb	1	3	0	1
ja	七子	noun	1	3	0	1
ja	隣り	noun	1	3	0	1
ja	はしゃぎ回っ	verb	1	3	0	1
ja	はじき	noun	1	3	0	1
ja	勝ち気	noun	1	3	0	1
ja	もちあげ	verb	1	3	0	1
ja	書型	noun	1	3	0	1
ja	パディントン	noun	1	3	0	1
ja	出揃っ	verb	1	3	0	1
ja	お冷や	noun	1	3	0	1
ja	いじくりまわさ	verb	1	3	0	1
ja	真後ろ	noun	1	3	0	1
ja	うつる	verb	1	3	0	1
ja	切傷	noun	1	3	0	1
ja	付き添う	verb	1	3	0	1
ja	目鼻	noun	1	3	0	1
ja	叩き	noun	1	3	0	1
ja	マンダ	noun	1	3	0	1
ja	泪	noun	1	3	0	1
ja	Ａｐｒｉｌ	noun	1	3	0	1
ja	つかみかかっ	verb	1	3	0	1
ja	激情	noun	1	3	0	1
ja	夜目	noun	1	3	0	1
ja	聞き惚れ	verb	1	3	0	1
ja	取り計らおう	verb	1	3	0	1
ja	カキコ	noun	1	3	0	1
ja	当てこすり	noun	1	3	0	1
ja	雉子	noun	1	3	0	1
ja	抜け抜け	adverb	1	3	0	1
ja	粗衣	noun	1	3	0	1
ja	成し遂げれ	verb	1	3	0	1
ja	げっぷ	noun	1	3	0	1
ja	ふりかえっ	verb	1	3	0	1
ja	元サヤ	noun	1	3	0	1
ja	宇田	noun	1	3	0	1
ja	死活	noun	1	3	0	1
ja	ガッコ	noun	1	3	0	1
ja	引き取ら	verb	1	3	0	1
ja	見計らい	verb	1	3	0	1
ja	やり遂げよう	verb	1	3	0	1
ja	真由子	noun	1	3	0	1
ja	喰え	verb	1	3	0	1
ja	オーバーシューズ	noun	1	3	0	1
ja	アルミ	noun	1	3	0	1
ja	善処	noun	1	3	0	1
ja	トライアングル	noun	1	3	0	1
ja	キャンベラ	noun	1	3	0	1
ja	気安く	adjective	1	3	0	1
ja	フライズ	noun	1	3	0	1
ja	羞恥	noun	1	3	0	1
ja	のびる	verb	1	3	0	1
ja	ソプラノ	noun	1	3	0	1
ja	ぼちぼち	adverb	1	3	0	1
ja	跳ね回っ	verb	1	3	0	1
ja	奇人	noun	1	3	0	1
ja	縁組	noun	1	3	0	1
ja	哀楽	noun	1	3	0	1
ja	いかせる	verb	1	3	0	1
ja	センパイ	noun	1	3	0	1
ja	置いてけぼり	noun	1	3	0	1
ja	ウェル	noun	1	3	0	1
ja	首つり	noun	1	3	0	1
ja	いまいましい	adjective	1	3	0	1
ja	わりぃ	adjective	1	3	0	1
ja	ランプシェード	noun	1	3	0	1
ja	見通し	verb	1	3	0	1
ja	折りたたむ	verb	1	3	0	1
ja	かび	noun	1	3	0	1
ja	解き放て	verb	1	3	0	1
ja	飲み込み	verb	1	3	0	1
ja	廃刊	noun	1	3	0	1
ja	立ちくらみ	noun	1	3	0	1
ja	休学	noun	1	3	0	1
ja	乗り換えれ	verb	1	3	0	1
ja	転がり込む	verb	1	3	0	1
ja	吹き消さ	verb	1	3	0	1
ja	蝕む	verb	1	3	0	1
ja	入れかえ	verb	1	3	0	1
ja	分解っ	verb	1	3	0	1
ja	自助	noun	1	3	0	1
ja	オリエンテーション	noun	1	3	0	1
ja	放りださ	verb	1	3	0	1
ja	わかりあおう	verb	1	3	0	1
ja	押し通し	verb	1	3	0	1
ja	本懐	noun	1	3	0	1
ja	センブリ	noun	1	3	0	1
ja	ＧＰ	noun	1	3	0	1
ja	前身	noun	1	3	0	1
ja	雛菊	noun	1	3	0	1
ja	妬み	noun	1	3	0	1
ja	混ざり合う	verb	1	3	0	1
ja	茶飲み	noun	1	3	0	1
ja	申し受け	verb	1	3	0	1
ja	遊びまわっ	verb	1	3	0	1
ja	検温	noun	1	3	0	1
ja	陰陽	noun	1	3	0	1
ja	イク	adjective	1	3	0	1
ja	察	noun	1	3	0	1
ja	くぎ付け	noun	1	3	0	1
ja	あおり立て	verb	1	3	0	1
ja	過食	noun	1	3	0	1
ja	シャッポ	noun	1	3	0	1
ja	赤米	noun	1	3	0	1
ja	見破れ	verb	1	3	0	1
ja	かぶりつき	verb	1	3	0	1
ja	ドブネズミ	noun	1	3	0	1
ja	言いたて	verb	1	3	0	1
ja	豪	noun	1	3	0	1
ja	クロック	noun	1	3	0	1
ja	ふりむか	verb	1	3	0	1
ja	持ち去ら	verb	1	3	0	1
ja	わかりあえる	verb	1	3	0	1
ja	出来心	noun	1	3	0	1
ja	焼けつく	verb	1	3	0	1
ja	舅	noun	1	3	0	1
ja	譲り渡し	verb	1	3	0	1
ja	ノウ	noun	1	3	0	1
ja	ツーカー	noun	1	3	0	1
ja	わりい	adjective	1	3	0	1
ja	勝敗	noun	1	3	0	1
ja	換言	noun	1	3	0	1
ja	締めつけ	verb	1	3	0	1
ja	胎動	noun	1	3	0	1
ja	ひけらかそう	verb	1	3	0	1
ja	いじくり回す	verb	1	3	0	1
ja	スグリ	noun	1	3	0	1
ja	建て直し	verb	1	3	0	1
ja	粉雪	noun	1	3	0	1
ja	重ね重ね	adverb	1	3	0	1
ja	ひやり	adverb	1	3	0	1
ja	跳び上がっ	verb	1	3	0	1
ja	贈収賄	noun	1	3	0	1
ja	千鶴	noun	1	3	0	1
ja	エクスタシー	noun	1	3	0	1
ja	報奨	noun	1	3	0	1
ja	うけとめ	verb	1	3	0	1
ja	すずめ	noun	1	3	0	1
ja	まき込み	verb	1	3	0	1
ja	仇討ち	noun	1	3	0	1
ja	呼び集め	verb	1	3	0	1
ja	一芸	noun	1	3	0	1
ja	未練	noun	1	3	0	1
ja	ばい菌	noun	1	3	0	1
ja	中背	noun	1	3	0	1
ja	口直し	noun	1	3	0	1
ja	テク	noun	1	3	0	1
ja	断髪	noun	1	3	0	1
ja	うだっ	verb	1	3	0	1
ja	やり合っ	verb	1	3	0	1
ja	押し倒さ	verb	1	3	0	1
ja	Ｔｈｒｅｅ	noun	1	3	0	1
ja	混じり合わ	verb	1	3	0	1
ja	カラダ	noun	1	3	0	1
ja	真喜	noun	1	3	0	1
ja	啓太	noun	1	3	0	1
ja	打ち取る	verb	1	3	0	1
ja	チューハイ	noun	1	3	0	1
ja	買い占め	verb	1	3	0	1
ja	きりぬけ	verb	1	3	0	1
ja	成算	noun	1	3	0	1
ja	打ち壊し	verb	1	3	0	1
ja	嫌み	noun	1	3	0	1
ja	煮え湯	noun	1	3	0	1
ja	おませ	noun	1	3	0	1
ja	のろい	noun	1	3	0	1
ja	わかちあっ	verb	1	3	0	1
ja	書きつける	verb	1	3	0	1
ja	泥んこ遊び	noun	1	3	0	1
ja	焦げつか	verb	1	3	0	1
ja	フットワーク	noun	1	3	0	1
ja	さあっ	adverb	1	3	0	1
ja	どしどし	adverb	1	3	0	1
ja	日章	noun	1	3	0	1
ja	まま母	noun	1	3	0	1
ja	おどり	noun	1	3	0	1
ja	ヴィンセント	noun	1	3	0	1
ja	ＳＦＸ	noun	1	3	0	1
ja	立ち向かえ	verb	1	3	0	1
ja	待ち伏せる	verb	1	3	0	1
ja	がけっぷち	noun	1	3	0	1
ja	二条	noun	1	3	0	1
ja	息づまる	verb	1	3	0	1
ja	縫い合わせる	verb	1	3	0	1
ja	詰む	verb	1	3	0	1
ja	わらう	verb	1	3	0	1
ja	政夫	noun	1	3	0	1
ja	抱き心地	noun	1	3	0	1
ja	もと通り	noun	1	3	0	1
ja	怪談	noun	1	3	0	1
ja	浸る	verb	1	3	0	1
ja	のろう	verb	1	3	0	1
ja	震え	noun	1	3	0	1
ja	裏金	noun	1	3	0	1
ja	パウラ	noun	1	3	0	1
ja	炒飯	noun	1	3	0	1
ja	サーシャ	noun	1	3	0	1
ja	編み出し	verb	1	3	0	1
ja	駐英	noun	1	3	0	1
ja	返り咲い	verb	1	3	0	1
ja	一計	noun	1	3	0	1
ja	謎かけ	noun	1	3	0	1
ja	頼り甲斐	noun	1	3	0	1
ja	増夫	noun	1	3	0	1
ja	ノーラン	noun	1	3	0	1
ja	せわし	adjective	1	3	0	1
ja	ハノイ	noun	1	3	0	1
ja	小心	noun	1	3	0	1
ja	雇い人	noun	1	3	0	1
ja	鉤	noun	1	3	0	1
ja	左上	noun	1	3	0	1
ja	オタワ	noun	1	3	0	1
ja	死力	noun	1	3	0	1
ja	ぺちゃ	adverb	1	3	0	1
ja	ドキッ	adverb	1	3	0	1
ja	ナオキ	noun	1	3	0	1
ja	万万	adverb	1	3	0	1
ja	のたれ死に	noun	1	3	0	1
ja	クッキング	noun	1	3	0	1
ja	うかる	verb	1	3	0	1
ja	恵美子	noun	1	3	0	1
ja	プチプチ	adverb	1	3	0	1
ja	立ちあがろう	verb	1	3	0	1
ja	塗り直し	verb	1	3	0	1
ja	援護	noun	1	3	0	1
ja	なでつけ	verb	1	3	0	1
ja	春眠	noun	1	3	0	1
ja	押しとどめる	verb	1	3	0	1
ja	つむじ曲がり	noun	1	3	0	1
ja	仏閣	noun	1	3	0	1
ja	そば杖	noun	1	3	0	1
ja	トークン	noun	1	3	0	1
ja	取り払っ	verb	1	3	0	1
ja	道中	noun	1	3	0	1
ja	城中	noun	1	3	0	1
ja	すべら	verb	1	3	0	1
ja	泥風呂	noun	1	3	0	1
ja	ドバイ	noun	1	3	0	1
ja	漁火	noun	1	3	0	1
ja	示せ	verb	1	3	0	1
ja	筑紫	noun	1	3	0	1
ja	みつ	verb	1	3	0	1
ja	捕虫	noun	1	3	0	1
ja	ただいまー	noun	1	3	0	1
ja	返報	noun	1	3	0	1
ja	ペリカン	noun	1	3	0	1
ja	はくさい	noun	1	3	0	1
ja	ドレスメーカー	noun	1	3	0	1
ja	スバル	noun	1	3	0	1
ja	もぎ取ら	verb	1	3	0	1
ja	築きあげ	verb	1	3	0	1
ja	皆働	noun	1	3	0	1
ja	待ちどおしく	adjective	1	3	0	1
ja	クエスチョン	noun	1	3	0	1
ja	悪寒	noun	1	3	0	1
ja	高慢ちき	noun	1	3	0	1
ja	ばた足	noun	1	3	0	1
ja	前のめり	noun	1	3	0	1
ja	忍び出よう	verb	1	3	0	1
ja	たせ	verb	1	3	0	1
ja	はてな	noun	1	3	0	1
ja	焦げ付か	verb	1	3	0	1
ja	ケヴィン	noun	1	3	0	1
ja	スピリット	noun	1	3	0	1
ja	小桃	noun	1	3	0	1
ja	御し	verb	1	3	0	1
ja	思いあたら	verb	1	3	0	1
ja	開場	noun	1	3	0	1
ja	デンヴァー	noun	1	3	0	1
ja	見切り	verb	1	3	0	1
ja	見放さ	verb	1	3	0	1
ja	焦げ臭く	adjective	1	3	0	1
ja	ヒトデ	noun	1	3	0	1
ja	かいくぐる	verb	1	3	0	1
ja	節々	noun	1	3	0	1
ja	勤め先	noun	1	3	0	1
ja	当たり散らし	verb	1	3	0	1
ja	菫色	noun	1	3	0	1
ja	行員	noun	1	3	0	1
ja	ソード	noun	1	3	0	1
ja	天寿	noun	1	3	0	1
ja	社用	noun	1	3	0	1
ja	召しもの	noun	1	3	0	1
ja	雨垂れ	noun	1	3	0	1
ja	付き添え	verb	1	3	0	1
ja	飛び越し	verb	1	3	0	1
ja	北面	noun	1	3	0	1
ja	ジャイ	noun	1	3	0	1
ja	痛み入り	verb	1	3	0	1
ja	片耳	noun	1	3	0	1
ja	ニワトコ	noun	1	3	0	1
ja	辱	adjective	1	3	0	1
ja	喘鳴	noun	1	3	0	1
ja	フアン	noun	1	3	0	1
ja	ウマ	noun	1	3	0	1
ja	吠え面	noun	1	3	0	1
ja	出し抜か	verb	1	3	0	1
ja	やっつけろ	verb	1	3	0	1
ja	出納	noun	1	3	0	1
ja	キャパ	noun	1	3	0	1
ja	滅法	adverb	1	3	0	1
ja	韻	noun	1	3	0	1
ja	無機	noun	1	3	0	1
ja	頒布	noun	1	3	0	1
ja	クッカー	noun	1	3	0	1
ja	甘え	noun	1	3	0	1
ja	ふく	verb	1	3	0	1
ja	チクショウ	noun	1	3	0	1
ja	持ちだし	verb	1	3	0	1
ja	むし暑く	adjective	1	3	0	1
ja	もぐもぐ	adverb	1	3	0	1
ja	擦りむい	verb	1	3	0	1
ja	かりそめ	noun	1	3	0	1
ja	トウフ	noun	1	3	0	1
ja	のろく	adjective	1	3	0	1
ja	ワンコ	noun	1	3	0	1
ja	家紋	noun	1	3	0	1
ja	取り残し	verb	1	3	0	1
ja	色香	noun	1	3	0	1
ja	雪片	noun	1	3	0	1
ja	イヌイット	noun	1	3	0	1
ja	富子	noun	1	3	0	1
ja	オールマイティー	noun	1	3	0	1
ja	花がら	noun	1	3	0	1
ja	ミネソタ	noun	1	3	0	1
ja	言い直し	verb	1	3	0	1
ja	なさけ	noun	1	3	0	1
ja	カイン	noun	1	3	0	1
ja	壮麗	noun	1	3	0	1
ja	和成	noun	1	3	0	1
ja	ブラッド	noun	1	3	0	1
ja	成りたた	verb	1	3	0	1
ja	踏みつける	verb	1	3	0	1
ja	寸鉄	noun	1	3	0	1
ja	語り明かし	verb	1	3	0	1
ja	心付け	noun	1	3	0	1
ja	洋式	noun	1	3	0	1
ja	そら	noun	1	3	0	1
ja	ダーリン	noun	1	3	0	1
ja	引き付ける	verb	1	3	0	1
ja	ピンポーン	adverb	1	3	0	1
ja	帰りつい	verb	1	3	0	1
ja	青魚	noun	1	3	0	1
ja	飛び出せる	verb	1	3	0	1
ja	運試し	noun	1	3	0	1
ja	ガイダンス	noun	1	3	0	1
ja	とんち	noun	1	3	0	1
ja	ナップサック	noun	1	3	0	1
ja	カオリ	noun	1	3	0	1
ja	ブレッツェル	noun	1	3	0	1
ja	照ろう	verb	1	3	0	1
ja	夜ご飯	noun	1	3	0	1
ja	出しぬい	verb	1	3	0	1
ja	たてまつり	verb	1	3	0	1
ja	ブリトニー	noun	1	3	0	1
ja	持久	noun	1	3	0	1
ja	紺屋	noun	1	3	0	1
ja	アイドリング	noun	1	3	0	1
ja	ケチュア	noun	1	3	0	1
ja	選任	noun	1	3	0	1
ja	いがみあっ	verb	1	3	0	1
ja	小やみ	noun	1	3	0	1
ja	入退院	noun	1	3	0	1
ja	色差し	noun	1	3	0	1
ja	マントルピース	noun	1	3	0	1
ja	煮えこぼれ	verb	1	3	0	1
ja	鶏舎	noun	1	3	0	1
ja	眩しく	adjective	1	3	0	1
ja	憩い	noun	1	3	0	1
ja	引き止める	verb	1	3	0	1
ja	悪露	noun	1	3	0	1
ja	涙まじり	noun	1	3	0	1
ja	貰い物	noun	1	3	0	1
ja	きざし	noun	1	3	0	1
ja	イグアナ	noun	1	3	0	1
ja	すし飯	noun	1	3	0	1
ja	洗いざらい	adverb	1	3	0	1
ja	ゆすが	verb	1	3	0	1
ja	スティーヴン	noun	1	3	0	1
ja	沢田	noun	1	3	0	1
ja	ルッカ	noun	1	3	0	1
ja	おそれいっ	verb	1	3	0	1
ja	オペ	noun	1	3	0	1
ja	ダニー	noun	1	3	0	1
ja	値崩れ	noun	1	3	0	1
ja	おしとどめ	verb	1	3	0	1
ja	晩酌	noun	1	3	0	1
ja	木蔭	noun	1	3	0	1
ja	ことに	adverb	1	3	0	1
ja	信行	noun	1	3	0	1
ja	いぶかしく	adjective	1	3	0	1
ja	大ぜい	noun	1	3	0	1
ja	久美子	noun	1	3	0	1
ja	セザンヌ	noun	1	3	0	1
ja	身頃	noun	1	3	0	1
ja	うわさ話	noun	1	3	0	1
ja	ボヘミアン	noun	1	3	0	1
ja	ばらまく	verb	1	3	0	1
ja	カナヅチ	noun	1	3	0	1
ja	タンポン	noun	1	3	0	1
ja	仕立て屋	noun	1	3	0	1
ja	先例	noun	1	3	0	1
ja	小耳	noun	1	3	0	1
ja	底力	noun	1	3	0	1
ja	庭木	noun	1	3	0	1
ja	毛筆	noun	1	3	0	1
ja	言い寄る	verb	1	3	0	1
ja	カリブ	noun	1	3	0	1
ja	粘り強い	adjective	1	3	0	1
ja	スフレ	noun	1	3	0	1
ja	言付け	noun	1	3	0	1
ja	流れ下っ	verb	1	3	0	1
ja	熟	adverb	1	3	0	1
ja	まじまじ	adverb	1	3	0	1
ja	腐れ縁	noun	1	3	0	1
ja	降りしきっ	verb	1	3	0	1
ja	差し引く	verb	1	3	0	1
ja	もの覚え	noun	1	3	0	1
ja	座禅	noun	1	3	0	1
ja	当校	noun	1	3	0	1
ja	サラゴサ	noun	1	3	0	1
ja	ｄｏｃｔｏｒ	noun	1	3	0	1
ja	かみしめる	verb	1	3	0	1
ja	つえ	noun	1	3	0	1
ja	ツノ	noun	1	3	0	1
ja	夜遊び	noun	1	3	0	1
ja	ブラザーズ	noun	1	3	0	1
ja	もの凄く	adjective	1	3	0	1
ja	刺し殺さ	verb	1	3	0	1
ja	まくり上げ	verb	1	3	0	1
ja	アンデルセン	noun	1	3	0	1
ja	アキナ	noun	1	3	0	1
ja	総員	noun	1	3	0	1
ja	貴船	noun	1	3	0	1
ja	万策	noun	1	3	0	1
ja	和英	noun	1	3	0	1
ja	ぶらっ	adverb	1	3	0	1
ja	元春	noun	1	3	0	1
ja	功名	noun	1	3	0	1
ja	見とら	verb	1	3	0	1
ja	切り替え	noun	1	3	0	1
ja	浮きたっ	verb	1	3	0	1
ja	合羽	noun	1	3	0	1
ja	打ち勝た	verb	1	3	0	1
ja	敬二	noun	1	3	0	1
ja	片端	noun	1	3	0	1
ja	小池	noun	1	3	0	1
ja	踊りあがっ	verb	1	3	0	1
ja	コスプレ	noun	1	3	0	1
ja	図々し	adjective	1	3	0	1
ja	ジョーズ	noun	1	3	0	1
ja	心安けれ	adjective	1	3	0	1
ja	切り裂か	verb	1	3	0	1
ja	髪切り	noun	1	3	0	1
ja	逆さまつげ	noun	1	3	0	1
ja	開き直ら	verb	1	3	0	1
ja	安室	noun	1	3	0	1
ja	ぬれぎぬ	noun	1	3	0	1
ja	チュルク	noun	1	3	0	1
ja	絶海	noun	1	3	0	1
ja	踏み消し	verb	1	3	0	1
ja	のび	noun	1	3	0	1
ja	しく	verb	1	3	0	1
ja	繕い	noun	1	3	0	1
ja	空巣	noun	1	3	0	1
ja	ミュンヘン	noun	1	3	0	1
ja	早熟れ	noun	1	3	0	1
ja	起き上っ	verb	1	3	0	1
ja	海女	noun	1	3	0	1
ja	ファル	noun	1	3	0	1
ja	ばらそう	verb	1	3	0	1
ja	鉱	noun	1	3	0	1
ja	心違い	noun	1	3	0	1
ja	無電	noun	1	3	0	1
ja	こんにゃく	noun	1	3	0	1
ja	キツネ狩り	noun	1	3	0	1
ja	引き絞っ	verb	1	3	0	1
ja	ハラペーニョ	noun	1	3	0	1
ja	ドレンテ	noun	1	3	0	1
ja	浪士	noun	1	3	0	1
ja	慰め合っ	verb	1	3	0	1
ja	明かり窓	noun	1	3	0	1
ja	プア	noun	1	3	0	1
ja	さめざめ	adverb	1	3	0	1
ja	売名	noun	1	3	0	1
ja	ぞんじ	verb	1	3	0	1
ja	夏子	noun	1	3	0	1
ja	タンジェリン	noun	1	3	0	1
ja	そそぎ入れ	verb	1	3	0	1
ja	縛り	verb	1	3	0	1
ja	武勇	noun	1	3	0	1
ja	たちいる	verb	1	3	0	1
ja	白羽	noun	1	3	0	1
ja	撃ち殺さ	verb	1	3	0	1
ja	プロレス	noun	1	3	0	1
ja	インフォーメーション	noun	1	3	0	1
ja	さしだし	verb	1	3	0	1
ja	先んずれ	verb	1	3	0	1
ja	休み休み	adverb	1	3	0	1
ja	ミニディスク	noun	1	3	0	1
ja	しかと	noun	1	3	0	1
ja	ひとりごと	noun	1	3	0	1
ja	杏	noun	1	3	0	1
ja	至難	noun	1	3	0	1
ja	阿寒	noun	1	3	0	1
ja	弁士	noun	1	3	0	1
ja	へっぽこ	noun	1	3	0	1
ja	ドーナッツ	noun	1	3	0	1
ja	苦しみ悶え	verb	1	3	0	1
ja	選曲	noun	1	3	0	1
ja	陽だまり	noun	1	3	0	1
ja	とぐろ	noun	1	3	0	1
ja	草稿	noun	1	3	0	1
ja	縫い付け	verb	1	3	0	1
ja	肌荒れ	noun	1	3	0	1
ja	ドタバタ	adverb	1	3	0	1
ja	高々	adverb	1	3	0	1
ja	聞きいれ	verb	1	3	0	1
ja	安田	noun	1	3	0	1
ja	見目	noun	1	3	0	1
ja	格子	noun	1	3	0	1
ja	オファー	noun	1	3	0	1
ja	反旗	noun	1	3	0	1
ja	口説か	verb	1	3	0	1
ja	能天気	noun	1	3	0	1
ja	振り掛け	verb	1	3	0	1
ja	立つ瀬	noun	1	3	0	1
ja	シュヴァイツァー	noun	1	3	0	1
ja	肖り	verb	1	3	0	1
ja	異邦	noun	1	3	0	1
ja	エライザ	noun	1	3	0	1
ja	湧き上がっ	verb	1	3	0	1
ja	思い上がっ	verb	1	3	0	1
ja	狂犬	noun	1	3	0	1
ja	パンプス	noun	1	3	0	1
ja	長から	adjective	1	3	0	1
ja	分かり合う	verb	1	3	0	1
ja	ホーク	noun	1	3	0	1
ja	吹き散らし	verb	1	3	0	1
ja	にげさっ	verb	1	3	0	1
ja	閑職	noun	1	3	0	1
ja	浴びせかけ	verb	1	3	0	1
ja	追い着き	verb	1	3	0	1
ja	冬用	noun	1	3	0	1
ja	月経	noun	1	3	0	1
ja	厚焼き	noun	1	3	0	1
ja	花畑	noun	1	3	0	1
ja	アコーデオン	noun	1	3	0	1
ja	ズーム	noun	1	3	0	1
ja	制汗	noun	1	3	0	1
ja	ヴィス	noun	1	3	0	1
ja	ごく	compounds	1	3	0	1
ja	昼メシ	noun	1	3	0	1
ja	ぐず	noun	1	3	0	1
ja	通せん坊	noun	1	3	0	1
ja	遊び回っ	verb	1	3	0	1
ja	キエフ	noun	1	3	0	1
ja	上杉	noun	1	3	0	1
ja	ピット	noun	1	3	0	1
ja	でくの坊	noun	1	3	0	1
ja	肺癌	noun	1	3	0	1
ja	駅弁	noun	1	3	0	1
ja	靴底	noun	1	3	0	1
ja	アンドレア	noun	1	3	0	1
ja	わるく	adjective	1	3	0	1
ja	四十路	noun	1	3	0	1
ja	永田	noun	1	3	0	1
ja	タルタル	noun	1	3	0	1
ja	もっか	noun	1	3	0	1
ja	エンドウ	noun	1	3	0	1
ja	言い返そう	verb	1	3	0	1
ja	しめくくっ	verb	1	3	0	1
ja	たたき起こさ	verb	1	3	0	1
ja	まかり通る	verb	1	3	0	1
ja	怒気	noun	1	3	0	1
ja	突っ込め	verb	1	3	0	1
ja	くろう	noun	1	3	0	1
ja	足並み	noun	1	3	0	1
ja	トレイシー	noun	1	3	0	1
ja	まわりくどい	adjective	1	3	0	1
ja	ママハハ	noun	1	3	0	1
ja	あんず	noun	1	3	0	1
ja	多言	noun	1	3	0	1
ja	犯せ	verb	1	3	0	1
ja	舞う	verb	1	3	0	1
ja	心子	noun	1	3	0	1
ja	ナポリタン	noun	1	3	0	1
ja	ねっとり	adverb	1	3	0	1
ja	照り輝い	verb	1	3	0	1
ja	ダブリン	noun	1	3	0	1
ja	ミホ	noun	1	3	0	1
ja	良し悪し	noun	1	3	0	1
ja	干物	noun	1	3	0	1
ja	泣き面	noun	1	3	0	1
ja	つま	noun	1	3	0	1
ja	ひけらかし	verb	1	3	0	1
ja	逞しく	adjective	1	3	0	1
ja	秀	noun	1	3	0	1
ja	明細	noun	1	3	0	1
ja	窮すれ	verb	1	3	0	1
ja	ビショ濡れ	noun	1	3	0	1
ja	生牡蠣	noun	1	3	0	1
ja	佐和子	noun	1	3	0	1
ja	売れ足	noun	1	3	0	1
ja	かき揚げ	noun	1	3	0	1
ja	激務	noun	1	3	0	1
ja	ばかばかしく	adjective	1	3	0	1
ja	生き残れる	verb	1	3	0	1
ja	便箋	noun	1	3	0	1
ja	はしけ	noun	1	3	0	1
ja	両膝	noun	1	3	0	1
ja	塁打	noun	1	3	0	1
ja	焼き増し	verb	1	3	0	1
ja	慕う	verb	1	3	0	1
ja	猫被り	noun	1	3	0	1
ja	すてさる	verb	1	3	0	1
ja	殊の外	adverb	1	3	0	1
ja	ごみくず	noun	1	3	0	1
ja	ニス	noun	1	3	0	1
ja	柚子	noun	1	3	0	1
ja	ゾッと	adverb	1	3	0	1
ja	ぬすみ	noun	1	3	0	1
ja	フー	noun	1	3	0	1
ja	正夢	noun	1	3	0	1
ja	脱兎	noun	1	3	0	1
ja	有袋	noun	1	3	0	1
ja	在す	verb	1	3	0	1
ja	持ち崩し	verb	1	3	0	1
ja	余そう	verb	1	3	0	1
ja	引きおろし	verb	1	3	0	1
ja	根比べ	noun	1	3	0	1
ja	粒より	noun	1	3	0	1
ja	居直っ	verb	1	3	0	1
ja	あまのじゃく	noun	1	3	0	1
ja	ぶっ倒れ	verb	1	3	0	1
ja	吹き流さ	verb	1	3	0	1
ja	ぐさり	adverb	1	3	0	1
ja	吐き出す	verb	1	3	0	1
ja	つなぎ合わせ	verb	1	3	0	1
ja	読了	noun	1	3	0	1
ja	船主	noun	1	3	0	1
ja	肌あれ	noun	1	3	0	1
ja	混じり合っ	verb	1	3	0	1
ja	読み上げ	verb	1	3	0	1
ja	ゴチャゴチャ	adverb	1	3	0	1
ja	多読	noun	1	3	0	1
ja	フェタ	noun	1	3	0	1
ja	藤原	noun	1	3	0	1
ja	吊革	noun	1	3	0	1
ja	明鏡	noun	1	3	0	1
ja	港市	noun	1	3	0	1
ja	噛み砕い	verb	1	3	0	1
ja	正餐	noun	1	3	0	1
ja	桜んぼ	noun	1	3	0	1
ja	オリジナリティ	noun	1	3	0	1
ja	もちあわせ	verb	1	3	0	1
ja	ローフ	noun	1	3	0	1
ja	弱腰	noun	1	3	0	1
ja	つくりあげ	verb	1	3	0	1
ja	ヨン	noun	1	3	0	1
ja	ハツカ	noun	1	3	0	1
ja	武藤	noun	1	3	0	1
ja	虫よけ	noun	1	3	0	1
ja	均整	noun	1	3	0	1
ja	パッチン	adverb	1	3	0	1
ja	誘き寄せ	verb	1	3	0	1
ja	アンガス	noun	1	3	0	1
ja	きっすい	noun	1	3	0	1
ja	褒めたたえる	verb	1	3	0	1
ja	触れ	noun	1	3	0	1
ja	モント	noun	1	3	0	1
ja	行きずり	noun	1	3	0	1
ja	押しあげ	verb	1	3	0	1
ja	ときめい	verb	1	3	0	1
ja	去れ	verb	1	3	0	1
ja	ヘミングウェイ	noun	1	3	0	1
ja	駆け回っ	verb	1	3	0	1
ja	おおお	verb	1	3	0	1
ja	ステンレス	noun	1	3	0	1
ja	跳び上がれ	verb	1	3	0	1
ja	ぽかぽか	adverb	1	3	0	1
ja	降り止ん	verb	1	3	0	1
ja	点す	verb	1	3	0	1
ja	下腹	noun	1	3	0	1
ja	シア	noun	1	3	0	1
ja	捨て鉢	noun	1	3	0	1
ja	ホーン	noun	1	3	0	1
ja	馬身	noun	1	3	0	1
ja	もぎたて	noun	1	3	0	1
ja	恒興	noun	1	3	0	1
ja	立ち直り	noun	1	3	0	1
ja	来季	noun	1	3	0	1
ja	盗み見	verb	1	3	0	1
ja	耳垢	noun	1	3	0	1
ja	悲喜	noun	1	3	0	1
ja	危うき	adjective	1	3	0	1
ja	リョーコ	noun	1	3	0	1
ja	あわれむ	verb	1	3	0	1
ja	川底	noun	1	3	0	1
ja	中欧	noun	1	3	0	1
ja	泣きぼくろ	noun	1	3	0	1
ja	イモムシ	noun	1	3	0	1
ja	ひとり暮し	noun	1	3	0	1
ja	ＡＴＭ	noun	1	3	0	1
ja	もろ	noun	1	3	0	1
ja	血便	noun	1	3	0	1
ja	建て増し	noun	1	3	0	1
ja	枯木	noun	1	3	0	1
ja	鼻くそ	noun	1	3	0	1
ja	スッポン	noun	1	3	0	1
ja	値切る	verb	1	3	0	1
ja	花環	noun	1	3	0	1
ja	スズキ	noun	1	3	0	1
ja	目のあたり	noun	1	3	0	1
ja	すりつける	verb	1	3	0	1
ja	うれし涙	noun	1	3	0	1
ja	アスペン	noun	1	3	0	1
ja	虚しく	adjective	1	3	0	1
ja	監査	noun	1	3	0	1
ja	落ちれ	verb	1	3	0	1
ja	睦まじく	adjective	1	3	0	1
ja	禍福	noun	1	3	0	1
ja	無駄口	noun	1	3	0	1
ja	男まさり	noun	1	3	0	1
ja	よりどころ	noun	1	3	0	1
ja	緊縛	noun	1	3	0	1
ja	意表	noun	1	3	0	1
ja	伸び率	noun	1	3	0	1
ja	病相	noun	1	3	0	1
ja	横っ腹	noun	1	3	0	1
ja	吸取り	verb	1	3	0	1
ja	芳	noun	1	3	0	1
ja	凛々しい	adjective	1	3	0	1
ja	プラム	noun	1	3	0	1
ja	ドメイン	noun	1	3	0	1
ja	カブール	noun	1	3	0	1
ja	苦楽	noun	1	3	0	1
ja	劉	noun	1	3	0	1
ja	フィードバック	noun	1	3	0	1
ja	飜訳	noun	1	3	0	1
ja	チャイ	noun	1	3	0	1
ja	年級	noun	1	3	0	1
ja	模写	noun	1	3	0	1
ja	柑橘	noun	1	3	0	1
ja	ソフィー	noun	1	3	0	1
ja	他山	noun	1	3	0	1
ja	掛け直す	verb	1	3	0	1
ja	避雷	noun	1	3	0	1
ja	滅茶苦茶	noun	1	3	0	1
ja	水くさく	adjective	1	3	0	1
ja	飛びかから	verb	1	3	0	1
ja	ブレンダー	noun	1	3	0	1
ja	夏物	noun	1	3	0	1
ja	ちくちく	adverb	1	3	0	1
ja	凍り付い	verb	1	3	0	1
ja	室料	noun	1	3	0	1
ja	マーレ	noun	1	3	0	1
ja	アメ玉	noun	1	3	0	1
ja	立ち初める	verb	1	3	0	1
ja	とびまわっ	verb	1	3	0	1
ja	死線	noun	1	3	0	1
ja	薬効	noun	1	3	0	1
ja	大赦	noun	1	3	0	1
ja	ひとり娘	noun	1	3	0	1
ja	防波	noun	1	3	0	1
ja	盛りつけ	noun	1	3	0	1
ja	しがみ付い	verb	1	3	0	1
ja	メシア	noun	1	3	0	1
ja	黄緑	noun	1	3	0	1
ja	マルコム	noun	1	3	0	1
ja	嘲笑う	verb	1	3	0	1
ja	置き場	noun	1	3	0	1
ja	四旬	noun	1	3	0	1
ja	モントリオール	noun	1	3	0	1
ja	伝えれ	verb	1	3	0	1
ja	チューリヒ	noun	1	3	0	1
ja	側転	noun	1	3	0	1
ja	アンティグア	noun	1	3	0	1
ja	括り	verb	1	3	0	1
ja	自前	noun	1	3	0	1
ja	立山	noun	1	3	0	1
ja	縁の下	noun	1	3	0	1
ja	両翼	noun	1	3	0	1
ja	俊敏	noun	1	3	0	1
ja	盛り返し	verb	1	3	0	1
ja	降りやみ	verb	1	3	0	1
ja	内弁	noun	1	3	0	1
ja	じいんと	adverb	1	3	0	1
ja	抜けがけ	noun	1	3	0	1
ja	カザン	noun	1	3	0	1
ja	投げ飛ばし	verb	1	3	0	1
ja	寝汗	noun	1	3	0	1
ja	エピデミック	noun	1	3	0	1
ja	干からび	verb	1	3	0	1
ja	噛みつか	verb	1	3	0	1
ja	触り	noun	1	3	0	1
ja	折鶴	noun	1	3	0	1
ja	にたり	adverb	1	3	0	1
ja	きもい	adjective	1	3	0	1
ja	川辺	noun	1	3	0	1
ja	危急	noun	1	3	0	1
ja	アーチー	noun	1	3	0	1
ja	媚び	verb	1	3	0	1
ja	一概	noun	1	3	0	1
ja	小金	noun	1	3	0	1
ja	岩本	noun	1	3	0	1
ja	引き当て	verb	1	3	0	1
ja	ビルボ	noun	1	3	0	1
ja	囚われ	noun	1	3	0	1
ja	わるかっ	adjective	1	3	0	1
ja	洗い流さ	verb	1	3	0	1
ja	成せ	verb	1	3	0	1
ja	春子	noun	1	3	0	1
ja	吊し上げ	noun	1	3	0	1
ja	呼び戻さ	verb	1	3	0	1
ja	背水	noun	1	3	0	1
ja	ＴＶ	noun	1	3	0	1
ja	フォワード	noun	1	3	0	1
ja	マデイラ	noun	1	3	0	1
ja	噛み付き	verb	1	3	0	1
ja	ルイーズ	noun	1	3	0	1
ja	抱き合おう	verb	1	3	0	1
ja	のりこ	noun	1	3	0	1
ja	社風	noun	1	3	0	1
ja	取っ付き	verb	1	3	0	1
ja	配色	noun	1	3	0	1
ja	すり替え	verb	1	3	0	1
ja	噛み合う	verb	1	3	0	1
ja	赤っ恥	noun	1	3	0	1
ja	びんた	noun	1	3	0	1
ja	ミュート	noun	1	3	0	1
ja	ねじり上げ	verb	1	3	0	1
ja	待ち構え	verb	1	3	0	1
ja	ツナマヨ	noun	1	3	0	1
ja	フェルナンド	noun	1	3	0	1
ja	待ちあぐん	verb	1	3	0	1
ja	ヤミ	noun	1	3	0	1
ja	ときつけ	verb	1	3	0	1
ja	Ｌｏｏｋ	noun	1	3	0	1
ja	ＧＴ	noun	1	3	0	1
ja	鈍痛	noun	1	3	0	1
ja	川口	noun	1	3	0	1
ja	かけ登っ	verb	1	3	0	1
ja	セントヘレナ	noun	1	3	0	1
ja	足蹴	noun	1	3	0	1
ja	ポートサイド	noun	1	3	0	1
ja	飲み足り	verb	1	3	0	1
ja	ぶらつき	verb	1	3	0	1
ja	噛み締める	verb	1	3	0	1
ja	ぶっかけ	verb	1	3	0	1
ja	猫語	noun	1	3	0	1
ja	見得	noun	1	3	0	1
ja	星野	noun	1	3	0	1
ja	クリスト	noun	1	3	0	1
ja	酸欠	noun	1	3	0	1
ja	李下	noun	1	3	0	1
ja	カートライト	noun	1	3	0	1
ja	直送	noun	1	3	0	1
ja	伝わり落ち	verb	1	3	0	1
ja	キュラソー	noun	1	3	0	1
ja	そうとう	adverb	1	3	0	1
ja	コツ	adverb	1	3	0	1
ja	せきばらい	noun	1	3	0	1
ja	噛み合っ	verb	1	3	0	1
ja	ブルック	noun	1	3	0	1
ja	両極	noun	1	3	0	1
ja	動乱	noun	1	3	0	1
ja	唾液	noun	1	3	0	1
ja	吹き止ん	verb	1	3	0	1
ja	やり込め	verb	1	3	0	1
ja	ルイージ	noun	1	3	0	1
ja	もち上がっ	verb	1	3	0	1
ja	いじくりまわす	verb	1	3	0	1
ja	自費	noun	1	3	0	1
ja	岩崩れ	noun	1	3	0	1
ja	亀の甲	noun	1	3	0	1
ja	川下り	noun	1	3	0	1
ja	パーヴェル	noun	1	3	0	1
ja	哀憐	noun	1	3	0	1
ja	あさる	verb	1	3	0	1
ja	友愛	noun	1	3	0	1
ja	夏頃	noun	1	3	0	1
ja	底抜け	noun	1	3	0	1
ja	送りこま	verb	1	3	0	1
ja	あつし	noun	1	3	0	1
ja	木靴	noun	1	3	0	1
ja	組み合わ	verb	1	3	0	1
ja	アライグマ	noun	1	3	0	1
ja	食べこぼし	noun	1	3	0	1
ja	癒える	verb	1	3	0	1
ja	どでかい	adjective	1	3	0	1
ja	連れ込む	verb	1	3	0	1
ja	トンボ返り	noun	1	3	0	1
ja	方方	noun	1	3	0	1
ja	買い取ら	verb	1	3	0	1
ja	逆上がり	noun	1	3	0	1
ja	ナイ	adjective	1	3	0	1
ja	よっぱらっ	verb	1	3	0	1
ja	涯	noun	1	3	0	1
ja	すりおろせ	verb	1	3	0	1
ja	真似事	noun	1	3	0	1
ja	仰ぎ見る	verb	1	3	0	1
ja	エクスクラメーション	noun	1	3	0	1
ja	スクラム	noun	1	3	0	1
ja	ぎっくり腰	noun	1	3	0	1
ja	リム	noun	1	3	0	1
ja	掃討	noun	1	3	0	1
ja	引き裂け	verb	1	3	0	1
ja	談義	noun	1	3	0	1
ja	厚意	noun	1	3	0	1
ja	退か	verb	1	3	0	1
ja	かなし	adjective	1	3	0	1
ja	孤島	noun	1	3	0	1
ja	さしかけ	verb	1	3	0	1
ja	スポットライト	noun	1	3	0	1
ja	バクラ	noun	1	3	0	1
ja	お品	noun	1	3	0	1
ja	慎もう	verb	1	3	0	1
ja	無為	noun	1	3	0	1
ja	裏通り	noun	1	3	0	1
ja	染め上がり	noun	1	3	0	1
ja	ひきつり	verb	1	3	0	1
ja	どろ	noun	1	3	0	1
ja	まさお	noun	1	3	0	1
ja	ゴン	noun	1	3	0	1
ja	回りくどく	adjective	1	3	0	1
ja	撃ち殺し	verb	1	3	0	1
ja	寝転ば	verb	1	3	0	1
ja	ネチケット	noun	1	3	0	1
ja	探し出せる	verb	1	3	0	1
ja	そーっと	adverb	1	3	0	1
ja	マルチーズ	noun	1	3	0	1
ja	粘液	noun	1	3	0	1
ja	突っ込み	verb	1	3	0	1
ja	御坊	noun	1	3	0	1
ja	とりえ	noun	1	3	0	1
ja	スワン	noun	1	3	0	1
ja	くびっ	verb	1	3	0	1
ja	わかく	adjective	1	3	0	1
ja	あみ	verb	1	3	0	1
ja	叩きのめし	verb	1	3	0	1
ja	晴れ上がり	verb	1	3	0	1
ja	イクラ	noun	1	3	0	1
ja	前述	noun	1	3	0	1
ja	ようじ	noun	1	3	0	1
ja	ブラコン	noun	1	3	0	1
ja	請け負い	verb	1	3	0	1
ja	探り当て	verb	1	3	0	1
ja	クリスタル	noun	1	3	0	1
ja	引き比べ	verb	1	3	0	1
ja	奈美恵	noun	1	3	0	1
ja	所出	noun	1	3	0	1
ja	さらけ出し	verb	1	3	0	1
ja	仕舞い	noun	1	3	0	1
ja	降り口	noun	1	3	0	1
ja	研ぎ澄ませる	verb	1	3	0	1
ja	言葉数	noun	1	3	0	1
ja	ねらい撃っ	verb	1	3	0	1
ja	ささやき声	noun	1	3	0	1
ja	宥めすかし	verb	1	3	0	1
ja	斤量	noun	1	3	0	1
ja	のけ者	noun	1	3	0	1
ja	切りつめよう	verb	1	3	0	1
ja	追い抜か	verb	1	3	0	1
ja	抜き打ち	noun	1	3	0	1
ja	糸車	noun	1	3	0	1
ja	蹴り開け	verb	1	3	0	1
ja	運まかせ	noun	1	3	0	1
ja	新し物	noun	1	3	0	1
ja	程よく	adjective	1	3	0	1
ja	貸しつけ	verb	1	3	0	1
ja	すり抜け	verb	1	3	0	1
ja	落ち着けよ	verb	1	3	0	1
ja	ウォーカー	noun	1	3	0	1
ja	バーミューダ	noun	1	3	0	1
ja	セーブ	noun	1	3	0	1
ja	私費	noun	1	3	0	1
ja	ほしい	compounds	1	3	0	1
ja	見積っ	verb	1	3	0	1
ja	借り着	noun	1	3	0	1
ja	しゃにむに	adverb	1	3	0	1
ja	弾子	noun	1	3	0	1
ja	寝かしつける	verb	1	3	0	1
ja	しつっこい	adjective	1	3	0	1
ja	図案	noun	1	3	0	1
ja	藤棚	noun	1	3	0	1
ja	マイルス	noun	1	3	0	1
ja	青息	noun	1	3	0	1
ja	語弊	noun	1	3	0	1
ja	ナッシュ	noun	1	3	0	1
ja	白目	noun	1	3	0	1
ja	ポリープ	noun	1	3	0	1
ja	仕事着	noun	1	3	0	1
ja	スキンシップ	noun	1	3	0	1
ja	見あたり	verb	1	3	0	1
ja	レノックス	noun	1	3	0	1
ja	醜女	noun	1	3	0	1
ja	つましく	adjective	1	3	0	1
ja	つまさき	noun	1	3	0	1
ja	ルミ	noun	1	3	0	1
ja	半死	noun	1	3	0	1
ja	抱き締める	verb	1	3	0	1
ja	珠玉	noun	1	3	0	1
ja	読みあさっ	verb	1	3	0	1
ja	しっとり	adverb	1	3	0	1
ja	おろし金	noun	1	3	0	1
ja	職責	noun	1	3	0	1
ja	ボールド	noun	1	3	0	1
ja	思い込まさ	verb	1	3	0	1
ja	ブレーン	noun	1	3	0	1
ja	サイ	noun	1	3	0	1
ja	こき使っ	verb	1	3	0	1
ja	青筋	noun	1	3	0	1
ja	みずがめ	noun	1	3	0	1
ja	入り日	noun	1	3	0	1
ja	リーキ	noun	1	3	0	1
ja	すってんてん	noun	1	3	0	1
ja	わきかえっ	verb	1	3	0	1
ja	言い当てれ	verb	1	3	0	1
ja	ハリストス	noun	1	3	0	1
ja	跳ね飛ばさ	verb	1	3	0	1
ja	口汚なく	adjective	1	3	0	1
ja	かっ飛ばし	verb	1	3	0	1
ja	ロベルト	noun	1	3	0	1
ja	メナード	noun	1	3	0	1
ja	切り刻む	verb	1	3	0	1
ja	摘み	noun	1	3	0	1
ja	ビアトリクス	noun	1	3	0	1
ja	角部屋	noun	1	3	0	1
ja	くたばれ	verb	1	3	0	1
ja	ふきとばさ	verb	1	3	0	1
ja	みそぎ	noun	1	3	0	1
ja	モーガン	noun	1	3	0	1
ja	ちんたら	adverb	1	3	0	1
ja	取り出さ	verb	1	3	0	1
ja	つりあげ	verb	1	3	0	1
ja	クウェート	noun	1	3	0	1
ja	山吹色	noun	1	3	0	1
ja	しっと	noun	1	3	0	1
ja	小山	noun	1	3	0	1
ja	コロッセオ	noun	1	3	0	1
ja	フロイド	noun	1	3	0	1
ja	ポイ捨て	noun	1	3	0	1
ja	食い止め	verb	1	3	0	1
ja	本論	noun	1	3	0	1
ja	すがすがしい	adjective	1	3	0	1
ja	たん	noun	1	3	0	1
ja	思いつけ	verb	1	3	0	1
ja	譲り合い	verb	1	3	0	1
ja	ロレーヌ	noun	1	3	0	1
ja	行おう	verb	1	3	0	1
ja	浮かび上がれ	verb	1	3	0	1
ja	交わし合っ	verb	1	3	0	1
ja	トシ	noun	1	3	0	1
ja	焼け野	noun	1	3	0	1
ja	抜け毛	noun	1	3	0	1
ja	田植え	noun	1	3	0	1
ja	大魚	noun	1	3	0	1
ja	見込め	verb	1	3	0	1
ja	思いこがれる	verb	1	3	0	1
ja	サンクスギビング	noun	1	3	0	1
ja	踏み込め	verb	1	3	0	1
ja	聞き取り	verb	1	3	0	1
ja	あなどり	verb	1	3	0	1
ja	やせ細っ	verb	1	3	0	1
ja	泣き止み	verb	1	3	0	1
ja	竹馬	noun	1	3	0	1
ja	固めろ	verb	1	3	0	1
ja	解き放つ	verb	1	3	0	1
ja	昨秋	noun	1	3	0	1
ja	切りたて	noun	1	3	0	1
ja	誠心	noun	1	3	0	1
ja	持ち家	noun	1	3	0	1
ja	晒し者	noun	1	3	0	1
ja	烈火	noun	1	3	0	1
ja	チューインガム	noun	1	3	0	1
ja	庇い立て	noun	1	3	0	1
ja	町外れ	noun	1	3	0	1
ja	オズ	noun	1	3	0	1
ja	射抜い	verb	1	3	0	1
ja	取り掛かろう	verb	1	3	0	1
ja	多き	adjective	1	3	0	1
ja	身の程	noun	1	3	0	1
ja	フェチ	noun	1	3	0	1
ja	破算	noun	1	3	0	1
ja	ドリブル	noun	1	3	0	1
ja	キティ	noun	1	3	0	1
ja	フィトル	noun	1	3	0	1
ja	耐寒	noun	1	3	0	1
ja	酔い潰れ	verb	1	3	0	1
ja	マウイ	noun	1	3	0	1
ja	タピオカ	noun	1	3	0	1
ja	町はずれ	noun	1	3	0	1
ja	取り外さ	verb	1	3	0	1
ja	天賦	noun	1	3	0	1
ja	考え込む	verb	1	3	0	1
ja	雄鶏	noun	1	3	0	1
ja	申し合わせ	verb	1	3	0	1
ja	乗り捨てる	verb	1	3	0	1
ja	葛西	noun	1	3	0	1
ja	島影	noun	1	3	0	1
ja	あるじ	noun	1	3	0	1
ja	引取り	verb	1	3	0	1
ja	走り下り	verb	1	3	0	1
ja	浣腸	noun	1	3	0	1
ja	ヘラ	noun	1	3	0	1
ja	しおしお	adverb	1	3	0	1
ja	字形	noun	1	3	0	1
ja	しゃがみ込ん	verb	1	3	0	1
ja	寡欲	noun	1	3	0	1
ja	ルル	noun	1	3	0	1
ja	日報	noun	1	3	0	1
ja	不慮	noun	1	3	0	1
ja	出し抜こう	verb	1	3	0	1
ja	ワッフル	noun	1	3	0	1
ja	もりあがっ	verb	1	3	0	1
ja	降り止ま	verb	1	3	0	1
ja	走り読み	verb	1	3	0	1
ja	みやげ	noun	1	3	0	1
ja	アネクドート	noun	1	3	0	1
ja	取っ払っ	verb	1	3	0	1
ja	鼻腔	noun	1	3	0	1
ja	小倉	noun	1	3	0	1
ja	終わりかけ	verb	1	3	0	1
ja	イージス	noun	1	3	0	1
ja	サイバースペース	noun	1	3	0	1
ja	習わそう	verb	1	3	0	1
ja	より合わせ	verb	1	3	0	1
ja	くり出し	verb	1	3	0	1
ja	溶け合わ	verb	1	3	0	1
ja	物陰	noun	1	3	0	1
ja	すべりおり	verb	1	3	0	1
ja	差し向かっ	verb	1	3	0	1
ja	連れ込み	noun	1	3	0	1
ja	片面	noun	1	3	0	1
ja	あるきまわっ	verb	1	3	0	1
ja	毛先	noun	1	3	0	1
ja	摘み上げ	verb	1	3	0	1
ja	剥く	verb	1	3	0	1
ja	騒ぎ立てる	verb	1	3	0	1
ja	うだうだ	adverb	1	3	0	1
ja	ながなが	adverb	1	3	0	1
ja	延引	noun	1	3	0	1
ja	雪辱	noun	1	3	0	1
ja	美食	noun	1	3	0	1
ja	牡丹餅	noun	1	3	0	1
ja	思い浮かぶ	verb	1	3	0	1
ja	転び	noun	1	3	0	1
ja	ズル	noun	1	3	0	1
ja	手放し	noun	1	3	0	1
ja	雪降り	noun	1	3	0	1
ja	出向	noun	1	3	0	1
ja	ラッパー	noun	1	3	0	1
ja	打ちまかし	verb	1	3	0	1
ja	痩せっぽち	noun	1	3	0	1
ja	あわてふためい	verb	1	3	0	1
ja	あざむこう	verb	1	3	0	1
ja	ポカ	noun	1	3	0	1
ja	接吻	noun	1	3	0	1
ja	不実	noun	1	3	0	1
ja	ライラ	noun	1	3	0	1
ja	禁制	noun	1	3	0	1
ja	敗軍	noun	1	3	0	1
ja	生れ育て	verb	1	3	0	1
ja	クエスト	noun	1	3	0	1
ja	きまじめ	noun	1	3	0	1
ja	スモール	noun	1	3	0	1
ja	ゴート	noun	1	3	0	1
ja	シック	noun	1	3	0	1
ja	スシ	noun	1	3	0	1
ja	ごまかし	noun	1	3	0	1
ja	小うるさい	adjective	1	3	0	1
ja	生得	noun	1	3	0	1
ja	憂き目	noun	1	3	0	1
ja	鍋物	noun	1	3	0	1
ja	かゆみ	noun	1	3	0	1
ja	窓ぎわ	noun	1	3	0	1
ja	生き餌	noun	1	3	0	1
ja	貴男	noun	1	3	0	1
ja	秘策	noun	1	3	0	1
ja	セミコロン	noun	1	3	0	1
ja	馬鈴薯	noun	1	3	0	1
ja	攻め寄せ	verb	1	3	0	1
ja	空咳	noun	1	3	0	1
ja	車種	noun	1	3	0	1
ja	おちょくり	verb	1	3	0	1
ja	スノボー	noun	1	3	0	1
ja	書き表し	verb	1	3	0	1
ja	典子	noun	1	3	0	1
ja	切り開き	verb	1	3	0	1
ja	聞き入れよう	verb	1	3	0	1
ja	カラント	noun	1	3	0	1
ja	二人乗り	noun	1	3	0	1
ja	シイタケ	noun	1	3	0	1
ja	ジュード	noun	1	3	0	1
ja	将官	noun	1	3	0	1
ja	怒濤	noun	1	3	0	1
ja	中肉	noun	1	3	0	1
ja	憲	noun	1	3	0	1
ja	口車	noun	1	3	0	1
ja	ボンソワール	noun	1	3	0	1
ja	たけ	noun	1	3	0	1
ja	つなぎ服	noun	1	3	0	1
ja	雌猫	noun	1	3	0	1
ja	財力	noun	1	3	0	1
ja	嘆き悲しま	verb	1	3	0	1
ja	米俵	noun	1	3	0	1
ja	損得	noun	1	3	0	1
ja	さしはさま	verb	1	3	0	1
ja	レーンコート	noun	1	3	0	1
ja	ビョン	noun	1	3	0	1
ja	コンフォート	noun	1	3	0	1
ja	教わる	verb	1	3	0	1
ja	すわる	verb	1	3	0	1
ja	宿根	noun	1	3	0	1
ja	引きとっ	verb	1	3	0	1
ja	閉じこめる	verb	1	3	0	1
ja	仰ぎ見	verb	1	3	0	1
ja	先刻	noun	1	3	0	1
ja	ウオーミング	noun	1	3	0	1
ja	アボット	noun	1	3	0	1
ja	ぬりかえ	verb	1	3	0	1
ja	しつけ	compounds	1	3	0	1
ja	ロリアン	noun	1	3	0	1
ja	節回し	noun	1	3	0	1
ja	きりあげ	verb	1	3	0	1
ja	打ち上げる	verb	1	3	0	1
ja	にゃんこ	noun	1	3	0	1
ja	歩み寄り	verb	1	3	0	1
ja	買い出し	noun	1	3	0	1
ja	苛立たしい	adjective	1	3	0	1
ja	書きとめ	verb	1	3	0	1
ja	シンハラ	noun	1	3	0	1
ja	砂質	noun	1	3	0	1
ja	竹かご	noun	1	3	0	1
ja	フリガナ	noun	1	3	0	1
ja	ステータス	noun	1	3	0	1
ja	セイコ	noun	1	3	0	1
ja	固茹で	noun	1	3	0	1
ja	紅一点	noun	1	3	0	1
ja	憐れみ	verb	1	3	0	1
ja	ホンダ	noun	1	3	0	1
ja	凍てつか	verb	1	3	0	1
ja	突っ込ま	verb	1	3	0	1
ja	投げ倒し	verb	1	3	0	1
ja	言い改め	verb	1	3	0	1
ja	図太	adjective	1	3	0	1
ja	着古さ	verb	1	3	0	1
ja	テレックス	noun	1	3	0	1
ja	かけ上がっ	verb	1	3	0	1
ja	ブラッディー	noun	1	3	0	1
ja	足袋	noun	1	3	0	1
ja	オーナメント	noun	1	3	0	1
ja	つき合い	verb	1	3	0	1
ja	引っ掻い	verb	1	3	0	1
ja	メル友	noun	1	3	0	1
ja	巣作り	noun	1	3	0	1
ja	見抜け	verb	1	3	0	1
ja	ローション	noun	1	3	0	1
ja	ヴィー	noun	1	3	0	1
ja	桜花	noun	1	3	0	1
ja	カザフスタン	noun	1	3	0	1
ja	ピッ	adverb	1	3	0	1
ja	成り金	noun	1	3	0	1
ja	としお	noun	1	3	0	1
ja	鯛	noun	1	3	0	1
ja	マッターホルン	noun	1	3	0	1
ja	貧者	noun	1	3	0	1
ja	みなそこ	noun	1	3	0	1
ja	繭	noun	1	3	0	1
ja	ちっさい	adjective	1	3	0	1
ja	糾え	verb	1	3	0	1
ja	アトランティス	noun	1	3	0	1
ja	ぶっ飛ばし	verb	1	3	0	1
ja	前記	noun	1	3	0	1
ja	エクストラ	noun	1	3	0	1
ja	引き合わ	verb	1	3	0	1
ja	旨味	noun	1	3	0	1
ja	戸惑う	verb	1	3	0	1
ja	どら焼き	noun	1	3	0	1
ja	取りかかろう	verb	1	3	0	1
ja	煙たく	adjective	1	3	0	1
ja	軽そう	noun	1	3	0	1
ja	トーニー	noun	1	3	0	1
ja	自粛	noun	1	3	0	1
ja	のい	verb	1	3	0	1
ja	見飽き	verb	1	3	0	1
ja	ババ	noun	1	3	0	1
ja	当たり散らさ	verb	1	3	0	1
ja	掴まっ	verb	1	3	0	1
ja	聞きほれ	verb	1	3	0	1
ja	栄転	noun	1	3	0	1
ja	紫芋	noun	1	3	0	1
ja	張り裂ける	verb	1	3	0	1
ja	スミレ	noun	1	3	0	1
ja	過ぎゆく	verb	1	3	0	1
ja	うっとうしく	adjective	1	3	0	1
ja	越権	noun	1	3	0	1
ja	吹き払わ	verb	1	3	0	1
ja	かかわり合わ	verb	1	3	0	1
ja	プルオーバー	noun	1	3	0	1
ja	エメンタール	noun	1	3	0	1
ja	大輔	noun	1	3	0	1
ja	杭州	noun	1	3	0	1
ja	消せる	verb	1	3	0	1
ja	くすぐら	verb	1	3	0	1
ja	残尿	noun	1	3	0	1
ja	ネタ切れ	noun	1	3	0	1
ja	島流し	noun	1	3	0	1
ja	下衆	noun	1	3	0	1
ja	精魂	noun	1	3	0	1
ja	残れ	verb	1	3	0	1
ja	明明後日	noun	1	3	0	1
ja	北岳	noun	1	3	0	1
ja	こすりあわせ	verb	1	3	0	1
ja	なしとげよう	verb	1	3	0	1
ja	呼びだし	verb	1	3	0	1
ja	淑子	noun	1	3	0	1
ja	マンチェスター	noun	1	3	0	1
ja	忌み	noun	1	3	0	1
ja	スピアーズ	noun	1	3	0	1
ja	イラっ	adverb	1	3	0	1
ja	乗りあわせ	verb	1	3	0	1
ja	川風	noun	1	3	0	1
ja	ゆり	verb	1	3	0	1
ja	ちょうつがい	noun	1	3	0	1
ja	目元	noun	1	3	0	1
ja	映す	verb	1	3	0	1
ja	生みたて	noun	1	3	0	1
ja	ど〜	adverb	1	3	0	1
ja	抜かり	noun	1	3	0	1
ja	思いあがっ	verb	1	3	0	1
ja	喜怒	noun	1	3	0	1
ja	そり落とし	verb	1	3	0	1
ja	置	verb	1	3	0	1
ja	つかまろう	verb	1	3	0	1
ja	運び込ん	verb	1	3	0	1
ja	取り急ぎ	noun	1	3	0	1
ja	日替わり	noun	1	3	0	1
ja	キャシィ	noun	1	3	0	1
ja	ハルビン	noun	1	3	0	1
ja	唆し	verb	1	3	0	1
ja	張り合える	verb	1	3	0	1
ja	忌まわし	adjective	1	3	0	1
ja	不敬	noun	1	3	0	1
ja	サクラメント	noun	1	3	0	1
ja	ふりかける	verb	1	3	0	1
ja	つりあわ	verb	1	3	0	1
ja	男心	noun	1	3	0	1
ja	足代	noun	1	3	0	1
ja	掃き集め	verb	1	3	0	1
ja	追伸	noun	1	3	0	1
ja	田舎住まい	noun	1	3	0	1
ja	長じる	verb	1	3	0	1
ja	触れ合っ	verb	1	3	0	1
ja	うなずきあっ	verb	1	3	0	1
ja	推量	noun	1	3	0	1
ja	抉り出す	verb	1	3	0	1
ja	コンプ	noun	1	3	0	1
ja	目やに	noun	1	3	0	1
ja	安西	noun	1	3	0	1
ja	見棄て	verb	1	3	0	1
ja	言説	noun	1	3	0	1
ja	象牙	noun	1	3	0	1
ja	ソマリア	noun	1	3	0	1
ja	癇癖	noun	1	3	0	1
ja	ツタウルシ	noun	1	3	0	1
ja	アカ	verb	1	3	0	1
ja	売り家	noun	1	3	0	1
ja	払いのけよう	verb	1	3	0	1
ja	いい歩き	verb	1	3	0	1
ja	駄賃	noun	1	3	0	1
ja	取り繕う	verb	1	3	0	1
ja	思い上がる	verb	1	3	0	1
ja	たいこ	noun	1	3	0	1
ja	顎鬚	noun	1	3	0	1
ja	ダッド	noun	1	3	0	1
ja	あやまる	verb	1	3	0	1
ja	そそっかし	adjective	1	3	0	1
ja	ゆびきり	noun	1	3	0	1
ja	ぐ	noun	1	3	0	1
ja	草草	noun	1	3	0	1
ja	磯田	noun	1	3	0	1
ja	荒らし回っ	verb	1	3	0	1
ja	養い	noun	1	3	0	1
ja	甘酢	noun	1	3	0	1
ja	寒風	noun	1	3	0	1
ja	目押し	noun	1	3	0	1
ja	よりかかる	verb	1	3	0	1
ja	ベルン	noun	1	3	0	1
ja	かみ殺し	verb	1	3	0	1
ja	なでおろし	verb	1	3	0	1
ja	目くそ	noun	1	3	0	1
ja	探し出せ	verb	1	3	0	1
ja	思い当たる	verb	1	3	0	1
ja	生き血	noun	1	3	0	1
ja	血尿	noun	1	3	0	1
ja	悪風	noun	1	3	0	1
ja	捕らえどころ	noun	1	3	0	1
ja	受けいれる	verb	1	3	0	1
ja	茶摘み	noun	1	3	0	1
ja	とんじゃく	noun	1	3	0	1
ja	見違え	verb	1	3	0	1
ja	サテン	noun	1	3	0	1
ja	病歴	noun	1	3	0	1
ja	凋落	noun	1	3	0	1
ja	益なし	adjective	1	3	0	1
ja	摘まみ	verb	1	3	0	1
ja	とりもとう	verb	1	3	0	1
ja	科	noun	1	3	0	1
ja	バチ	noun	1	3	0	1
ja	アタマ	noun	1	3	0	1
ja	鉱産	noun	1	3	0	1
ja	プロパン	noun	1	3	0	1
ja	ｄｅａｒ	noun	1	3	0	1
ja	ゲス	noun	1	3	0	1
ja	卑下	noun	1	3	0	1
ja	切り刻み	verb	1	3	0	1
ja	校正	noun	1	3	0	1
ja	膝丈	noun	1	3	0	1
ja	ハングル	noun	1	3	0	1
ja	傷痕	noun	1	3	0	1
ja	マトン	noun	1	3	0	1
ja	女夫	noun	1	3	0	1
ja	ヤマハ	noun	1	3	0	1
ja	かけ直し	noun	1	3	0	1
ja	小瓶	noun	1	3	0	1
ja	猿まね	noun	1	3	0	1
ja	大味	noun	1	3	0	1
ja	見張れよ	verb	1	3	0	1
ja	シンバル	noun	1	3	0	1
ja	揺り起こさ	verb	1	3	0	1
ja	敗訴	noun	1	3	0	1
ja	まあだ	adverb	1	3	0	1
ja	ぽっ	adverb	1	3	0	1
ja	掘り当てる	verb	1	3	0	1
ja	リイ	noun	1	3	0	1
ja	器楽	noun	1	3	0	1
ja	大仏	noun	1	3	0	1
ja	立入り	noun	1	3	0	1
ja	カマトト	noun	1	3	0	1
ja	あなた	compounds	4	5	11	3095
ja	学校	noun	4	5	13	1440
ja	少し	adverb	4	5	9	1224
ja	金	noun	4	5	7	964
ja	雨	noun	4	5	12	918
ja	下さい	verb	4	5	8	729
ja	犬	noun	4	5	10	658
ja	における	compounds	4	5	0	616
ja	映画	noun	4	5	16	560
ja	医者	noun	4	5	10	535
ja	木	noun	4	5	12	488
ja	夜	noun	4	5	6	472
ja	どちら	compounds	4	5	11	452
ja	家族	noun	4	5	1	403
ja	において	compounds	4	5	0	403
ja	意見	noun	4	5	12	376
ja	花	noun	4	5	9	354
ja	友人	noun	4	5	10	344
ja	もらえ	verb	4	5	10	340
ja	食べ物	noun	4	5	7	339
ja	生徒	noun	4	5	7	327
ja	写真	noun	4	5	6	312
ja	ゲーム	noun	4	5	9	248
ja	複雑	noun	4	5	9	240
ja	ワイン	noun	4	5	4	215
ja	嘘	noun	4	5	20	212
ja	ひどい	adjective	4	5	6	189
ja	認識	noun	4	5	27	180
ja	教師	noun	4	5	8	173
ja	ガバナンス	noun	4	5	0	171
ja	幸福	noun	4	5	9	170
ja	客観	noun	4	5	0	170
ja	発掘	noun	4	5	27	168
ja	遺物	noun	4	5	0	166
ja	発展	noun	4	5	20	165
ja	遺跡	noun	4	5	0	163
ja	によれば	compounds	4	5	0	160
ja	赤い	adjective	4	5	5	155
ja	形成	noun	4	5	32	144
ja	正確	noun	4	5	10	143
ja	暇	noun	4	5	9	136
ja	すばらしい	adjective	4	5	11	124
ja	主体	noun	4	5	1	123
ja	終わり	noun	4	5	11	122
ja	原則	noun	4	5	7	121
ja	社	noun	4	5	2	119
ja	際	noun	4	5	0	119
ja	取り組み	noun	4	5	0	118
ja	変	noun	4	5	4	116
ja	民族	noun	4	5	2	114
ja	遊び	verb	4	5	13	112
ja	関連	noun	4	5	15	111
ja	救済	noun	4	5	1	111
ja	青い	adjective	4	5	8	109
ja	体制	noun	4	5	1	109
ja	人道	noun	4	5	0	103
ja	規模	noun	4	5	0	101
ja	実存	noun	4	5	0	101
ja	歩く	verb	4	5	16	100
ja	詩人	noun	4	5	11	99
ja	としたら	compounds	4	5	0	99
ja	リアリズム	noun	4	5	0	99
ja	初期	noun	4	5	0	98
ja	勢力	noun	4	5	0	96
ja	脅威	noun	4	5	5	95
ja	対応	noun	4	5	17	94
ja	邪魔	noun	4	5	15	93
ja	均衡	noun	4	5	0	93
ja	暑い	adjective	4	5	11	92
ja	甘い	adjective	4	5	9	92
ja	ソース	noun	4	5	6	92
ja	冗談	noun	4	5	5	90
ja	集団	noun	4	5	1	90
ja	につれて	compounds	4	5	0	88
ja	悲しい	adjective	4	5	9	87
ja	休み	noun	4	5	12	83
ja	厳しい	adjective	4	5	10	83
ja	諸国	noun	4	5	0	82
ja	生態	noun	4	5	0	82
ja	各国	noun	4	5	0	81
ja	軍事	noun	4	5	0	80
ja	日常	noun	4	5	1	78
ja	よろしく	adverb	4	5	3	77
ja	パスタ	noun	4	5	3	76
ja	相対	noun	4	5	0	76
ja	改革	noun	4	5	1	74
ja	航空	noun	4	5	0	73
ja	広い	adjective	4	5	13	71
ja	推進	noun	4	5	24	70
ja	対策	noun	4	5	2	70
ja	適応	noun	4	5	18	69
ja	大量	noun	4	5	0	69
ja	交差	noun	4	5	24	68
ja	核	noun	4	5	0	68
ja	弁証	noun	4	5	0	68
ja	調整	noun	4	5	11	67
ja	くれれ	verb	4	5	1	65
ja	定期	noun	4	5	0	65
ja	すごい	adjective	4	5	7	64
ja	やろう	verb	4	5	14	63
ja	やさしい	adjective	4	5	13	63
ja	禁煙	noun	4	5	9	63
ja	普遍	noun	4	5	0	63
ja	実施	noun	4	5	33	62
ja	間に合う	verb	4	5	14	62
ja	石器	noun	4	5	0	62
ja	手伝い	noun	4	5	9	61
ja	かける	verb	4	5	8	61
ja	税	noun	4	5	1	61
ja	文書	noun	4	5	1	61
ja	自体	noun	4	5	0	61
ja	多額	noun	4	5	0	61
ja	懸念	noun	4	5	8	60
ja	枠組み	noun	4	5	0	60
ja	碑文	noun	4	5	0	60
ja	弱い	adjective	4	5	18	59
ja	教義	noun	4	5	1	59
ja	ハードウェア	noun	4	5	0	59
ja	国々	noun	4	5	0	59
ja	いかに	adverb	4	5	0	58
ja	アンセルムス	noun	4	5	0	58
ja	重点	noun	4	5	0	58
ja	一種	noun	4	5	18	57
ja	複数	noun	4	5	1	57
ja	救い	noun	4	5	0	57
ja	増大	noun	4	5	27	56
ja	完璧	noun	4	5	10	56
ja	無料	noun	4	5	9	56
ja	統治	noun	4	5	8	56
ja	唯物	noun	4	5	0	56
ja	防ぐ	verb	4	5	22	55
ja	晴れ	verb	4	5	15	55
ja	機嫌	noun	4	5	9	55
ja	従う	verb	4	5	8	55
ja	単に	adverb	4	5	0	55
ja	電子	noun	4	5	0	55
ja	強化	noun	4	5	26	54
ja	アナ	noun	4	5	1	54
ja	貴社	noun	4	5	0	54
ja	規範	noun	4	5	0	54
ja	応用	noun	4	5	18	53
ja	統合	noun	4	5	5	53
ja	しかも	compounds	4	5	1	53
ja	層	noun	4	5	1	53
ja	ニカイア	noun	4	5	0	53
ja	設計	noun	4	5	22	52
ja	テキスト	noun	4	5	3	52
ja	中央	noun	4	5	0	52
ja	福音	noun	4	5	0	51
ja	ファン	noun	4	5	8	50
ja	儀式	noun	4	5	3	50
ja	所在	noun	4	5	0	50
ja	ちょうだい	noun	4	5	11	49
ja	美人	noun	4	5	9	48
ja	くださっ	verb	4	5	2	48
ja	県庁	noun	4	5	0	48
ja	指し	verb	4	5	44	47
ja	生じる	verb	4	5	14	47
ja	バカ	noun	4	5	12	47
ja	カンニング	noun	4	5	3	47
ja	天才	noun	4	5	3	47
ja	到達	noun	4	5	20	46
ja	閉じ	verb	4	5	10	46
ja	対立	noun	4	5	6	46
ja	用語	noun	4	5	3	46
ja	死亡	noun	4	5	15	45
ja	探求	noun	4	5	26	44
ja	休憩	noun	4	5	14	44
ja	製造	noun	4	5	12	44
ja	下手	noun	4	5	10	44
ja	調和	noun	4	5	6	44
ja	暖かい	adjective	4	5	5	44
ja	レシピ	noun	4	5	2	44
ja	植民	noun	4	5	1	44
ja	マルクス	noun	4	5	0	44
ja	及ぼし	verb	4	5	31	42
ja	移住	noun	4	5	7	42
ja	育む	verb	4	5	5	42
ja	ネットワーク	noun	4	5	2	42
ja	日中	noun	4	5	0	42
ja	詳しい	adjective	4	5	10	41
ja	書物	noun	4	5	2	41
ja	金融	noun	4	5	2	41
ja	大国	noun	4	5	1	41
ja	対話	noun	4	5	1	41
ja	みなし	verb	4	5	34	40
ja	提唱	noun	4	5	23	40
ja	生まれ	noun	4	5	6	40
ja	アレルギー	noun	4	5	5	40
ja	受け取る	verb	4	5	0	40
ja	整理	noun	4	5	14	39
ja	確立	noun	4	5	11	39
ja	男女	noun	4	5	1	39
ja	結び付け	verb	4	5	0	39
ja	なくなる	verb	4	5	12	38
ja	絶滅	noun	4	5	10	38
ja	統一	noun	4	5	1	38
ja	一層	adverb	4	5	0	38
ja	難民	noun	4	5	0	38
ja	形而	noun	4	5	0	38
ja	途上	noun	4	5	0	38
ja	会わ	verb	4	5	15	37
ja	福祉	noun	4	5	0	37
ja	手法	noun	4	5	0	37
ja	放射	noun	4	5	0	37
ja	数多く	adverb	4	5	0	37
ja	再現	noun	4	5	22	36
ja	持た	verb	4	5	16	36
ja	殺し	verb	4	5	13	36
ja	対照	noun	4	5	11	36
ja	効率	noun	4	5	2	36
ja	支度	noun	4	5	0	36
ja	固有	noun	4	5	0	36
ja	楽し	adjective	4	5	9	35
ja	破壊	noun	4	5	8	35
ja	酔っ	verb	4	5	7	35
ja	名詞	noun	4	5	4	35
ja	体系	noun	4	5	1	35
ja	同盟	noun	4	5	1	35
ja	読者	noun	4	5	0	35
ja	説	noun	4	5	0	35
ja	断っ	verb	4	5	20	34
ja	間に合わ	verb	4	5	16	34
ja	倒産	noun	4	5	14	34
ja	台頭	noun	4	5	2	34
ja	じっくり	adverb	4	5	0	34
ja	エメット	noun	4	5	0	34
ja	欧州	noun	4	5	0	34
ja	いかなる	compounds	4	5	0	34
ja	グローバリゼーション	noun	4	5	0	34
ja	奨励	noun	4	5	27	33
ja	可愛い	adjective	4	5	12	33
ja	相違	noun	4	5	0	33
ja	にわたって	compounds	4	5	0	33
ja	内部	noun	4	5	0	33
ja	死な	verb	4	5	14	32
ja	合図	noun	4	5	14	32
ja	着陸	noun	4	5	14	32
ja	拒絶	noun	4	5	11	32
ja	囲ま	verb	4	5	9	32
ja	印刷	noun	4	5	9	32
ja	手伝う	verb	4	5	5	32
ja	墜落	noun	4	5	4	32
ja	遵守	noun	4	5	4	32
ja	防止	noun	4	5	3	32
ja	深夜	noun	4	5	3	32
ja	大衆	noun	4	5	1	32
ja	連合	noun	4	5	1	32
ja	後者	noun	4	5	0	32
ja	物体	noun	4	5	0	32
ja	つながり	verb	4	5	28	31
ja	さらさ	verb	4	5	19	31
ja	回る	verb	4	5	9	31
ja	相当	noun	4	5	8	31
ja	リラックス	noun	4	5	8	31
ja	操作	noun	4	5	4	31
ja	永続	noun	4	5	1	31
ja	前者	noun	4	5	0	31
ja	他国	noun	4	5	0	31
ja	近年	noun	4	5	0	31
ja	あらかじめ	adverb	4	5	0	31
ja	間に合っ	verb	4	5	17	30
ja	済ん	verb	4	5	15	30
ja	脱い	verb	4	5	10	30
ja	おめでとう	compounds	4	5	9	30
ja	記述	noun	4	5	4	30
ja	段階	noun	4	5	4	30
ja	防衛	noun	4	5	1	30
ja	装置	noun	4	5	1	30
ja	中東	noun	4	5	0	30
ja	共和	noun	4	5	0	30
ja	ナショナリズム	noun	4	5	0	30
ja	ざっ	adverb	4	5	0	30
ja	すなわち	compounds	4	5	0	30
ja	吸収	noun	4	5	10	29
ja	経過	noun	4	5	5	29
ja	わたっ	verb	4	5	4	29
ja	掲示	noun	4	5	3	29
ja	転換	noun	4	5	3	29
ja	味方	noun	4	5	2	29
ja	所得	noun	4	5	2	29
ja	末	noun	4	5	1	29
ja	ツアー	noun	4	5	0	29
ja	はるばる	adverb	4	5	0	29
ja	成り立っ	verb	4	5	0	29
ja	反映	noun	4	5	19	28
ja	減少	noun	4	5	18	28
ja	泣か	verb	4	5	8	28
ja	たつ	verb	4	5	6	28
ja	資料	noun	4	5	1	28
ja	尊厳	noun	4	5	1	28
ja	引き起こす	verb	4	5	0	28
ja	敬意	noun	4	5	0	28
ja	格差	noun	4	5	0	28
ja	プラグマティズム	noun	4	5	0	28
ja	断念	noun	4	5	20	27
ja	怒ら	verb	4	5	14	27
ja	始めよう	verb	4	5	13	27
ja	任せ	verb	4	5	11	27
ja	休み	verb	4	5	11	27
ja	傷つけ	verb	4	5	7	27
ja	署名	noun	4	5	6	27
ja	通知	noun	4	5	6	27
ja	速	adjective	4	5	3	27
ja	模型	noun	4	5	1	27
ja	培う	verb	4	5	1	27
ja	何千	noun	4	5	0	27
ja	名目	noun	4	5	0	27
ja	一連	noun	4	5	0	27
ja	まず	compounds	4	5	0	27
ja	知覚	noun	4	5	0	27
ja	潜在	noun	4	5	0	27
ja	保管	noun	4	5	17	26
ja	からかっ	verb	4	5	16	26
ja	削減	noun	4	5	12	26
ja	超越	noun	4	5	7	26
ja	意義	noun	4	5	2	26
ja	軌道	noun	4	5	1	26
ja	用紙	noun	4	5	1	26
ja	兵器	noun	4	5	0	26
ja	示さ	verb	4	5	18	25
ja	開催	noun	4	5	13	25
ja	表示	noun	4	5	11	25
ja	投函	noun	4	5	10	25
ja	受かる	verb	4	5	7	25
ja	感銘	noun	4	5	2	25
ja	つれ	verb	4	5	1	25
ja	両立	noun	4	5	1	25
ja	一人一人	noun	4	5	0	25
ja	基盤	noun	4	5	0	25
ja	早く	noun	4	5	0	25
ja	高層	noun	4	5	0	25
ja	公会	noun	4	5	0	25
ja	幹線	noun	4	5	0	25
ja	追っ	verb	4	5	11	24
ja	長者	noun	4	5	10	24
ja	弾き	verb	4	5	8	24
ja	合併	noun	4	5	3	24
ja	雇用	noun	4	5	1	24
ja	動詞	noun	4	5	1	24
ja	術	noun	4	5	1	24
ja	せっかく	adverb	4	5	0	24
ja	発電	noun	4	5	0	24
ja	プラトン	noun	4	5	0	24
ja	バルト	noun	4	5	0	24
ja	当局	noun	4	5	0	24
ja	首尾	noun	4	5	0	24
ja	生み出し	verb	4	5	0	24
ja	素早く	adjective	4	5	0	24
ja	献身	noun	4	5	0	24
ja	離陸	noun	4	5	12	23
ja	抑える	verb	4	5	11	23
ja	延長	noun	4	5	10	23
ja	晴れる	verb	4	5	10	23
ja	覚ます	verb	4	5	5	23
ja	商人	noun	4	5	3	23
ja	懐疑	noun	4	5	2	23
ja	廃棄	noun	4	5	2	23
ja	セキュリティ	noun	4	5	1	23
ja	損なう	verb	4	5	1	23
ja	過程	noun	4	5	1	23
ja	推論	noun	4	5	1	23
ja	碑	noun	4	5	1	23
ja	ブログ	noun	4	5	1	23
ja	場面	noun	4	5	0	23
ja	原稿	noun	4	5	0	23
ja	取り組む	verb	4	5	0	23
ja	二千	noun	4	5	0	23
ja	バック	noun	4	5	0	23
ja	ちなん	verb	4	5	0	23
ja	下記	noun	4	5	0	23
ja	東方	noun	4	5	0	23
ja	統計	noun	4	5	0	23
ja	コスト	noun	4	5	0	23
ja	組み合わせ	verb	4	5	0	23
ja	慣行	noun	4	5	0	23
ja	気象	noun	4	5	0	23
ja	かまわ	verb	4	5	17	22
ja	生え	verb	4	5	14	22
ja	任命	noun	4	5	12	22
ja	低下	noun	4	5	10	22
ja	普及	noun	4	5	9	22
ja	排除	noun	4	5	8	22
ja	操縦	noun	4	5	6	22
ja	会見	noun	4	5	3	22
ja	通貨	noun	4	5	2	22
ja	欠如	noun	4	5	2	22
ja	遠足	noun	4	5	1	22
ja	生き生き	adverb	4	5	1	22
ja	声明	noun	4	5	1	22
ja	津波	noun	4	5	0	22
ja	取り戻す	verb	4	5	0	22
ja	エキュメニカル	noun	4	5	0	22
ja	贖罪	noun	4	5	0	22
ja	被災	noun	4	5	0	22
ja	遺体	noun	4	5	0	22
ja	商業	noun	4	5	0	22
ja	夫妻	noun	4	5	0	22
ja	展覧	noun	4	5	0	22
ja	それなり	compounds	4	5	0	22
ja	年々	noun	4	5	0	22
ja	高め	verb	4	5	15	21
ja	クリック	noun	4	5	13	21
ja	提示	noun	4	5	11	21
ja	刻ま	verb	4	5	10	21
ja	面白かっ	adjective	4	5	8	21
ja	運営	noun	4	5	7	21
ja	めぐっ	verb	4	5	5	21
ja	類似	noun	4	5	4	21
ja	信条	noun	4	5	4	21
ja	英文	noun	4	5	0	21
ja	地質	noun	4	5	0	21
ja	ジル	noun	4	5	0	21
ja	崖	noun	4	5	0	21
ja	各地	noun	4	5	0	21
ja	日差し	noun	4	5	0	21
ja	カタログ	noun	4	5	0	21
ja	大乗	noun	4	5	0	21
ja	ウッド	noun	4	5	0	21
ja	電力	noun	4	5	0	21
ja	しまう	verb	4	5	0	21
ja	隅	noun	4	5	0	21
ja	ゆったり	adverb	4	5	0	21
ja	シェークスピア	noun	4	5	0	21
ja	他方	noun	4	5	0	21
ja	とれる	verb	4	5	13	20
ja	はいっ	verb	4	5	12	20
ja	造ら	verb	4	5	11	20
ja	年下	noun	4	5	11	20
ja	要る	verb	4	5	9	20
ja	導入	noun	4	5	9	20
ja	限定	noun	4	5	8	20
ja	更新	noun	4	5	7	20
ja	すむ	verb	4	5	7	20
ja	反抗	noun	4	5	6	20
ja	捜索	noun	4	5	6	20
ja	述べる	verb	4	5	5	20
ja	寂しい	adjective	4	5	4	20
ja	限っ	verb	4	5	1	20
ja	もらおう	verb	4	5	1	20
ja	あちら	compounds	4	5	1	20
ja	うえ	noun	4	5	1	20
ja	ソフトウェア	noun	4	5	0	20
ja	いたる	verb	4	5	0	20
ja	何十	noun	4	5	0	20
ja	支店	noun	4	5	0	20
ja	みれ	verb	4	5	0	20
ja	共産	noun	4	5	0	20
ja	除け	verb	4	5	0	20
ja	イラン	noun	4	5	0	20
ja	ソ連	noun	4	5	0	20
ja	突っ込ん	verb	4	5	0	20
ja	無常	noun	4	5	0	20
ja	あまり	noun	4	5	0	20
ja	ダン	noun	4	5	0	20
ja	引き起こさ	verb	4	5	0	20
ja	描か	verb	4	5	14	19
ja	戻り	verb	4	5	12	19
ja	存知	noun	4	5	11	19
ja	放棄	noun	4	5	11	19
ja	殺さ	verb	4	5	9	19
ja	包ま	verb	4	5	8	19
ja	安心	noun	4	5	7	19
ja	面白	adjective	4	5	6	19
ja	自覚	noun	4	5	6	19
ja	抑圧	noun	4	5	4	19
ja	深める	verb	4	5	4	19
ja	至る	verb	4	5	4	19
ja	築く	verb	4	5	3	19
ja	くん	verb	4	5	2	19
ja	票	noun	4	5	1	19
ja	テレサ	noun	4	5	1	19
ja	加盟	noun	4	5	1	19
ja	出所	noun	4	5	0	19
ja	総理	noun	4	5	0	19
ja	考えれ	verb	4	5	0	19
ja	周辺	noun	4	5	0	19
ja	サンプル	noun	4	5	0	19
ja	たちまち	adverb	4	5	0	19
ja	仕上げる	verb	4	5	0	19
ja	疲労	noun	4	5	0	19
ja	ベビー	noun	4	5	0	19
ja	リチャード	noun	4	5	0	19
ja	些細	noun	4	5	0	19
ja	決まる	verb	4	5	13	18
ja	刻ん	verb	4	5	12	18
ja	流行っ	verb	4	5	12	18
ja	再開	noun	4	5	10	18
ja	掛かっ	verb	4	5	10	18
ja	遂行	noun	4	5	9	18
ja	孤立	noun	4	5	9	18
ja	作動	noun	4	5	9	18
ja	検証	noun	4	5	7	18
ja	返済	noun	4	5	5	18
ja	充実	noun	4	5	5	18
ja	逃れる	verb	4	5	4	18
ja	おく	verb	4	5	3	18
ja	会おう	verb	4	5	3	18
ja	用いる	verb	4	5	2	18
ja	解答	noun	4	5	1	18
ja	区	noun	4	5	1	18
ja	なかろう	adjective	4	5	1	18
ja	海峡	noun	4	5	0	18
ja	煙突	noun	4	5	0	18
ja	多量	noun	4	5	0	18
ja	伊藤	noun	4	5	0	18
ja	同性	noun	4	5	0	18
ja	仙台	noun	4	5	0	18
ja	締め切り	noun	4	5	0	18
ja	公害	noun	4	5	0	18
ja	修行	noun	4	5	0	18
ja	マザー	noun	4	5	0	18
ja	広島	noun	4	5	0	18
ja	実家	noun	4	5	0	18
ja	前後	noun	4	5	0	18
ja	ふもと	noun	4	5	0	18
ja	形容	noun	4	5	0	18
ja	可決	noun	4	5	14	17
ja	結ん	verb	4	5	14	17
ja	郵送	noun	4	5	13	17
ja	解除	noun	4	5	12	17
ja	編ん	verb	4	5	11	17
ja	諦め	verb	4	5	10	17
ja	削除	noun	4	5	8	17
ja	殴っ	verb	4	5	7	17
ja	映っ	verb	4	5	7	17
ja	平行	noun	4	5	7	17
ja	拡張	noun	4	5	6	17
ja	分ける	verb	4	5	5	17
ja	統制	noun	4	5	5	17
ja	欠く	verb	4	5	4	17
ja	反省	noun	4	5	4	17
ja	パンツ	noun	4	5	2	17
ja	仮説	noun	4	5	2	17
ja	はやく	adjective	4	5	1	17
ja	汚れ	noun	4	5	1	17
ja	出生	noun	4	5	0	17
ja	ガタガタ	adverb	4	5	0	17
ja	刑	noun	4	5	0	17
ja	申込	noun	4	5	0	17
ja	工芸	noun	4	5	0	17
ja	保全	noun	4	5	0	17
ja	遺言	noun	4	5	0	17
ja	遺伝	noun	4	5	0	17
ja	先祖	noun	4	5	0	17
ja	汚職	noun	4	5	0	17
ja	しまわ	verb	4	5	0	17
ja	連邦	noun	4	5	0	17
ja	一団	noun	4	5	0	17
ja	受付	noun	4	5	0	17
ja	足跡	noun	4	5	0	17
ja	衣	noun	4	5	0	17
ja	洗礼	noun	4	5	0	17
ja	更に	adverb	4	5	0	17
ja	せめて	adverb	4	5	0	17
ja	からだ	noun	4	5	0	17
ja	自我	noun	4	5	0	17
ja	ニック	noun	4	5	0	17
ja	寄与	noun	4	5	13	16
ja	心がけ	verb	4	5	13	16
ja	上演	noun	4	5	11	16
ja	建っ	verb	4	5	11	16
ja	かなわ	verb	4	5	10	16
ja	表明	noun	4	5	9	16
ja	協議	noun	4	5	7	16
ja	分配	noun	4	5	7	16
ja	阻止	noun	4	5	7	16
ja	申し	verb	4	5	6	16
ja	匹敵	noun	4	5	6	16
ja	当選	noun	4	5	6	16
ja	痛む	verb	4	5	6	16
ja	集まり	noun	4	5	5	16
ja	なくす	verb	4	5	5	16
ja	抑制	noun	4	5	5	16
ja	縮小	noun	4	5	4	16
ja	選べ	verb	4	5	4	16
ja	回避	noun	4	5	3	16
ja	機器	noun	4	5	2	16
ja	決議	noun	4	5	2	16
ja	良	adjective	4	5	2	16
ja	業務	noun	4	5	1	16
ja	衰退	noun	4	5	1	16
ja	欲求	noun	4	5	1	16
ja	リボン	noun	4	5	0	16
ja	大して	adverb	4	5	0	16
ja	一帯	noun	4	5	0	16
ja	取り組み	verb	4	5	0	16
ja	動向	noun	4	5	0	16
ja	バグ	noun	4	5	0	16
ja	間隔	noun	4	5	0	16
ja	とかく	adverb	4	5	0	16
ja	なき	adjective	4	5	0	16
ja	北朝鮮	noun	4	5	0	16
ja	ヨハネ	noun	4	5	0	16
ja	湾	noun	4	5	0	16
ja	つづり	noun	4	5	0	16
ja	解こう	verb	4	5	0	16
ja	弊社	noun	4	5	0	16
ja	東洋	noun	4	5	0	16
ja	面積	noun	4	5	0	16
ja	不善	noun	4	5	0	16
ja	和平	noun	4	5	0	16
ja	夜間	noun	4	5	0	16
ja	薬局	noun	4	5	0	16
ja	レイン	noun	4	5	0	16
ja	みそ	compounds	4	5	0	16
ja	含ん	verb	4	5	15	15
ja	飾ら	verb	4	5	13	15
ja	脱ぎ	verb	4	5	10	15
ja	購読	noun	4	5	10	15
ja	瀕し	verb	4	5	10	15
ja	泊め	verb	4	5	10	15
ja	そっくり	compounds	4	5	9	15
ja	美味しかっ	adjective	4	5	8	15
ja	独占	noun	4	5	8	15
ja	騒い	verb	4	5	6	15
ja	壊滅	noun	4	5	6	15
ja	好ん	verb	4	5	5	15
ja	滑り	verb	4	5	5	15
ja	接続	noun	4	5	4	15
ja	奉仕	noun	4	5	3	15
ja	込ん	verb	4	5	3	15
ja	コール	noun	4	5	2	15
ja	売買	noun	4	5	2	15
ja	来日	noun	4	5	2	15
ja	秘跡	noun	4	5	2	15
ja	工学	noun	4	5	1	15
ja	目当て	noun	4	5	1	15
ja	よろしけれ	adjective	4	5	1	15
ja	弁論	noun	4	5	1	15
ja	方々	noun	4	5	1	15
ja	もっぱら	adverb	4	5	0	15
ja	一節	noun	4	5	0	15
ja	言論	noun	4	5	0	15
ja	割り込ん	verb	4	5	0	15
ja	サウジアラビア	noun	4	5	0	15
ja	そういえば	compounds	4	5	0	15
ja	あやうく	adjective	4	5	0	15
ja	ドゥボール	noun	4	5	0	15
ja	スタッフ	noun	4	5	0	15
ja	性能	noun	4	5	0	15
ja	容態	noun	4	5	0	15
ja	居酒屋	noun	4	5	0	15
ja	かえって	compounds	4	5	0	15
ja	マインド	noun	4	5	0	15
ja	シドニー	noun	4	5	0	15
ja	インディアン	noun	4	5	0	15
ja	良き	adjective	4	5	0	15
ja	ミル	noun	4	5	0	15
ja	見晴らし	noun	4	5	0	15
ja	えー	compounds	4	5	0	15
ja	日当たり	noun	4	5	0	15
ja	規律	noun	4	5	0	15
ja	縦	noun	4	5	0	15
ja	ふさわしく	adjective	4	5	0	15
ja	数百	noun	4	5	0	15
ja	手順	noun	4	5	0	15
ja	日頃	noun	4	5	0	15
ja	劣っ	verb	4	5	12	14
ja	見出し	verb	4	5	12	14
ja	憎ん	verb	4	5	11	14
ja	殺到	noun	4	5	11	14
ja	かわい	adjective	4	5	10	14
ja	破裂	noun	4	5	10	14
ja	害し	verb	4	5	10	14
ja	ごまかし	verb	4	5	9	14
ja	把握	noun	4	5	8	14
ja	狂わ	verb	4	5	8	14
ja	でる	verb	4	5	8	14
ja	創設	noun	4	5	8	14
ja	訳さ	verb	4	5	7	14
ja	振り	verb	4	5	7	14
ja	カーブ	noun	4	5	7	14
ja	奪う	verb	4	5	6	14
ja	あわ	verb	4	5	6	14
ja	済ます	verb	4	5	6	14
ja	後退	noun	4	5	6	14
ja	譲る	verb	4	5	6	14
ja	集まり	verb	4	5	6	14
ja	富ん	verb	4	5	5	14
ja	ほっそり	adverb	4	5	5	14
ja	進展	noun	4	5	4	14
ja	見学	noun	4	5	4	14
ja	裏切る	verb	4	5	4	14
ja	貯蓄	noun	4	5	4	14
ja	輸送	noun	4	5	4	14
ja	望ま	verb	4	5	4	14
ja	抱く	verb	4	5	3	14
ja	弱める	verb	4	5	3	14
ja	ひいき	noun	4	5	3	14
ja	割引	noun	4	5	3	14
ja	おしっこ	noun	4	5	3	14
ja	終結	noun	4	5	2	14
ja	噴火	noun	4	5	2	14
ja	観測	noun	4	5	2	14
ja	痕跡	noun	4	5	1	14
ja	ウェブ	noun	4	5	1	14
ja	文体	noun	4	5	1	14
ja	時速	noun	4	5	0	14
ja	ニュアンス	noun	4	5	0	14
ja	はたち	compounds	4	5	0	14
ja	句	noun	4	5	0	14
ja	磁場	noun	4	5	0	14
ja	旅人	noun	4	5	0	14
ja	行政	noun	4	5	0	14
ja	膨大	noun	4	5	0	14
ja	綴り	noun	4	5	0	14
ja	利き	verb	4	5	0	14
ja	長々	adverb	4	5	0	14
ja	スペクタクル	noun	4	5	0	14
ja	ていただく	compounds	4	5	0	14
ja	始終	noun	4	5	0	14
ja	酸性	noun	4	5	0	14
ja	ネス	noun	4	5	0	14
ja	脂肪	noun	4	5	0	14
ja	表紙	noun	4	5	0	14
ja	けっこう	adverb	4	5	0	14
ja	双方	noun	4	5	0	14
ja	はめ	noun	4	5	0	14
ja	ついで	noun	4	5	0	14
ja	イラク	noun	4	5	0	14
ja	角度	noun	4	5	0	14
ja	背後	noun	4	5	0	14
ja	かた	noun	4	5	0	14
ja	けして	adverb	4	5	0	14
ja	かど	noun	4	5	0	14
ja	カラー	noun	4	5	0	14
ja	労力	noun	4	5	0	14
ja	評論	noun	4	5	0	14
ja	割合	noun	4	5	0	14
ja	銭	noun	4	5	0	14
ja	つい	compounds	4	5	0	14
ja	知人	noun	4	5	0	14
ja	ノーベル	noun	4	5	0	14
ja	なす	noun	4	5	0	14
ja	過言	noun	4	5	13	13
ja	仰天	noun	4	5	12	13
ja	実証	noun	4	5	10	13
ja	済まさ	verb	4	5	10	13
ja	生息	noun	4	5	10	13
ja	全焼	noun	4	5	9	13
ja	持参	noun	4	5	7	13
ja	いとま	noun	4	5	7	13
ja	及ぶ	verb	4	5	6	13
ja	規定	noun	4	5	6	13
ja	談	noun	4	5	5	13
ja	消滅	noun	4	5	5	13
ja	実感	noun	4	5	5	13
ja	妨げる	verb	4	5	4	13
ja	無くし	verb	4	5	4	13
ja	比例	noun	4	5	4	13
ja	澄ん	verb	4	5	4	13
ja	かかわる	verb	4	5	3	13
ja	倒れる	verb	4	5	3	13
ja	事典	noun	4	5	2	13
ja	ＯＫ	noun	4	5	2	13
ja	だます	verb	4	5	2	13
ja	変革	noun	4	5	2	13
ja	はやる	verb	4	5	1	13
ja	申告	noun	4	5	1	13
ja	反発	noun	4	5	1	13
ja	不快	noun	4	5	1	13
ja	仕様	noun	4	5	1	13
ja	代わる	verb	4	5	1	13
ja	拍子	noun	4	5	1	13
ja	できよう	verb	4	5	1	13
ja	支える	verb	4	5	1	13
ja	熱狂	noun	4	5	1	13
ja	啓発	noun	4	5	1	13
ja	送別	noun	4	5	0	13
ja	スピリチュアル	noun	4	5	0	13
ja	もてなし	noun	4	5	0	13
ja	シッター	noun	4	5	0	13
ja	砂浜	noun	4	5	0	13
ja	賞金	noun	4	5	0	13
ja	又	adverb	4	5	0	13
ja	待ち望ん	verb	4	5	0	13
ja	墓地	noun	4	5	0	13
ja	書籍	noun	4	5	0	13
ja	シャトル	noun	4	5	0	13
ja	年末	noun	4	5	0	13
ja	海底	noun	4	5	0	13
ja	残骸	noun	4	5	0	13
ja	旧	noun	4	5	0	13
ja	堅く	adjective	4	5	0	13
ja	レンジ	noun	4	5	0	13
ja	屋上	noun	4	5	0	13
ja	より	verb	4	5	0	13
ja	金儲け	noun	4	5	0	13
ja	歓呼	noun	4	5	0	13
ja	ラテンアメリカ	noun	4	5	0	13
ja	四十	noun	4	5	0	13
ja	人混み	noun	4	5	0	13
ja	長野	noun	4	5	0	13
ja	ケーブル	noun	4	5	0	13
ja	殆ど	noun	4	5	0	13
ja	荷	noun	4	5	0	13
ja	この頃	noun	4	5	0	13
ja	ファー	noun	4	5	0	13
ja	データベース	noun	4	5	0	13
ja	テムズ	noun	4	5	0	13
ja	消息	noun	4	5	0	13
ja	平安	noun	4	5	0	13
ja	終日	noun	4	5	0	13
ja	地点	noun	4	5	0	13
ja	立案	noun	4	5	0	13
ja	運べ	verb	4	5	12	12
ja	くずし	verb	4	5	11	12
ja	伝わる	verb	4	5	10	12
ja	目立っ	verb	4	5	10	12
ja	ドキドキ	adverb	4	5	9	12
ja	配布	noun	4	5	9	12
ja	手伝わ	verb	4	5	9	12
ja	連想	noun	4	5	9	12
ja	秘め	verb	4	5	9	12
ja	値上がり	noun	4	5	9	12
ja	施行	noun	4	5	9	12
ja	及ん	verb	4	5	8	12
ja	費やす	verb	4	5	8	12
ja	調節	noun	4	5	7	12
ja	注ぐ	verb	4	5	6	12
ja	譲っ	verb	4	5	6	12
ja	やめろ	verb	4	5	6	12
ja	すます	verb	4	5	6	12
ja	加入	noun	4	5	6	12
ja	運行	noun	4	5	5	12
ja	出場	noun	4	5	5	12
ja	麻痺	noun	4	5	5	12
ja	録音	noun	4	5	4	12
ja	識別	noun	4	5	4	12
ja	埋める	verb	4	5	4	12
ja	継承	noun	4	5	4	12
ja	誘拐	noun	4	5	4	12
ja	賞味	noun	4	5	3	12
ja	止む	verb	4	5	3	12
ja	くび	noun	4	5	3	12
ja	直前	noun	4	5	2	12
ja	源	noun	4	5	2	12
ja	到来	noun	4	5	2	12
ja	入れよう	verb	4	5	1	12
ja	ジャネット	noun	4	5	1	12
ja	原文	noun	4	5	1	12
ja	趣旨	noun	4	5	1	12
ja	善行	noun	4	5	1	12
ja	叩く	verb	4	5	1	12
ja	ヵ月	noun	4	5	1	12
ja	原始	noun	4	5	1	12
ja	執行	noun	4	5	1	12
ja	栓	noun	4	5	1	12
ja	コーナー	noun	4	5	1	12
ja	恩恵	noun	4	5	1	12
ja	半額	noun	4	5	1	12
ja	きらきら	adverb	4	5	1	12
ja	久々	noun	4	5	1	12
ja	年配	noun	4	5	1	12
ja	木製	noun	4	5	1	12
ja	テリー	noun	4	5	0	12
ja	雑貨	noun	4	5	0	12
ja	少なかれ	adjective	4	5	0	12
ja	百科	noun	4	5	0	12
ja	稼ぎ	noun	4	5	0	12
ja	負債	noun	4	5	0	12
ja	三角	noun	4	5	0	12
ja	抜け出す	verb	4	5	0	12
ja	持ち出し	verb	4	5	0	12
ja	応急	noun	4	5	0	12
ja	沖	noun	4	5	0	12
ja	多国	noun	4	5	0	12
ja	取り入れ	verb	4	5	0	12
ja	旅客	noun	4	5	0	12
ja	学費	noun	4	5	0	12
ja	部族	noun	4	5	0	12
ja	戒	noun	4	5	0	12
ja	グラウンド	noun	4	5	0	12
ja	くだされ	verb	4	5	0	12
ja	海洋	noun	4	5	0	12
ja	見積もっ	verb	4	5	0	12
ja	目覚し	noun	4	5	0	12
ja	過小	noun	4	5	0	12
ja	貨幣	noun	4	5	0	12
ja	学歴	noun	4	5	0	12
ja	届	noun	4	5	0	12
ja	震災	noun	4	5	0	12
ja	機構	noun	4	5	0	12
ja	サプライズ	noun	4	5	0	12
ja	いなか	noun	4	5	0	12
ja	大手	noun	4	5	0	12
ja	旨く	adjective	4	5	0	12
ja	結合	noun	4	5	0	12
ja	ひっきり	noun	4	5	0	12
ja	ゆりかご	noun	4	5	0	12
ja	ステレオ	noun	4	5	0	12
ja	路上	noun	4	5	0	12
ja	多かれ	adjective	4	5	0	12
ja	なるほど	compounds	4	5	0	12
ja	学ぼう	verb	4	5	0	12
ja	平易	noun	4	5	0	12
ja	松葉	noun	4	5	0	12
ja	新任	noun	4	5	0	12
ja	数十	noun	4	5	0	12
ja	メーター	noun	4	5	0	12
ja	カルマ	noun	4	5	0	12
ja	ジュリエット	noun	4	5	0	12
ja	コンクリート	noun	4	5	0	12
ja	鉄鋼	noun	4	5	0	12
ja	バースデー	noun	4	5	0	12
ja	痛ん	verb	4	5	10	11
ja	せがん	verb	4	5	10	11
ja	表さ	verb	4	5	9	11
ja	すまさ	verb	4	5	9	11
ja	産出	noun	4	5	9	11
ja	表れ	verb	4	5	9	11
ja	占領	noun	4	5	8	11
ja	伝わっ	verb	4	5	8	11
ja	おこし	verb	4	5	8	11
ja	出航	noun	4	5	8	11
ja	通い	verb	4	5	8	11
ja	生ん	verb	4	5	8	11
ja	爆破	noun	4	5	7	11
ja	咲い	verb	4	5	7	11
ja	かま	verb	4	5	7	11
ja	考察	noun	4	5	7	11
ja	制定	noun	4	5	7	11
ja	延ばす	verb	4	5	7	11
ja	起因	noun	4	5	6	11
ja	至ら	verb	4	5	6	11
ja	飽きる	verb	4	5	6	11
ja	心得	verb	4	5	6	11
ja	埋まっ	verb	4	5	6	11
ja	おれ	verb	4	5	6	11
ja	出港	noun	4	5	6	11
ja	売却	noun	4	5	5	11
ja	面し	verb	4	5	5	11
ja	ブラブラ	adverb	4	5	5	11
ja	分裂	noun	4	5	4	11
ja	チャット	noun	4	5	4	11
ja	ためる	verb	4	5	4	11
ja	満たす	verb	4	5	3	11
ja	汚す	verb	4	5	3	11
ja	ほえ	verb	4	5	3	11
ja	喪失	noun	4	5	3	11
ja	買収	noun	4	5	3	11
ja	結び	verb	4	5	3	11
ja	姪っ子	noun	4	5	3	11
ja	重ねる	verb	4	5	2	11
ja	志願	noun	4	5	2	11
ja	恒星	noun	4	5	2	11
ja	種族	noun	4	5	2	11
ja	主食	noun	4	5	2	11
ja	明る	adjective	4	5	2	11
ja	先ず	adverb	4	5	2	11
ja	暴落	noun	4	5	2	11
ja	偉人	noun	4	5	1	11
ja	指紋	noun	4	5	1	11
ja	凍結	noun	4	5	1	11
ja	柄	noun	4	5	1	11
ja	境遇	noun	4	5	1	11
ja	惨事	noun	4	5	1	11
ja	ミラー	noun	4	5	1	11
ja	反逆	noun	4	5	1	11
ja	冷房	noun	4	5	1	11
ja	そ	adverb	4	5	1	11
ja	優る	verb	4	5	1	11
ja	見積もり	noun	4	5	1	11
ja	喝采	noun	4	5	1	11
ja	コンパクト	noun	4	5	1	11
ja	プラス	noun	4	5	1	11
ja	ぬいぐるみ	noun	4	5	1	11
ja	高額	noun	4	5	1	11
ja	みすぼらしい	adjective	4	5	1	11
ja	アルゴリズム	noun	4	5	0	11
ja	指数	noun	4	5	0	11
ja	私立	noun	4	5	0	11
ja	楽団	noun	4	5	0	11
ja	イースト	noun	4	5	0	11
ja	取り除か	verb	4	5	0	11
ja	悪名	noun	4	5	0	11
ja	パターソン	noun	4	5	0	11
ja	女神	noun	4	5	0	11
ja	ケンブリッジ	noun	4	5	0	11
ja	おとぎ話	noun	4	5	0	11
ja	小泉	noun	4	5	0	11
ja	親指	noun	4	5	0	11
ja	大英	noun	4	5	0	11
ja	懲役	noun	4	5	0	11
ja	首脳	noun	4	5	0	11
ja	オゾン	noun	4	5	0	11
ja	筆者	noun	4	5	0	11
ja	戦場	noun	4	5	0	11
ja	万が一	noun	4	5	0	11
ja	申し上げる	verb	4	5	0	11
ja	上院	noun	4	5	0	11
ja	ニュー	noun	4	5	0	11
ja	消え去っ	verb	4	5	0	11
ja	もしくは	compounds	4	5	0	11
ja	拳銃	noun	4	5	0	11
ja	与党	noun	4	5	0	11
ja	ジョニー	noun	4	5	0	11
ja	収支	noun	4	5	0	11
ja	いくぶん	noun	4	5	0	11
ja	ガイドブック	noun	4	5	0	11
ja	狩猟	noun	4	5	0	11
ja	付近	noun	4	5	0	11
ja	アワー	noun	4	5	0	11
ja	手帳	noun	4	5	0	11
ja	差し伸べ	verb	4	5	0	11
ja	方形	noun	4	5	0	11
ja	歩行	noun	4	5	0	11
ja	平日	noun	4	5	0	11
ja	心待ち	noun	4	5	0	11
ja	花束	noun	4	5	0	11
ja	後方	noun	4	5	0	11
ja	ポーラ	noun	4	5	0	11
ja	順序	noun	4	5	0	11
ja	邸宅	noun	4	5	0	11
ja	公演	noun	4	5	0	11
ja	手当たり	noun	4	5	0	11
ja	例年	noun	4	5	0	11
ja	さておき	verb	4	5	0	11
ja	香	noun	4	5	0	11
ja	デッキ	noun	4	5	0	11
ja	新興	noun	4	5	0	11
ja	マーケティング	noun	4	5	0	11
ja	飼い犬	noun	4	5	0	11
ja	為替	noun	4	5	0	11
ja	室内	noun	4	5	0	11
ja	ウチ	noun	4	5	0	11
ja	零	noun	4	5	0	11
ja	干ばつ	noun	4	5	0	11
ja	従来	noun	4	5	0	11
ja	定時	noun	4	5	0	11
ja	持ち歩い	verb	4	5	0	11
ja	よみがえっ	verb	4	5	9	10
ja	消沈	noun	4	5	9	10
ja	氾濫	noun	4	5	9	10
ja	根ざし	verb	4	5	9	10
ja	省ける	verb	4	5	9	10
ja	激化	noun	4	5	8	10
ja	こらえる	verb	4	5	8	10
ja	代わら	verb	4	5	8	10
ja	向か	verb	4	5	8	10
ja	携わっ	verb	4	5	8	10
ja	考案	noun	4	5	8	10
ja	つかまっ	verb	4	5	7	10
ja	有する	verb	4	5	7	10
ja	転覆	noun	4	5	7	10
ja	きめ	verb	4	5	7	10
ja	悔やん	verb	4	5	7	10
ja	待とう	verb	4	5	7	10
ja	写し	verb	4	5	5	10
ja	設置	noun	4	5	5	10
ja	刈る	verb	4	5	5	10
ja	出入り	noun	4	5	5	10
ja	いかん	noun	4	5	4	10
ja	愛用	noun	4	5	4	10
ja	高騰	noun	4	5	4	10
ja	ダッシュ	noun	4	5	4	10
ja	贈る	verb	4	5	4	10
ja	ソクラテス	noun	4	5	3	10
ja	迫害	noun	4	5	3	10
ja	出荷	noun	4	5	3	10
ja	金もうけ	noun	4	5	3	10
ja	はじめる	verb	4	5	3	10
ja	響き	verb	4	5	2	10
ja	広める	verb	4	5	2	10
ja	伸ばす	verb	4	5	2	10
ja	応える	verb	4	5	2	10
ja	流動	noun	4	5	2	10
ja	工夫	noun	4	5	2	10
ja	改良	noun	4	5	2	10
ja	バレ	verb	4	5	2	10
ja	テイト	noun	4	5	1	10
ja	移す	verb	4	5	1	10
ja	表記	noun	4	5	1	10
ja	めんどり	noun	4	5	1	10
ja	逃避	noun	4	5	1	10
ja	不断	noun	4	5	1	10
ja	想い	noun	4	5	1	10
ja	前髪	noun	4	5	1	10
ja	こもっ	verb	4	5	1	10
ja	イデオロギー	noun	4	5	1	10
ja	損傷	noun	4	5	1	10
ja	入れれ	verb	4	5	1	10
ja	議題	noun	4	5	0	10
ja	東北	noun	4	5	0	10
ja	メカニズム	noun	4	5	0	10
ja	ポスター	noun	4	5	0	10
ja	ホノルル	noun	4	5	0	10
ja	勝とう	verb	4	5	0	10
ja	カセット	noun	4	5	0	10
ja	アプリケーション	noun	4	5	0	10
ja	関西	noun	4	5	0	10
ja	モルモット	noun	4	5	0	10
ja	差異	noun	4	5	0	10
ja	濃く	adjective	4	5	0	10
ja	取り扱い	noun	4	5	0	10
ja	肺がん	noun	4	5	0	10
ja	ピストル	noun	4	5	0	10
ja	終身	noun	4	5	0	10
ja	ジェフ	noun	4	5	0	10
ja	肉眼	noun	4	5	0	10
ja	運河	noun	4	5	0	10
ja	履歴	noun	4	5	0	10
ja	管	noun	4	5	0	10
ja	摂氏	noun	4	5	0	10
ja	人体	noun	4	5	0	10
ja	タグ	noun	4	5	0	10
ja	常食	noun	4	5	0	10
ja	木村	noun	4	5	0	10
ja	リットル	noun	4	5	0	10
ja	研修	noun	4	5	0	10
ja	軍備	noun	4	5	0	10
ja	エリート	noun	4	5	0	10
ja	２千	noun	4	5	0	10
ja	ピン	noun	4	5	0	10
ja	福島	noun	4	5	0	10
ja	シラ	noun	4	5	0	10
ja	いまや	compounds	4	5	0	10
ja	摩擦	noun	4	5	0	10
ja	紀元	noun	4	5	0	10
ja	副詞	noun	4	5	0	10
ja	芸能	noun	4	5	0	10
ja	深み	noun	4	5	0	10
ja	おそく	adjective	4	5	0	10
ja	暗号	noun	4	5	0	10
ja	盗難	noun	4	5	0	10
ja	フェリー	noun	4	5	0	10
ja	小国	noun	4	5	0	10
ja	ヒール	noun	4	5	0	10
ja	一所	noun	4	5	0	10
ja	当面	noun	4	5	0	10
ja	公立	noun	4	5	0	10
ja	ぽん	adverb	4	5	0	10
ja	よほど	adverb	4	5	0	10
ja	業者	noun	4	5	0	10
ja	融合	noun	4	5	0	10
ja	通り過ぎる	verb	4	5	0	10
ja	ウェイトレス	noun	4	5	0	10
ja	飲み込ん	verb	4	5	0	10
ja	植木	noun	4	5	0	10
ja	残虐	noun	4	5	0	10
ja	００	noun	4	5	0	10
ja	いっせい	noun	4	5	0	10
ja	主治	noun	4	5	0	10
ja	司教	noun	4	5	0	10
ja	音量	noun	4	5	0	10
ja	能	noun	4	5	0	10
ja	税制	noun	4	5	0	10
ja	機種	noun	4	5	0	10
ja	さっそく	adverb	4	5	0	10
ja	赤道	noun	4	5	0	10
ja	文献	noun	4	5	0	10
ja	各人	noun	4	5	0	10
ja	細かく	adjective	4	5	0	10
ja	風習	noun	4	5	0	10
ja	給与	noun	4	5	0	10
ja	せりふ	noun	4	5	0	10
ja	月面	noun	4	5	0	10
ja	原住	noun	4	5	0	10
ja	写っ	verb	4	5	0	10
ja	ボード	noun	4	5	0	10
ja	探り	verb	4	5	9	9
ja	物語っ	verb	4	5	9	9
ja	待機	noun	4	5	9	9
ja	要り	verb	4	5	8	9
ja	導き	verb	4	5	8	9
ja	はえ	verb	4	5	8	9
ja	突入	noun	4	5	8	9
ja	うぬぼれ	verb	4	5	8	9
ja	同封	noun	4	5	7	9
ja	貫通	noun	4	5	7	9
ja	たとえ	verb	4	5	7	9
ja	着手	noun	4	5	7	9
ja	延び	verb	4	5	7	9
ja	結成	noun	4	5	7	9
ja	難点	noun	4	5	7	9
ja	倒し	verb	4	5	7	9
ja	悟ら	verb	4	5	7	9
ja	帯び	verb	4	5	7	9
ja	休業	noun	4	5	7	9
ja	当たり	verb	4	5	7	9
ja	揃え	verb	4	5	6	9
ja	増進	noun	4	5	6	9
ja	重宝	noun	4	5	6	9
ja	突破	noun	4	5	6	9
ja	おおわ	verb	4	5	6	9
ja	口ぶり	noun	4	5	6	9
ja	復帰	noun	4	5	5	9
ja	エッチ	noun	4	5	5	9
ja	発散	noun	4	5	5	9
ja	回想	noun	4	5	5	9
ja	投獄	noun	4	5	5	9
ja	捕獲	noun	4	5	5	9
ja	分かれる	verb	4	5	5	9
ja	実演	noun	4	5	5	9
ja	卒倒	noun	4	5	5	9
ja	退治	noun	4	5	4	9
ja	空か	verb	4	5	4	9
ja	こわし	verb	4	5	4	9
ja	受講	noun	4	5	4	9
ja	設け	verb	4	5	4	9
ja	起動	noun	4	5	4	9
ja	敬遠	noun	4	5	4	9
ja	気晴らし	noun	4	5	3	9
ja	上回る	verb	4	5	3	9
ja	優勢	noun	4	5	3	9
ja	区域	noun	4	5	3	9
ja	発送	noun	4	5	3	9
ja	山積み	noun	4	5	3	9
ja	抱か	verb	4	5	3	9
ja	光る	verb	4	5	3	9
ja	遡る	verb	4	5	3	9
ja	分離	noun	4	5	3	9
ja	据え	verb	4	5	3	9
ja	餅	noun	4	5	2	9
ja	電波	noun	4	5	2	9
ja	ジェシー	noun	4	5	2	9
ja	宿命	noun	4	5	2	9
ja	小僧	noun	4	5	2	9
ja	足し	verb	4	5	2	9
ja	繰り返し	noun	4	5	2	9
ja	照っ	verb	4	5	2	9
ja	回収	noun	4	5	2	9
ja	綱	noun	4	5	2	9
ja	拘束	noun	4	5	2	9
ja	試みる	verb	4	5	2	9
ja	目指す	verb	4	5	1	9
ja	安	adjective	4	5	1	9
ja	上位	noun	4	5	1	9
ja	卓越	noun	4	5	1	9
ja	引き	noun	4	5	1	9
ja	補う	verb	4	5	1	9
ja	未亡人	noun	4	5	1	9
ja	開封	noun	4	5	1	9
ja	融資	noun	4	5	1	9
ja	箇所	noun	4	5	1	9
ja	たずねる	verb	4	5	1	9
ja	顔立ち	noun	4	5	1	9
ja	撤廃	noun	4	5	1	9
ja	講師	noun	4	5	1	9
ja	耐える	verb	4	5	1	9
ja	エア	noun	4	5	1	9
ja	眺める	verb	4	5	1	9
ja	淡水	noun	4	5	1	9
ja	規約	noun	4	5	1	9
ja	決着	noun	4	5	1	9
ja	時制	noun	4	5	1	9
ja	そっ	adverb	4	5	1	9
ja	遅延	noun	4	5	1	9
ja	もともと	adverb	4	5	0	9
ja	聞き入っ	verb	4	5	0	9
ja	吹き込ん	verb	4	5	0	9
ja	園芸	noun	4	5	0	9
ja	ログ	noun	4	5	0	9
ja	西欧	noun	4	5	0	9
ja	繊維	noun	4	5	0	9
ja	マルコ	noun	4	5	0	9
ja	バプテスマ	noun	4	5	0	9
ja	ビジョン	noun	4	5	0	9
ja	キリ	noun	4	5	0	9
ja	雷雨	noun	4	5	0	9
ja	突き出	verb	4	5	0	9
ja	サンドラ	noun	4	5	0	9
ja	総額	noun	4	5	0	9
ja	田園	noun	4	5	0	9
ja	条理	noun	4	5	0	9
ja	出かかっ	verb	4	5	0	9
ja	蛇口	noun	4	5	0	9
ja	買い手	noun	4	5	0	9
ja	兵隊	noun	4	5	0	9
ja	コンポーネント	noun	4	5	0	9
ja	シャー	noun	4	5	0	9
ja	アシスタント	noun	4	5	0	9
ja	麓	noun	4	5	0	9
ja	にんにく	noun	4	5	0	9
ja	皇帝	noun	4	5	0	9
ja	あたかも	adverb	4	5	0	9
ja	つぎ込ん	verb	4	5	0	9
ja	浴槽	noun	4	5	0	9
ja	芝刈り	noun	4	5	0	9
ja	銅	noun	4	5	0	9
ja	すっと	compounds	4	5	0	9
ja	のち	noun	4	5	0	9
ja	国産	noun	4	5	0	9
ja	公	noun	4	5	0	9
ja	翌年	noun	4	5	0	9
ja	街中	noun	4	5	0	9
ja	花壇	noun	4	5	0	9
ja	馴染み	noun	4	5	0	9
ja	使い道	noun	4	5	0	9
ja	年賀	noun	4	5	0	9
ja	ぐっ	adverb	4	5	0	9
ja	亡き	adjective	4	5	0	9
ja	地帯	noun	4	5	0	9
ja	高潔	noun	4	5	0	9
ja	くださる	verb	4	5	0	9
ja	よっぽど	adverb	4	5	0	9
ja	目上	noun	4	5	0	9
ja	内面	noun	4	5	0	9
ja	インスタント	noun	4	5	0	9
ja	渋い	adjective	4	5	0	9
ja	マフラー	noun	4	5	0	9
ja	晩年	noun	4	5	0	9
ja	隙	noun	4	5	0	9
ja	わたる	verb	4	5	0	9
ja	レイアウト	noun	4	5	0	9
ja	伝記	noun	4	5	0	9
ja	肺炎	noun	4	5	0	9
ja	スペック	noun	4	5	0	9
ja	檻	noun	4	5	0	9
ja	のぞきこん	verb	4	5	0	9
ja	腕組み	noun	4	5	0	9
ja	シー	noun	4	5	0	9
ja	良書	noun	4	5	0	9
ja	窓際	noun	4	5	0	9
ja	隙間	noun	4	5	0	9
ja	レンガ	noun	4	5	0	9
ja	残忍	noun	4	5	0	9
ja	前例	noun	4	5	0	9
ja	小脇	noun	4	5	0	9
ja	願望	noun	4	5	0	9
ja	五百	noun	4	5	0	9
ja	いかだ	noun	4	5	0	9
ja	差し迫っ	verb	4	5	0	9
ja	しのぎ	noun	4	5	0	9
ja	書き直し	verb	4	5	0	9
ja	回路	noun	4	5	0	9
ja	かけがえ	noun	4	5	0	9
ja	菌	noun	4	5	0	9
ja	両側	noun	4	5	0	9
ja	薄暗い	adjective	4	5	0	9
ja	訪れ	noun	4	5	0	9
ja	ひそか	compounds	4	5	0	9
ja	選び	noun	4	5	0	9
ja	引っ張り	verb	4	5	0	9
ja	次元	noun	4	5	0	9
ja	後部	noun	4	5	0	9
ja	ル	noun	4	5	0	9
ja	籠	noun	4	5	0	9
ja	青銅	noun	4	5	0	9
ja	廃墟	noun	4	5	0	9
ja	タンパク	noun	4	5	0	9
ja	ウィンドウ	noun	4	5	0	9
ja	コマーシャル	noun	4	5	0	9
ja	押し寄せ	verb	4	5	0	9
ja	隊長	noun	4	5	0	9
ja	すね	noun	4	5	0	9
ja	間接	noun	4	5	0	9
ja	わり	noun	4	5	0	9
ja	うっすら	adverb	4	5	0	9
ja	立ち上げ	verb	4	5	0	9
ja	アクセサリー	noun	4	5	0	9
ja	トリート	noun	4	5	0	9
ja	ワックス	noun	4	5	0	9
ja	脅かさ	verb	4	5	8	8
ja	満たし	verb	4	5	8	8
ja	熱望	noun	4	5	8	8
ja	溢れ	verb	4	5	7	8
ja	まい	verb	4	5	7	8
ja	催さ	verb	4	5	7	8
ja	響い	verb	4	5	7	8
ja	成さ	verb	4	5	6	8
ja	痛み	verb	4	5	6	8
ja	散会	noun	4	5	6	8
ja	こなし	verb	4	5	6	8
ja	捻挫	noun	4	5	6	8
ja	強奪	noun	4	5	6	8
ja	苛々	noun	4	5	6	8
ja	はかっ	verb	4	5	6	8
ja	閉まら	verb	4	5	6	8
ja	かかえ	verb	4	5	5	8
ja	育み	verb	4	5	5	8
ja	腫れ	verb	4	5	5	8
ja	浮い	verb	4	5	5	8
ja	贈ら	verb	4	5	5	8
ja	発する	verb	4	5	5	8
ja	上陸	noun	4	5	5	8
ja	そむけ	verb	4	5	5	8
ja	隔て	verb	4	5	5	8
ja	つぶれ	verb	4	5	5	8
ja	貼り	verb	4	5	5	8
ja	わすれ	verb	4	5	5	8
ja	沈没	noun	4	5	5	8
ja	保た	verb	4	5	5	8
ja	著述	noun	4	5	4	8
ja	そこなっ	verb	4	5	4	8
ja	低かっ	adjective	4	5	4	8
ja	閉じる	verb	4	5	4	8
ja	抱き	verb	4	5	4	8
ja	早退	noun	4	5	4	8
ja	滞納	noun	4	5	4	8
ja	蓄積	noun	4	5	4	8
ja	授与	noun	4	5	4	8
ja	放置	noun	4	5	4	8
ja	分っ	verb	4	5	4	8
ja	奮闘	noun	4	5	4	8
ja	省略	noun	4	5	4	8
ja	叩か	verb	4	5	4	8
ja	割い	verb	4	5	4	8
ja	惜しん	verb	4	5	4	8
ja	かじかん	verb	4	5	4	8
ja	残す	verb	4	5	4	8
ja	見舞わ	verb	4	5	4	8
ja	企ん	verb	4	5	4	8
ja	難破	noun	4	5	4	8
ja	看病	noun	4	5	4	8
ja	かすん	verb	4	5	3	8
ja	制作	noun	4	5	3	8
ja	持てる	verb	4	5	3	8
ja	出せる	verb	4	5	3	8
ja	逃がし	verb	4	5	3	8
ja	うたた寝	noun	4	5	3	8
ja	挙手	noun	4	5	3	8
ja	辛	adjective	4	5	2	8
ja	クリア	noun	4	5	2	8
ja	発育	noun	4	5	2	8
ja	一握り	noun	4	5	2	8
ja	写し	noun	4	5	2	8
ja	原料	noun	4	5	2	8
ja	脅かす	verb	4	5	2	8
ja	ごろごろ	adverb	4	5	2	8
ja	衰弱	noun	4	5	2	8
ja	襲撃	noun	4	5	2	8
ja	秘訣	noun	4	5	1	8
ja	パブ	noun	4	5	1	8
ja	欄	noun	4	5	1	8
ja	掘る	verb	4	5	1	8
ja	縫う	verb	4	5	1	8
ja	洗練	noun	4	5	1	8
ja	届ける	verb	4	5	1	8
ja	リング	noun	4	5	1	8
ja	食い	verb	4	5	1	8
ja	固体	noun	4	5	1	8
ja	罪人	noun	4	5	1	8
ja	換算	noun	4	5	1	8
ja	飼い主	noun	4	5	1	8
ja	カタカナ	noun	4	5	1	8
ja	ハンス	noun	4	5	1	8
ja	庶民	noun	4	5	1	8
ja	仕草	noun	4	5	1	8
ja	進める	verb	4	5	1	8
ja	ためらう	verb	4	5	1	8
ja	確定	noun	4	5	1	8
ja	ヒル	noun	4	5	1	8
ja	移植	noun	4	5	1	8
ja	そこそこ	adverb	4	5	1	8
ja	IT	compounds	4	5	1	8
ja	録画	noun	4	5	1	8
ja	メイ	noun	4	5	1	8
ja	復興	noun	4	5	1	8
ja	セラー	noun	4	5	1	8
ja	レート	noun	4	5	1	8
ja	搾取	noun	4	5	1	8
ja	木立	noun	4	5	1	8
ja	こぼす	verb	4	5	1	8
ja	欠航	noun	4	5	1	8
ja	大通り	noun	4	5	1	8
ja	メー	noun	4	5	0	8
ja	内政	noun	4	5	0	8
ja	押し分け	verb	4	5	0	8
ja	住人	noun	4	5	0	8
ja	人目	noun	4	5	0	8
ja	オア	noun	4	5	0	8
ja	モーション	noun	4	5	0	8
ja	散漫	noun	4	5	0	8
ja	かげ	noun	4	5	0	8
ja	コンクール	noun	4	5	0	8
ja	芋	noun	4	5	0	8
ja	調味	noun	4	5	0	8
ja	追い込ま	verb	4	5	0	8
ja	果たして	adverb	4	5	0	8
ja	今夕	noun	4	5	0	8
ja	本校	noun	4	5	0	8
ja	ぐるっ	adverb	4	5	0	8
ja	沈もう	verb	4	5	0	8
ja	無量	noun	4	5	0	8
ja	未払い	noun	4	5	0	8
ja	評すれ	verb	4	5	0	8
ja	いち	noun	4	5	0	8
ja	アンチ	noun	4	5	0	8
ja	速記	noun	4	5	0	8
ja	ギャング	noun	4	5	0	8
ja	枠	noun	4	5	0	8
ja	アマゾン	noun	4	5	0	8
ja	受肉	noun	4	5	0	8
ja	セラピスト	noun	4	5	0	8
ja	さほど	adverb	4	5	0	8
ja	先住	noun	4	5	0	8
ja	春樹	noun	4	5	0	8
ja	樫	noun	4	5	0	8
ja	取り組ま	verb	4	5	0	8
ja	まくる	verb	4	5	0	8
ja	明治	noun	4	5	0	8
ja	言い回し	noun	4	5	0	8
ja	ガイドライン	noun	4	5	0	8
ja	外相	noun	4	5	0	8
ja	救世	noun	4	5	0	8
ja	貯める	verb	4	5	0	8
ja	しわ	compounds	4	5	0	8
ja	切に	adverb	4	5	0	8
ja	対外	noun	4	5	0	8
ja	サミット	noun	4	5	0	8
ja	がま	noun	4	5	0	8
ja	ポーチ	noun	4	5	0	8
ja	神々	noun	4	5	0	8
ja	かどで	noun	4	5	0	8
ja	和服	noun	4	5	0	8
ja	打ち勝つ	verb	4	5	0	8
ja	ベニス	noun	4	5	0	8
ja	捕らえる	verb	4	5	0	8
ja	セメント	noun	4	5	0	8
ja	属性	noun	4	5	0	8
ja	ギリシア	noun	4	5	0	8
ja	飛躍	noun	4	5	0	8
ja	一歩	adverb	4	5	0	8
ja	過大	noun	4	5	0	8
ja	えこ	noun	4	5	0	8
ja	アラスカ	noun	4	5	0	8
ja	堂々	noun	4	5	0	8
ja	思い込ん	verb	4	5	0	8
ja	市街	noun	4	5	0	8
ja	じゃがいも	noun	4	5	0	8
ja	セールス	noun	4	5	0	8
ja	ＡＢＣ	noun	4	5	0	8
ja	確率	noun	4	5	0	8
ja	詰め込ん	verb	4	5	0	8
ja	はずれ	noun	4	5	0	8
ja	向き	noun	4	5	0	8
ja	サミー	noun	4	5	0	8
ja	問い合わせ	noun	4	5	0	8
ja	コツコツ	adverb	4	5	0	8
ja	打ち込ん	verb	4	5	0	8
ja	貨物	noun	4	5	0	8
ja	支払	noun	4	5	0	8
ja	覗き込ん	verb	4	5	0	8
ja	社内	noun	4	5	0	8
ja	今更	adverb	4	5	0	8
ja	渇き	noun	4	5	0	8
ja	空路	noun	4	5	0	8
ja	生き残る	verb	4	5	0	8
ja	断つ	verb	4	5	0	8
ja	番線	noun	4	5	0	8
ja	ビキニ	noun	4	5	0	8
ja	司法	noun	4	5	0	8
ja	直射	noun	4	5	0	8
ja	明け方	noun	4	5	0	8
ja	篠山	noun	4	5	0	8
ja	漁船	noun	4	5	0	8
ja	修道	noun	4	5	0	8
ja	連盟	noun	4	5	0	8
ja	性別	noun	4	5	0	8
ja	秋田	noun	4	5	0	8
ja	順位	noun	4	5	0	8
ja	樹木	noun	4	5	0	8
ja	違え	verb	4	5	0	8
ja	物資	noun	4	5	0	8
ja	刃	noun	4	5	0	8
ja	一応	noun	4	5	0	8
ja	ソフトウエア	noun	4	5	0	8
ja	証書	noun	4	5	0	8
ja	行列	noun	4	5	0	8
ja	ダックスフント	noun	4	5	0	8
ja	思おう	verb	4	5	0	8
ja	京子	noun	4	5	0	8
ja	容貌	noun	4	5	0	8
ja	倉庫	noun	4	5	0	8
ja	鞘	noun	4	5	0	8
ja	東部	noun	4	5	0	8
ja	はらはら	adverb	4	5	0	8
ja	見張る	verb	4	5	0	8
ja	幾何	noun	4	5	0	8
ja	禅	noun	4	5	0	8
ja	買物	noun	4	5	0	8
ja	さぞかし	adverb	4	5	0	8
ja	信濃川	noun	4	5	0	8
ja	テンション	noun	4	5	0	8
ja	後世	noun	4	5	0	8
ja	古く	noun	4	5	0	8
ja	書留	noun	4	5	0	8
ja	チェーン	noun	4	5	0	8
ja	早期	noun	4	5	0	8
ja	カンガルー	noun	4	5	0	8
ja	とてつ	noun	4	5	0	8
ja	平野	noun	4	5	0	8
ja	ポーター	noun	4	5	0	8
ja	ほどよい	adjective	4	5	0	8
ja	味覚	noun	4	5	0	8
ja	好天	noun	4	5	0	8
ja	海抜	noun	4	5	0	8
ja	一族	noun	4	5	0	8
ja	つぐん	verb	4	5	7	7
ja	繁盛	noun	4	5	7	7
ja	営ん	verb	4	5	7	7
ja	採択	noun	4	5	7	7
ja	しおれ	verb	4	5	7	7
ja	挑ん	verb	4	5	6	7
ja	腐食	noun	4	5	6	7
ja	そびえ	verb	4	5	6	7
ja	倒壊	noun	4	5	6	7
ja	開設	noun	4	5	6	7
ja	算出	noun	4	5	6	7
ja	膨張	noun	4	5	5	7
ja	開花	noun	4	5	5	7
ja	ざらざら	adverb	4	5	5	7
ja	苦闘	noun	4	5	5	7
ja	だまっ	verb	4	5	5	7
ja	下車	noun	4	5	5	7
ja	通わ	verb	4	5	5	7
ja	省い	verb	4	5	5	7
ja	うろつい	verb	4	5	5	7
ja	変っ	verb	4	5	5	7
ja	うたっ	verb	4	5	5	7
ja	咲か	verb	4	5	5	7
ja	なにもの	noun	4	5	4	7
ja	無効	noun	4	5	4	7
ja	保有	noun	4	5	4	7
ja	現像	noun	4	5	4	7
ja	滑ら	verb	4	5	4	7
ja	固まる	verb	4	5	4	7
ja	成熟	noun	4	5	4	7
ja	つかまえ	verb	4	5	4	7
ja	情けない	adjective	4	5	4	7
ja	もらさ	verb	4	5	4	7
ja	照らさ	verb	4	5	4	7
ja	施し	verb	4	5	4	7
ja	芽生え	verb	4	5	4	7
ja	渡さ	verb	4	5	4	7
ja	さまし	verb	4	5	4	7
ja	補償	noun	4	5	4	7
ja	転がっ	verb	4	5	4	7
ja	先行	noun	4	5	3	7
ja	可	noun	4	5	3	7
ja	ふける	verb	4	5	3	7
ja	シンガー	noun	4	5	3	7
ja	整える	verb	4	5	3	7
ja	読み物	noun	4	5	3	7
ja	いじっ	verb	4	5	3	7
ja	儲ける	verb	4	5	3	7
ja	回顧	noun	4	5	3	7
ja	利か	verb	4	5	3	7
ja	安売り	noun	4	5	3	7
ja	煮え	verb	4	5	3	7
ja	利い	verb	4	5	3	7
ja	たまる	verb	4	5	3	7
ja	伴わ	verb	4	5	3	7
ja	荒廃	noun	4	5	3	7
ja	渡米	noun	4	5	3	7
ja	迷わ	verb	4	5	3	7
ja	うける	verb	4	5	3	7
ja	頂点	noun	4	5	2	7
ja	特質	noun	4	5	2	7
ja	亡くなる	verb	4	5	2	7
ja	広げる	verb	4	5	2	7
ja	向っ	verb	4	5	2	7
ja	ジャパン	noun	4	5	2	7
ja	尋問	noun	4	5	2	7
ja	添える	verb	4	5	2	7
ja	づけ	noun	4	5	2	7
ja	次い	verb	4	5	2	7
ja	働ける	verb	4	5	2	7
ja	口述	noun	4	5	2	7
ja	図る	verb	4	5	2	7
ja	委託	noun	4	5	2	7
ja	再三	noun	4	5	2	7
ja	返せ	verb	4	5	2	7
ja	しめる	verb	4	5	2	7
ja	後援	noun	4	5	2	7
ja	ドン	adverb	4	5	2	7
ja	流出	noun	4	5	2	7
ja	すべ	noun	4	5	2	7
ja	異端	noun	4	5	1	7
ja	田んぼ	noun	4	5	1	7
ja	退役	noun	4	5	1	7
ja	道化	noun	4	5	1	7
ja	ロッカー	noun	4	5	1	7
ja	話者	noun	4	5	1	7
ja	広間	noun	4	5	1	7
ja	智子	noun	4	5	1	7
ja	なびか	verb	4	5	1	7
ja	呑む	verb	4	5	1	7
ja	代償	noun	4	5	1	7
ja	重なる	verb	4	5	1	7
ja	迷路	noun	4	5	1	7
ja	現存	noun	4	5	1	7
ja	結晶	noun	4	5	1	7
ja	とうてい	adverb	4	5	1	7
ja	駆使	noun	4	5	1	7
ja	シロップ	noun	4	5	1	7
ja	技	noun	4	5	1	7
ja	ハイジャック	noun	4	5	1	7
ja	モード	noun	4	5	1	7
ja	ペンギン	noun	4	5	1	7
ja	部数	noun	4	5	1	7
ja	細	adjective	4	5	1	7
ja	煮る	verb	4	5	1	7
ja	売ろう	verb	4	5	1	7
ja	入社	noun	4	5	1	7
ja	論評	noun	4	5	1	7
ja	インチキ	noun	4	5	1	7
ja	キリン	noun	4	5	1	7
ja	ココ	noun	4	5	1	7
ja	休校	noun	4	5	1	7
ja	臓器	noun	4	5	1	7
ja	尊い	adjective	4	5	1	7
ja	ひっそり	adverb	4	5	1	7
ja	謙遜	noun	4	5	1	7
ja	肥沃	noun	4	5	1	7
ja	段取り	noun	4	5	1	7
ja	不吉	noun	4	5	1	7
ja	日照り	noun	4	5	0	7
ja	二百	noun	4	5	0	7
ja	二、三	noun	4	5	0	7
ja	追いつめ	verb	4	5	0	7
ja	続けれ	verb	4	5	0	7
ja	引き換え	noun	4	5	0	7
ja	言	noun	4	5	0	7
ja	果樹	noun	4	5	0	7
ja	暗黒	noun	4	5	0	7
ja	住	noun	4	5	0	7
ja	気づき	noun	4	5	0	7
ja	法学	noun	4	5	0	7
ja	方面	noun	4	5	0	7
ja	みそ	noun	4	5	0	7
ja	ミサ	noun	4	5	0	7
ja	本土	noun	4	5	0	7
ja	掘り出し	verb	4	5	0	7
ja	条項	noun	4	5	0	7
ja	畳	noun	4	5	0	7
ja	ねじ	noun	4	5	0	7
ja	下院	noun	4	5	0	7
ja	貝殻	noun	4	5	0	7
ja	宴	noun	4	5	0	7
ja	家主	noun	4	5	0	7
ja	ユニフォーム	noun	4	5	0	7
ja	タンス	noun	4	5	0	7
ja	無線	noun	4	5	0	7
ja	車両	noun	4	5	0	7
ja	セクハラ	noun	4	5	0	7
ja	アルフレッド	noun	4	5	0	7
ja	排気	noun	4	5	0	7
ja	粒	noun	4	5	0	7
ja	餌食	noun	4	5	0	7
ja	邪悪	noun	4	5	0	7
ja	いやしく	adjective	4	5	0	7
ja	売り手	noun	4	5	0	7
ja	押し入れ	noun	4	5	0	7
ja	幅広い	adjective	4	5	0	7
ja	埋め合わせる	verb	4	5	0	7
ja	原発	noun	4	5	0	7
ja	筆記	noun	4	5	0	7
ja	近く	adjective	4	5	0	7
ja	不変	noun	4	5	0	7
ja	飢餓	noun	4	5	0	7
ja	ほとほと	adverb	4	5	0	7
ja	北方	noun	4	5	0	7
ja	人命	noun	4	5	0	7
ja	ユネスコ	noun	4	5	0	7
ja	勉学	noun	4	5	0	7
ja	組み込ま	verb	4	5	0	7
ja	願書	noun	4	5	0	7
ja	ディール	noun	4	5	0	7
ja	燃え上がっ	verb	4	5	0	7
ja	モニター	noun	4	5	0	7
ja	効力	noun	4	5	0	7
ja	効き目	noun	4	5	0	7
ja	万引き	noun	4	5	0	7
ja	威厳	noun	4	5	0	7
ja	短期	noun	4	5	0	7
ja	ほおばっ	verb	4	5	0	7
ja	官僚	noun	4	5	0	7
ja	眠ろう	verb	4	5	0	7
ja	諸島	noun	4	5	0	7
ja	見渡せる	verb	4	5	0	7
ja	ゆとり	noun	4	5	0	7
ja	耐久	noun	4	5	0	7
ja	世帯	noun	4	5	0	7
ja	プリント	noun	4	5	0	7
ja	ひ	noun	4	5	0	7
ja	うしろ	noun	4	5	0	7
ja	マシン	noun	4	5	0	7
ja	チリ	noun	4	5	0	7
ja	救命	noun	4	5	0	7
ja	ペルシャ	noun	4	5	0	7
ja	骨組み	noun	4	5	0	7
ja	か国	noun	4	5	0	7
ja	出力	noun	4	5	0	7
ja	一旦	adverb	4	5	0	7
ja	オバマ	noun	4	5	0	7
ja	体内	noun	4	5	0	7
ja	キーキー	adverb	4	5	0	7
ja	先ほど	noun	4	5	0	7
ja	温室	noun	4	5	0	7
ja	発信	noun	4	5	0	7
ja	ものごと	noun	4	5	0	7
ja	日夜	noun	4	5	0	7
ja	容量	noun	4	5	0	7
ja	昇ろう	verb	4	5	0	7
ja	ココナッツ	noun	4	5	0	7
ja	昼飯	noun	4	5	0	7
ja	団地	noun	4	5	0	7
ja	切り傷	noun	4	5	0	7
ja	見渡せ	verb	4	5	0	7
ja	非行	noun	4	5	0	7
ja	音速	noun	4	5	0	7
ja	ぴん	adverb	4	5	0	7
ja	不和	noun	4	5	0	7
ja	生卵	noun	4	5	0	7
ja	ずるずる	adverb	4	5	0	7
ja	能率	noun	4	5	0	7
ja	顧問	noun	4	5	0	7
ja	為す	verb	4	5	0	7
ja	ネジ	noun	4	5	0	7
ja	かこう	verb	4	5	0	7
ja	棟	noun	4	5	0	7
ja	国債	noun	4	5	0	7
ja	ハリケーン	noun	4	5	0	7
ja	どう	compounds	4	5	0	7
ja	しようがない	compounds	4	5	0	7
ja	湖畔	noun	4	5	0	7
ja	思いつく	verb	4	5	0	7
ja	平手	noun	4	5	0	7
ja	なんら	compounds	4	5	0	7
ja	ちょくちょく	adverb	4	5	0	7
ja	あてはまら	verb	4	5	0	7
ja	一筆	noun	4	5	0	7
ja	二股	noun	4	5	0	7
ja	ひとかど	noun	4	5	0	7
ja	山道	noun	4	5	0	7
ja	スラスラ	adverb	4	5	0	7
ja	甲	noun	4	5	0	7
ja	値下げ	noun	4	5	0	7
ja	ジュネーブ	noun	4	5	0	7
ja	デビュー	noun	4	5	0	7
ja	文庫	noun	4	5	0	7
ja	手前	noun	4	5	0	7
ja	路地	noun	4	5	0	7
ja	往々	adverb	4	5	0	7
ja	兆し	noun	4	5	0	7
ja	西暦	noun	4	5	0	7
ja	ハードディスク	noun	4	5	0	7
ja	給え	verb	4	5	0	7
ja	グノーシス	noun	4	5	0	7
ja	ヒトラー	noun	4	5	0	7
ja	飼い猫	noun	4	5	0	7
ja	著しく	adjective	4	5	0	7
ja	最短	noun	4	5	0	7
ja	ごま	noun	4	5	0	7
ja	タンク	noun	4	5	0	7
ja	デスク	noun	4	5	0	7
ja	話し言葉	noun	4	5	0	7
ja	材質	noun	4	5	0	7
ja	きまり	noun	4	5	0	7
ja	皇太子	noun	4	5	0	7
ja	ストッキング	noun	4	5	0	7
ja	真っ先	noun	4	5	0	7
ja	ピリオド	noun	4	5	0	7
ja	南北	noun	4	5	0	7
ja	つね	noun	4	5	0	7
ja	ジェリー	noun	4	5	0	7
ja	関わり	noun	4	5	0	7
ja	くるくる	adverb	4	5	0	7
ja	執り行わ	verb	4	5	0	7
ja	ひたすら	adverb	4	5	0	7
ja	様相	noun	4	5	0	7
ja	誘い	noun	4	5	0	7
ja	送り返し	verb	4	5	0	7
ja	原作	noun	4	5	0	7
ja	軍縮	noun	4	5	0	7
ja	正々	noun	4	5	0	7
ja	プロトコル	noun	4	5	0	7
ja	口語	noun	4	5	0	7
ja	河川	noun	4	5	0	7
ja	アイスランド	noun	4	5	0	7
ja	異	noun	4	5	0	7
ja	雲間	noun	4	5	0	7
ja	差し支え	verb	4	5	0	7
ja	傍	noun	4	5	0	7
ja	みかん	noun	4	5	0	7
ja	和らげ	verb	4	5	6	6
ja	続行	noun	4	5	6	6
ja	垂れ	verb	4	5	6	6
ja	素晴らしかっ	adjective	4	5	6	6
ja	覆っ	verb	4	5	6	6
ja	撮れ	verb	4	5	6	6
ja	強め	verb	4	5	6	6
ja	病ん	verb	4	5	6	6
ja	もち	verb	4	5	6	6
ja	同調	noun	4	5	6	6
ja	励ん	verb	4	5	6	6
ja	費やさ	verb	4	5	6	6
ja	ぞくぞく	adverb	4	5	5	6
ja	ウキウキ	adverb	4	5	5	6
ja	かれ	verb	4	5	5	6
ja	除名	noun	4	5	5	6
ja	はげ	verb	4	5	5	6
ja	おしえ	verb	4	5	5	6
ja	積ま	verb	4	5	5	6
ja	とどめ	verb	4	5	5	6
ja	口振り	noun	4	5	5	6
ja	暗示	noun	4	5	5	6
ja	計上	noun	4	5	5	6
ja	現し	verb	4	5	5	6
ja	さけ	verb	4	5	4	6
ja	有毒	noun	4	5	4	6
ja	出帆	noun	4	5	4	6
ja	送ろう	verb	4	5	4	6
ja	圧迫	noun	4	5	4	6
ja	苦戦	noun	4	5	4	6
ja	かたづけ	verb	4	5	4	6
ja	掌握	noun	4	5	4	6
ja	調印	noun	4	5	4	6
ja	模索	noun	4	5	4	6
ja	つづる	verb	4	5	4	6
ja	ふさい	verb	4	5	4	6
ja	たくらん	verb	4	5	4	6
ja	向かい側	noun	4	5	4	6
ja	往診	noun	4	5	4	6
ja	在り	verb	4	5	4	6
ja	あがり	verb	4	5	4	6
ja	投合	noun	4	5	4	6
ja	冠水	noun	4	5	4	6
ja	互角	noun	4	5	4	6
ja	育た	verb	4	5	4	6
ja	傑出	noun	4	5	4	6
ja	鎮火	noun	4	5	4	6
ja	試食	noun	4	5	4	6
ja	あたえ	verb	4	5	3	6
ja	投入	noun	4	5	3	6
ja	転び	verb	4	5	3	6
ja	損なわ	verb	4	5	3	6
ja	あこがれる	verb	4	5	3	6
ja	適合	noun	4	5	3	6
ja	挙げる	verb	4	5	3	6
ja	改訂	noun	4	5	3	6
ja	上場	noun	4	5	3	6
ja	偉業	noun	4	5	3	6
ja	打破	noun	4	5	3	6
ja	英訳	noun	4	5	3	6
ja	尺度	noun	4	5	3	6
ja	漂う	verb	4	5	3	6
ja	楽園	noun	4	5	3	6
ja	包み	verb	4	5	3	6
ja	のばし	verb	4	5	3	6
ja	多発	noun	4	5	3	6
ja	ゆれ	verb	4	5	3	6
ja	太刀打ち	noun	4	5	2	6
ja	困窮	noun	4	5	2	6
ja	上る	verb	4	5	2	6
ja	渇望	noun	4	5	2	6
ja	滅びる	verb	4	5	2	6
ja	みつける	verb	4	5	2	6
ja	やめれ	verb	4	5	2	6
ja	セッション	noun	4	5	2	6
ja	くどい	adjective	4	5	2	6
ja	合コン	noun	4	5	2	6
ja	通読	noun	4	5	2	6
ja	雑談	noun	4	5	2	6
ja	おくれ	noun	4	5	2	6
ja	くつろげる	verb	4	5	2	6
ja	釈明	noun	4	5	2	6
ja	つづく	verb	4	5	2	6
ja	物知り	noun	4	5	2	6
ja	エプロン	noun	4	5	2	6
ja	従順	noun	4	5	2	6
ja	執筆	noun	4	5	2	6
ja	枯れる	verb	4	5	2	6
ja	飯	noun	4	5	2	6
ja	つまみ食い	noun	4	5	2	6
ja	モテ	verb	4	5	2	6
ja	よる	verb	4	5	2	6
ja	泊っ	verb	4	5	2	6
ja	うずうず	adverb	4	5	2	6
ja	追い	verb	4	5	2	6
ja	堪える	verb	4	5	2	6
ja	ヤバい	adjective	4	5	1	6
ja	誤字	noun	4	5	1	6
ja	むく	verb	4	5	1	6
ja	少な	adjective	4	5	1	6
ja	取り決め	noun	4	5	1	6
ja	店内	noun	4	5	1	6
ja	歩き	noun	4	5	1	6
ja	要塞	noun	4	5	1	6
ja	超過	noun	4	5	1	6
ja	無力	noun	4	5	1	6
ja	標高	noun	4	5	1	6
ja	クラリネット	noun	4	5	1	6
ja	つぼ	noun	4	5	1	6
ja	魔術	noun	4	5	1	6
ja	焼肉	noun	4	5	1	6
ja	長官	noun	4	5	1	6
ja	憎悪	noun	4	5	1	6
ja	垂直	noun	4	5	1	6
ja	初日	noun	4	5	1	6
ja	なけ	verb	4	5	1	6
ja	さらさら	adverb	4	5	1	6
ja	対決	noun	4	5	1	6
ja	スフィンクス	noun	4	5	1	6
ja	登頂	noun	4	5	1	6
ja	奇抜	noun	4	5	1	6
ja	発祥	noun	4	5	1	6
ja	果汁	noun	4	5	1	6
ja	こぶ	noun	4	5	1	6
ja	捜す	verb	4	5	1	6
ja	再建	noun	4	5	1	6
ja	一通り	noun	4	5	1	6
ja	注	noun	4	5	1	6
ja	キロメートル	noun	4	5	1	6
ja	とうもろこし	noun	4	5	1	6
ja	シモン	noun	4	5	1	6
ja	惚れる	verb	4	5	1	6
ja	葛藤	noun	4	5	1	6
ja	元彼	noun	4	5	0	6
ja	花びら	noun	4	5	0	6
ja	珍しく	adjective	4	5	0	6
ja	古び	verb	4	5	0	6
ja	エピクテトス	noun	4	5	0	6
ja	極度	noun	4	5	0	6
ja	アップグレード	noun	4	5	0	6
ja	書き込ん	verb	4	5	0	6
ja	逃れよう	verb	4	5	0	6
ja	しぶしぶ	adverb	4	5	0	6
ja	フォルダ	noun	4	5	0	6
ja	ヒンズー	noun	4	5	0	6
ja	客室	noun	4	5	0	6
ja	火薬	noun	4	5	0	6
ja	負けよう	verb	4	5	0	6
ja	ドラッグストア	noun	4	5	0	6
ja	人称	noun	4	5	0	6
ja	とやかく	adverb	4	5	0	6
ja	送り出し	verb	4	5	0	6
ja	塵	noun	4	5	0	6
ja	廃虚	noun	4	5	0	6
ja	予め	adverb	4	5	0	6
ja	証券	noun	4	5	0	6
ja	思い悩ん	verb	4	5	0	6
ja	反感	noun	4	5	0	6
ja	皇居	noun	4	5	0	6
ja	チラシ	noun	4	5	0	6
ja	下流	noun	4	5	0	6
ja	ですけれど	compounds	4	5	0	6
ja	模擬	noun	4	5	0	6
ja	レス	noun	4	5	0	6
ja	脱水	noun	4	5	0	6
ja	片づけ	noun	4	5	0	6
ja	前置	noun	4	5	0	6
ja	ラウンド	noun	4	5	0	6
ja	ノルマ	noun	4	5	0	6
ja	つじつま	noun	4	5	0	6
ja	ど	noun	4	5	0	6
ja	うつ伏せ	noun	4	5	0	6
ja	暗黙	noun	4	5	0	6
ja	半球	noun	4	5	0	6
ja	見逃す	verb	4	5	0	6
ja	セルビア	noun	4	5	0	6
ja	急病	noun	4	5	0	6
ja	ガードレール	noun	4	5	0	6
ja	支障	noun	4	5	0	6
ja	履修	noun	4	5	0	6
ja	走行	noun	4	5	0	6
ja	最古	noun	4	5	0	6
ja	小沢	noun	4	5	0	6
ja	焼き肉	noun	4	5	0	6
ja	キーン	adverb	4	5	0	6
ja	夕刊	noun	4	5	0	6
ja	ソニー	noun	4	5	0	6
ja	エヴァンス	noun	4	5	0	6
ja	寸法	noun	4	5	0	6
ja	食洗	noun	4	5	0	6
ja	御子	noun	4	5	0	6
ja	全集	noun	4	5	0	6
ja	永く	adjective	4	5	0	6
ja	バンジー	noun	4	5	0	6
ja	呼び起こし	verb	4	5	0	6
ja	軽食	noun	4	5	0	6
ja	ナイル	noun	4	5	0	6
ja	慶応	noun	4	5	0	6
ja	代用	noun	4	5	0	6
ja	月々	noun	4	5	0	6
ja	各種	noun	4	5	0	6
ja	戦時	noun	4	5	0	6
ja	わら	noun	4	5	0	6
ja	素手	noun	4	5	0	6
ja	こえ	verb	4	5	0	6
ja	コレラ	noun	4	5	0	6
ja	終始	adverb	4	5	0	6
ja	すき焼き	noun	4	5	0	6
ja	帳簿	noun	4	5	0	6
ja	鉱山	noun	4	5	0	6
ja	仮想	noun	4	5	0	6
ja	こづかい	noun	4	5	0	6
ja	メーキング	noun	4	5	0	6
ja	人差し	noun	4	5	0	6
ja	物品	noun	4	5	0	6
ja	クライアント	noun	4	5	0	6
ja	あのう	compounds	4	5	0	6
ja	１千	noun	4	5	0	6
ja	彗星	noun	4	5	0	6
ja	人相	noun	4	5	0	6
ja	敷物	noun	4	5	0	6
ja	好況	noun	4	5	0	6
ja	シップ	noun	4	5	0	6
ja	書き取っ	verb	4	5	0	6
ja	亭主	noun	4	5	0	6
ja	優柔	noun	4	5	0	6
ja	勝ち取る	verb	4	5	0	6
ja	次ぐ	verb	4	5	0	6
ja	処女	noun	4	5	0	6
ja	円周	noun	4	5	0	6
ja	マリガン	noun	4	5	0	6
ja	書き込み	noun	4	5	0	6
ja	ヘッドホン	noun	4	5	0	6
ja	ベートーヴェン	noun	4	5	0	6
ja	窮地	noun	4	5	0	6
ja	素晴らしく	adjective	4	5	0	6
ja	騒動	noun	4	5	0	6
ja	内密	noun	4	5	0	6
ja	不審	noun	4	5	0	6
ja	売り子	noun	4	5	0	6
ja	競い合っ	verb	4	5	0	6
ja	布地	noun	4	5	0	6
ja	緒	noun	4	5	0	6
ja	ムダ	noun	4	5	0	6
ja	聴覚	noun	4	5	0	6
ja	技法	noun	4	5	0	6
ja	ハガキ	noun	4	5	0	6
ja	筆舌	noun	4	5	0	6
ja	デーツ	noun	4	5	0	6
ja	率い	verb	4	5	0	6
ja	うようよ	adverb	4	5	0	6
ja	岬	noun	4	5	0	6
ja	小猫	noun	4	5	0	6
ja	ヘビー	noun	4	5	0	6
ja	判	noun	4	5	0	6
ja	段々	noun	4	5	0	6
ja	便宜	noun	4	5	0	6
ja	思い付か	verb	4	5	0	6
ja	アトランタ	noun	4	5	0	6
ja	ハイテク	noun	4	5	0	6
ja	背骨	noun	4	5	0	6
ja	原爆	noun	4	5	0	6
ja	品行	noun	4	5	0	6
ja	ガラクタ	noun	4	5	0	6
ja	店長	noun	4	5	0	6
ja	すっぽり	adverb	4	5	0	6
ja	シベリア	noun	4	5	0	6
ja	歩む	verb	4	5	0	6
ja	盗もう	verb	4	5	0	6
ja	区間	noun	4	5	0	6
ja	語順	noun	4	5	0	6
ja	リビア	noun	4	5	0	6
ja	改める	verb	4	5	0	6
ja	近辺	noun	4	5	0	6
ja	取り入れる	verb	4	5	0	6
ja	浅く	adjective	4	5	0	6
ja	ことがら	noun	4	5	0	6
ja	風通し	noun	4	5	0	6
ja	氷柱	noun	4	5	0	6
ja	１、２	noun	4	5	0	6
ja	老い	noun	4	5	0	6
ja	いぬ	noun	4	5	0	6
ja	ねだり	noun	4	5	0	6
ja	よくよく	adverb	4	5	0	6
ja	強者	noun	4	5	0	6
ja	滑り台	noun	4	5	0	6
ja	親族	noun	4	5	0	6
ja	父母	noun	4	5	0	6
ja	終わろう	verb	4	5	0	6
ja	敷居	noun	4	5	0	6
ja	卓球	noun	4	5	0	6
ja	特典	noun	4	5	0	6
ja	草木	noun	4	5	0	6
ja	易しく	adjective	4	5	0	6
ja	折	noun	4	5	0	6
ja	ごう	noun	4	5	0	6
ja	ひろし	noun	4	5	0	6
ja	ブリキ	noun	4	5	0	6
ja	起これ	verb	4	5	0	6
ja	モーニング	noun	4	5	0	6
ja	キャンデー	noun	4	5	0	6
ja	でこ	noun	4	5	0	6
ja	引き出す	verb	4	5	0	6
ja	音声	noun	4	5	0	6
ja	聖人	noun	4	5	0	6
ja	思いきっ	verb	4	5	0	6
ja	ビスケット	noun	4	5	0	6
ja	ウィリー	noun	4	5	0	6
ja	寝床	noun	4	5	0	6
ja	着々	adverb	4	5	0	6
ja	ｍａｉｌ	noun	4	5	0	6
ja	ポート	noun	4	5	0	6
ja	やせる	verb	4	5	0	6
ja	店主	noun	4	5	0	6
ja	納税	noun	4	5	0	6
ja	五千	noun	4	5	0	6
ja	言葉づかい	noun	4	5	0	6
ja	ボロ	noun	4	5	0	6
ja	書き写し	verb	4	5	0	6
ja	レーダー	noun	4	5	0	6
ja	アレンジ	noun	4	5	0	6
ja	おい	noun	4	5	0	6
ja	受け取り	noun	4	5	0	6
ja	マラリア	noun	4	5	0	6
ja	切れ味	noun	4	5	0	6
ja	キューバ	noun	4	5	0	6
ja	焼き上げ	verb	4	5	0	6
ja	貼る	verb	4	5	0	6
ja	こんど	noun	4	5	0	6
ja	関東	noun	4	5	0	6
ja	トラウマ	noun	4	5	0	6
ja	スプリンクラー	noun	4	5	0	6
ja	間中	noun	4	5	0	6
ja	探し回っ	verb	4	5	0	6
ja	気違い	noun	4	5	0	6
ja	閣僚	noun	4	5	0	6
ja	むなしく	adjective	4	5	0	6
ja	催眠	noun	4	5	0	6
ja	謝ろう	verb	4	5	0	6
ja	デイ	noun	4	5	0	6
ja	原油	noun	4	5	0	6
ja	ススメ	verb	4	5	0	6
ja	出会え	verb	4	5	0	6
ja	振り向き	verb	4	5	0	6
ja	正夫	noun	4	5	0	6
ja	蒸し暑く	adjective	4	5	0	6
ja	同窓	noun	4	5	0	6
ja	学長	noun	4	5	0	6
ja	九死	noun	4	5	0	6
ja	都庁	noun	4	5	0	6
ja	甲斐性	noun	4	5	0	6
ja	騎士	noun	4	5	0	6
ja	慈愛	noun	4	5	0	6
ja	神殿	noun	4	5	0	6
ja	若手	noun	4	5	0	6
ja	ターナー	noun	4	5	0	6
ja	救おう	verb	4	5	0	6
ja	括弧	noun	4	5	0	6
ja	特急	noun	4	5	0	6
ja	カート	noun	4	5	0	6
ja	シロ	noun	4	5	0	6
ja	読み返し	verb	4	5	0	6
ja	西部	noun	4	5	0	6
ja	少量	noun	4	5	0	6
ja	駒	noun	4	5	0	6
ja	安	noun	4	5	0	6
ja	大昔	noun	4	5	0	6
ja	全土	noun	4	5	0	6
ja	仮面	noun	4	5	0	6
ja	やかましく	adjective	4	5	0	6
ja	憲章	noun	4	5	0	6
ja	朝鮮	noun	4	5	0	6
ja	鴨	noun	4	5	0	6
ja	課程	noun	4	5	0	6
ja	早々	noun	4	5	0	6
ja	班	noun	4	5	0	6
ja	荷車	noun	4	5	0	6
ja	鎌倉	noun	4	5	0	6
ja	隣接	noun	4	5	5	5
ja	暮らさ	verb	4	5	5	5
ja	よぎっ	verb	4	5	5	5
ja	集まら	verb	4	5	5	5
ja	抽出	noun	4	5	5	5
ja	にぎわっ	verb	4	5	5	5
ja	寄港	noun	4	5	5	5
ja	癒さ	verb	4	5	5	5
ja	よん	verb	4	5	5	5
ja	例え	verb	4	5	5	5
ja	翻弄	noun	4	5	5	5
ja	治め	verb	4	5	5	5
ja	備わっ	verb	4	5	5	5
ja	あそん	verb	4	5	5	5
ja	きたし	verb	4	5	5	5
ja	ウトウト	adverb	4	5	5	5
ja	交わっ	verb	4	5	4	5
ja	慎ん	verb	4	5	4	5
ja	浸かっ	verb	4	5	4	5
ja	放免	noun	4	5	4	5
ja	こわす	verb	4	5	4	5
ja	可愛かっ	adjective	4	5	4	5
ja	久しい	adjective	4	5	4	5
ja	急増	noun	4	5	4	5
ja	よかろう	adjective	4	5	4	5
ja	産ま	verb	4	5	4	5
ja	打てる	verb	4	5	4	5
ja	膨らん	verb	4	5	4	5
ja	旋回	noun	4	5	4	5
ja	わい	verb	4	5	4	5
ja	たわん	verb	4	5	4	5
ja	暗唱	noun	4	5	4	5
ja	被る	verb	4	5	4	5
ja	失格	noun	4	5	4	5
ja	反射	noun	4	5	4	5
ja	発狂	noun	4	5	4	5
ja	おもえ	verb	4	5	4	5
ja	造り	verb	4	5	4	5
ja	仕込め	verb	4	5	4	5
ja	幼	adjective	4	5	3	5
ja	蔓延	noun	4	5	3	5
ja	可愛	adjective	4	5	3	5
ja	超し	verb	4	5	3	5
ja	突進	noun	4	5	3	5
ja	イケる	verb	4	5	3	5
ja	はしゃい	verb	4	5	3	5
ja	跳ね	verb	4	5	3	5
ja	ツイ	verb	4	5	3	5
ja	伸びる	verb	4	5	3	5
ja	こだま	noun	4	5	3	5
ja	雨漏り	noun	4	5	3	5
ja	適っ	verb	4	5	3	5
ja	去ら	verb	4	5	3	5
ja	つなぐ	verb	4	5	3	5
ja	算用	noun	4	5	3	5
ja	漕い	verb	4	5	3	5
ja	成ら	verb	4	5	3	5
ja	処罰	noun	4	5	3	5
ja	併合	noun	4	5	3	5
ja	降下	noun	4	5	3	5
ja	かまっ	verb	4	5	3	5
ja	州都	noun	4	5	3	5
ja	短かっ	adjective	4	5	3	5
ja	くっつけ	verb	4	5	3	5
ja	かがん	verb	4	5	3	5
ja	粗い	adjective	4	5	2	5
ja	退出	noun	4	5	2	5
ja	崩す	verb	4	5	2	5
ja	反響	noun	4	5	2	5
ja	帰れる	verb	4	5	2	5
ja	折り	verb	4	5	2	5
ja	よろこん	verb	4	5	2	5
ja	あか	verb	4	5	2	5
ja	あかし	verb	4	5	2	5
ja	募集	noun	4	5	2	5
ja	呑ん	verb	4	5	2	5
ja	係り	noun	4	5	2	5
ja	死去	noun	4	5	2	5
ja	休める	verb	4	5	2	5
ja	予熱	noun	4	5	2	5
ja	ハミング	noun	4	5	2	5
ja	ふる	verb	4	5	2	5
ja	しゃがん	verb	4	5	2	5
ja	白熱	noun	4	5	2	5
ja	ガロン	noun	4	5	2	5
ja	真似る	verb	4	5	2	5
ja	負える	verb	4	5	2	5
ja	大損	noun	4	5	2	5
ja	スローガン	noun	4	5	2	5
ja	云っ	verb	4	5	2	5
ja	増し	noun	4	5	2	5
ja	過ごそう	verb	4	5	2	5
ja	しかけ	verb	4	5	2	5
ja	越す	verb	4	5	2	5
ja	あざ笑う	verb	4	5	2	5
ja	引率	noun	4	5	2	5
ja	味つけ	noun	4	5	2	5
ja	たかっ	verb	4	5	2	5
ja	洋行	noun	4	5	2	5
ja	撲滅	noun	4	5	2	5
ja	まく	verb	4	5	2	5
ja	泊まら	verb	4	5	2	5
ja	実る	verb	4	5	2	5
ja	あふれる	verb	4	5	2	5
ja	外す	verb	4	5	2	5
ja	秀才	noun	4	5	2	5
ja	清める	verb	4	5	2	5
ja	小躍り	noun	4	5	2	5
ja	照会	noun	4	5	2	5
ja	シフト	noun	4	5	2	5
ja	クロス	noun	4	5	2	5
ja	棚上げ	noun	4	5	2	5
ja	どたばた	adverb	4	5	2	5
ja	フラ	verb	4	5	2	5
ja	元素	noun	4	5	2	5
ja	子孫	noun	4	5	2	5
ja	渡れる	verb	4	5	2	5
ja	中継	noun	4	5	2	5
ja	流行り	noun	4	5	2	5
ja	かけれ	verb	4	5	1	5
ja	上質	noun	4	5	1	5
ja	ハッキリ	adverb	4	5	1	5
ja	スカウト	noun	4	5	1	5
ja	捕まる	verb	4	5	1	5
ja	追突	noun	4	5	1	5
ja	検定	noun	4	5	1	5
ja	外観	noun	4	5	1	5
ja	昇れ	verb	4	5	1	5
ja	王冠	noun	4	5	1	5
ja	囲ん	verb	4	5	1	5
ja	元カノ	noun	4	5	1	5
ja	プレゼン	noun	4	5	1	5
ja	仕度	noun	4	5	1	5
ja	抜ける	verb	4	5	1	5
ja	はたらく	verb	4	5	1	5
ja	信心	noun	4	5	1	5
ja	死傷	noun	4	5	1	5
ja	ＡＬＳ	noun	4	5	1	5
ja	ナンセンス	noun	4	5	1	5
ja	たたん	verb	4	5	1	5
ja	パトロール	noun	4	5	1	5
ja	窒息	noun	4	5	1	5
ja	坐っ	verb	4	5	1	5
ja	ゆー	verb	4	5	1	5
ja	響く	verb	4	5	1	5
ja	清浄	noun	4	5	1	5
ja	一因	noun	4	5	1	5
ja	プレス	noun	4	5	1	5
ja	おそれ	verb	4	5	1	5
ja	水源	noun	4	5	1	5
ja	意訳	noun	4	5	1	5
ja	間際	noun	4	5	1	5
ja	笑える	verb	4	5	1	5
ja	四角	noun	4	5	1	5
ja	冷酷	noun	4	5	1	5
ja	捻出	noun	4	5	1	5
ja	高けれ	adjective	4	5	1	5
ja	乙	noun	4	5	1	5
ja	敬服	noun	4	5	1	5
ja	明か	verb	4	5	1	5
ja	うぬぼれ	noun	4	5	1	5
ja	てっきり	adverb	4	5	1	5
ja	リクエスト	noun	4	5	1	5
ja	無名	noun	4	5	1	5
ja	受けよう	verb	4	5	1	5
ja	問う	verb	4	5	1	5
ja	腕白	noun	4	5	1	5
ja	男優	noun	4	5	1	5
ja	運べる	verb	4	5	1	5
ja	もつれ	verb	4	5	1	5
ja	独り立ち	noun	4	5	1	5
ja	ヒマ	noun	4	5	1	5
ja	ドール	noun	4	5	1	5
ja	福	noun	4	5	1	5
ja	空費	noun	4	5	1	5
ja	弁明	noun	4	5	1	5
ja	エントリー	noun	4	5	1	5
ja	甥っ子	noun	4	5	1	5
ja	裏付け	noun	4	5	1	5
ja	揺られ	verb	4	5	1	5
ja	降雪	noun	4	5	1	5
ja	退く	verb	4	5	1	5
ja	対称	noun	4	5	1	5
ja	ことし	noun	4	5	1	5
ja	屁	noun	4	5	1	5
ja	まるまる	adverb	4	5	1	5
ja	しっくり	adverb	4	5	1	5
ja	大洋	noun	4	5	1	5
ja	つぶす	verb	4	5	1	5
ja	本部	noun	4	5	1	5
ja	方角	noun	4	5	1	5
ja	わめく	verb	4	5	1	5
ja	盲人	noun	4	5	1	5
ja	ブロンド	noun	4	5	1	5
ja	並べる	verb	4	5	1	5
ja	握る	verb	4	5	1	5
ja	条	noun	4	5	1	5
ja	志す	verb	4	5	1	5
ja	傷む	verb	4	5	1	5
ja	取り返し	noun	4	5	0	5
ja	マイアミ	noun	4	5	0	5
ja	泉	noun	4	5	0	5
ja	やりとり	noun	4	5	0	5
ja	増税	noun	4	5	0	5
ja	ガチャン	adverb	4	5	0	5
ja	明子	noun	4	5	0	5
ja	今さら	adverb	4	5	0	5
ja	ラスト	noun	4	5	0	5
ja	草花	noun	4	5	0	5
ja	ぐい	adverb	4	5	0	5
ja	バン	noun	4	5	0	5
ja	待ちかまえ	verb	4	5	0	5
ja	含有	noun	4	5	0	5
ja	けん	noun	4	5	0	5
ja	飛び去る	verb	4	5	0	5
ja	アンテナ	noun	4	5	0	5
ja	カビ	noun	4	5	0	5
ja	安藤	noun	4	5	0	5
ja	特大	noun	4	5	0	5
ja	たどりつく	verb	4	5	0	5
ja	幾多	noun	4	5	0	5
ja	マリ	noun	4	5	0	5
ja	保安	noun	4	5	0	5
ja	ぼそぼそ	adverb	4	5	0	5
ja	ハドソン	noun	4	5	0	5
ja	亜鉛	noun	4	5	0	5
ja	かね	noun	4	5	0	5
ja	ツボ	noun	4	5	0	5
ja	東側	noun	4	5	0	5
ja	肩書き	noun	4	5	0	5
ja	定評	noun	4	5	0	5
ja	残飯	noun	4	5	0	5
ja	養女	noun	4	5	0	5
ja	ガガ	noun	4	5	0	5
ja	水色	noun	4	5	0	5
ja	編	noun	4	5	0	5
ja	婚姻	noun	4	5	0	5
ja	真顔	noun	4	5	0	5
ja	塞ぎ込ん	verb	4	5	0	5
ja	王座	noun	4	5	0	5
ja	込み入っ	verb	4	5	0	5
ja	したく	noun	4	5	0	5
ja	霊感	noun	4	5	0	5
ja	戦車	noun	4	5	0	5
ja	白昼	noun	4	5	0	5
ja	ナタ	noun	4	5	0	5
ja	新米	noun	4	5	0	5
ja	無性	noun	4	5	0	5
ja	見込ん	verb	4	5	0	5
ja	立ちこめ	verb	4	5	0	5
ja	辺ぴ	noun	4	5	0	5
ja	碇	noun	4	5	0	5
ja	海上	noun	4	5	0	5
ja	雛	noun	4	5	0	5
ja	加古川	noun	4	5	0	5
ja	んではない	compounds	4	5	0	5
ja	並	noun	4	5	0	5
ja	改札	noun	4	5	0	5
ja	シナモン	noun	4	5	0	5
ja	品切れ	noun	4	5	0	5
ja	怪しく	adjective	4	5	0	5
ja	いっさい	noun	4	5	0	5
ja	信ずる	verb	4	5	0	5
ja	栗鼠	noun	4	5	0	5
ja	育児	noun	4	5	0	5
ja	アテネ	noun	4	5	0	5
ja	ゴミ袋	noun	4	5	0	5
ja	クソ	noun	4	5	0	5
ja	時世	noun	4	5	0	5
ja	雑巾	noun	4	5	0	5
ja	とりやめ	verb	4	5	0	5
ja	飲み屋	noun	4	5	0	5
ja	したがう	verb	4	5	0	5
ja	最盛	noun	4	5	0	5
ja	怪獣	noun	4	5	0	5
ja	甘味	noun	4	5	0	5
ja	任期	noun	4	5	0	5
ja	明け暮れ	verb	4	5	0	5
ja	飛び出す	verb	4	5	0	5
ja	こしょう	noun	4	5	0	5
ja	オーク	noun	4	5	0	5
ja	不祥	noun	4	5	0	5
ja	かく	adverb	4	5	0	5
ja	乗っ取ら	verb	4	5	0	5
ja	結びつける	verb	4	5	0	5
ja	しわ	noun	4	5	0	5
ja	なん	noun	4	5	0	5
ja	泊まり	noun	4	5	0	5
ja	メイク	noun	4	5	0	5
ja	ミン	noun	4	5	0	5
ja	思い出そう	verb	4	5	0	5
ja	修得	noun	4	5	0	5
ja	産科	noun	4	5	0	5
ja	陽光	noun	4	5	0	5
ja	引き取り	verb	4	5	0	5
ja	薬缶	noun	4	5	0	5
ja	たけし	noun	4	5	0	5
ja	ワッ	adverb	4	5	0	5
ja	巡回	noun	4	5	0	5
ja	巡り	noun	4	5	0	5
ja	紫色	noun	4	5	0	5
ja	ひなた	noun	4	5	0	5
ja	きのこ	noun	4	5	0	5
ja	兵役	noun	4	5	0	5
ja	痛切	noun	4	5	0	5
ja	主語	noun	4	5	0	5
ja	リザ	noun	4	5	0	5
ja	そっくり	adverb	4	5	0	5
ja	活字	noun	4	5	0	5
ja	わいろ	noun	4	5	0	5
ja	レーガン	noun	4	5	0	5
ja	二言	noun	4	5	0	5
ja	シーザー	noun	4	5	0	5
ja	検事	noun	4	5	0	5
ja	中耳	noun	4	5	0	5
ja	家中	noun	4	5	0	5
ja	つっこん	verb	4	5	0	5
ja	稲作	noun	4	5	0	5
ja	家名	noun	4	5	0	5
ja	寓話	noun	4	5	0	5
ja	積み上げ	verb	4	5	0	5
ja	待ち受け	verb	4	5	0	5
ja	リゾート	noun	4	5	0	5
ja	とびぬけ	verb	4	5	0	5
ja	絞首	noun	4	5	0	5
ja	行きつけ	noun	4	5	0	5
ja	造作	noun	4	5	0	5
ja	トトロ	noun	4	5	0	5
ja	作り出し	verb	4	5	0	5
ja	書き留める	verb	4	5	0	5
ja	文房	noun	4	5	0	5
ja	熟語	noun	4	5	0	5
ja	等しく	adjective	4	5	0	5
ja	ウィーク	noun	4	5	0	5
ja	グレタ	noun	4	5	0	5
ja	拾おう	verb	4	5	0	5
ja	癒す	verb	4	5	0	5
ja	歩み	noun	4	5	0	5
ja	参観	noun	4	5	0	5
ja	父方	noun	4	5	0	5
ja	ネッシー	noun	4	5	0	5
ja	当方	noun	4	5	0	5
ja	受取	noun	4	5	0	5
ja	ガーデン	noun	4	5	0	5
ja	働こう	verb	4	5	0	5
ja	実績	noun	4	5	0	5
ja	寸分	noun	4	5	0	5
ja	立ち寄ら	verb	4	5	0	5
ja	北風	noun	4	5	0	5
ja	ムー	noun	4	5	0	5
ja	真中	noun	4	5	0	5
ja	やま	noun	4	5	0	5
ja	乗り継ぎ	noun	4	5	0	5
ja	投げ捨て	verb	4	5	0	5
ja	ネギ	noun	4	5	0	5
ja	国土	noun	4	5	0	5
ja	おける	verb	4	5	0	5
ja	技巧	noun	4	5	0	5
ja	ゲリラ	noun	4	5	0	5
ja	わりと	adverb	4	5	0	5
ja	愛顧	noun	4	5	0	5
ja	うるさかっ	adjective	4	5	0	5
ja	魚屋	noun	4	5	0	5
ja	たんまり	adverb	4	5	0	5
ja	小売	noun	4	5	0	5
ja	一千	noun	4	5	0	5
ja	投げ込ん	verb	4	5	0	5
ja	ふら	verb	4	5	0	5
ja	７千	noun	4	5	0	5
ja	マグニチュード	noun	4	5	0	5
ja	トカゲ	noun	4	5	0	5
ja	ど	adverb	4	5	0	5
ja	苦学	noun	4	5	0	5
ja	ハチミツ	noun	4	5	0	5
ja	クーデター	noun	4	5	0	5
ja	恒久	noun	4	5	0	5
ja	磁気	noun	4	5	0	5
ja	サー	noun	4	5	0	5
ja	みつめ	verb	4	5	0	5
ja	買いかえる	verb	4	5	0	5
ja	ディーラー	noun	4	5	0	5
ja	電動	noun	4	5	0	5
ja	農薬	noun	4	5	0	5
ja	クエリ	noun	4	5	0	5
ja	折り合い	noun	4	5	0	5
ja	づけよう	verb	4	5	0	5
ja	食費	noun	4	5	0	5
ja	それゆえ	compounds	4	5	0	5
ja	セーヌ	noun	4	5	0	5
ja	シティ	noun	4	5	0	5
ja	盤	noun	4	5	0	5
ja	取りやめ	noun	4	5	0	5
ja	ヤング	noun	4	5	0	5
ja	隠れ家	noun	4	5	0	5
ja	柔道	noun	4	5	0	5
ja	念頭	noun	4	5	0	5
ja	起きれ	verb	4	5	0	5
ja	喋れる	verb	4	5	0	5
ja	伏せ	noun	4	5	0	5
ja	飛びかかっ	verb	4	5	0	5
ja	トレーシー	noun	4	5	0	5
ja	入植	noun	4	5	0	5
ja	無論	adverb	4	5	0	5
ja	きつね	noun	4	5	0	5
ja	立ち止まり	verb	4	5	0	5
ja	ぶんぶん	adverb	4	5	0	5
ja	回り道	noun	4	5	0	5
ja	溜息	noun	4	5	0	5
ja	まずく	adjective	4	5	0	5
ja	未開	noun	4	5	0	5
ja	ウィルス	noun	4	5	0	5
ja	風土	noun	4	5	0	5
ja	ウェスト	noun	4	5	0	5
ja	議席	noun	4	5	0	5
ja	白色	noun	4	5	0	5
ja	ロー	noun	4	5	0	5
ja	焼き魚	noun	4	5	0	5
ja	大群	noun	4	5	0	5
ja	青白く	adjective	4	5	0	5
ja	漏らさ	verb	4	5	0	5
ja	バックパック	noun	4	5	0	5
ja	ウイリアム	noun	4	5	0	5
ja	静める	verb	4	5	0	5
ja	ほったらかし	noun	4	5	0	5
ja	たどり着き	verb	4	5	0	5
ja	逆さ	noun	4	5	0	5
ja	ベーカー	noun	4	5	0	5
ja	自	noun	4	5	0	5
ja	浮き沈み	noun	4	5	0	5
ja	飛び立つ	verb	4	5	0	5
ja	視察	noun	4	5	0	5
ja	つかの間	noun	4	5	0	5
ja	辞めよう	verb	4	5	0	5
ja	あかり	noun	4	5	0	5
ja	ＰＣ	noun	4	5	0	5
ja	マーティン	noun	4	5	0	5
ja	薪	noun	4	5	0	5
ja	丈	noun	4	5	0	5
ja	悪霊	noun	4	5	0	5
ja	使い物	noun	4	5	0	5
ja	のろのろ	adverb	4	5	0	5
ja	作為	noun	4	5	0	5
ja	汽笛	noun	4	5	0	5
ja	おろか	noun	4	5	0	5
ja	双生	noun	4	5	0	5
ja	ひとまとめ	noun	4	5	0	5
ja	正統	noun	4	5	0	5
ja	炎症	noun	4	5	0	5
ja	恩師	noun	4	5	0	5
ja	フィギュア	noun	4	5	0	5
ja	エイド	noun	4	5	0	5
ja	押し付ける	verb	4	5	0	5
ja	つばめ	noun	4	5	0	5
ja	雄	noun	4	5	0	5
ja	ディスク	noun	4	5	0	5
ja	停める	verb	4	5	0	5
ja	青天	noun	4	5	0	5
ja	眠たく	adjective	4	5	0	5
ja	オーダー	noun	4	5	0	5
ja	三百	noun	4	5	0	5
ja	代り	noun	4	5	0	5
ja	見合っ	verb	4	5	0	5
ja	同数	noun	4	5	0	5
ja	はく	verb	4	5	0	5
ja	ひきつける	verb	4	5	0	5
ja	ジャンボ	noun	4	5	0	5
ja	仕送り	noun	4	5	0	5
ja	構文	noun	4	5	0	5
ja	吸い込ん	verb	4	5	0	5
ja	地表	noun	4	5	0	5
ja	汚く	adjective	4	5	0	5
ja	畏敬	noun	4	5	0	5
ja	突き止める	verb	4	5	0	5
ja	ランドセル	noun	4	5	0	5
ja	余生	noun	4	5	0	5
ja	至福	noun	4	5	0	5
ja	フォント	noun	4	5	0	5
ja	リエル	noun	4	5	0	5
ja	蟻	noun	4	5	0	5
ja	ガルフ	noun	4	5	0	5
ja	ナイター	noun	4	5	0	5
ja	流れ出し	verb	4	5	0	5
ja	庁舎	noun	4	5	0	5
ja	梗塞	noun	4	5	0	5
ja	老若	noun	4	5	0	5
ja	キャサリン	noun	4	5	0	5
ja	たり	verb	4	5	0	5
ja	クジラ	noun	4	5	0	5
ja	思いだし	verb	4	5	0	5
ja	時分	noun	4	5	0	5
ja	のこぎり	noun	4	5	0	5
ja	ズバリ	adverb	4	5	0	5
ja	インフル	noun	4	5	0	5
ja	なきゃ	adjective	4	5	0	5
ja	派閥	noun	4	5	0	5
ja	態勢	noun	4	5	0	5
ja	スペンサー	noun	4	5	0	5
ja	武田	noun	4	5	0	5
ja	酷く	adjective	4	5	0	5
ja	じめじめ	adverb	4	5	0	5
ja	ブラス	noun	4	5	0	5
ja	伸び	noun	4	5	0	5
ja	オブ	noun	4	5	0	5
ja	雨水	noun	4	5	0	5
ja	茶道	noun	4	5	0	5
ja	あお向け	noun	4	5	0	5
ja	腰掛け	noun	4	5	0	5
ja	つた	noun	4	5	0	5
ja	動こう	verb	4	5	0	5
ja	抱え込ん	verb	4	5	0	5
ja	言わば	adverb	4	5	0	5
ja	ジェイムズ	noun	4	5	0	5
ja	画廊	noun	4	5	0	5
ja	赤外	noun	4	5	0	5
ja	ＩＢＭ	noun	4	5	0	5
ja	ためらい	noun	4	5	0	5
ja	確か	adverb	4	5	0	5
ja	砂ぼこり	noun	4	5	0	5
ja	めん	noun	4	5	0	5
ja	潤滑	noun	4	5	0	5
ja	こうたい	noun	4	5	0	5
ja	迷い	noun	4	5	0	5
ja	付録	noun	4	5	0	5
ja	くまなく	adverb	4	5	0	5
ja	握り締め	verb	4	5	0	5
ja	取り囲ん	verb	4	5	0	5
ja	ことごとく	adverb	4	5	0	5
ja	たしか	adverb	4	5	0	5
ja	メイキング	noun	4	5	0	5
ja	アンディ	noun	4	5	0	5
ja	うみ	noun	4	5	0	5
ja	早稲田	noun	4	5	0	5
ja	小石	noun	4	5	0	5
ja	童話	noun	4	5	0	5
ja	マーガレット	noun	4	5	0	5
ja	受け継が	verb	4	5	0	5
ja	立ち入っ	verb	4	5	0	5
ja	切り分け	verb	4	5	0	5
ja	取り扱わ	verb	4	5	0	5
ja	ハナ	noun	4	5	0	5
ja	あんま	adverb	4	5	0	5
ja	ずばぬけ	verb	4	5	0	5
ja	被験	noun	4	5	0	5
ja	法規	noun	4	5	0	5
ja	学院	noun	4	5	0	5
ja	当人	noun	4	5	0	5
ja	複素	noun	4	5	0	5
ja	ツー	noun	4	5	0	5
ja	若き	adjective	4	5	0	5
ja	剪定	noun	4	5	0	5
ja	瀕死	noun	4	5	0	5
ja	鈴	noun	4	5	0	5
ja	むずかしく	adjective	4	5	0	5
ja	病み上がり	noun	4	5	0	5
ja	ギャラリー	noun	4	5	0	5
ja	何もの	noun	4	5	0	5
ja	入門	noun	4	5	0	5
ja	イノベーション	noun	4	5	0	5
ja	取り戻そう	verb	4	5	0	5
ja	ぽつん	adverb	4	5	0	5
ja	錬金	noun	4	5	0	5
ja	アーキテクチャ	noun	4	5	0	5
ja	作り出す	verb	4	5	0	5
ja	閲覧	noun	4	5	0	5
ja	バリケード	noun	4	5	0	5
ja	あら	noun	4	5	0	5
ja	率先	noun	4	5	0	5
ja	紅	noun	4	5	0	5
ja	経路	noun	4	5	0	5
ja	合同	noun	4	5	0	5
ja	内線	noun	4	5	0	5
ja	兼	noun	4	5	0	5
ja	バイキング	noun	4	5	0	5
ja	一括	noun	4	5	0	5
ja	オス	noun	4	5	0	5
ja	国歌	noun	4	5	0	5
ja	突き当たり	noun	4	5	0	5
ja	自首	noun	4	5	4	4
ja	点灯	noun	4	5	4	4
ja	固守	noun	4	5	4	4
ja	例証	noun	4	5	4	4
ja	仕上がり	verb	4	5	4	4
ja	定着	noun	4	5	4	4
ja	見付かり	verb	4	5	4	4
ja	早め	verb	4	5	4	4
ja	浸っ	verb	4	5	4	4
ja	うなっ	verb	4	5	4	4
ja	バレバレ	noun	4	5	4	4
ja	遠かっ	adjective	4	5	4	4
ja	痛ま	verb	4	5	4	4
ja	悔やま	verb	4	5	4	4
ja	瞬い	verb	4	5	4	4
ja	延着	noun	4	5	4	4
ja	慕っ	verb	4	5	4	4
ja	かぎら	verb	4	5	4	4
ja	撫で	verb	4	5	4	4
ja	没落	noun	4	5	4	4
ja	ながめ	verb	4	5	4	4
ja	組み	verb	4	5	4	4
ja	色づい	verb	4	5	4	4
ja	焼失	noun	4	5	4	4
ja	掘ら	verb	4	5	4	4
ja	苛ま	verb	4	5	4	4
ja	替わっ	verb	4	5	4	4
ja	繋がり	verb	4	5	4	4
ja	つかまら	verb	4	5	4	4
ja	言明	noun	4	5	4	4
ja	みなぎっ	verb	4	5	4	4
ja	むり	noun	4	5	4	4
ja	並ば	verb	4	5	4	4
ja	涙ぐん	verb	4	5	4	4
ja	否認	noun	4	5	4	4
ja	ごった返し	verb	4	5	4	4
ja	銘記	noun	4	5	4	4
ja	おくっ	verb	4	5	4	4
ja	制圧	noun	4	5	4	4
ja	ふかし	verb	4	5	4	4
ja	治まり	verb	4	5	4	4
ja	いやし	verb	4	5	4	4
ja	防が	verb	4	5	4	4
ja	かせい	verb	4	5	4	4
ja	深まっ	verb	4	5	4	4
ja	スモーカー	noun	4	5	4	4
ja	ほど遠かっ	adjective	4	5	4	4
ja	寂しかっ	adjective	4	5	4	4
ja	しろもの	noun	4	5	4	4
ja	けがし	verb	4	5	3	4
ja	もめ	verb	4	5	3	4
ja	自作	noun	4	5	3	4
ja	称し	verb	4	5	3	4
ja	封鎖	noun	4	5	3	4
ja	開けれ	verb	4	5	3	4
ja	噴出	noun	4	5	3	4
ja	高ぶっ	verb	4	5	3	4
ja	日和	noun	4	5	3	4
ja	公言	noun	4	5	3	4
ja	バラし	verb	4	5	3	4
ja	防備	noun	4	5	3	4
ja	別居	noun	4	5	3	4
ja	解る	verb	4	5	3	4
ja	乞う	verb	4	5	3	4
ja	もてる	verb	4	5	3	4
ja	塩辛	adjective	4	5	3	4
ja	等分	noun	4	5	3	4
ja	自負	noun	4	5	3	4
ja	こだわっ	verb	4	5	3	4
ja	はき	verb	4	5	3	4
ja	逡巡	noun	4	5	3	4
ja	きける	verb	4	5	3	4
ja	兼用	noun	4	5	3	4
ja	のみ	verb	4	5	3	4
ja	脚色	noun	4	5	3	4
ja	こだわり	verb	4	5	3	4
ja	へこん	verb	4	5	3	4
ja	遮断	noun	4	5	3	4
ja	おちいっ	verb	4	5	3	4
ja	陥り	verb	4	5	3	4
ja	あく	verb	4	5	3	4
ja	綴る	verb	4	5	3	4
ja	まき	verb	4	5	3	4
ja	要っ	verb	4	5	3	4
ja	つかえ	verb	4	5	3	4
ja	すべすべ	adverb	4	5	3	4
ja	返送	noun	4	5	3	4
ja	拉致	noun	4	5	3	4
ja	溜め	verb	4	5	3	4
ja	授かっ	verb	4	5	3	4
ja	阻害	noun	4	5	3	4
ja	舞っ	verb	4	5	3	4
ja	開校	noun	4	5	3	4
ja	産み	verb	4	5	3	4
ja	とがら	verb	4	5	3	4
ja	招集	noun	4	5	3	4
ja	連行	noun	4	5	3	4
ja	閉館	noun	4	5	3	4
ja	移り	verb	4	5	3	4
ja	訳せる	verb	4	5	3	4
ja	見え隠れ	noun	4	5	3	4
ja	すか	verb	4	5	3	4
ja	和らぐ	verb	4	5	3	4
ja	行なっ	verb	4	5	3	4
ja	明言	noun	4	5	3	4
ja	囁い	verb	4	5	3	4
ja	務める	verb	4	5	2	4
ja	たかい	adjective	4	5	2	4
ja	握ら	verb	4	5	2	4
ja	充満	noun	4	5	2	4
ja	心境	noun	4	5	2	4
ja	停滞	noun	4	5	2	4
ja	傍観	noun	4	5	2	4
ja	調律	noun	4	5	2	4
ja	つくれ	verb	4	5	2	4
ja	はやら	verb	4	5	2	4
ja	償う	verb	4	5	2	4
ja	とまれ	adverb	4	5	2	4
ja	返り	noun	4	5	2	4
ja	脱げ	verb	4	5	2	4
ja	栄え	verb	4	5	2	4
ja	適さ	verb	4	5	2	4
ja	まぬけ	noun	4	5	2	4
ja	リリース	noun	4	5	2	4
ja	弱め	verb	4	5	2	4
ja	おろす	verb	4	5	2	4
ja	召さ	verb	4	5	2	4
ja	おさめる	verb	4	5	2	4
ja	焼酎	noun	4	5	2	4
ja	くらん	verb	4	5	2	4
ja	きら	verb	4	5	2	4
ja	運航	noun	4	5	2	4
ja	激しかっ	adjective	4	5	2	4
ja	反目	noun	4	5	2	4
ja	予見	noun	4	5	2	4
ja	創ら	verb	4	5	2	4
ja	審理	noun	4	5	2	4
ja	晴らし	verb	4	5	2	4
ja	どかし	verb	4	5	2	4
ja	はか	verb	4	5	2	4
ja	映し	verb	4	5	2	4
ja	自明	noun	4	5	2	4
ja	採っ	verb	4	5	2	4
ja	暮し	verb	4	5	2	4
ja	くわさ	verb	4	5	2	4
ja	挟ま	verb	4	5	2	4
ja	著しい	adjective	4	5	2	4
ja	ガクガク	adverb	4	5	2	4
ja	向かわ	verb	4	5	2	4
ja	焦げる	verb	4	5	2	4
ja	自称	noun	4	5	2	4
ja	ひりひり	adverb	4	5	2	4
ja	遺し	verb	4	5	2	4
ja	かかわっ	verb	4	5	2	4
ja	譲り	verb	4	5	2	4
ja	占拠	noun	4	5	2	4
ja	名乗っ	verb	4	5	2	4
ja	退社	noun	4	5	2	4
ja	遭う	verb	4	5	2	4
ja	くぐっ	verb	4	5	2	4
ja	乱入	noun	4	5	2	4
ja	導か	verb	4	5	2	4
ja	潰れ	verb	4	5	2	4
ja	遭遇	noun	4	5	2	4
ja	弾圧	noun	4	5	2	4
ja	接する	verb	4	5	2	4
ja	利ける	verb	4	5	1	4
ja	しのぐ	verb	4	5	1	4
ja	かたづける	verb	4	5	1	4
ja	捧げる	verb	4	5	1	4
ja	満た	verb	4	5	1	4
ja	空く	verb	4	5	1	4
ja	集計	noun	4	5	1	4
ja	美味	noun	4	5	1	4
ja	小額	noun	4	5	1	4
ja	尊ぶ	verb	4	5	1	4
ja	ベネチア	noun	4	5	1	4
ja	束縛	noun	4	5	1	4
ja	一役	noun	4	5	1	4
ja	くらべ	verb	4	5	1	4
ja	のらりくらり	adverb	4	5	1	4
ja	アイテム	noun	4	5	1	4
ja	慣れ	noun	4	5	1	4
ja	定め	noun	4	5	1	4
ja	生れ	verb	4	5	1	4
ja	先駆け	noun	4	5	1	4
ja	ぎらぎら	adverb	4	5	1	4
ja	よば	verb	4	5	1	4
ja	終えよう	verb	4	5	1	4
ja	すら	verb	4	5	1	4
ja	やめ	noun	4	5	1	4
ja	キャップ	noun	4	5	1	4
ja	退散	noun	4	5	1	4
ja	スリーブ	noun	4	5	1	4
ja	出し	noun	4	5	1	4
ja	欲する	verb	4	5	1	4
ja	夜勤	noun	4	5	1	4
ja	駅員	noun	4	5	1	4
ja	バッファロー	noun	4	5	1	4
ja	つぶる	verb	4	5	1	4
ja	シチュエーション	noun	4	5	1	4
ja	大人び	verb	4	5	1	4
ja	買いだめ	noun	4	5	1	4
ja	嫌い	verb	4	5	1	4
ja	大事	noun	4	5	1	4
ja	むしむし	adverb	4	5	1	4
ja	飛ばす	verb	4	5	1	4
ja	ふさが	verb	4	5	1	4
ja	盛装	noun	4	5	1	4
ja	店構え	noun	4	5	1	4
ja	関わり	verb	4	5	1	4
ja	サックス	noun	4	5	1	4
ja	孝行	noun	4	5	1	4
ja	自惚れ	verb	4	5	1	4
ja	ピサロ	noun	4	5	1	4
ja	器	noun	4	5	1	4
ja	もち	noun	4	5	1	4
ja	来店	noun	4	5	1	4
ja	アピール	noun	4	5	1	4
ja	当っ	verb	4	5	1	4
ja	だいなし	noun	4	5	1	4
ja	赤毛	noun	4	5	1	4
ja	おどおど	adverb	4	5	1	4
ja	アキレス	noun	4	5	1	4
ja	凝らし	verb	4	5	1	4
ja	劣化	noun	4	5	1	4
ja	形見	noun	4	5	1	4
ja	強める	verb	4	5	1	4
ja	とめる	verb	4	5	1	4
ja	難関	noun	4	5	1	4
ja	メンテナンス	noun	4	5	1	4
ja	刊行	noun	4	5	1	4
ja	同胞	noun	4	5	1	4
ja	硬直	noun	4	5	1	4
ja	論じる	verb	4	5	1	4
ja	破損	noun	4	5	1	4
ja	めざましい	adjective	4	5	1	4
ja	優越	noun	4	5	1	4
ja	事故っ	verb	4	5	1	4
ja	合え	verb	4	5	1	4
ja	精算	noun	4	5	1	4
ja	演ずる	verb	4	5	1	4
ja	駆除	noun	4	5	1	4
ja	根っこ	noun	4	5	1	4
ja	コメディアン	noun	4	5	1	4
ja	流星	noun	4	5	1	4
ja	激安	noun	4	5	1	4
ja	大柄	noun	4	5	1	4
ja	熟成	noun	4	5	1	4
ja	和子	noun	4	5	1	4
ja	配信	noun	4	5	1	4
ja	単車	noun	4	5	1	4
ja	操業	noun	4	5	1	4
ja	はやり	verb	4	5	1	4
ja	勧める	verb	4	5	1	4
ja	きょろきょろ	adverb	4	5	1	4
ja	芸人	noun	4	5	1	4
ja	断食	noun	4	5	1	4
ja	戻れる	verb	4	5	1	4
ja	戀	noun	4	5	1	4
ja	衰え	noun	4	5	1	4
ja	共用	noun	4	5	1	4
ja	概算	noun	4	5	1	4
ja	いじら	verb	4	5	1	4
ja	合わせれ	verb	4	5	1	4
ja	づよい	adjective	4	5	1	4
ja	採掘	noun	4	5	1	4
ja	演出	noun	4	5	1	4
ja	スズメ	noun	4	5	1	4
ja	激励	noun	4	5	1	4
ja	容易い	adjective	4	5	1	4
ja	万全	noun	4	5	1	4
ja	混じっ	verb	4	5	1	4
ja	はたい	verb	4	5	1	4
ja	伐採	noun	4	5	1	4
ja	付けよう	verb	4	5	1	4
ja	出そう	verb	4	5	1	4
ja	鈍く	adjective	4	5	0	4
ja	解き放た	verb	4	5	0	4
ja	全校	noun	4	5	0	4
ja	隔たり	noun	4	5	0	4
ja	異性	noun	4	5	0	4
ja	バッチリ	adverb	4	5	0	4
ja	ポストカード	noun	4	5	0	4
ja	申し立て	noun	4	5	0	4
ja	アニメーション	noun	4	5	0	4
ja	酌み	verb	4	5	0	4
ja	使い古し	verb	4	5	0	4
ja	接待	noun	4	5	0	4
ja	ウォッチ	noun	4	5	0	4
ja	くつろぎ	noun	4	5	0	4
ja	巻き上げ	verb	4	5	0	4
ja	絨毯	noun	4	5	0	4
ja	オニオン	noun	4	5	0	4
ja	カンボジア	noun	4	5	0	4
ja	楽隊	noun	4	5	0	4
ja	腹筋	noun	4	5	0	4
ja	会衆	noun	4	5	0	4
ja	落ち目	noun	4	5	0	4
ja	客人	noun	4	5	0	4
ja	スキューバ	noun	4	5	0	4
ja	マッシュ	noun	4	5	0	4
ja	鹿児島	noun	4	5	0	4
ja	とめど	noun	4	5	0	4
ja	振り返ら	verb	4	5	0	4
ja	北欧	noun	4	5	0	4
ja	置き去り	noun	4	5	0	4
ja	ハンプトン	noun	4	5	0	4
ja	計る	verb	4	5	0	4
ja	まだら	noun	4	5	0	4
ja	語り継が	verb	4	5	0	4
ja	電信	noun	4	5	0	4
ja	バリエーション	noun	4	5	0	4
ja	くれよう	verb	4	5	0	4
ja	バンクーバー	noun	4	5	0	4
ja	シスコ	noun	4	5	0	4
ja	ホタル	noun	4	5	0	4
ja	謹ん	verb	4	5	0	4
ja	本州	noun	4	5	0	4
ja	大層	adverb	4	5	0	4
ja	絵本	noun	4	5	0	4
ja	ミミズ	noun	4	5	0	4
ja	有	noun	4	5	0	4
ja	プリズム	noun	4	5	0	4
ja	光り輝い	verb	4	5	0	4
ja	新進	noun	4	5	0	4
ja	中野	noun	4	5	0	4
ja	見せかけ	verb	4	5	0	4
ja	ガンガン	adverb	4	5	0	4
ja	こなし	noun	4	5	0	4
ja	用例	noun	4	5	0	4
ja	五々	noun	4	5	0	4
ja	堪忍	noun	4	5	0	4
ja	所詮	adverb	4	5	0	4
ja	モニタ	noun	4	5	0	4
ja	木片	noun	4	5	0	4
ja	去ろう	verb	4	5	0	4
ja	ガリラヤ	noun	4	5	0	4
ja	中３	noun	4	5	0	4
ja	財団	noun	4	5	0	4
ja	あおら	verb	4	5	0	4
ja	ほんのり	adverb	4	5	0	4
ja	ニュースキャスター	noun	4	5	0	4
ja	清い	adjective	4	5	0	4
ja	こわく	adjective	4	5	0	4
ja	パナマ	noun	4	5	0	4
ja	カリスマ	noun	4	5	0	4
ja	受け身	noun	4	5	0	4
ja	いらだち	noun	4	5	0	4
ja	切なく	adjective	4	5	0	4
ja	遠回り	noun	4	5	0	4
ja	動きまわっ	verb	4	5	0	4
ja	東証	noun	4	5	0	4
ja	鳴り響い	verb	4	5	0	4
ja	貸付	noun	4	5	0	4
ja	暗礁	noun	4	5	0	4
ja	いやあ	compounds	4	5	0	4
ja	ひけ	noun	4	5	0	4
ja	交わす	verb	4	5	0	4
ja	言い合い	noun	4	5	0	4
ja	見え透い	verb	4	5	0	4
ja	代議	noun	4	5	0	4
ja	形跡	noun	4	5	0	4
ja	忍び込ん	verb	4	5	0	4
ja	代々	noun	4	5	0	4
ja	概要	noun	4	5	0	4
ja	日数	noun	4	5	0	4
ja	講習	noun	4	5	0	4
ja	鑑識	noun	4	5	0	4
ja	ウエイトレス	noun	4	5	0	4
ja	ゆり	noun	4	5	0	4
ja	天罰	noun	4	5	0	4
ja	ス	noun	4	5	0	4
ja	清水	noun	4	5	0	4
ja	傍聴	noun	4	5	0	4
ja	鍵盤	noun	4	5	0	4
ja	あゆみ	noun	4	5	0	4
ja	テレホン	noun	4	5	0	4
ja	割り当てる	verb	4	5	0	4
ja	微分	noun	4	5	0	4
ja	呼び声	noun	4	5	0	4
ja	下取り	noun	4	5	0	4
ja	換気	noun	4	5	0	4
ja	銘柄	noun	4	5	0	4
ja	昏睡	noun	4	5	0	4
ja	散文	noun	4	5	0	4
ja	弱火	noun	4	5	0	4
ja	続けろ	verb	4	5	0	4
ja	クリー	noun	4	5	0	4
ja	インサイダー	noun	4	5	0	4
ja	３、４	noun	4	5	0	4
ja	配偶	noun	4	5	0	4
ja	就ける	verb	4	5	0	4
ja	乗り上げ	verb	4	5	0	4
ja	申し込もう	verb	4	5	0	4
ja	送料	noun	4	5	0	4
ja	とんとん	noun	4	5	0	4
ja	〇	noun	4	5	0	4
ja	園遊	noun	4	5	0	4
ja	トゲ	noun	4	5	0	4
ja	雨戸	noun	4	5	0	4
ja	郡	noun	4	5	0	4
ja	もとより	adverb	4	5	0	4
ja	願	noun	4	5	0	4
ja	ＪＲ	noun	4	5	0	4
ja	マネ	noun	4	5	0	4
ja	閑散	noun	4	5	0	4
ja	下部	noun	4	5	0	4
ja	戸籍	noun	4	5	0	4
ja	水瓶	noun	4	5	0	4
ja	クミコ	noun	4	5	0	4
ja	句点	noun	4	5	0	4
ja	書き入れ	verb	4	5	0	4
ja	降格	noun	4	5	0	4
ja	送れる	verb	4	5	0	4
ja	ちゅうちょ	noun	4	5	0	4
ja	やすい	adjective	4	5	0	4
ja	扇動	noun	4	5	0	4
ja	積み込ん	verb	4	5	0	4
ja	仕上げ	noun	4	5	0	4
ja	映し出さ	verb	4	5	0	4
ja	配給	noun	4	5	0	4
ja	独奏	noun	4	5	0	4
ja	薄切り	noun	4	5	0	4
ja	フォース	noun	4	5	0	4
ja	そっぽ	noun	4	5	0	4
ja	内金	noun	4	5	0	4
ja	グラハム	noun	4	5	0	4
ja	ダイナー	noun	4	5	0	4
ja	類人	noun	4	5	0	4
ja	拘置	noun	4	5	0	4
ja	オープニング	noun	4	5	0	4
ja	郷里	noun	4	5	0	4
ja	農地	noun	4	5	0	4
ja	似通っ	verb	4	5	0	4
ja	知名	noun	4	5	0	4
ja	硫黄	noun	4	5	0	4
ja	油田	noun	4	5	0	4
ja	エストニア	noun	4	5	0	4
ja	殴る	verb	4	5	0	4
ja	ショット	noun	4	5	0	4
ja	絵葉書	noun	4	5	0	4
ja	湾岸	noun	4	5	0	4
ja	口髭	noun	4	5	0	4
ja	改心	noun	4	5	0	4
ja	小脳	noun	4	5	0	4
ja	夜食	noun	4	5	0	4
ja	ショウ	noun	4	5	0	4
ja	こよなく	adverb	4	5	0	4
ja	プレゼンテーション	noun	4	5	0	4
ja	蜜	noun	4	5	0	4
ja	カシ	noun	4	5	0	4
ja	陣地	noun	4	5	0	4
ja	山間	noun	4	5	0	4
ja	まぶた	noun	4	5	0	4
ja	佐渡	noun	4	5	0	4
ja	削る	verb	4	5	0	4
ja	マサチューセッツ	noun	4	5	0	4
ja	脳裏	noun	4	5	0	4
ja	口火	noun	4	5	0	4
ja	溶け込ん	verb	4	5	0	4
ja	モーテル	noun	4	5	0	4
ja	穀類	noun	4	5	0	4
ja	はだし	noun	4	5	0	4
ja	係員	noun	4	5	0	4
ja	切り刻ん	verb	4	5	0	4
ja	はしか	noun	4	5	0	4
ja	安らぎ	noun	4	5	0	4
ja	ブルガリア	noun	4	5	0	4
ja	ただただ	adverb	4	5	0	4
ja	覚まし	noun	4	5	0	4
ja	奮発	noun	4	5	0	4
ja	風采	noun	4	5	0	4
ja	タイムズ	noun	4	5	0	4
ja	胸痛	noun	4	5	0	4
ja	リック	noun	4	5	0	4
ja	大船	noun	4	5	0	4
ja	転じ	verb	4	5	0	4
ja	由	noun	4	5	0	4
ja	楼	noun	4	5	0	4
ja	キートン	noun	4	5	0	4
ja	潮流	noun	4	5	0	4
ja	封建	noun	4	5	0	4
ja	行き当たり	noun	4	5	0	4
ja	痛ましい	adjective	4	5	0	4
ja	後尾	noun	4	5	0	4
ja	斧	noun	4	5	0	4
ja	ヘッドライト	noun	4	5	0	4
ja	貸借	noun	4	5	0	4
ja	見越し	verb	4	5	0	4
ja	のらくら	adverb	4	5	0	4
ja	手つき	noun	4	5	0	4
ja	切り離し	verb	4	5	0	4
ja	見守り	verb	4	5	0	4
ja	甚だ	adverb	4	5	0	4
ja	見掛け	noun	4	5	0	4
ja	異状	noun	4	5	0	4
ja	競売	noun	4	5	0	4
ja	大酒	noun	4	5	0	4
ja	向こう岸	noun	4	5	0	4
ja	所々	noun	4	5	0	4
ja	序文	noun	4	5	0	4
ja	有機	noun	4	5	0	4
ja	系統	noun	4	5	0	4
ja	大尉	noun	4	5	0	4
ja	見破っ	verb	4	5	0	4
ja	揺りかご	noun	4	5	0	4
ja	アーム	noun	4	5	0	4
ja	聞き覚え	noun	4	5	0	4
ja	梱包	noun	4	5	0	4
ja	子牛	noun	4	5	0	4
ja	持ち帰っ	verb	4	5	0	4
ja	心情	noun	4	5	0	4
ja	ラバ	noun	4	5	0	4
ja	障子	noun	4	5	0	4
ja	メルシー	noun	4	5	0	4
ja	やみ	noun	4	5	0	4
ja	しょう	noun	4	5	0	4
ja	残高	noun	4	5	0	4
ja	垣	noun	4	5	0	4
ja	工具	noun	4	5	0	4
ja	変換	noun	4	5	0	4
ja	熱気	noun	4	5	0	4
ja	好感	noun	4	5	0	4
ja	プス	noun	4	5	0	4
ja	たき火	noun	4	5	0	4
ja	毎時	noun	4	5	0	4
ja	便座	noun	4	5	0	4
ja	美観	noun	4	5	0	4
ja	ひかり	noun	4	5	0	4
ja	無	noun	4	5	0	4
ja	店頭	noun	4	5	0	4
ja	土台	noun	4	5	0	4
ja	潤い	noun	4	5	0	4
ja	じゃんじゃん	adverb	4	5	0	4
ja	ストロー	noun	4	5	0	4
ja	実り	noun	4	5	0	4
ja	じか	noun	4	5	0	4
ja	言外	noun	4	5	0	4
ja	雌牛	noun	4	5	0	4
ja	香ばしい	adjective	4	5	0	4
ja	夜陰	noun	4	5	0	4
ja	目の当たり	noun	4	5	0	4
ja	つば	noun	4	5	0	4
ja	パーツ	noun	4	5	0	4
ja	スタディ	noun	4	5	0	4
ja	引き立つ	verb	4	5	0	4
ja	スパゲティ	noun	4	5	0	4
ja	こんがり	adverb	4	5	0	4
ja	護衛	noun	4	5	0	4
ja	チラチラ	adverb	4	5	0	4
ja	従姉妹	noun	4	5	0	4
ja	おおむね	noun	4	5	0	4
ja	込み上げ	verb	4	5	0	4
ja	移り住む	verb	4	5	0	4
ja	随時	noun	4	5	0	4
ja	シンクロ	noun	4	5	0	4
ja	空前	noun	4	5	0	4
ja	ユルゲン	noun	4	5	0	4
ja	落ちこん	verb	4	5	0	4
ja	博覧	noun	4	5	0	4
ja	回線	noun	4	5	0	4
ja	持ち出す	verb	4	5	0	4
ja	持ち運べる	verb	4	5	0	4
ja	低空	noun	4	5	0	4
ja	運び出し	verb	4	5	0	4
ja	出迎える	verb	4	5	0	4
ja	症候	noun	4	5	0	4
ja	爆薬	noun	4	5	0	4
ja	超常	noun	4	5	0	4
ja	以後	noun	4	5	0	4
ja	伊勢	noun	4	5	0	4
ja	ポリオ	noun	4	5	0	4
ja	複合	noun	4	5	0	4
ja	そつ	noun	4	5	0	4
ja	今さっき	noun	4	5	0	4
ja	日暮れ	verb	4	5	0	4
ja	思い直し	verb	4	5	0	4
ja	炭酸	noun	4	5	0	4
ja	船員	noun	4	5	0	4
ja	同音	noun	4	5	0	4
ja	かけこん	verb	4	5	0	4
ja	ドン	noun	4	5	0	4
ja	悔い	noun	4	5	0	4
ja	やりかけ	noun	4	5	0	4
ja	三々	noun	4	5	0	4
ja	ジョブズ	noun	4	5	0	4
ja	トイ	noun	4	5	0	4
ja	まめ	noun	4	5	0	4
ja	塩味	noun	4	5	0	4
ja	溺れ死ん	verb	4	5	0	4
ja	コオロギ	noun	4	5	0	4
ja	取り壊す	verb	4	5	0	4
ja	ピップ	noun	4	5	0	4
ja	火の粉	noun	4	5	0	4
ja	断ち切る	verb	4	5	0	4
ja	まー	compounds	4	5	0	4
ja	獣	noun	4	5	0	4
ja	ウォーク	noun	4	5	0	4
ja	中腹	noun	4	5	0	4
ja	めきめき	adverb	4	5	0	4
ja	レンブラント	noun	4	5	0	4
ja	方正	noun	4	5	0	4
ja	陣営	noun	4	5	0	4
ja	無くす	verb	4	5	0	4
ja	猛威	noun	4	5	0	4
ja	カニ	noun	4	5	0	4
ja	近親	noun	4	5	0	4
ja	エンパワーメント	noun	4	5	0	4
ja	夕ご飯	noun	4	5	0	4
ja	巻き込む	verb	4	5	0	4
ja	噴き出し	verb	4	5	0	4
ja	ビラ	noun	4	5	0	4
ja	日向	noun	4	5	0	4
ja	円錐	noun	4	5	0	4
ja	甲高い	adjective	4	5	0	4
ja	剥がれ	verb	4	5	0	4
ja	戦	noun	4	5	0	4
ja	シリアル	noun	4	5	0	4
ja	レノン	noun	4	5	0	4
ja	下駄	noun	4	5	0	4
ja	だらし	noun	4	5	0	4
ja	ほら	noun	4	5	0	4
ja	専務	noun	4	5	0	4
ja	思い出せる	verb	4	5	0	4
ja	持ち上げよう	verb	4	5	0	4
ja	教習	noun	4	5	0	4
ja	バーバラ	noun	4	5	0	4
ja	ゴーグル	noun	4	5	0	4
ja	際限	noun	4	5	0	4
ja	走りまわっ	verb	4	5	0	4
ja	と博	noun	4	5	0	4
ja	勝	noun	4	5	0	4
ja	熊本	noun	4	5	0	4
ja	むすこ	noun	4	5	0	4
ja	覚醒	noun	4	5	0	4
ja	クレオパトラ	noun	4	5	0	4
ja	だいぶん	adverb	4	5	0	4
ja	一端	noun	4	5	0	4
ja	フランクリン	noun	4	5	0	4
ja	会館	noun	4	5	0	4
ja	ぬかるん	verb	4	5	0	4
ja	バル	noun	4	5	0	4
ja	ロゴ	noun	4	5	0	4
ja	内戦	noun	4	5	0	4
ja	ひと言	noun	4	5	0	4
ja	煉獄	noun	4	5	0	4
ja	リニューアル	noun	4	5	0	4
ja	かえりみ	verb	4	5	0	4
ja	実話	noun	4	5	0	4
ja	紛れ込ん	verb	4	5	0	4
ja	変われ	verb	4	5	0	4
ja	言いつけ	noun	4	5	0	4
ja	支社	noun	4	5	0	4
ja	車掌	noun	4	5	0	4
ja	マサル	noun	4	5	0	4
ja	宿屋	noun	4	5	0	4
ja	ニクソン	noun	4	5	0	4
ja	すかさず	adverb	4	5	0	4
ja	リオデジャネイロ	noun	4	5	0	4
ja	後日	noun	4	5	0	4
ja	丁	noun	4	5	0	4
ja	走り出	verb	4	5	0	4
ja	荷札	noun	4	5	0	4
ja	プチッ	adverb	4	5	0	4
ja	クイーン	noun	4	5	0	4
ja	前作	noun	4	5	0	4
ja	タイガース	noun	4	5	0	4
ja	ウインドー	noun	4	5	0	4
ja	トレ	noun	4	5	0	4
ja	跡形	noun	4	5	0	4
ja	ＦＡＸ	noun	4	5	0	4
ja	囲み	verb	4	5	0	4
ja	売春	noun	4	5	0	4
ja	長編	noun	4	5	0	4
ja	アクリル	noun	4	5	0	4
ja	有り余る	verb	4	5	0	4
ja	焼き印	noun	4	5	0	4
ja	つき合っ	verb	4	5	0	4
ja	スカイダイビング	noun	4	5	0	4
ja	朝晩	noun	4	5	0	4
ja	やくざ	noun	4	5	0	4
ja	高原	noun	4	5	0	4
ja	まつ毛	noun	4	5	0	4
ja	余計	adverb	4	5	0	4
ja	洗い	noun	4	5	0	4
ja	薪割り	noun	4	5	0	4
ja	裾	noun	4	5	0	4
ja	備え付け	verb	4	5	0	4
ja	気持	noun	4	5	0	4
ja	膀胱	noun	4	5	0	4
ja	定価	noun	4	5	0	4
ja	原書	noun	4	5	0	4
ja	取材	noun	4	5	0	4
ja	申しあげ	verb	4	5	0	4
ja	シミ	noun	4	5	0	4
ja	乗り出す	verb	4	5	0	4
ja	千金	noun	4	5	0	4
ja	打開	noun	4	5	0	4
ja	クロスワード	noun	4	5	0	4
ja	常連	noun	4	5	0	4
ja	固唾	noun	4	5	0	4
ja	飛びつく	verb	4	5	0	4
ja	持ち金	noun	4	5	0	4
ja	振る舞え	verb	4	5	0	4
ja	スキーヤー	noun	4	5	0	4
ja	脳内	noun	4	5	0	4
ja	ひとえに	adverb	4	5	0	4
ja	いたって	adverb	4	5	0	4
ja	黙秘	noun	4	5	0	4
ja	冷夏	noun	4	5	0	4
ja	純潔	noun	4	5	0	4
ja	冒頭	noun	4	5	0	4
ja	当てはまり	verb	4	5	0	4
ja	カーニバル	noun	4	5	0	4
ja	私	noun	4	5	0	4
ja	暗雲	noun	4	5	0	4
ja	あこがれ	noun	4	5	0	4
ja	右上	noun	4	5	0	4
ja	真冬	noun	4	5	0	4
ja	スペシャル	noun	4	5	0	4
ja	煉瓦	noun	4	5	0	4
ja	ちょう	noun	4	5	0	4
ja	水車	noun	4	5	0	4
ja	魔力	noun	4	5	0	4
ja	嫌がらせ	noun	4	5	0	4
ja	貯めよう	verb	4	5	0	4
ja	平原	noun	4	5	0	4
ja	クララ	noun	4	5	0	4
ja	街道	noun	4	5	0	4
ja	年次	noun	4	5	0	4
ja	立てこもっ	verb	4	5	0	4
ja	帯	noun	4	5	0	4
ja	賢人	noun	4	5	0	4
ja	欲しけれ	adjective	4	5	0	4
ja	ドーム	noun	4	5	0	4
ja	停学	noun	4	5	0	4
ja	ミサイル	noun	4	5	0	4
ja	遺骨	noun	4	5	0	4
ja	心筋	noun	4	5	0	4
ja	ヒナ	noun	4	5	0	4
ja	辺鄙	noun	4	5	0	4
ja	出典	noun	4	5	0	4
ja	法王	noun	4	5	0	4
ja	脇目	noun	4	5	0	4
ja	おり	noun	4	5	0	4
ja	手だて	noun	4	5	0	4
ja	引き受けよう	verb	4	5	0	4
ja	慣らす	verb	4	5	0	4
ja	ところどころ	noun	4	5	0	4
ja	羽毛	noun	4	5	0	4
ja	刃物	noun	4	5	0	4
ja	高めよう	verb	4	5	0	4
ja	引き継ぎ	verb	4	5	0	4
ja	政敵	noun	4	5	0	4
ja	押し流し	verb	4	5	0	4
ja	商談	noun	4	5	0	4
ja	子音	noun	4	5	0	4
ja	あの世	noun	4	5	0	4
ja	きわどい	adjective	4	5	0	4
ja	許容	noun	4	5	0	4
ja	コレクト	noun	4	5	0	4
ja	こー	adverb	4	5	0	4
ja	待ちくたびれ	verb	4	5	0	4
ja	がっしり	adverb	4	5	0	4
ja	金切り	noun	4	5	0	4
ja	頑	noun	4	5	0	4
ja	飽き	noun	4	5	0	4
ja	おぼえ	noun	4	5	0	4
ja	クリスティーン	noun	4	5	0	4
ja	見下す	verb	4	5	0	4
ja	アイランド	noun	4	5	0	4
ja	釧路	noun	4	5	0	4
ja	アンバランス	noun	4	5	0	4
ja	貧民	noun	4	5	0	4
ja	ハーフ	noun	4	5	0	4
ja	果たそう	verb	4	5	0	4
ja	牢獄	noun	4	5	0	4
ja	打ち明ける	verb	4	5	0	4
ja	沈みかけ	verb	4	5	0	4
ja	威張る	verb	4	5	0	4
ja	麦	noun	4	5	0	4
ja	住処	noun	4	5	0	4
ja	ぐったり	adverb	4	5	0	4
ja	盆地	noun	4	5	0	4
ja	ロマン	noun	4	5	0	4
ja	狼狽	noun	4	5	0	4
ja	連日	noun	4	5	0	4
ja	木こり	noun	4	5	0	4
ja	イミ	noun	4	5	0	4
ja	ゾンビ	noun	4	5	0	4
ja	軽々しく	adjective	4	5	0	4
ja	パチン	adverb	4	5	0	4
ja	呪文	noun	4	5	0	4
ja	キャリア	noun	4	5	0	4
ja	顎ひげ	noun	4	5	0	4
ja	発端	noun	4	5	0	4
ja	田舎道	noun	4	5	0	4
ja	ｋｇ	noun	4	5	0	4
ja	がみがみ	adverb	4	5	0	4
ja	オブジェクト	noun	4	5	0	4
ja	スパングリッシュ	noun	4	5	0	4
ja	出迎え	noun	4	5	0	4
ja	博	noun	4	5	0	4
ja	したがっ	verb	4	5	0	4
ja	詰め	noun	4	5	0	4
ja	タップ	noun	4	5	0	4
ja	無き	adjective	4	5	0	4
ja	鞭	noun	4	5	0	4
ja	付加	noun	4	5	0	4
ja	横町	noun	4	5	0	4
ja	国防	noun	4	5	0	4
ja	位	noun	4	5	0	4
ja	覚えれ	verb	4	5	0	4
ja	タケシ	noun	4	5	0	4
ja	帝	noun	4	5	0	4
ja	インキ	noun	4	5	0	4
ja	問答	noun	4	5	0	4
ja	片付ける	verb	4	5	0	4
ja	まとわりつい	verb	4	5	0	4
ja	リモート	noun	4	5	0	4
ja	資質	noun	4	5	0	4
ja	生後	noun	4	5	0	4
ja	酸味	noun	4	5	0	4
ja	埒	noun	4	5	0	4
ja	奉公	noun	4	5	0	4
ja	突如	adverb	4	5	0	4
ja	取り返さ	verb	4	5	0	4
ja	つづり字	noun	4	5	0	4
ja	岸辺	noun	4	5	0	4
ja	ウィンドサーフィン	noun	4	5	0	4
ja	チンピラ	noun	4	5	0	4
ja	有難	adjective	4	5	0	4
ja	ランキング	noun	4	5	0	4
ja	さながら	adverb	4	5	0	4
ja	問いただし	verb	4	5	0	4
ja	名物	noun	4	5	0	4
ja	陰湿	noun	4	5	0	4
ja	たどる	verb	4	5	0	4
ja	多々	adverb	4	5	0	4
ja	靴屋	noun	4	5	0	4
ja	大波	noun	4	5	0	4
ja	腕利き	noun	4	5	0	4
ja	きもの	noun	4	5	0	4
ja	捨て去ら	verb	4	5	0	4
ja	初代	noun	4	5	0	4
ja	つぶし	noun	4	5	0	4
ja	隠滅	noun	4	5	0	4
ja	行楽	noun	4	5	0	4
ja	綱渡り	noun	4	5	0	4
ja	カゴ	noun	4	5	0	4
ja	ダイナマイト	noun	4	5	0	4
ja	ポニーテール	noun	4	5	0	4
ja	中水	noun	4	5	0	4
ja	ビュッフェ	noun	4	5	0	4
ja	内心	noun	4	5	0	4
ja	年明け	noun	4	5	0	4
ja	悪戦	noun	4	5	0	4
ja	用法	noun	4	5	0	4
ja	挙げ句	noun	4	5	0	4
ja	ワード	noun	4	5	0	4
ja	チェロ	noun	4	5	0	4
ja	立法	noun	4	5	0	4
ja	年より	noun	4	5	0	4
ja	イラスト	noun	4	5	0	4
ja	頑張ろう	verb	4	5	3	3
ja	改造	noun	4	5	3	3
ja	画し	verb	4	5	3	3
ja	半疑	noun	4	5	3	3
ja	手間取っ	verb	4	5	3	3
ja	速かっ	adjective	4	5	3	3
ja	匂わ	verb	4	5	3	3
ja	ラッピング	noun	4	5	3	3
ja	はじまる	verb	4	5	3	3
ja	繕っ	verb	4	5	3	3
ja	めぐらし	verb	4	5	3	3
ja	ぬけ	verb	4	5	3	3
ja	発進	noun	4	5	3	3
ja	刺殺	noun	4	5	3	3
ja	心掛け	verb	4	5	3	3
ja	遅らせ	verb	4	5	3	3
ja	たいらげ	verb	4	5	3	3
ja	委任	noun	4	5	3	3
ja	ぐだぐだ	adverb	4	5	3	3
ja	召喚	noun	4	5	3	3
ja	襲い	verb	4	5	3	3
ja	よし	adjective	4	5	3	3
ja	シカト	noun	4	5	3	3
ja	調合	noun	4	5	3	3
ja	失態	noun	4	5	3	3
ja	半減	noun	4	5	3	3
ja	あわさ	verb	4	5	3	3
ja	きづい	verb	4	5	3	3
ja	募ら	verb	4	5	3	3
ja	履け	verb	4	5	3	3
ja	贈賄	noun	4	5	3	3
ja	もたげ	verb	4	5	3	3
ja	塗れ	verb	4	5	3	3
ja	光ら	verb	4	5	3	3
ja	充血	noun	4	5	3	3
ja	なじっ	verb	4	5	3	3
ja	にぎっ	verb	4	5	3	3
ja	つぶれる	verb	4	5	3	3
ja	忙殺	noun	4	5	3	3
ja	屈伏	noun	4	5	3	3
ja	至り	verb	4	5	3	3
ja	あえい	verb	4	5	3	3
ja	すくん	verb	4	5	3	3
ja	またがっ	verb	4	5	3	3
ja	通え	verb	4	5	3	3
ja	パクっ	verb	4	5	3	3
ja	もどら	verb	4	5	3	3
ja	歪ん	verb	4	5	3	3
ja	消耗	noun	4	5	3	3
ja	削ら	verb	4	5	3	3
ja	敷か	verb	4	5	3	3
ja	よこさ	verb	4	5	3	3
ja	通せ	verb	4	5	3	3
ja	逆立て	verb	4	5	3	3
ja	たたき	verb	4	5	3	3
ja	加算	noun	4	5	3	3
ja	負い	verb	4	5	3	3
ja	たべる	verb	4	5	3	3
ja	鈍る	verb	4	5	3	3
ja	そらさ	verb	4	5	3	3
ja	とおら	verb	4	5	3	3
ja	撒い	verb	4	5	3	3
ja	かぞえ	verb	4	5	3	3
ja	不慣れ	noun	4	5	3	3
ja	甘受	noun	4	5	3	3
ja	きん	noun	4	5	3	3
ja	まかさ	verb	4	5	3	3
ja	くらまし	verb	4	5	3	3
ja	密告	noun	4	5	3	3
ja	帰ろっ	verb	4	5	3	3
ja	まねる	verb	4	5	3	3
ja	問い	verb	4	5	3	3
ja	獲っ	verb	4	5	3	3
ja	うかん	verb	4	5	3	3
ja	乱さ	verb	4	5	3	3
ja	裁か	verb	4	5	3	3
ja	ばらまい	verb	4	5	3	3
ja	そこなわ	verb	4	5	3	3
ja	悩まし	verb	4	5	3	3
ja	うれし泣き	noun	4	5	2	3
ja	浅	adjective	4	5	2	3
ja	とおっ	verb	4	5	2	3
ja	人払い	noun	4	5	2	3
ja	色褪せ	verb	4	5	2	3
ja	音読	noun	4	5	2	3
ja	葦	noun	4	5	2	3
ja	ほぐれ	verb	4	5	2	3
ja	へっ	verb	4	5	2	3
ja	にじん	verb	4	5	2	3
ja	さぼる	verb	4	5	2	3
ja	急務	noun	4	5	2	3
ja	増水	noun	4	5	2	3
ja	つのっ	verb	4	5	2	3
ja	はたらい	verb	4	5	2	3
ja	崩さ	verb	4	5	2	3
ja	茂っ	verb	4	5	2	3
ja	悔い	verb	4	5	2	3
ja	終始	noun	4	5	2	3
ja	台南	noun	4	5	2	3
ja	のせる	verb	4	5	2	3
ja	沸かす	verb	4	5	2	3
ja	掛から	verb	4	5	2	3
ja	酔い	verb	4	5	2	3
ja	無心	noun	4	5	2	3
ja	計量	noun	4	5	2	3
ja	合金	noun	4	5	2	3
ja	メス	noun	4	5	2	3
ja	重症	noun	4	5	2	3
ja	霹靂	noun	4	5	2	3
ja	おっくう	noun	4	5	2	3
ja	向き	verb	4	5	2	3
ja	際立っ	verb	4	5	2	3
ja	落選	noun	4	5	2	3
ja	合わせよう	verb	4	5	2	3
ja	番狂わせ	noun	4	5	2	3
ja	毛頭	adverb	4	5	2	3
ja	載る	verb	4	5	2	3
ja	融通	noun	4	5	2	3
ja	預かる	verb	4	5	2	3
ja	みがき	verb	4	5	2	3
ja	戦前	noun	4	5	2	3
ja	尚早	noun	4	5	2	3
ja	ど忘れ	noun	4	5	2	3
ja	結っ	verb	4	5	2	3
ja	すっぽ抜け	verb	4	5	2	3
ja	架かっ	verb	4	5	2	3
ja	飾り	verb	4	5	2	3
ja	断絶	noun	4	5	2	3
ja	気取ら	verb	4	5	2	3
ja	つるし	verb	4	5	2	3
ja	舗装	noun	4	5	2	3
ja	むくん	verb	4	5	2	3
ja	洗浄	noun	4	5	2	3
ja	きり	verb	4	5	2	3
ja	ぶつから	verb	4	5	2	3
ja	飛び込み	noun	4	5	2	3
ja	骨折っ	verb	4	5	2	3
ja	熟す	verb	4	5	2	3
ja	同義	noun	4	5	2	3
ja	苦	adjective	4	5	2	3
ja	握り	verb	4	5	2	3
ja	すすん	verb	4	5	2	3
ja	手招き	noun	4	5	2	3
ja	貰える	verb	4	5	2	3
ja	前売り	noun	4	5	2	3
ja	愛撫	noun	4	5	2	3
ja	叱責	noun	4	5	2	3
ja	なくさ	verb	4	5	2	3
ja	柔和	noun	4	5	2	3
ja	否決	noun	4	5	2	3
ja	ジャッキ	noun	4	5	2	3
ja	済まし	verb	4	5	2	3
ja	こちょこちょ	adverb	4	5	2	3
ja	わずらい	verb	4	5	2	3
ja	陳情	noun	4	5	2	3
ja	あつまっ	verb	4	5	2	3
ja	泊める	verb	4	5	2	3
ja	むくい	verb	4	5	2	3
ja	たじろい	verb	4	5	2	3
ja	耕し	verb	4	5	2	3
ja	命中	noun	4	5	2	3
ja	酸っぱ	adjective	4	5	2	3
ja	獲り	verb	4	5	2	3
ja	なせ	verb	4	5	2	3
ja	見出す	verb	4	5	2	3
ja	入荷	noun	4	5	2	3
ja	忍び	verb	4	5	2	3
ja	いらっしゃら	verb	4	5	2	3
ja	代物	noun	4	5	2	3
ja	渇く	verb	4	5	2	3
ja	ハイジ	noun	4	5	2	3
ja	はら	verb	4	5	2	3
ja	受理	noun	4	5	2	3
ja	拒み	verb	4	5	2	3
ja	小異	noun	4	5	2	3
ja	潜ん	verb	4	5	2	3
ja	数え	noun	4	5	2	3
ja	表わす	verb	4	5	2	3
ja	撮れる	verb	4	5	2	3
ja	跳び	verb	4	5	2	3
ja	さらっ	verb	4	5	2	3
ja	疾走	noun	4	5	2	3
ja	もとめ	verb	4	5	2	3
ja	古風	noun	4	5	2	3
ja	殺菌	noun	4	5	2	3
ja	暖まっ	verb	4	5	2	3
ja	狙え	verb	4	5	2	3
ja	宜しい	adjective	4	5	2	3
ja	ブルブル	adverb	4	5	2	3
ja	集っ	verb	4	5	2	3
ja	ひけらかす	verb	4	5	2	3
ja	保て	verb	4	5	2	3
ja	治せる	verb	4	5	2	3
ja	食らわせ	verb	4	5	2	3
ja	しのい	verb	4	5	2	3
ja	ひるん	verb	4	5	2	3
ja	掃い	verb	4	5	2	3
ja	仁	noun	4	5	2	3
ja	催し	noun	4	5	2	3
ja	産卵	noun	4	5	2	3
ja	活かし	verb	4	5	2	3
ja	乱し	verb	4	5	2	3
ja	煮沸	noun	4	5	1	3
ja	書	noun	4	5	1	3
ja	さた	noun	4	5	1	3
ja	吹かし	verb	4	5	1	3
ja	振るう	verb	4	5	1	3
ja	投薬	noun	4	5	1	3
ja	つきあたり	noun	4	5	1	3
ja	酷使	noun	4	5	1	3
ja	心苦しい	adjective	4	5	1	3
ja	賃貸	noun	4	5	1	3
ja	有界	noun	4	5	1	3
ja	這っ	verb	4	5	1	3
ja	ステラ	noun	4	5	1	3
ja	絞る	verb	4	5	1	3
ja	惜し	adjective	4	5	1	3
ja	寄り道	noun	4	5	1	3
ja	かつい	verb	4	5	1	3
ja	なじみ	noun	4	5	1	3
ja	感電	noun	4	5	1	3
ja	絞ら	verb	4	5	1	3
ja	格闘	noun	4	5	1	3
ja	化け物	noun	4	5	1	3
ja	有り	noun	4	5	1	3
ja	便所	noun	4	5	1	3
ja	搾る	verb	4	5	1	3
ja	パラダイス	noun	4	5	1	3
ja	うろちょろ	adverb	4	5	1	3
ja	平謝り	noun	4	5	1	3
ja	滑走	noun	4	5	1	3
ja	騒ぎ	verb	4	5	1	3
ja	表彰	noun	4	5	1	3
ja	罵倒	noun	4	5	1	3
ja	発刊	noun	4	5	1	3
ja	補足	noun	4	5	1	3
ja	納付	noun	4	5	1	3
ja	バカげ	verb	4	5	1	3
ja	アポ	noun	4	5	1	3
ja	ムリ	noun	4	5	1	3
ja	イーストウッド	noun	4	5	1	3
ja	ひと眠り	noun	4	5	1	3
ja	山村	noun	4	5	1	3
ja	不調	noun	4	5	1	3
ja	訪日	noun	4	5	1	3
ja	はらっ	verb	4	5	1	3
ja	折ろう	verb	4	5	1	3
ja	オシャレ	noun	4	5	1	3
ja	きず	noun	4	5	1	3
ja	ならっ	verb	4	5	1	3
ja	ちゃう	verb	4	5	1	3
ja	慇懃	noun	4	5	1	3
ja	境地	noun	4	5	1	3
ja	蘇生	noun	4	5	1	3
ja	すすっ	verb	4	5	1	3
ja	採取	noun	4	5	1	3
ja	狙撃	noun	4	5	1	3
ja	湿ら	verb	4	5	1	3
ja	陽射し	noun	4	5	1	3
ja	からす	noun	4	5	1	3
ja	ばらす	verb	4	5	1	3
ja	下山	noun	4	5	1	3
ja	恐る	verb	4	5	1	3
ja	洗え	verb	4	5	1	3
ja	喜ばしい	adjective	4	5	1	3
ja	最長	noun	4	5	1	3
ja	なさん	verb	4	5	1	3
ja	両	noun	4	5	1	3
ja	ホモ	noun	4	5	1	3
ja	覆う	verb	4	5	1	3
ja	開通	noun	4	5	1	3
ja	インプット	noun	4	5	1	3
ja	預けれ	verb	4	5	1	3
ja	暖める	verb	4	5	1	3
ja	肥大	noun	4	5	1	3
ja	ふらふら	adverb	4	5	1	3
ja	スーパーマン	noun	4	5	1	3
ja	判読	noun	4	5	1	3
ja	減らさ	verb	4	5	1	3
ja	貰う	verb	4	5	1	3
ja	棄権	noun	4	5	1	3
ja	裁く	verb	4	5	1	3
ja	答えよう	verb	4	5	1	3
ja	原産	noun	4	5	1	3
ja	ふとっ	verb	4	5	1	3
ja	ピーク	noun	4	5	1	3
ja	怒鳴る	verb	4	5	1	3
ja	痙攣	noun	4	5	1	3
ja	三昧	noun	4	5	1	3
ja	編む	verb	4	5	1	3
ja	刷新	noun	4	5	1	3
ja	クスコ	noun	4	5	1	3
ja	萌え	verb	4	5	1	3
ja	ウソ	noun	4	5	1	3
ja	けなす	verb	4	5	1	3
ja	与えれ	verb	4	5	1	3
ja	ブックマーク	noun	4	5	1	3
ja	流域	noun	4	5	1	3
ja	かねて	adverb	4	5	1	3
ja	快い	adjective	4	5	1	3
ja	送金	noun	4	5	1	3
ja	悩ます	verb	4	5	1	3
ja	哀れん	verb	4	5	1	3
ja	すげー	adjective	4	5	1	3
ja	潰し	verb	4	5	1	3
ja	植え付け	noun	4	5	1	3
ja	突く	verb	4	5	1	3
ja	手直し	noun	4	5	1	3
ja	フォーム	noun	4	5	1	3
ja	手がけ	verb	4	5	1	3
ja	重複	noun	4	5	1	3
ja	ゆか	verb	4	5	1	3
ja	勾配	noun	4	5	1	3
ja	通商	noun	4	5	1	3
ja	上手かっ	adjective	4	5	1	3
ja	誤用	noun	4	5	1	3
ja	膳立て	noun	4	5	1	3
ja	見どころ	noun	4	5	1	3
ja	休館	noun	4	5	1	3
ja	道草	noun	4	5	1	3
ja	黙考	noun	4	5	1	3
ja	これ	verb	4	5	1	3
ja	架け橋	noun	4	5	1	3
ja	かぶせ	verb	4	5	1	3
ja	いらだっ	verb	4	5	1	3
ja	ムーン	noun	4	5	1	3
ja	貫流	noun	4	5	1	3
ja	操ら	verb	4	5	1	3
ja	陥る	verb	4	5	1	3
ja	中旬	noun	4	5	1	3
ja	老衰	noun	4	5	1	3
ja	すごす	verb	4	5	1	3
ja	グラグラ	adverb	4	5	1	3
ja	漏れる	verb	4	5	1	3
ja	粋	noun	4	5	1	3
ja	冷淡	noun	4	5	1	3
ja	止み	verb	4	5	1	3
ja	略奪	noun	4	5	1	3
ja	赤点	noun	4	5	1	3
ja	服地	noun	4	5	1	3
ja	多岐	noun	4	5	1	3
ja	高価	adjective	4	5	1	3
ja	水没	noun	4	5	1	3
ja	祭日	noun	4	5	1	3
ja	どっぷり	adverb	4	5	1	3
ja	がりがり	adverb	4	5	1	3
ja	放浪	noun	4	5	1	3
ja	擦り傷	noun	4	5	1	3
ja	入港	noun	4	5	1	3
ja	誘導	noun	4	5	1	3
ja	伴	verb	4	5	1	3
ja	断末魔	noun	4	5	1	3
ja	採れる	verb	4	5	1	3
ja	霊長	noun	4	5	1	3
ja	ニヤニヤ	adverb	4	5	1	3
ja	湿気っ	verb	4	5	1	3
ja	創始	noun	4	5	1	3
ja	愛せよ	verb	4	5	1	3
ja	創っ	verb	4	5	1	3
ja	うつ	verb	4	5	1	3
ja	のぼり	verb	4	5	1	3
ja	くぼん	verb	4	5	1	3
ja	織り	verb	4	5	1	3
ja	馬の骨	noun	4	5	1	3
ja	出国	noun	4	5	1	3
ja	器量	noun	4	5	1	3
ja	樹齢	noun	4	5	1	3
ja	酋長	noun	4	5	1	3
ja	一短	noun	4	5	1	3
ja	つるん	verb	4	5	1	3
ja	退会	noun	4	5	1	3
ja	空回り	noun	4	5	1	3
ja	ようする	verb	4	5	1	3
ja	防ぎ	verb	4	5	1	3
ja	タブー	noun	4	5	1	3
ja	かさん	verb	4	5	1	3
ja	はなし	verb	4	5	1	3
ja	闇夜	noun	4	5	1	3
ja	泣ける	verb	4	5	1	3
ja	つっ	verb	4	5	1	3
ja	報いる	verb	4	5	1	3
ja	づくり	noun	4	5	1	3
ja	沸か	verb	4	5	1	3
ja	のこさ	verb	4	5	1	3
ja	落とそう	verb	4	5	1	3
ja	法人	noun	4	5	1	3
ja	急所	noun	4	5	1	3
ja	塩辛かっ	adjective	4	5	1	3
ja	連敗	noun	4	5	1	3
ja	たれ	noun	4	5	1	3
ja	摘み	verb	4	5	1	3
ja	速め	verb	4	5	1	3
ja	困憊	noun	4	5	1	3
ja	催促	noun	4	5	1	3
ja	こけ	verb	4	5	1	3
ja	打診	noun	4	5	1	3
ja	キラキラ	adverb	4	5	1	3
ja	清書	noun	4	5	1	3
ja	着地	noun	4	5	0	3
ja	異国	noun	4	5	0	3
ja	もも	noun	4	5	0	3
ja	挙動	noun	4	5	0	3
ja	白菜	noun	4	5	0	3
ja	手始め	noun	4	5	0	3
ja	追い求め	verb	4	5	0	3
ja	飛び上がり	verb	4	5	0	3
ja	後ろ向き	noun	4	5	0	3
ja	吹き付け	verb	4	5	0	3
ja	干満	noun	4	5	0	3
ja	オスマン	noun	4	5	0	3
ja	チャリ	noun	4	5	0	3
ja	ワゴン	noun	4	5	0	3
ja	水害	noun	4	5	0	3
ja	振込	noun	4	5	0	3
ja	護身	noun	4	5	0	3
ja	牧	noun	4	5	0	3
ja	髄	noun	4	5	0	3
ja	野ウサギ	noun	4	5	0	3
ja	静まりかえっ	verb	4	5	0	3
ja	商法	noun	4	5	0	3
ja	憎らしい	adjective	4	5	0	3
ja	上腕	noun	4	5	0	3
ja	全裸	noun	4	5	0	3
ja	胡蝶	noun	4	5	0	3
ja	オムツ	noun	4	5	0	3
ja	赤坂	noun	4	5	0	3
ja	立ち直り	verb	4	5	0	3
ja	掻く	verb	4	5	0	3
ja	一陣	noun	4	5	0	3
ja	原価	noun	4	5	0	3
ja	不幸せ	noun	4	5	0	3
ja	信じ込ま	verb	4	5	0	3
ja	潮時	noun	4	5	0	3
ja	ソー	noun	4	5	0	3
ja	インコ	noun	4	5	0	3
ja	ぎっしり	adverb	4	5	0	3
ja	弁舌	noun	4	5	0	3
ja	粗品	noun	4	5	0	3
ja	小熊	noun	4	5	0	3
ja	教え込ん	verb	4	5	0	3
ja	昼過ぎ	noun	4	5	0	3
ja	施し	noun	4	5	0	3
ja	踏切	noun	4	5	0	3
ja	水星	noun	4	5	0	3
ja	内臓	noun	4	5	0	3
ja	アル中	noun	4	5	0	3
ja	マーシャ	noun	4	5	0	3
ja	エディット	noun	4	5	0	3
ja	ゆかり	noun	4	5	0	3
ja	ひびき	noun	4	5	0	3
ja	連れ子	noun	4	5	0	3
ja	着込ん	verb	4	5	0	3
ja	トンボ	noun	4	5	0	3
ja	取りあえず	adverb	4	5	0	3
ja	歌劇	noun	4	5	0	3
ja	豪雪	noun	4	5	0	3
ja	華道	noun	4	5	0	3
ja	太宰	noun	4	5	0	3
ja	ほふく	noun	4	5	0	3
ja	牡牛	noun	4	5	0	3
ja	外套	noun	4	5	0	3
ja	源氏	noun	4	5	0	3
ja	たちどころ	noun	4	5	0	3
ja	終業	noun	4	5	0	3
ja	大山	noun	4	5	0	3
ja	副業	noun	4	5	0	3
ja	不治	noun	4	5	0	3
ja	かき消さ	verb	4	5	0	3
ja	気流	noun	4	5	0	3
ja	はと	noun	4	5	0	3
ja	覗き込む	verb	4	5	0	3
ja	乳牛	noun	4	5	0	3
ja	ふたたび	adverb	4	5	0	3
ja	防音	noun	4	5	0	3
ja	コロッケ	noun	4	5	0	3
ja	もや	noun	4	5	0	3
ja	給う	verb	4	5	0	3
ja	原形	noun	4	5	0	3
ja	団員	noun	4	5	0	3
ja	すくと	adverb	4	5	0	3
ja	突き指	noun	4	5	0	3
ja	大黒	noun	4	5	0	3
ja	フワフワ	adverb	4	5	0	3
ja	すらり	adverb	4	5	0	3
ja	マダガスカル	noun	4	5	0	3
ja	唐揚げ	noun	4	5	0	3
ja	四つん這い	noun	4	5	0	3
ja	月光	noun	4	5	0	3
ja	カスタマー	noun	4	5	0	3
ja	たしなみ	noun	4	5	0	3
ja	大同	noun	4	5	0	3
ja	３千	noun	4	5	0	3
ja	クリント	noun	4	5	0	3
ja	つきとめ	verb	4	5	0	3
ja	和歌山	noun	4	5	0	3
ja	又聞き	noun	4	5	0	3
ja	賭事	noun	4	5	0	3
ja	ルネサンス	noun	4	5	0	3
ja	バイオテクノロジー	noun	4	5	0	3
ja	聞き入れる	verb	4	5	0	3
ja	雨具	noun	4	5	0	3
ja	せきたて	verb	4	5	0	3
ja	局地	noun	4	5	0	3
ja	前面	noun	4	5	0	3
ja	住み着い	verb	4	5	0	3
ja	ざっくり	adverb	4	5	0	3
ja	船積み	noun	4	5	0	3
ja	雄牛	noun	4	5	0	3
ja	通り越し	verb	4	5	0	3
ja	尻軽	noun	4	5	0	3
ja	ジャワ	noun	4	5	0	3
ja	人知	noun	4	5	0	3
ja	弓道	noun	4	5	0	3
ja	半信	noun	4	5	0	3
ja	坊	noun	4	5	0	3
ja	羨ましく	adjective	4	5	0	3
ja	ジョージア	noun	4	5	0	3
ja	涙腺	noun	4	5	0	3
ja	電流	noun	4	5	0	3
ja	虐殺	noun	4	5	0	3
ja	平常	noun	4	5	0	3
ja	ブツブツ	adverb	4	5	0	3
ja	許	noun	4	5	0	3
ja	メシ	noun	4	5	0	3
ja	両脚	noun	4	5	0	3
ja	離れ離れ	noun	4	5	0	3
ja	つら	verb	4	5	0	3
ja	スロバキア	noun	4	5	0	3
ja	全席	noun	4	5	0	3
ja	作	noun	4	5	0	3
ja	あさっ	verb	4	5	0	3
ja	原告	noun	4	5	0	3
ja	ミシシッピ	noun	4	5	0	3
ja	サンドウィッチ	noun	4	5	0	3
ja	横着	noun	4	5	0	3
ja	愛知	noun	4	5	0	3
ja	巻き付け	verb	4	5	0	3
ja	解する	verb	4	5	0	3
ja	マル	noun	4	5	0	3
ja	怒らす	verb	4	5	0	3
ja	ハロウィーン	noun	4	5	0	3
ja	しり	noun	4	5	0	3
ja	模試	noun	4	5	0	3
ja	前任	noun	4	5	0	3
ja	月収	noun	4	5	0	3
ja	相撲取り	noun	4	5	0	3
ja	私用	noun	4	5	0	3
ja	体面	noun	4	5	0	3
ja	裏手	noun	4	5	0	3
ja	できあがり	verb	4	5	0	3
ja	見つめる	verb	4	5	0	3
ja	春先	noun	4	5	0	3
ja	歩き回り	verb	4	5	0	3
ja	降り注い	verb	4	5	0	3
ja	刈り取ら	verb	4	5	0	3
ja	いか	noun	4	5	0	3
ja	ポルノ	noun	4	5	0	3
ja	集めよう	verb	4	5	0	3
ja	丸裸	noun	4	5	0	3
ja	飛び越える	verb	4	5	0	3
ja	レーシング	noun	4	5	0	3
ja	割り引い	verb	4	5	0	3
ja	ダイバー	noun	4	5	0	3
ja	引っかかる	verb	4	5	0	3
ja	打ち所	noun	4	5	0	3
ja	とりで	noun	4	5	0	3
ja	救い出し	verb	4	5	0	3
ja	マクベス	noun	4	5	0	3
ja	痩せる	verb	4	5	0	3
ja	外敵	noun	4	5	0	3
ja	正真	noun	4	5	0	3
ja	ロメオ	noun	4	5	0	3
ja	内耳	noun	4	5	0	3
ja	ほうり出さ	verb	4	5	0	3
ja	縞	noun	4	5	0	3
ja	橋梁	noun	4	5	0	3
ja	キウイ	noun	4	5	0	3
ja	まるで	compounds	4	5	0	3
ja	声楽	noun	4	5	0	3
ja	眼前	noun	4	5	0	3
ja	取り合い	verb	4	5	0	3
ja	はぐらかさ	verb	4	5	0	3
ja	よかれ	adjective	4	5	0	3
ja	半日	noun	4	5	0	3
ja	水溜まり	noun	4	5	0	3
ja	白衣	noun	4	5	0	3
ja	辿り着い	verb	4	5	0	3
ja	気高い	adjective	4	5	0	3
ja	寸	noun	4	5	0	3
ja	やっき	noun	4	5	0	3
ja	漏れ	noun	4	5	0	3
ja	ウイグル	noun	4	5	0	3
ja	遊歩	noun	4	5	0	3
ja	押さえる	verb	4	5	0	3
ja	稼ごう	verb	4	5	0	3
ja	書き出し	verb	4	5	0	3
ja	巡査	noun	4	5	0	3
ja	備品	noun	4	5	0	3
ja	だるく	adjective	4	5	0	3
ja	供述	noun	4	5	0	3
ja	でっち上げる	verb	4	5	0	3
ja	やり直す	verb	4	5	0	3
ja	掛け算	noun	4	5	0	3
ja	拒食	noun	4	5	0	3
ja	鍼	noun	4	5	0	3
ja	一長	noun	4	5	0	3
ja	励まし	noun	4	5	0	3
ja	リフト	noun	4	5	0	3
ja	チェッカー	noun	4	5	0	3
ja	良かれ	adjective	4	5	0	3
ja	ばり	adverb	4	5	0	3
ja	出品	noun	4	5	0	3
ja	食べもの	noun	4	5	0	3
ja	高跳び	noun	4	5	0	3
ja	項	noun	4	5	0	3
ja	もぬけ	noun	4	5	0	3
ja	実務	noun	4	5	0	3
ja	硫酸	noun	4	5	0	3
ja	ルーチン	noun	4	5	0	3
ja	地所	noun	4	5	0	3
ja	矢印	noun	4	5	0	3
ja	竹林	noun	4	5	0	3
ja	振り向く	verb	4	5	0	3
ja	のり	noun	4	5	0	3
ja	一抹	noun	4	5	0	3
ja	高倉	noun	4	5	0	3
ja	国有	noun	4	5	0	3
ja	ソリティア	noun	4	5	0	3
ja	タマ	noun	4	5	0	3
ja	土足	noun	4	5	0	3
ja	八重洲	noun	4	5	0	3
ja	錯乱	noun	4	5	0	3
ja	ギョウザ	noun	4	5	0	3
ja	寝耳	noun	4	5	0	3
ja	イチ	noun	4	5	0	3
ja	イニシャル	noun	4	5	0	3
ja	鉢植え	noun	4	5	0	3
ja	令色	noun	4	5	0	3
ja	麦芽	noun	4	5	0	3
ja	ハワイアン	noun	4	5	0	3
ja	高田	noun	4	5	0	3
ja	引き返す	verb	4	5	0	3
ja	積み重ね	verb	4	5	0	3
ja	薬指	noun	4	5	0	3
ja	一過	noun	4	5	0	3
ja	帰り着く	verb	4	5	0	3
ja	名画	noun	4	5	0	3
ja	一昔	noun	4	5	0	3
ja	限りなく	adjective	4	5	0	3
ja	見真似	noun	4	5	0	3
ja	九十	noun	4	5	0	3
ja	ペロペロ	adverb	4	5	0	3
ja	ノンストップ	noun	4	5	0	3
ja	フレームワーク	noun	4	5	0	3
ja	降りかかっ	verb	4	5	0	3
ja	ステッカー	noun	4	5	0	3
ja	糸目	noun	4	5	0	3
ja	貸出	noun	4	5	0	3
ja	羅針	noun	4	5	0	3
ja	折り入っ	verb	4	5	0	3
ja	波乱	noun	4	5	0	3
ja	１番	adverb	4	5	0	3
ja	５、６	noun	4	5	0	3
ja	全米	noun	4	5	0	3
ja	冷やさ	verb	4	5	0	3
ja	疑え	verb	4	5	0	3
ja	街並み	noun	4	5	0	3
ja	くださら	verb	4	5	0	3
ja	進捗	noun	4	5	0	3
ja	醜聞	noun	4	5	0	3
ja	塩水	noun	4	5	0	3
ja	冷え込む	verb	4	5	0	3
ja	ペースト	noun	4	5	0	3
ja	歩こう	verb	4	5	0	3
ja	虻蜂	noun	4	5	0	3
ja	尻馬	noun	4	5	0	3
ja	吸い込ま	verb	4	5	0	3
ja	房	noun	4	5	0	3
ja	三菱	noun	4	5	0	3
ja	正銘	noun	4	5	0	3
ja	ドッと	adverb	4	5	0	3
ja	クエン	noun	4	5	0	3
ja	ノルディック	noun	4	5	0	3
ja	リーグ	noun	4	5	0	3
ja	折りたたん	verb	4	5	0	3
ja	利率	noun	4	5	0	3
ja	訳文	noun	4	5	0	3
ja	百貨	noun	4	5	0	3
ja	焦げ臭い	adjective	4	5	0	3
ja	メラニー	noun	4	5	0	3
ja	イチロー	noun	4	5	0	3
ja	吹き出	verb	4	5	0	3
ja	アポイント	noun	4	5	0	3
ja	千載	noun	4	5	0	3
ja	浅草	noun	4	5	0	3
ja	適所	noun	4	5	0	3
ja	リュックサック	noun	4	5	0	3
ja	食塩	noun	4	5	0	3
ja	巧言	noun	4	5	0	3
ja	ノルマン	noun	4	5	0	3
ja	言い争う	verb	4	5	0	3
ja	糊	noun	4	5	0	3
ja	ちょこっと	adverb	4	5	0	3
ja	けばけばしい	adjective	4	5	0	3
ja	忘れかけ	verb	4	5	0	3
ja	カッター	noun	4	5	0	3
ja	ブローカー	noun	4	5	0	3
ja	常人	noun	4	5	0	3
ja	座り込ん	verb	4	5	0	3
ja	センサー	noun	4	5	0	3
ja	好ましく	adjective	4	5	0	3
ja	持ち運び	noun	4	5	0	3
ja	ネオン	noun	4	5	0	3
ja	刈り	verb	4	5	0	3
ja	おもに	adverb	4	5	0	3
ja	存じ上げ	verb	4	5	0	3
ja	オリオン	noun	4	5	0	3
ja	グー	noun	4	5	0	3
ja	一考	noun	4	5	0	3
ja	クス	noun	4	5	0	3
ja	てがみ	noun	4	5	0	3
ja	若葉	noun	4	5	0	3
ja	るつぼ	noun	4	5	0	3
ja	召し	noun	4	5	0	3
ja	マルコーニ	noun	4	5	0	3
ja	税引き	noun	4	5	0	3
ja	楽譜	noun	4	5	0	3
ja	翌週	noun	4	5	0	3
ja	鮮度	noun	4	5	0	3
ja	宮沢	noun	4	5	0	3
ja	おもて	noun	4	5	0	3
ja	鳴動	noun	4	5	0	3
ja	のっぴき	noun	4	5	0	3
ja	強まる	verb	4	5	0	3
ja	体裁	noun	4	5	0	3
ja	雄叫び	noun	4	5	0	3
ja	給へ	verb	4	5	0	3
ja	ひと目	noun	4	5	0	3
ja	まずまず	adverb	4	5	0	3
ja	理恵	noun	4	5	0	3
ja	ギブス	noun	4	5	0	3
ja	転がり込ん	verb	4	5	0	3
ja	かき回し	verb	4	5	0	3
ja	将校	noun	4	5	0	3
ja	追い出し	verb	4	5	0	3
ja	投げ込ま	verb	4	5	0	3
ja	変わり目	noun	4	5	0	3
ja	社説	noun	4	5	0	3
ja	虚構	noun	4	5	0	3
ja	特価	noun	4	5	0	3
ja	鞍	noun	4	5	0	3
ja	古寺	noun	4	5	0	3
ja	殺し	noun	4	5	0	3
ja	為さ	verb	4	5	0	3
ja	糖分	noun	4	5	0	3
ja	検閲	noun	4	5	0	3
ja	通産	noun	4	5	0	3
ja	切り抜い	verb	4	5	0	3
ja	肉類	noun	4	5	0	3
ja	ビリビリ	adverb	4	5	0	3
ja	ヒナギク	noun	4	5	0	3
ja	会堂	noun	4	5	0	3
ja	通せる	verb	4	5	0	3
ja	境目	noun	4	5	0	3
ja	ピル	noun	4	5	0	3
ja	アラーム	noun	4	5	0	3
ja	頭角	noun	4	5	0	3
ja	セクション	noun	4	5	0	3
ja	焚き火	noun	4	5	0	3
ja	ゆみ	noun	4	5	0	3
ja	外貨	noun	4	5	0	3
ja	いけにえ	noun	4	5	0	3
ja	打ち付け	verb	4	5	0	3
ja	損じる	verb	4	5	0	3
ja	レトルト	noun	4	5	0	3
ja	同輩	noun	4	5	0	3
ja	抵当	noun	4	5	0	3
ja	苦虫	noun	4	5	0	3
ja	当	noun	4	5	0	3
ja	若年	noun	4	5	0	3
ja	不燃	noun	4	5	0	3
ja	たけのこ	noun	4	5	0	3
ja	椎間	noun	4	5	0	3
ja	ブラ	noun	4	5	0	3
ja	米寿	noun	4	5	0	3
ja	教	noun	4	5	0	3
ja	党員	noun	4	5	0	3
ja	投げかける	verb	4	5	0	3
ja	個体	noun	4	5	0	3
ja	ざた	noun	4	5	0	3
ja	松茸	noun	4	5	0	3
ja	立ちあがる	verb	4	5	0	3
ja	平たく	adjective	4	5	0	3
ja	アンサンブル	noun	4	5	0	3
ja	虎子	noun	4	5	0	3
ja	三重	noun	4	5	0	3
ja	聞き漏らさ	verb	4	5	0	3
ja	機微	noun	4	5	0	3
ja	放任	noun	4	5	0	3
ja	メリーゴーランド	noun	4	5	0	3
ja	あたふた	adverb	4	5	0	3
ja	ラング	noun	4	5	0	3
ja	押しやっ	verb	4	5	0	3
ja	体つき	noun	4	5	0	3
ja	フィリップ	noun	4	5	0	3
ja	あんよ	noun	4	5	0	3
ja	飲み込む	verb	4	5	0	3
ja	四辺	noun	4	5	0	3
ja	いざこざ	noun	4	5	0	3
ja	着信	noun	4	5	0	3
ja	あぐら	noun	4	5	0	3
ja	礼節	noun	4	5	0	3
ja	エクアドル	noun	4	5	0	3
ja	買い込ん	verb	4	5	0	3
ja	チェコ	noun	4	5	0	3
ja	チェリー	noun	4	5	0	3
ja	宮崎	noun	4	5	0	3
ja	くるみ	noun	4	5	0	3
ja	ゴメス	noun	4	5	0	3
ja	減れ	verb	4	5	0	3
ja	囲い	noun	4	5	0	3
ja	勲章	noun	4	5	0	3
ja	全文	noun	4	5	0	3
ja	ブラックリスト	noun	4	5	0	3
ja	修士	noun	4	5	0	3
ja	ウィリアムズ	noun	4	5	0	3
ja	害虫	noun	4	5	0	3
ja	なおす	verb	4	5	0	3
ja	いっぺん	noun	4	5	0	3
ja	手振り	noun	4	5	0	3
ja	さき	noun	4	5	0	3
ja	キャニオン	noun	4	5	0	3
ja	独り暮らし	noun	4	5	0	3
ja	デーヴィス	noun	4	5	0	3
ja	一攫	noun	4	5	0	3
ja	シュー	noun	4	5	0	3
ja	全角	noun	4	5	0	3
ja	広瀬	noun	4	5	0	3
ja	天秤	noun	4	5	0	3
ja	除草	noun	4	5	0	3
ja	マウンテン	noun	4	5	0	3
ja	秋分	noun	4	5	0	3
ja	本拠	noun	4	5	0	3
ja	チャッ	adverb	4	5	0	3
ja	高名	noun	4	5	0	3
ja	手当て	noun	4	5	0	3
ja	広がり	noun	4	5	0	3
ja	つきあい	verb	4	5	0	3
ja	元カレ	noun	4	5	0	3
ja	裸体	noun	4	5	0	3
ja	老け込ん	verb	4	5	0	3
ja	鎮静	noun	4	5	0	3
ja	ＩＱ	noun	4	5	0	3
ja	パラパラ	adverb	4	5	0	3
ja	はあはあ	adverb	4	5	0	3
ja	種目	noun	4	5	0	3
ja	治癒	noun	4	5	0	3
ja	身の丈	noun	4	5	0	3
ja	乗り込み	verb	4	5	0	3
ja	ばー	adverb	4	5	0	3
ja	給油	noun	4	5	0	3
ja	アブラハム	noun	4	5	0	3
ja	封	noun	4	5	0	3
ja	本籍	noun	4	5	0	3
ja	チェックポイント	noun	4	5	0	3
ja	鶏卵	noun	4	5	0	3
ja	裏表	noun	4	5	0	3
ja	文末	noun	4	5	0	3
ja	不休	noun	4	5	0	3
ja	平衡	noun	4	5	0	3
ja	チャップリン	noun	4	5	0	3
ja	十和田湖	noun	4	5	0	3
ja	絡む	verb	4	5	0	3
ja	カメレオン	noun	4	5	0	3
ja	スピノザ	noun	4	5	0	3
ja	豪邸	noun	4	5	0	3
ja	モチベーション	noun	4	5	0	3
ja	民宿	noun	4	5	0	3
ja	メルマガ	noun	4	5	0	3
ja	ガラガラ	adverb	4	5	0	3
ja	ちょびっ	adverb	4	5	0	3
ja	いただか	verb	4	5	0	3
ja	収拾	noun	4	5	0	3
ja	得する	verb	4	5	0	3
ja	売り払っ	verb	4	5	0	3
ja	チョイ	adverb	4	5	0	3
ja	けいこ	noun	4	5	0	3
ja	前々	noun	4	5	0	3
ja	一瞥	noun	4	5	0	3
ja	分泌	noun	4	5	0	3
ja	木箱	noun	4	5	0	3
ja	マリラ	noun	4	5	0	3
ja	過ぎれ	verb	4	5	0	3
ja	絵の具	noun	4	5	0	3
ja	出し合い	verb	4	5	0	3
ja	茎	noun	4	5	0	3
ja	大蔵	noun	4	5	0	3
ja	書き換え	verb	4	5	0	3
ja	貼り付け	verb	4	5	0	3
ja	留置	noun	4	5	0	3
ja	蔵王	noun	4	5	0	3
ja	水槽	noun	4	5	0	3
ja	小生	noun	4	5	0	3
ja	両端	noun	4	5	0	3
ja	銀貨	noun	4	5	0	3
ja	舐める	verb	4	5	0	3
ja	ふりかけ	noun	4	5	0	3
ja	フロア	noun	4	5	0	3
ja	演算	noun	4	5	0	3
ja	うなり声	noun	4	5	0	3
ja	目次	noun	4	5	0	3
ja	税理	noun	4	5	0	3
ja	パッケージ	noun	4	5	0	3
ja	度肝	noun	4	5	0	3
ja	励み	noun	4	5	0	3
ja	仏像	noun	4	5	0	3
ja	抜け殻	noun	4	5	0	3
ja	おおよそ	adverb	4	5	0	3
ja	ひとかけら	noun	4	5	0	3
ja	入れ物	noun	4	5	0	3
ja	還暦	noun	4	5	0	3
ja	ギプス	noun	4	5	0	3
ja	つまずか	verb	4	5	0	3
ja	口当たり	noun	4	5	0	3
ja	偽装	noun	4	5	0	3
ja	割り当て	noun	4	5	0	3
ja	賞品	noun	4	5	0	3
ja	言い表す	verb	4	5	0	3
ja	ボディー	noun	4	5	0	3
ja	おせち	noun	4	5	0	3
ja	リズ	noun	4	5	0	3
ja	へこみ	noun	4	5	0	3
ja	五輪	noun	4	5	0	3
ja	手ぶら	noun	4	5	0	3
ja	引き算	noun	4	5	0	3
ja	漢方	noun	4	5	0	3
ja	全村	noun	4	5	0	3
ja	水しぶき	noun	4	5	0	3
ja	辛口	noun	4	5	0	3
ja	勝ち負け	noun	4	5	0	3
ja	エンスト	noun	4	5	0	3
ja	フン	noun	4	5	0	3
ja	クニ子	noun	4	5	0	3
ja	かみつく	verb	4	5	0	3
ja	小船	noun	4	5	0	3
ja	パーッ	adverb	4	5	0	3
ja	センセーション	noun	4	5	0	3
ja	仕込み	noun	4	5	0	3
ja	陽子	noun	4	5	0	3
ja	リレー	noun	4	5	0	3
ja	急性	noun	4	5	0	3
ja	コメンテーター	noun	4	5	0	3
ja	入れ換え	verb	4	5	0	3
ja	英詩	noun	4	5	0	3
ja	切り倒す	verb	4	5	0	3
ja	検診	noun	4	5	0	3
ja	秀樹	noun	4	5	0	3
ja	バトン	noun	4	5	0	3
ja	流れ出	verb	4	5	0	3
ja	横取り	noun	4	5	0	3
ja	カーネーション	noun	4	5	0	3
ja	羊飼い	noun	4	5	0	3
ja	赤み	noun	4	5	0	3
ja	趣	noun	4	5	0	3
ja	段々	adverb	4	5	0	3
ja	差し控える	verb	4	5	0	3
ja	食券	noun	4	5	0	3
ja	ばしか	noun	4	5	0	3
ja	胃薬	noun	4	5	0	3
ja	思い浮かば	verb	4	5	0	3
ja	なだめよう	verb	4	5	0	3
ja	追及	noun	4	5	0	3
ja	むき	noun	4	5	0	3
ja	二三	noun	4	5	0	3
ja	旅先	noun	4	5	0	3
ja	指し示し	verb	4	5	0	3
ja	増	noun	4	5	0	3
ja	ジープ	noun	4	5	0	3
ja	取り戻せる	verb	4	5	0	3
ja	年号	noun	4	5	0	3
ja	どんより	adverb	4	5	0	3
ja	乗っ取り	verb	4	5	0	3
ja	定員	noun	4	5	0	3
ja	ぼうっと	adverb	4	5	0	3
ja	２，３	noun	4	5	0	3
ja	通りぬける	verb	4	5	0	3
ja	抱き寄せ	verb	4	5	0	3
ja	中道	noun	4	5	0	3
ja	冷やす	verb	4	5	0	3
ja	動き回る	verb	4	5	0	3
ja	手柄	noun	4	5	0	3
ja	ツン	adverb	4	5	0	3
ja	＄	noun	4	5	0	3
ja	細々	adverb	4	5	0	3
ja	理容	noun	4	5	0	3
ja	刹那	noun	4	5	0	3
ja	固形	noun	4	5	0	3
ja	アーノルド	noun	4	5	0	3
ja	水戸	noun	4	5	0	3
ja	波紋	noun	4	5	0	3
ja	巻き込み	verb	4	5	0	3
ja	戦線	noun	4	5	0	3
ja	カンカン	noun	4	5	0	3
ja	虎穴	noun	4	5	0	3
ja	流派	noun	4	5	0	3
ja	死す	verb	4	5	0	3
ja	公私	noun	4	5	0	3
ja	スコッチ	noun	4	5	0	3
ja	入室	noun	4	5	0	3
ja	鉄板	noun	4	5	0	3
ja	新雪	noun	4	5	0	3
ja	白日	noun	4	5	0	3
ja	付着	noun	4	5	0	3
ja	ウエディング	noun	4	5	0	3
ja	アカデミー	noun	4	5	0	3
ja	街頭	noun	4	5	0	3
ja	タタール	noun	4	5	0	3
ja	定規	noun	4	5	0	3
ja	オセアニア	noun	4	5	0	3
ja	終生	noun	4	5	0	3
ja	ディケンズ	noun	4	5	0	3
ja	イントロ	noun	4	5	0	3
ja	頭部	noun	4	5	0	3
ja	階上	noun	4	5	0	3
ja	革張り	noun	4	5	0	3
ja	裂け目	noun	4	5	0	3
ja	操り	noun	4	5	0	3
ja	はちみつ	noun	4	5	0	3
ja	ダービー	noun	4	5	0	3
ja	かたわら	noun	4	5	0	3
ja	ウインター	noun	4	5	0	3
ja	ビー玉	noun	4	5	0	3
ja	たえ	noun	4	5	0	3
ja	うろつき	verb	4	5	0	3
ja	風物	noun	4	5	0	3
ja	張り	noun	4	5	0	3
ja	ペンション	noun	4	5	0	3
ja	札束	noun	4	5	0	3
ja	すう	adverb	4	5	0	3
ja	台なし	noun	4	5	0	3
ja	幼年	noun	4	5	0	3
ja	一読	noun	4	5	0	3
ja	旧式	noun	4	5	0	3
ja	頭打ち	noun	4	5	0	3
ja	収納	noun	4	5	0	3
ja	何ごと	noun	4	5	0	3
ja	脱字	noun	4	5	0	3
ja	独りでに	adverb	4	5	0	3
ja	寄り添っ	verb	4	5	0	3
ja	隣町	noun	4	5	0	3
ja	本学	noun	4	5	0	3
ja	夏祭り	noun	4	5	0	3
ja	新調	noun	4	5	0	3
ja	ドローン	noun	4	5	0	3
ja	間髪	noun	4	5	0	3
ja	抜け出せ	verb	4	5	0	3
ja	取り下げ	verb	4	5	0	3
ja	占い師	noun	4	5	0	3
ja	頂ける	verb	4	5	0	3
ja	貝がら	noun	4	5	0	3
ja	一挙	noun	4	5	0	3
ja	じきじき	noun	4	5	0	3
ja	アリゾナ	noun	4	5	0	3
ja	誓約	noun	4	5	0	3
ja	貸し借り	noun	4	5	0	3
ja	ナワトル	noun	4	5	0	3
ja	プエルトリコ	noun	4	5	0	3
ja	クラクション	noun	4	5	0	3
ja	むりやり	adverb	4	5	0	3
ja	ともない	verb	4	5	0	3
ja	目先	noun	4	5	0	3
ja	けしかけ	verb	4	5	0	3
ja	手厚い	adjective	4	5	0	3
ja	下書き	noun	4	5	0	3
ja	目覚ましい	adjective	4	5	0	3
ja	玉子	noun	4	5	0	3
ja	小降り	noun	4	5	0	3
ja	牙	noun	4	5	0	3
ja	居合	noun	4	5	0	3
ja	雨露	noun	4	5	0	3
ja	ナオミ	noun	4	5	0	3
ja	生い茂っ	verb	4	5	0	3
ja	レオ	noun	4	5	0	3
ja	癇	noun	4	5	0	3
ja	小便	noun	4	5	0	3
ja	しかたなく	adjective	4	5	0	3
ja	発声	noun	4	5	0	3
ja	一徹	noun	4	5	0	3
ja	こうもり	noun	4	5	0	3
ja	備え付ける	verb	4	5	0	3
ja	つかまえる	verb	4	5	0	3
ja	ジグソー	noun	4	5	0	3
ja	利息	noun	4	5	0	3
ja	使い分ける	verb	4	5	0	3
ja	ナガスクジラ	noun	4	5	0	3
ja	渋々	adverb	4	5	0	3
ja	風呂上がり	noun	4	5	0	3
ja	悩み	verb	4	5	0	3
ja	改修	noun	4	5	0	3
ja	農	noun	4	5	0	3
ja	遥か	adverb	4	5	0	3
ja	取り直し	verb	4	5	0	3
ja	レスリング	noun	4	5	0	3
ja	内外	noun	4	5	0	3
ja	ずうずうしく	adjective	4	5	0	3
ja	ダ	noun	4	5	0	3
ja	由香	noun	4	5	0	3
ja	論法	noun	4	5	0	3
ja	しでかす	verb	4	5	0	3
ja	特派	noun	4	5	0	3
ja	鳴り響き	verb	4	5	0	3
ja	早春	noun	4	5	0	3
ja	聞える	verb	4	5	0	3
ja	ポジション	noun	4	5	0	3
ja	ただ中	noun	4	5	0	3
ja	ビート	noun	4	5	0	3
ja	本場	noun	4	5	0	3
ja	やっつける	verb	4	5	0	3
ja	スライド	noun	4	5	0	3
ja	ぬるく	adjective	4	5	0	3
ja	エチオピア	noun	4	5	0	3
ja	月刊	noun	4	5	0	3
ja	盆栽	noun	4	5	0	3
ja	辞意	noun	4	5	0	3
ja	後先	noun	4	5	0	3
ja	採算	noun	4	5	0	3
ja	あかし	noun	4	5	0	3
ja	後便	noun	4	5	0	3
ja	複写	noun	4	5	0	3
ja	肛門	noun	4	5	0	3
ja	参議	noun	4	5	0	3
ja	あらためて	adverb	4	5	0	3
ja	本位	noun	4	5	0	3
ja	ジャッキー	noun	4	5	0	3
ja	短パン	noun	4	5	0	3
ja	英和	noun	4	5	0	3
ja	ひねる	verb	4	5	0	3
ja	綿あめ	noun	4	5	0	3
ja	積雪	noun	4	5	0	3
ja	アテンダント	noun	4	5	0	3
ja	売り切れる	verb	4	5	0	3
ja	あつ	verb	4	5	0	3
ja	帳消し	noun	4	5	0	3
ja	真由美	noun	4	5	0	3
ja	両肘	noun	4	5	0	3
ja	太古	noun	4	5	0	3
ja	軟骨	noun	4	5	0	3
ja	高嶺	noun	4	5	0	3
ja	築き上げ	verb	4	5	0	3
ja	髭剃り	noun	4	5	0	3
ja	時本	noun	4	5	0	3
ja	高利	noun	4	5	0	3
ja	数珠	noun	4	5	0	3
ja	パサパサ	adverb	4	5	0	3
ja	産休	noun	4	5	0	3
ja	恵一	noun	4	5	0	3
ja	テール	noun	4	5	0	3
ja	舞	noun	4	5	0	3
ja	ふたご	noun	4	5	0	3
ja	みぞ	noun	4	5	0	3
ja	はずす	verb	4	5	0	3
ja	性交	noun	4	5	0	3
ja	取り外し	verb	4	5	0	3
ja	キルト	noun	4	5	0	3
ja	乗り継い	verb	4	5	0	3
ja	ＵＳＡ	noun	4	5	0	3
ja	惣菜	noun	4	5	0	3
ja	どっさり	adverb	4	5	0	3
ja	突っ込む	verb	4	5	0	3
ja	荒れ地	noun	4	5	0	3
ja	風邪薬	noun	4	5	0	3
ja	貰い	verb	4	5	0	3
ja	降り	noun	4	5	0	3
ja	デジカメ	noun	4	5	0	3
ja	空白	noun	4	5	0	3
ja	加熱	noun	4	5	0	3
ja	アンコール	noun	4	5	0	3
ja	辺境	noun	4	5	0	3
ja	探し出そう	verb	4	5	0	3
ja	介し	verb	4	5	0	3
ja	一触	noun	4	5	0	3
ja	建前	noun	4	5	0	3
ja	書きつけ	verb	4	5	0	3
ja	トンカツ	noun	4	5	0	3
ja	砂利	noun	4	5	0	3
ja	立ち去る	verb	4	5	0	3
ja	配管	noun	4	5	0	3
ja	反戦	noun	4	5	0	3
ja	催し物	noun	4	5	0	3
ja	真心	noun	4	5	0	3
ja	帯広	noun	4	5	0	3
ja	斯く	adverb	4	5	0	3
ja	書き直さ	verb	4	5	0	3
ja	めちゃくちゃ	noun	4	5	0	3
ja	バーク	noun	4	5	0	3
ja	刻みつけ	verb	4	5	0	3
ja	強火	noun	4	5	0	3
ja	ヒッチハイク	noun	4	5	0	3
ja	引き裂か	verb	4	5	0	3
ja	除く	verb	4	5	0	3
ja	施す	verb	4	5	0	3
ja	たくらみ	noun	4	5	0	3
ja	がらくた	noun	4	5	0	3
ja	引っ掛かっ	verb	4	5	0	3
ja	投げ返し	verb	4	5	0	3
ja	畑違い	noun	4	5	0	3
ja	有れ	verb	4	5	0	3
ja	珍客	noun	4	5	0	3
ja	憎みあっ	verb	4	5	0	3
ja	なし	adjective	4	5	0	3
ja	紛れ	noun	4	5	0	3
ja	ほくろ	noun	4	5	0	3
ja	有権	noun	4	5	0	3
ja	リフォーム	noun	4	5	0	3
ja	グリーンランド	noun	4	5	0	3
ja	はずみ	noun	4	5	0	3
ja	干す	verb	4	5	0	3
ja	黒点	noun	4	5	0	3
ja	海沿い	noun	4	5	0	3
ja	マガジン	noun	4	5	0	3
ja	進入	noun	4	5	0	3
ja	絶景	noun	4	5	0	3
ja	包む	verb	4	5	0	3
ja	吹き出す	verb	4	5	0	3
ja	台車	noun	4	5	0	3
ja	前置き	noun	4	5	0	3
ja	差し詰め	adverb	4	5	0	3
ja	中川	noun	4	5	0	3
ja	匙	noun	4	5	0	3
ja	即発	noun	4	5	0	3
ja	アース	noun	4	5	0	3
ja	没後	noun	4	5	0	3
ja	法隆	noun	4	5	0	3
ja	駆け下りる	verb	4	5	0	3
ja	粗大	noun	4	5	0	3
ja	インス	noun	4	5	0	3
ja	中家	noun	4	5	0	3
ja	音響	noun	4	5	0	3
ja	万雷	noun	4	5	0	3
ja	目新しい	adjective	4	5	0	3
ja	喉元	noun	4	5	0	3
ja	空振り	noun	4	5	0	3
ja	人助け	noun	4	5	0	3
ja	裏付ける	verb	4	5	0	3
ja	コルク	noun	4	5	0	3
ja	ウエイター	noun	4	5	0	3
ja	溢れ出	verb	4	5	0	3
ja	昔日	noun	4	5	0	3
ja	鋏	noun	4	5	0	3
ja	バイ	noun	4	5	0	3
ja	再四	noun	4	5	0	3
ja	持ちこたえる	verb	4	5	0	3
ja	ただ今	noun	4	5	0	3
ja	追い付い	verb	4	5	0	3
ja	ほれこん	verb	4	5	0	3
ja	凝る	verb	4	5	0	3
ja	だこ	noun	4	5	0	3
ja	ニックネーム	noun	4	5	0	3
ja	ナイロン	noun	4	5	0	3
ja	破り	noun	4	5	0	3
ja	ミック	noun	4	5	0	3
ja	グアム	noun	4	5	0	3
ja	ぶら下がっ	verb	4	5	0	3
ja	ファウル	noun	4	5	0	3
ja	クセ	noun	4	5	0	3
ja	不穏	noun	4	5	0	3
ja	取り計らっ	verb	4	5	0	3
ja	家電	noun	4	5	0	3
ja	弱り	verb	4	5	0	3
ja	ブルドーザー	noun	4	5	0	3
ja	不妊	noun	4	5	0	3
ja	追い越し	verb	4	5	0	3
ja	道筋	noun	4	5	0	3
ja	揺れ	noun	4	5	0	3
ja	隕石	noun	4	5	0	3
ja	締め付け	verb	4	5	0	3
ja	ぬき	noun	4	5	0	3
ja	市電	noun	4	5	0	3
ja	寝転がっ	verb	4	5	0	3
ja	浄水	noun	4	5	0	3
ja	ハロー	noun	4	5	0	3
ja	仲よく	adverb	4	5	0	3
ja	大砲	noun	4	5	0	3
ja	ティーンエイジャー	noun	4	5	0	3
ja	北側	noun	4	5	0	3
ja	ガリバー	noun	4	5	0	3
ja	年始	noun	4	5	0	3
ja	バーボン	noun	4	5	0	3
ja	にやにや	adverb	4	5	0	3
ja	ファスト	noun	4	5	0	3
ja	持ち歩く	verb	4	5	0	3
ja	クリニック	noun	4	5	0	3
ja	伝道	noun	4	5	0	3
ja	幹事	noun	4	5	0	3
ja	ふい	noun	4	5	0	3
ja	タガ	noun	4	5	0	3
ja	ボーラ	noun	4	5	0	3
ja	扇子	noun	4	5	0	3
ja	置き換え	verb	4	5	0	3
ja	弱音	noun	4	5	0	3
ja	助成	noun	4	5	0	3
ja	エスプレッソ	noun	4	5	0	3
ja	さく	noun	4	5	0	3
ja	ディップ	noun	4	5	0	3
ja	ピアフ	noun	4	5	0	3
ja	ラジウム	noun	4	5	0	3
ja	ひったくっ	verb	4	5	0	3
ja	語調	noun	4	5	0	3
ja	ズバズバ	adverb	4	5	0	3
ja	まん中	noun	4	5	0	3
ja	受けとっ	verb	4	5	0	3
ja	先人	noun	4	5	0	3
ja	冷た	adjective	4	5	0	3
ja	工程	noun	4	5	0	3
ja	鵜呑み	noun	4	5	0	3
ja	西日	noun	4	5	0	3
ja	インター	noun	4	5	0	3
ja	無駄使い	noun	4	5	0	3
ja	かまう	verb	4	5	0	3
ja	質感	noun	4	5	0	3
ja	すぐ	compounds	4	5	0	3
ja	都心	noun	4	5	0	3
ja	一遇	noun	4	5	0	3
ja	ペンパ	noun	4	5	0	3
ja	いちゃもん	noun	4	5	0	3
ja	一倍	adverb	4	5	0	3
ja	風光	noun	4	5	0	3
ja	常時	noun	4	5	0	3
ja	裸足	noun	4	5	0	3
ja	訪ねよう	verb	4	5	0	3
ja	弾力	noun	4	5	0	3
ja	づえ	noun	4	5	0	3
ja	伊豆	noun	4	5	0	3
ja	遺族	noun	4	5	0	3
ja	元どおり	noun	4	5	0	3
ja	くらっ	verb	4	5	0	3
ja	寝込む	verb	4	5	0	3
ja	脚注	noun	4	5	0	3
ja	引き締め	verb	4	5	0	3
ja	見落とし	noun	4	5	0	3
ja	立て直す	verb	4	5	0	3
ja	賛否	noun	4	5	0	3
ja	できあがっ	verb	4	5	0	3
ja	お下げ	noun	4	5	0	3
ja	吹奏	noun	4	5	0	3
ja	積み荷	noun	4	5	0	3
ja	捕る	verb	4	5	0	3
ja	先ごろ	noun	4	5	0	3
ja	すすり泣い	verb	4	5	0	3
ja	トンプソン	noun	4	5	0	3
ja	留める	verb	4	5	2	2
ja	呟く	verb	4	5	2	2
ja	遠ざける	verb	4	5	2	2
ja	産する	verb	4	5	2	2
ja	抜擢	noun	4	5	2	2
ja	紛らし	verb	4	5	2	2
ja	編曲	noun	4	5	2	2
ja	腹ぺこ	noun	4	5	2	2
ja	まと	noun	4	5	2	2
ja	組ま	verb	4	5	2	2
ja	濁っ	verb	4	5	2	2
ja	干せ	verb	4	5	2	2
ja	きらめい	verb	4	5	2	2
ja	せびっ	verb	4	5	2	2
ja	先決	noun	4	5	2	2
ja	弾ん	verb	4	5	2	2
ja	しんと	adverb	4	5	2	2
ja	入れよ	verb	4	5	2	2
ja	お蔭	noun	4	5	2	2
ja	へこたれる	verb	4	5	2	2
ja	冴える	verb	4	5	2	2
ja	締まり屋	noun	4	5	2	2
ja	動転	noun	4	5	2	2
ja	召還	noun	4	5	2	2
ja	かたじけない	adjective	4	5	2	2
ja	はずせ	verb	4	5	2	2
ja	訊か	verb	4	5	2	2
ja	さいなま	verb	4	5	2	2
ja	くつがえし	verb	4	5	2	2
ja	分る	verb	4	5	2	2
ja	詰まる	verb	4	5	2	2
ja	てんやわんや	noun	4	5	2	2
ja	たい	verb	4	5	2	2
ja	ぼけ	verb	4	5	2	2
ja	よろけ	verb	4	5	2	2
ja	囀っ	verb	4	5	2	2
ja	投げ売り	noun	4	5	2	2
ja	やい	verb	4	5	2	2
ja	上げろ	verb	4	5	2	2
ja	よみがえら	verb	4	5	2	2
ja	すくむ	verb	4	5	2	2
ja	つまずき	verb	4	5	2	2
ja	はちきれ	verb	4	5	2	2
ja	断定	noun	4	5	2	2
ja	囲っ	verb	4	5	2	2
ja	手掛け	verb	4	5	2	2
ja	闘わ	verb	4	5	2	2
ja	叩き	verb	4	5	2	2
ja	はさま	verb	4	5	2	2
ja	たくわえ	verb	4	5	2	2
ja	中和	noun	4	5	2	2
ja	両得	noun	4	5	2	2
ja	読まさ	verb	4	5	2	2
ja	紅潮	noun	4	5	2	2
ja	むしばま	verb	4	5	2	2
ja	まかなえ	verb	4	5	2	2
ja	おとしいれ	verb	4	5	2	2
ja	はがし	verb	4	5	2	2
ja	和らぎ	verb	4	5	2	2
ja	流せ	verb	4	5	2	2
ja	塞い	verb	4	5	2	2
ja	集まろう	verb	4	5	2	2
ja	エスカレート	noun	4	5	2	2
ja	花盛り	noun	4	5	2	2
ja	はらん	verb	4	5	2	2
ja	苦しめる	verb	4	5	2	2
ja	さびしかっ	adjective	4	5	2	2
ja	チューニング	noun	4	5	2	2
ja	占っ	verb	4	5	2	2
ja	備蓄	noun	4	5	2	2
ja	箱買い	noun	4	5	2	2
ja	つまり	verb	4	5	2	2
ja	降車	noun	4	5	2	2
ja	かえし	verb	4	5	2	2
ja	禿げる	verb	4	5	2	2
ja	赦せ	verb	4	5	2	2
ja	とどこおっ	verb	4	5	2	2
ja	勤しん	verb	4	5	2	2
ja	振舞い	verb	4	5	2	2
ja	アームチェア	noun	4	5	2	2
ja	そが	verb	4	5	2	2
ja	高鳴る	verb	4	5	2	2
ja	とぼしい	adjective	4	5	2	2
ja	たらし	verb	4	5	2	2
ja	分かろう	verb	4	5	2	2
ja	うしなっ	verb	4	5	2	2
ja	転がし	verb	4	5	2	2
ja	たよる	verb	4	5	2	2
ja	つうじ	verb	4	5	2	2
ja	からし	verb	4	5	2	2
ja	落手	noun	4	5	2	2
ja	手軽	adjective	4	5	2	2
ja	称せ	verb	4	5	2	2
ja	ともっ	verb	4	5	2	2
ja	ぼったくり	noun	4	5	2	2
ja	ヤキモキ	adverb	4	5	2	2
ja	裏づけ	verb	4	5	2	2
ja	つまづい	verb	4	5	2	2
ja	変色	noun	4	5	2	2
ja	うたい	verb	4	5	2	2
ja	息巻い	verb	4	5	2	2
ja	たまげ	verb	4	5	2	2
ja	なう	verb	4	5	2	2
ja	名状	noun	4	5	2	2
ja	進水	noun	4	5	2	2
ja	追え	verb	4	5	2	2
ja	めいっ	verb	4	5	2	2
ja	生々しい	adjective	4	5	2	2
ja	移ろう	verb	4	5	2	2
ja	充て	verb	4	5	2	2
ja	鬱陶しい	adjective	4	5	2	2
ja	蒔い	verb	4	5	2	2
ja	もてあそん	verb	4	5	2	2
ja	ねだり	verb	4	5	2	2
ja	暖い	adjective	4	5	2	2
ja	ながれ	verb	4	5	2	2
ja	おおい	adjective	4	5	2	2
ja	ゆるし	verb	4	5	2	2
ja	ふさわしかっ	adjective	4	5	2	2
ja	送付	noun	4	5	2	2
ja	湧き	verb	4	5	2	2
ja	控訴	noun	4	5	2	2
ja	とび	verb	4	5	2	2
ja	生ずる	verb	4	5	2	2
ja	熟知	noun	4	5	2	2
ja	集結	noun	4	5	2	2
ja	けなし	verb	4	5	2	2
ja	所産	noun	4	5	2	2
ja	浮かし	verb	4	5	2	2
ja	かくす	verb	4	5	2	2
ja	かんべん	noun	4	5	2	2
ja	破たん	noun	4	5	2	2
ja	目移り	noun	4	5	2	2
ja	へこたれ	verb	4	5	2	2
ja	伝線	noun	4	5	2	2
ja	はがれ	verb	4	5	2	2
ja	がんばれる	verb	4	5	2	2
ja	はじめよう	verb	4	5	2	2
ja	当る	verb	4	5	2	2
ja	長し	adjective	4	5	2	2
ja	あげよっ	verb	4	5	2	2
ja	ウロウロ	adverb	4	5	2	2
ja	クヨクヨ	adverb	4	5	2	2
ja	遮ら	verb	4	5	2	2
ja	渇水	noun	4	5	2	2
ja	食べ頃	noun	4	5	2	2
ja	はめる	verb	4	5	2	2
ja	稲穂	noun	4	5	2	2
ja	さっぱり	compounds	4	5	2	2
ja	夢精	noun	4	5	2	2
ja	色づく	verb	4	5	2	2
ja	話せれ	verb	4	5	2	2
ja	しかり	verb	4	5	2	2
ja	穏和	noun	4	5	2	2
ja	鋳造	noun	4	5	2	2
ja	むしばん	verb	4	5	2	2
ja	応酬	noun	4	5	2	2
ja	潤し	verb	4	5	2	2
ja	くさり	verb	4	5	2	2
ja	塞がら	verb	4	5	2	2
ja	省き	verb	4	5	2	2
ja	たすけ	verb	4	5	2	2
ja	供え	verb	4	5	2	2
ja	いたん	verb	4	5	2	2
ja	焼死	noun	4	5	2	2
ja	つぶさ	verb	4	5	2	2
ja	ほし	verb	4	5	2	2
ja	対談	noun	4	5	2	2
ja	靡い	verb	4	5	2	2
ja	了見	noun	4	5	2	2
ja	かぎり	verb	4	5	2	2
ja	祝わ	verb	4	5	2	2
ja	抜粋	noun	4	5	2	2
ja	連動	noun	4	5	1	2
ja	エメラルド	noun	4	5	1	2
ja	植樹	noun	4	5	1	2
ja	澄み	verb	4	5	1	2
ja	なげ	verb	4	5	1	2
ja	目ざとい	adjective	4	5	1	2
ja	ヤモリ	noun	4	5	1	2
ja	水切り	noun	4	5	1	2
ja	きたい	noun	4	5	1	2
ja	修了	noun	4	5	1	2
ja	めいる	verb	4	5	1	2
ja	熟女	noun	4	5	1	2
ja	嘆かわしい	adjective	4	5	1	2
ja	若返っ	verb	4	5	1	2
ja	摘出	noun	4	5	1	2
ja	携え	verb	4	5	1	2
ja	腐れ	verb	4	5	1	2
ja	覆い	verb	4	5	1	2
ja	暴れ	verb	4	5	1	2
ja	うわの空	noun	4	5	1	2
ja	火葬	noun	4	5	1	2
ja	オチ	noun	4	5	1	2
ja	被弾	noun	4	5	1	2
ja	代っ	verb	4	5	1	2
ja	鈍ら	verb	4	5	1	2
ja	ひび割れ	noun	4	5	1	2
ja	オスロ	noun	4	5	1	2
ja	浩	noun	4	5	1	2
ja	告知	noun	4	5	1	2
ja	なれなれしい	adjective	4	5	1	2
ja	面する	verb	4	5	1	2
ja	しのげ	verb	4	5	1	2
ja	ハンモック	noun	4	5	1	2
ja	アヘン	noun	4	5	1	2
ja	練る	verb	4	5	1	2
ja	帰する	verb	4	5	1	2
ja	泊まれる	verb	4	5	1	2
ja	特長	noun	4	5	1	2
ja	メッキ	noun	4	5	1	2
ja	醜悪	noun	4	5	1	2
ja	ええ	adjective	4	5	1	2
ja	褒め言葉	noun	4	5	1	2
ja	例える	verb	4	5	1	2
ja	かんがえ	verb	4	5	1	2
ja	食らう	verb	4	5	1	2
ja	抜け穴	noun	4	5	1	2
ja	ちかづい	verb	4	5	1	2
ja	シリウス	noun	4	5	1	2
ja	搾乳	noun	4	5	1	2
ja	調停	noun	4	5	1	2
ja	出店	noun	4	5	1	2
ja	極める	verb	4	5	1	2
ja	くじける	verb	4	5	1	2
ja	あまた	adverb	4	5	1	2
ja	憂い	adjective	4	5	1	2
ja	可笑しく	adjective	4	5	1	2
ja	潤沢	noun	4	5	1	2
ja	ねだる	verb	4	5	1	2
ja	機長	noun	4	5	1	2
ja	出馬	noun	4	5	1	2
ja	ツッコミ	noun	4	5	1	2
ja	売家	noun	4	5	1	2
ja	おこさ	verb	4	5	1	2
ja	しのげる	verb	4	5	1	2
ja	駆逐	noun	4	5	1	2
ja	ろうばい	noun	4	5	1	2
ja	団欒	noun	4	5	1	2
ja	これる	verb	4	5	1	2
ja	うまけれ	adjective	4	5	1	2
ja	うめ	verb	4	5	1	2
ja	ぴんぴん	adverb	4	5	1	2
ja	巡り	verb	4	5	1	2
ja	移せる	verb	4	5	1	2
ja	常用	noun	4	5	1	2
ja	冷え冷え	adverb	4	5	1	2
ja	はから	verb	4	5	1	2
ja	そそっかしい	adjective	4	5	1	2
ja	従属	noun	4	5	1	2
ja	あん	verb	4	5	1	2
ja	こする	verb	4	5	1	2
ja	寄稿	noun	4	5	1	2
ja	出廷	noun	4	5	1	2
ja	拾える	verb	4	5	1	2
ja	ご免	noun	4	5	1	2
ja	こわばっ	verb	4	5	1	2
ja	請い	verb	4	5	1	2
ja	密室	noun	4	5	1	2
ja	まね	verb	4	5	1	2
ja	重た	adjective	4	5	1	2
ja	探知	noun	4	5	1	2
ja	死神	noun	4	5	1	2
ja	かすっ	verb	4	5	1	2
ja	暖まる	verb	4	5	1	2
ja	すさまじかっ	adjective	4	5	1	2
ja	エキス	noun	4	5	1	2
ja	チャラ	noun	4	5	1	2
ja	握り	noun	4	5	1	2
ja	出立	noun	4	5	1	2
ja	こまねい	verb	4	5	1	2
ja	甘ったるい	adjective	4	5	1	2
ja	蓄える	verb	4	5	1	2
ja	筋合い	noun	4	5	1	2
ja	ゆるぎない	adjective	4	5	1	2
ja	横切ら	verb	4	5	1	2
ja	人情	noun	4	5	1	2
ja	怠ら	verb	4	5	1	2
ja	産まれる	verb	4	5	1	2
ja	痛手	noun	4	5	1	2
ja	起こせ	verb	4	5	1	2
ja	ボーダー	noun	4	5	1	2
ja	石壁	noun	4	5	1	2
ja	うずめ	verb	4	5	1	2
ja	サイモン	noun	4	5	1	2
ja	ガー	noun	4	5	1	2
ja	表象	noun	4	5	1	2
ja	納める	verb	4	5	1	2
ja	散らかす	verb	4	5	1	2
ja	動ける	verb	4	5	1	2
ja	バロメーター	noun	4	5	1	2
ja	重圧	noun	4	5	1	2
ja	プロフェッショナル	noun	4	5	1	2
ja	称さ	verb	4	5	1	2
ja	開幕	noun	4	5	1	2
ja	しがみつく	verb	4	5	1	2
ja	銘じ	verb	4	5	1	2
ja	働きづめ	noun	4	5	1	2
ja	むかえ	verb	4	5	1	2
ja	すってんころり	adverb	4	5	1	2
ja	渡し	noun	4	5	1	2
ja	切開	noun	4	5	1	2
ja	活かす	verb	4	5	1	2
ja	割拠	noun	4	5	1	2
ja	図星	noun	4	5	1	2
ja	徴収	noun	4	5	1	2
ja	おこす	verb	4	5	1	2
ja	出っ歯	noun	4	5	1	2
ja	毛繕い	noun	4	5	1	2
ja	宣誓	noun	4	5	1	2
ja	仕込ん	verb	4	5	1	2
ja	逆上	noun	4	5	1	2
ja	貸出し	noun	4	5	1	2
ja	ムカデ	noun	4	5	1	2
ja	びくっ	adverb	4	5	1	2
ja	副次	noun	4	5	1	2
ja	同年	noun	4	5	1	2
ja	起業	noun	4	5	1	2
ja	検問	noun	4	5	1	2
ja	所為	noun	4	5	1	2
ja	ずらし	verb	4	5	1	2
ja	寝かせる	verb	4	5	1	2
ja	あく	noun	4	5	1	2
ja	称する	verb	4	5	1	2
ja	休講	noun	4	5	1	2
ja	よろしゅう	adverb	4	5	1	2
ja	並行	noun	4	5	1	2
ja	とどく	verb	4	5	1	2
ja	しる	noun	4	5	1	2
ja	行程	noun	4	5	1	2
ja	はげしい	adjective	4	5	1	2
ja	でかし	verb	4	5	1	2
ja	獣性	noun	4	5	1	2
ja	おわ	verb	4	5	1	2
ja	根絶	noun	4	5	1	2
ja	キョロキョロ	adverb	4	5	1	2
ja	直ら	verb	4	5	1	2
ja	生還	noun	4	5	1	2
ja	ジャー	noun	4	5	1	2
ja	結びつき	noun	4	5	1	2
ja	中枢	noun	4	5	1	2
ja	別売り	noun	4	5	1	2
ja	おおかみ	noun	4	5	1	2
ja	しょっぱ	adjective	4	5	1	2
ja	慎太郎	noun	4	5	1	2
ja	行なわ	verb	4	5	1	2
ja	あたえる	verb	4	5	1	2
ja	哀願	noun	4	5	1	2
ja	はまら	verb	4	5	1	2
ja	挟まっ	verb	4	5	1	2
ja	リフレッシュ	noun	4	5	1	2
ja	せき払い	noun	4	5	1	2
ja	熱愛	noun	4	5	1	2
ja	苦しかっ	adjective	4	5	1	2
ja	チーター	noun	4	5	1	2
ja	うるうる	adverb	4	5	1	2
ja	無駄づかい	noun	4	5	1	2
ja	物語る	verb	4	5	1	2
ja	解約	noun	4	5	1	2
ja	たぐい	noun	4	5	1	2
ja	分与	noun	4	5	1	2
ja	起し	verb	4	5	1	2
ja	頬張っ	verb	4	5	1	2
ja	歓喜	noun	4	5	1	2
ja	にゃんにゃん	adverb	4	5	1	2
ja	切迫	noun	4	5	1	2
ja	叱り	verb	4	5	1	2
ja	すく	verb	4	5	1	2
ja	のほほん	adverb	4	5	1	2
ja	真知子	noun	4	5	1	2
ja	滑空	noun	4	5	1	2
ja	茶飯	noun	4	5	1	2
ja	講	noun	4	5	1	2
ja	計らい	noun	4	5	1	2
ja	まん丸	noun	4	5	1	2
ja	長けれ	adjective	4	5	1	2
ja	馴染ん	verb	4	5	1	2
ja	微乳	noun	4	5	1	2
ja	断行	noun	4	5	1	2
ja	アップロード	noun	4	5	1	2
ja	ひらく	verb	4	5	1	2
ja	確かめよう	verb	4	5	1	2
ja	邪	noun	4	5	1	2
ja	たし	verb	4	5	1	2
ja	増やさ	verb	4	5	1	2
ja	うなぎのぼり	noun	4	5	1	2
ja	ファイト	noun	4	5	1	2
ja	誘発	noun	4	5	1	2
ja	ひとしお	adverb	4	5	1	2
ja	止し	verb	4	5	1	2
ja	義母	noun	4	5	1	2
ja	完遂	noun	4	5	1	2
ja	和ん	verb	4	5	1	2
ja	申しわけ	noun	4	5	1	2
ja	没却	noun	4	5	1	2
ja	久	adjective	4	5	1	2
ja	覆し	verb	4	5	1	2
ja	充足	noun	4	5	1	2
ja	ギトギト	adverb	4	5	1	2
ja	俯い	verb	4	5	1	2
ja	脅え	verb	4	5	1	2
ja	まんま	noun	4	5	1	2
ja	利発	noun	4	5	1	2
ja	はびこっ	verb	4	5	1	2
ja	うずく	verb	4	5	1	2
ja	目論ん	verb	4	5	1	2
ja	まん延	noun	4	5	1	2
ja	傷付ける	verb	4	5	1	2
ja	はさみ	verb	4	5	1	2
ja	呪わ	verb	4	5	1	2
ja	つぶそう	verb	4	5	1	2
ja	煩わ	verb	4	5	1	2
ja	バレる	verb	4	5	1	2
ja	破局	noun	4	5	1	2
ja	垣間見	verb	4	5	1	2
ja	疎し	adjective	4	5	1	2
ja	改竄	noun	4	5	1	2
ja	がんばろう	verb	4	5	1	2
ja	照合	noun	4	5	1	2
ja	独習	noun	4	5	1	2
ja	はかる	verb	4	5	1	2
ja	明り	noun	4	5	1	2
ja	グダグダ	adverb	4	5	1	2
ja	ムカつく	verb	4	5	1	2
ja	のり	verb	4	5	1	2
ja	めざす	verb	4	5	1	2
ja	留まら	verb	4	5	1	2
ja	道しるべ	noun	4	5	1	2
ja	大もうけ	noun	4	5	1	2
ja	茄子	noun	4	5	1	2
ja	遠出	noun	4	5	1	2
ja	ぺこぺこ	adverb	4	5	1	2
ja	摘発	noun	4	5	1	2
ja	スロベニア	noun	4	5	1	2
ja	掛っ	verb	4	5	1	2
ja	まちがえる	verb	4	5	1	2
ja	堅	adjective	4	5	1	2
ja	着弾	noun	4	5	1	2
ja	じりじり	adverb	4	5	1	2
ja	握ろう	verb	4	5	1	2
ja	むちゃ	noun	4	5	1	2
ja	荒らさ	verb	4	5	1	2
ja	圏外	noun	4	5	1	2
ja	論題	noun	4	5	1	2
ja	仕入れ	verb	4	5	1	2
ja	消去	noun	4	5	1	2
ja	失え	verb	4	5	1	2
ja	水漏れ	noun	4	5	1	2
ja	配当	noun	4	5	1	2
ja	戯れ	verb	4	5	1	2
ja	靴箱	noun	4	5	1	2
ja	みつかる	verb	4	5	1	2
ja	つかう	verb	4	5	1	2
ja	やつれ	verb	4	5	1	2
ja	色あせ	verb	4	5	1	2
ja	むずかし	adjective	4	5	1	2
ja	忌まわしい	adjective	4	5	1	2
ja	一走り	noun	4	5	1	2
ja	ゆる	adjective	4	5	1	2
ja	論破	noun	4	5	1	2
ja	萎え	verb	4	5	1	2
ja	さみし	adjective	4	5	1	2
ja	ぐあい	noun	4	5	1	2
ja	しゃれ	verb	4	5	1	2
ja	くるん	verb	4	5	1	2
ja	オンリー	noun	4	5	1	2
ja	エンジョイ	noun	4	5	1	2
ja	めぐり	verb	4	5	1	2
ja	はらい	verb	4	5	1	2
ja	ショーン	noun	4	5	1	2
ja	長もち	noun	4	5	1	2
ja	託さ	verb	4	5	1	2
ja	そぶり	noun	4	5	1	2
ja	ヘタ	noun	4	5	1	2
ja	うばっ	verb	4	5	1	2
ja	誘え	verb	4	5	1	2
ja	ためす	verb	4	5	1	2
ja	和む	verb	4	5	1	2
ja	凡庸	noun	4	5	1	2
ja	改築	noun	4	5	1	2
ja	冷笑	noun	4	5	1	2
ja	治せ	verb	4	5	1	2
ja	合わす	verb	4	5	1	2
ja	備えよう	verb	4	5	1	2
ja	こまる	verb	4	5	1	2
ja	逝っ	verb	4	5	1	2
ja	辟易	noun	4	5	1	2
ja	当直	noun	4	5	1	2
ja	弁慶	noun	4	5	1	2
ja	魔物	noun	4	5	1	2
ja	盛る	verb	4	5	1	2
ja	長け	verb	4	5	1	2
ja	毒づい	verb	4	5	1	2
ja	たたか	verb	4	5	1	2
ja	探る	verb	4	5	1	2
ja	リース	noun	4	5	1	2
ja	固まり	noun	4	5	1	2
ja	はやし	verb	4	5	1	2
ja	組む	verb	4	5	1	2
ja	軍艦	noun	4	5	1	2
ja	ずさん	noun	4	5	1	2
ja	しんぼう	noun	4	5	1	2
ja	寄贈	noun	4	5	1	2
ja	ずるがしこい	adjective	4	5	1	2
ja	完済	noun	4	5	1	2
ja	添う	verb	4	5	1	2
ja	ごみ箱	noun	4	5	1	2
ja	重なり	verb	4	5	1	2
ja	搾っ	verb	4	5	1	2
ja	盗塁	noun	4	5	1	2
ja	納品	noun	4	5	1	2
ja	早める	verb	4	5	1	2
ja	眩ん	verb	4	5	1	2
ja	ロバーツ	noun	4	5	0	2
ja	薄々	adverb	4	5	0	2
ja	見破ら	verb	4	5	0	2
ja	かみつか	verb	4	5	0	2
ja	学術	noun	4	5	0	2
ja	植わっ	verb	4	5	0	2
ja	ぱらぱら	adverb	4	5	0	2
ja	プランナー	noun	4	5	0	2
ja	雪玉	noun	4	5	0	2
ja	壊れ物	noun	4	5	0	2
ja	叶	noun	4	5	0	2
ja	こま	noun	4	5	0	2
ja	とりくま	verb	4	5	0	2
ja	全貌	noun	4	5	0	2
ja	短	noun	4	5	0	2
ja	最寄	noun	4	5	0	2
ja	狭量	noun	4	5	0	2
ja	夕闇	noun	4	5	0	2
ja	要職	noun	4	5	0	2
ja	新二	noun	4	5	0	2
ja	ウィンドー	noun	4	5	0	2
ja	取り込もう	verb	4	5	0	2
ja	スパー	noun	4	5	0	2
ja	迎え入れ	verb	4	5	0	2
ja	押し掛け	verb	4	5	0	2
ja	宛先	noun	4	5	0	2
ja	各社	noun	4	5	0	2
ja	見比べ	verb	4	5	0	2
ja	病身	noun	4	5	0	2
ja	ひな鳥	noun	4	5	0	2
ja	猟	noun	4	5	0	2
ja	軍部	noun	4	5	0	2
ja	開き直っ	verb	4	5	0	2
ja	ヒロコ	noun	4	5	0	2
ja	照り付け	verb	4	5	0	2
ja	仰々しい	adjective	4	5	0	2
ja	病名	noun	4	5	0	2
ja	カッコウ	noun	4	5	0	2
ja	雇主	noun	4	5	0	2
ja	つな	noun	4	5	0	2
ja	ダイアル	noun	4	5	0	2
ja	朝一	noun	4	5	0	2
ja	堅苦しく	adjective	4	5	0	2
ja	語り口	noun	4	5	0	2
ja	勝手口	noun	4	5	0	2
ja	ヒビ	noun	4	5	0	2
ja	鍛冶屋	noun	4	5	0	2
ja	皆既	noun	4	5	0	2
ja	攻勢	noun	4	5	0	2
ja	納戸	noun	4	5	0	2
ja	面白けれ	adjective	4	5	0	2
ja	硬度	noun	4	5	0	2
ja	対人	noun	4	5	0	2
ja	いたく	adverb	4	5	0	2
ja	入れ替わる	verb	4	5	0	2
ja	アシカ	noun	4	5	0	2
ja	宵っ張り	noun	4	5	0	2
ja	感じとっ	verb	4	5	0	2
ja	今朝方	noun	4	5	0	2
ja	鵞鳥	noun	4	5	0	2
ja	書き込む	verb	4	5	0	2
ja	選ぼう	verb	4	5	0	2
ja	総和	noun	4	5	0	2
ja	みどり色	noun	4	5	0	2
ja	大局	noun	4	5	0	2
ja	ワン	adverb	4	5	0	2
ja	石垣	noun	4	5	0	2
ja	虚言	noun	4	5	0	2
ja	冒涜	noun	4	5	0	2
ja	ざぶん	adverb	4	5	0	2
ja	せびろう	verb	4	5	0	2
ja	石造	noun	4	5	0	2
ja	調教	noun	4	5	0	2
ja	譲り受け	verb	4	5	0	2
ja	奇襲	noun	4	5	0	2
ja	薫	noun	4	5	0	2
ja	海苔	noun	4	5	0	2
ja	はな	noun	4	5	0	2
ja	済まそう	verb	4	5	0	2
ja	祭壇	noun	4	5	0	2
ja	松かさ	noun	4	5	0	2
ja	和室	noun	4	5	0	2
ja	ピック	noun	4	5	0	2
ja	加	noun	4	5	0	2
ja	ひとり息子	noun	4	5	0	2
ja	音信	noun	4	5	0	2
ja	結	noun	4	5	0	2
ja	追い込ん	verb	4	5	0	2
ja	外来	noun	4	5	0	2
ja	栗毛	noun	4	5	0	2
ja	報	noun	4	5	0	2
ja	献立	noun	4	5	0	2
ja	価	noun	4	5	0	2
ja	ホメロス	noun	4	5	0	2
ja	やわらげる	verb	4	5	0	2
ja	負い目	noun	4	5	0	2
ja	交わさ	verb	4	5	0	2
ja	釣ら	verb	4	5	0	2
ja	当てはめる	verb	4	5	0	2
ja	ひと昔	noun	4	5	0	2
ja	ものもらい	noun	4	5	0	2
ja	けじめ	noun	4	5	0	2
ja	亜紀子	noun	4	5	0	2
ja	吉雄	noun	4	5	0	2
ja	寝入る	verb	4	5	0	2
ja	破り取っ	verb	4	5	0	2
ja	惜しむ	verb	4	5	0	2
ja	映え	noun	4	5	0	2
ja	スピルバーグ	noun	4	5	0	2
ja	平泳ぎ	noun	4	5	0	2
ja	ぶるぶる	adverb	4	5	0	2
ja	擦れる	verb	4	5	0	2
ja	箪笥	noun	4	5	0	2
ja	慣れれ	verb	4	5	0	2
ja	ザーッ	adverb	4	5	0	2
ja	伸ばそう	verb	4	5	0	2
ja	べとべと	adverb	4	5	0	2
ja	スワローズ	noun	4	5	0	2
ja	押し込ま	verb	4	5	0	2
ja	初版	noun	4	5	0	2
ja	居残っ	verb	4	5	0	2
ja	徐行	noun	4	5	0	2
ja	論調	noun	4	5	0	2
ja	ぶしつけ	noun	4	5	0	2
ja	外語	noun	4	5	0	2
ja	略し	verb	4	5	0	2
ja	投げ	noun	4	5	0	2
ja	うぐいす	noun	4	5	0	2
ja	ディスカウント	noun	4	5	0	2
ja	噛みつこう	verb	4	5	0	2
ja	つむっ	verb	4	5	0	2
ja	年増	noun	4	5	0	2
ja	抱きかかえ	verb	4	5	0	2
ja	接ぎ穂	noun	4	5	0	2
ja	たる	noun	4	5	0	2
ja	はけ口	noun	4	5	0	2
ja	世襲	noun	4	5	0	2
ja	込み合っ	verb	4	5	0	2
ja	オナラ	noun	4	5	0	2
ja	にわとり	noun	4	5	0	2
ja	逃げ出そう	verb	4	5	0	2
ja	オフィーリア	noun	4	5	0	2
ja	船上	noun	4	5	0	2
ja	突き当たっ	verb	4	5	0	2
ja	利潤	noun	4	5	0	2
ja	雨脚	noun	4	5	0	2
ja	心得	noun	4	5	0	2
ja	ヒジ	noun	4	5	0	2
ja	レディ	noun	4	5	0	2
ja	患い	noun	4	5	0	2
ja	温め直し	verb	4	5	0	2
ja	つき合う	verb	4	5	0	2
ja	踊り手	noun	4	5	0	2
ja	惨い	adjective	4	5	0	2
ja	でしゃばる	verb	4	5	0	2
ja	分厚く	adjective	4	5	0	2
ja	ウクレレ	noun	4	5	0	2
ja	アセアン	noun	4	5	0	2
ja	老犬	noun	4	5	0	2
ja	岡	noun	4	5	0	2
ja	歓び	noun	4	5	0	2
ja	損ねる	verb	4	5	0	2
ja	無味	noun	4	5	0	2
ja	突き刺す	verb	4	5	0	2
ja	本章	noun	4	5	0	2
ja	至れ	verb	4	5	0	2
ja	走り回ら	verb	4	5	0	2
ja	ピノキオ	noun	4	5	0	2
ja	擦り	verb	4	5	0	2
ja	じん	noun	4	5	0	2
ja	土星	noun	4	5	0	2
ja	古池	noun	4	5	0	2
ja	ひょう	noun	4	5	0	2
ja	砂場	noun	4	5	0	2
ja	年内	noun	4	5	0	2
ja	移籍	noun	4	5	0	2
ja	戦勝	noun	4	5	0	2
ja	スライダー	noun	4	5	0	2
ja	前科	noun	4	5	0	2
ja	トルストイ	noun	4	5	0	2
ja	ハーモニカ	noun	4	5	0	2
ja	ハリポタ	noun	4	5	0	2
ja	くりかえし	verb	4	5	0	2
ja	旅立ち	noun	4	5	0	2
ja	かず	noun	4	5	0	2
ja	仕立屋	noun	4	5	0	2
ja	デイモン	noun	4	5	0	2
ja	つりあっ	verb	4	5	0	2
ja	さきほど	noun	4	5	0	2
ja	ａｎｄ	noun	4	5	0	2
ja	終い	noun	4	5	0	2
ja	からあげ	noun	4	5	0	2
ja	締め出し	noun	4	5	0	2
ja	アクセル	noun	4	5	0	2
ja	詩歌	noun	4	5	0	2
ja	海路	noun	4	5	0	2
ja	真っすぐ	adverb	4	5	0	2
ja	尽く	adverb	4	5	0	2
ja	寄せ付け	verb	4	5	0	2
ja	殴りつけ	verb	4	5	0	2
ja	カウント	noun	4	5	0	2
ja	情況	noun	4	5	0	2
ja	楼閣	noun	4	5	0	2
ja	閻魔	noun	4	5	0	2
ja	飛びぬけ	verb	4	5	0	2
ja	天王	noun	4	5	0	2
ja	かつごう	verb	4	5	0	2
ja	鳩山	noun	4	5	0	2
ja	託児	noun	4	5	0	2
ja	通り抜けよう	verb	4	5	0	2
ja	アバター	noun	4	5	0	2
ja	タパス	noun	4	5	0	2
ja	万国	noun	4	5	0	2
ja	スラング	noun	4	5	0	2
ja	しかれる	verb	4	5	0	2
ja	アジト	noun	4	5	0	2
ja	鎌	noun	4	5	0	2
ja	放り投げ	verb	4	5	0	2
ja	異なれ	verb	4	5	0	2
ja	ドカン	adverb	4	5	0	2
ja	ビフテキ	noun	4	5	0	2
ja	マンネリ	noun	4	5	0	2
ja	生まれ変わり	noun	4	5	0	2
ja	至って	adverb	4	5	0	2
ja	夕刻	noun	4	5	0	2
ja	身ぶり	noun	4	5	0	2
ja	クレーター	noun	4	5	0	2
ja	ポチ	noun	4	5	0	2
ja	ぶっ殺し	verb	4	5	0	2
ja	マフ	noun	4	5	0	2
ja	官庁	noun	4	5	0	2
ja	たしなむ	verb	4	5	0	2
ja	早とちり	noun	4	5	0	2
ja	伏し目	noun	4	5	0	2
ja	たむろ	noun	4	5	0	2
ja	湖水	noun	4	5	0	2
ja	手引	noun	4	5	0	2
ja	伴侶	noun	4	5	0	2
ja	落雷	noun	4	5	0	2
ja	アスパラガス	noun	4	5	0	2
ja	谷口	noun	4	5	0	2
ja	泥縄	noun	4	5	0	2
ja	相合	noun	4	5	0	2
ja	押せ押せ	noun	4	5	0	2
ja	鯨肉	noun	4	5	0	2
ja	福利	noun	4	5	0	2
ja	落とし穴	noun	4	5	0	2
ja	積め	verb	4	5	0	2
ja	抑揚	noun	4	5	0	2
ja	シャットアウト	noun	4	5	0	2
ja	せん	noun	4	5	0	2
ja	すすみ	verb	4	5	0	2
ja	亡霊	noun	4	5	0	2
ja	左耳	noun	4	5	0	2
ja	やたら	compounds	4	5	0	2
ja	終夜	noun	4	5	0	2
ja	書棚	noun	4	5	0	2
ja	目論見	noun	4	5	0	2
ja	長島	noun	4	5	0	2
ja	からきし	adverb	4	5	0	2
ja	初々しく	adjective	4	5	0	2
ja	祝賀	noun	4	5	0	2
ja	叱りつけ	verb	4	5	0	2
ja	ひまわり油	noun	4	5	0	2
ja	いかめしい	adjective	4	5	0	2
ja	すい	adverb	4	5	0	2
ja	カウチ	noun	4	5	0	2
ja	山形	noun	4	5	0	2
ja	おそれいり	verb	4	5	0	2
ja	申し入れ	noun	4	5	0	2
ja	塩漬け	noun	4	5	0	2
ja	よりまし	noun	4	5	0	2
ja	飽くまで	adverb	4	5	0	2
ja	高地	noun	4	5	0	2
ja	経度	noun	4	5	0	2
ja	つがい	noun	4	5	0	2
ja	スタン	noun	4	5	0	2
ja	むち打ち	noun	4	5	0	2
ja	短歌	noun	4	5	0	2
ja	にこっ	adverb	4	5	0	2
ja	ミシガン	noun	4	5	0	2
ja	かたどっ	verb	4	5	0	2
ja	詰め寄っ	verb	4	5	0	2
ja	ハズレ	noun	4	5	0	2
ja	出歩く	verb	4	5	0	2
ja	牧童	noun	4	5	0	2
ja	やり直そう	verb	4	5	0	2
ja	もだえ苦しん	verb	4	5	0	2
ja	荷馬	noun	4	5	0	2
ja	尻拭い	noun	4	5	0	2
ja	資材	noun	4	5	0	2
ja	ハチドリ	noun	4	5	0	2
ja	福田	noun	4	5	0	2
ja	菅野	noun	4	5	0	2
ja	石火	noun	4	5	0	2
ja	あたたかく	adjective	4	5	0	2
ja	エステティック	noun	4	5	0	2
ja	プレハブ	noun	4	5	0	2
ja	ティラミス	noun	4	5	0	2
ja	おしなべて	adverb	4	5	0	2
ja	脱衣	noun	4	5	0	2
ja	ベルベット	noun	4	5	0	2
ja	怒鳴ら	verb	4	5	0	2
ja	通販	noun	4	5	0	2
ja	ぐつぐつ	adverb	4	5	0	2
ja	漫才	noun	4	5	0	2
ja	ヘチマ	noun	4	5	0	2
ja	座りこん	verb	4	5	0	2
ja	聞え	verb	4	5	0	2
ja	退化	noun	4	5	0	2
ja	盛り上げ	verb	4	5	0	2
ja	取り込む	verb	4	5	0	2
ja	ゴールド	noun	4	5	0	2
ja	ジオ	noun	4	5	0	2
ja	対辺	noun	4	5	0	2
ja	チャイナ	noun	4	5	0	2
ja	試写	noun	4	5	0	2
ja	送り仮名	noun	4	5	0	2
ja	乗りこん	verb	4	5	0	2
ja	しかじか	noun	4	5	0	2
ja	沈思	noun	4	5	0	2
ja	ナス	noun	4	5	0	2
ja	のど飴	noun	4	5	0	2
ja	見識	noun	4	5	0	2
ja	チュートリアル	noun	4	5	0	2
ja	ヤンキー	noun	4	5	0	2
ja	かゆ	noun	4	5	0	2
ja	にい	noun	4	5	0	2
ja	実直	noun	4	5	0	2
ja	絶食	noun	4	5	0	2
ja	敬愛	noun	4	5	0	2
ja	公認	noun	4	5	0	2
ja	餓え	verb	4	5	0	2
ja	池袋	noun	4	5	0	2
ja	ブロンズ	noun	4	5	0	2
ja	エンピツ	noun	4	5	0	2
ja	タロー	noun	4	5	0	2
ja	鶏口	noun	4	5	0	2
ja	ふさぎ込む	verb	4	5	0	2
ja	白血	noun	4	5	0	2
ja	取り消さ	verb	4	5	0	2
ja	ドスン	adverb	4	5	0	2
ja	クラッシック	noun	4	5	0	2
ja	しなっ	verb	4	5	0	2
ja	とりあげ	verb	4	5	0	2
ja	小野	noun	4	5	0	2
ja	一網	noun	4	5	0	2
ja	書き込め	verb	4	5	0	2
ja	立ち止まら	verb	4	5	0	2
ja	作り上げる	verb	4	5	0	2
ja	整合	noun	4	5	0	2
ja	エレクトロニック	noun	4	5	0	2
ja	心痛	noun	4	5	0	2
ja	論旨	noun	4	5	0	2
ja	缶切り	noun	4	5	0	2
ja	三浦	noun	4	5	0	2
ja	ブレーク	noun	4	5	0	2
ja	ぶつくさ	noun	4	5	0	2
ja	そうっと	adverb	4	5	0	2
ja	たいして	compounds	4	5	0	2
ja	まへ	noun	4	5	0	2
ja	つかまる	verb	4	5	0	2
ja	橙色	noun	4	5	0	2
ja	付け込ま	verb	4	5	0	2
ja	ファック	noun	4	5	0	2
ja	かやぶき	noun	4	5	0	2
ja	据え膳	noun	4	5	0	2
ja	映し出し	verb	4	5	0	2
ja	各所	noun	4	5	0	2
ja	さいたま	noun	4	5	0	2
ja	師匠	noun	4	5	0	2
ja	貸し付け	verb	4	5	0	2
ja	牡丹	noun	4	5	0	2
ja	寄せつけ	verb	4	5	0	2
ja	物珍し	adjective	4	5	0	2
ja	置物	noun	4	5	0	2
ja	自伝	noun	4	5	0	2
ja	阿吽	noun	4	5	0	2
ja	組立	noun	4	5	0	2
ja	旱魃	noun	4	5	0	2
ja	長患い	noun	4	5	0	2
ja	張り出し	verb	4	5	0	2
ja	忘れ去る	verb	4	5	0	2
ja	逸話	noun	4	5	0	2
ja	見入っ	verb	4	5	0	2
ja	ずけずけ	adverb	4	5	0	2
ja	粗暴	noun	4	5	0	2
ja	エコー	noun	4	5	0	2
ja	秘宝	noun	4	5	0	2
ja	駆け出し	noun	4	5	0	2
ja	逢える	verb	4	5	0	2
ja	欲深い	adjective	4	5	0	2
ja	焼きつい	verb	4	5	0	2
ja	賛嘆	noun	4	5	0	2
ja	単品	noun	4	5	0	2
ja	しかめつら	noun	4	5	0	2
ja	二の足	noun	4	5	0	2
ja	大過	noun	4	5	0	2
ja	手ざわり	noun	4	5	0	2
ja	ボトム	noun	4	5	0	2
ja	のぼれ	verb	4	5	0	2
ja	一座	noun	4	5	0	2
ja	トレッドミル	noun	4	5	0	2
ja	持ち場	noun	4	5	0	2
ja	正子	noun	4	5	0	2
ja	間歩	noun	4	5	0	2
ja	ほんっと	noun	4	5	0	2
ja	ハープ	noun	4	5	0	2
ja	有理	noun	4	5	0	2
ja	高知	noun	4	5	0	2
ja	上限	noun	4	5	0	2
ja	米屋	noun	4	5	0	2
ja	もやもや	adverb	4	5	0	2
ja	咆哮	noun	4	5	0	2
ja	強欲	noun	4	5	0	2
ja	腕組	noun	4	5	0	2
ja	名付け	noun	4	5	0	2
ja	党派	noun	4	5	0	2
ja	のたりのたり	adverb	4	5	0	2
ja	製鉄	noun	4	5	0	2
ja	前夜	noun	4	5	0	2
ja	なだれ込ん	verb	4	5	0	2
ja	がっちり	adverb	4	5	0	2
ja	服毒	noun	4	5	0	2
ja	白々しい	adjective	4	5	0	2
ja	毛玉	noun	4	5	0	2
ja	本国	noun	4	5	0	2
ja	奮い起こし	verb	4	5	0	2
ja	練ら	verb	4	5	0	2
ja	近郊	noun	4	5	0	2
ja	壱	noun	4	5	0	2
ja	生き返ら	verb	4	5	0	2
ja	クリスティー	noun	4	5	0	2
ja	白うさぎ	noun	4	5	0	2
ja	延滞	noun	4	5	0	2
ja	幻覚	noun	4	5	0	2
ja	すすり泣き	verb	4	5	0	2
ja	リーズ	noun	4	5	0	2
ja	漬物	noun	4	5	0	2
ja	湿り気	noun	4	5	0	2
ja	遺留	noun	4	5	0	2
ja	船室	noun	4	5	0	2
ja	すばしっこく	adjective	4	5	0	2
ja	主賓	noun	4	5	0	2
ja	ギャーギャー	adverb	4	5	0	2
ja	挿し絵	noun	4	5	0	2
ja	ディベート	noun	4	5	0	2
ja	縦横	noun	4	5	0	2
ja	あつ	adjective	4	5	0	2
ja	タレ	noun	4	5	0	2
ja	治	noun	4	5	0	2
ja	文筆	noun	4	5	0	2
ja	叩きつけ	verb	4	5	0	2
ja	ビロード	noun	4	5	0	2
ja	タヒチ	noun	4	5	0	2
ja	ほど良く	adjective	4	5	0	2
ja	引き剥がし	verb	4	5	0	2
ja	粘り	verb	4	5	0	2
ja	命取り	noun	4	5	0	2
ja	宵	noun	4	5	0	2
ja	振り絞っ	verb	4	5	0	2
ja	掛け直し	verb	4	5	0	2
ja	かり出さ	verb	4	5	0	2
ja	口付け	noun	4	5	0	2
ja	日なたぼっこ	noun	4	5	0	2
ja	富山	noun	4	5	0	2
ja	珍本	noun	4	5	0	2
ja	覆面	noun	4	5	0	2
ja	トレー	noun	4	5	0	2
ja	野犬	noun	4	5	0	2
ja	なーい	adjective	4	5	0	2
ja	渚	noun	4	5	0	2
ja	かんぬき	noun	4	5	0	2
ja	すわ	verb	4	5	0	2
ja	払い落とす	verb	4	5	0	2
ja	切り立っ	verb	4	5	0	2
ja	慣らし	verb	4	5	0	2
ja	取り締まる	verb	4	5	0	2
ja	懲らしめ	verb	4	5	0	2
ja	工科	noun	4	5	0	2
ja	打ちこん	verb	4	5	0	2
ja	ぶちのめし	verb	4	5	0	2
ja	溶け込む	verb	4	5	0	2
ja	五木	noun	4	5	0	2
ja	チンパンジー	noun	4	5	0	2
ja	く	noun	4	5	0	2
ja	いそいそ	adverb	4	5	0	2
ja	蝉	noun	4	5	0	2
ja	バースデイ	noun	4	5	0	2
ja	取り入れ	noun	4	5	0	2
ja	湯上がり	noun	4	5	0	2
ja	噛みつぶし	verb	4	5	0	2
ja	悪行	noun	4	5	0	2
ja	ミスプリント	noun	4	5	0	2
ja	浮かす	verb	4	5	0	2
ja	モデナ	noun	4	5	0	2
ja	ぜんたい	noun	4	5	0	2
ja	ともなう	verb	4	5	0	2
ja	はち	noun	4	5	0	2
ja	長引い	verb	4	5	0	2
ja	ニューギニア	noun	4	5	0	2
ja	ドーガン	noun	4	5	0	2
ja	歩み寄ら	verb	4	5	0	2
ja	ミラン	noun	4	5	0	2
ja	ディーン	noun	4	5	0	2
ja	羊水	noun	4	5	0	2
ja	酒屋	noun	4	5	0	2
ja	ホチキス	noun	4	5	0	2
ja	とどまろう	verb	4	5	0	2
ja	ホームルーム	noun	4	5	0	2
ja	手芸	noun	4	5	0	2
ja	令和	noun	4	5	0	2
ja	マネジャー	noun	4	5	0	2
ja	心地よ	adjective	4	5	0	2
ja	浅瀬	noun	4	5	0	2
ja	タランチュラ	noun	4	5	0	2
ja	ぶつかる	verb	4	5	0	2
ja	なおる	verb	4	5	0	2
ja	よじれる	verb	4	5	0	2
ja	堀	noun	4	5	0	2
ja	ノベル	noun	4	5	0	2
ja	ポンペイ	noun	4	5	0	2
ja	郵政	noun	4	5	0	2
ja	取り巻き	noun	4	5	0	2
ja	寝過ごさ	verb	4	5	0	2
ja	ひつじ	noun	4	5	0	2
ja	月賦	noun	4	5	0	2
ja	ほどよく	adjective	4	5	0	2
ja	ちんまり	adverb	4	5	0	2
ja	プランクトン	noun	4	5	0	2
ja	進取	noun	4	5	0	2
ja	はえ	noun	4	5	0	2
ja	夏草	noun	4	5	0	2
ja	円い	adjective	4	5	0	2
ja	直筆	noun	4	5	0	2
ja	炭鉱	noun	4	5	0	2
ja	入れ墨	noun	4	5	0	2
ja	ねぐら	noun	4	5	0	2
ja	夜半	noun	4	5	0	2
ja	どさくさ	noun	4	5	0	2
ja	窮乏	noun	4	5	0	2
ja	モデム	noun	4	5	0	2
ja	音符	noun	4	5	0	2
ja	縫合	noun	4	5	0	2
ja	リッター	noun	4	5	0	2
ja	裕子	noun	4	5	0	2
ja	南側	noun	4	5	0	2
ja	申込み	noun	4	5	0	2
ja	寝つか	verb	4	5	0	2
ja	馬上	noun	4	5	0	2
ja	国宝	noun	4	5	0	2
ja	敵陣	noun	4	5	0	2
ja	塗ろう	verb	4	5	0	2
ja	だんぜん	adverb	4	5	0	2
ja	建て直し	noun	4	5	0	2
ja	モノポリー	noun	4	5	0	2
ja	改むる	verb	4	5	0	2
ja	販路	noun	4	5	0	2
ja	ＷＨＯ	noun	4	5	0	2
ja	ふるわ	verb	4	5	0	2
ja	土日	noun	4	5	0	2
ja	耳鼻	noun	4	5	0	2
ja	初球	noun	4	5	0	2
ja	浮浪	noun	4	5	0	2
ja	ペギー	noun	4	5	0	2
ja	王族	noun	4	5	0	2
ja	消え去る	verb	4	5	0	2
ja	アトピー	noun	4	5	0	2
ja	本筋	noun	4	5	0	2
ja	上げ膳	noun	4	5	0	2
ja	ミミ	noun	4	5	0	2
ja	ドタキャン	noun	4	5	0	2
ja	冷え込ん	verb	4	5	0	2
ja	月餅	noun	4	5	0	2
ja	真偽	noun	4	5	0	2
ja	競いあっ	verb	4	5	0	2
ja	カナ	noun	4	5	0	2
ja	空かし	verb	4	5	0	2
ja	食べ飽き	verb	4	5	0	2
ja	クルド	noun	4	5	0	2
ja	蟹座	noun	4	5	0	2
ja	焼き付い	verb	4	5	0	2
ja	隆	noun	4	5	0	2
ja	小売り	noun	4	5	0	2
ja	かけそば	noun	4	5	0	2
ja	アルカリ	noun	4	5	0	2
ja	入り浸っ	verb	4	5	0	2
ja	見抜か	verb	4	5	0	2
ja	ほしけれ	adjective	4	5	0	2
ja	アーチェリー	noun	4	5	0	2
ja	アヤ	noun	4	5	0	2
ja	誤ら	verb	4	5	0	2
ja	成虫	noun	4	5	0	2
ja	ドラえもん	noun	4	5	0	2
ja	チョッキ	noun	4	5	0	2
ja	あぶなく	adjective	4	5	0	2
ja	イナゴ	noun	4	5	0	2
ja	ガッポリ	adverb	4	5	0	2
ja	眼球	noun	4	5	0	2
ja	カーター	noun	4	5	0	2
ja	大の字	noun	4	5	0	2
ja	本箱	noun	4	5	0	2
ja	愛らしく	adjective	4	5	0	2
ja	借家	noun	4	5	0	2
ja	アメ	noun	4	5	0	2
ja	ぶり返す	verb	4	5	0	2
ja	尺八	noun	4	5	0	2
ja	引っ込む	verb	4	5	0	2
ja	ポン	adverb	4	5	0	2
ja	放そう	verb	4	5	0	2
ja	片	noun	4	5	0	2
ja	蘭	noun	4	5	0	2
ja	てきぱき	adverb	4	5	0	2
ja	迎え酒	noun	4	5	0	2
ja	ＧＭ	noun	4	5	0	2
ja	祭司	noun	4	5	0	2
ja	立ちのぼっ	verb	4	5	0	2
ja	法話	noun	4	5	0	2
ja	海原	noun	4	5	0	2
ja	踏み込ん	verb	4	5	0	2
ja	ホブソン	noun	4	5	0	2
ja	理学	noun	4	5	0	2
ja	かみ合わせ	verb	4	5	0	2
ja	二の舞	noun	4	5	0	2
ja	ミロ	noun	4	5	0	2
ja	ましん	noun	4	5	0	2
ja	生まれつい	verb	4	5	0	2
ja	屈託	noun	4	5	0	2
ja	書き写さ	verb	4	5	0	2
ja	掘り起こし	verb	4	5	0	2
ja	口づけ	noun	4	5	0	2
ja	トウ	noun	4	5	0	2
ja	折りたたみ	noun	4	5	0	2
ja	養鶏	noun	4	5	0	2
ja	豊	noun	4	5	0	2
ja	民話	noun	4	5	0	2
ja	仕立て直し	verb	4	5	0	2
ja	煮込め	verb	4	5	0	2
ja	ＯＬ	noun	4	5	0	2
ja	ユミコ	noun	4	5	0	2
ja	解き明かし	verb	4	5	0	2
ja	目盛り	noun	4	5	0	2
ja	ほうき	noun	4	5	0	2
ja	バンガロール	noun	4	5	0	2
ja	校内	noun	4	5	0	2
ja	ザメンホフ	noun	4	5	0	2
ja	今夏	noun	4	5	0	2
ja	払い込ん	verb	4	5	0	2
ja	ぴちゃぴちゃ	adverb	4	5	0	2
ja	享年	noun	4	5	0	2
ja	つつく	verb	4	5	0	2
ja	需給	noun	4	5	0	2
ja	オリヴァー	noun	4	5	0	2
ja	左端	noun	4	5	0	2
ja	気難し	adjective	4	5	0	2
ja	駄文	noun	4	5	0	2
ja	落ちつく	verb	4	5	0	2
ja	ヒロシ	noun	4	5	0	2
ja	鴎外	noun	4	5	0	2
ja	アンゴラ	noun	4	5	0	2
ja	ピカチュウ	noun	4	5	0	2
ja	へそ	noun	4	5	0	2
ja	飲み干す	verb	4	5	0	2
ja	かい	noun	4	5	0	2
ja	ノン	noun	4	5	0	2
ja	つきとめる	verb	4	5	0	2
ja	キリッ	adverb	4	5	0	2
ja	グレアム	noun	4	5	0	2
ja	胸部	noun	4	5	0	2
ja	刺す	verb	4	5	0	2
ja	踏み出せ	verb	4	5	0	2
ja	ツタ	noun	4	5	0	2
ja	モザイク	noun	4	5	0	2
ja	電光	noun	4	5	0	2
ja	尽くそう	verb	4	5	0	2
ja	枯れ木	noun	4	5	0	2
ja	あん	noun	4	5	0	2
ja	奇	noun	4	5	0	2
ja	深煎り	noun	4	5	0	2
ja	五月雨	noun	4	5	0	2
ja	スケーター	noun	4	5	0	2
ja	分数	noun	4	5	0	2
ja	交友	noun	4	5	0	2
ja	降りかかる	verb	4	5	0	2
ja	レフト	noun	4	5	0	2
ja	晩秋	noun	4	5	0	2
ja	ランドルフ	noun	4	5	0	2
ja	そうめん	noun	4	5	0	2
ja	ステラー	noun	4	5	0	2
ja	練り直す	verb	4	5	0	2
ja	授精	noun	4	5	0	2
ja	怠け癖	noun	4	5	0	2
ja	駆け引き	noun	4	5	0	2
ja	グラタン	noun	4	5	0	2
ja	引き込ま	verb	4	5	0	2
ja	降水	noun	4	5	0	2
ja	ぶっ続け	noun	4	5	0	2
ja	愛すれ	verb	4	5	0	2
ja	乗り心地	noun	4	5	0	2
ja	ハーパー	noun	4	5	0	2
ja	男尊	noun	4	5	0	2
ja	レバノン	noun	4	5	0	2
ja	新しき	adjective	4	5	0	2
ja	カキ氷	noun	4	5	0	2
ja	使い心地	noun	4	5	0	2
ja	さしはさむ	verb	4	5	0	2
ja	金づち	noun	4	5	0	2
ja	女々しい	adjective	4	5	0	2
ja	積もれ	verb	4	5	0	2
ja	サプリメント	noun	4	5	0	2
ja	流れ込む	verb	4	5	0	2
ja	開国	noun	4	5	0	2
ja	エヴェレスト	noun	4	5	0	2
ja	間に合え	verb	4	5	0	2
ja	激賞	noun	4	5	0	2
ja	教壇	noun	4	5	0	2
ja	優待	noun	4	5	0	2
ja	身辺	noun	4	5	0	2
ja	開票	noun	4	5	0	2
ja	くるぶし	noun	4	5	0	2
ja	あわれ	noun	4	5	0	2
ja	たら	verb	4	5	0	2
ja	突き進む	verb	4	5	0	2
ja	ザック	noun	4	5	0	2
ja	猛獣	noun	4	5	0	2
ja	空家	noun	4	5	0	2
ja	もやし	noun	4	5	0	2
ja	人聞き	noun	4	5	0	2
ja	しみこん	verb	4	5	0	2
ja	済み	noun	4	5	0	2
ja	エド	noun	4	5	0	2
ja	宝箱	noun	4	5	0	2
ja	東岸	noun	4	5	0	2
ja	つき合わ	verb	4	5	0	2
ja	在ら	verb	4	5	0	2
ja	エル	noun	4	5	0	2
ja	賭博	noun	4	5	0	2
ja	ます	noun	4	5	0	2
ja	かう	verb	4	5	0	2
ja	妙技	noun	4	5	0	2
ja	首まわり	noun	4	5	0	2
ja	ポル	noun	4	5	0	2
ja	動き回り	verb	4	5	0	2
ja	如才	noun	4	5	0	2
ja	文面	noun	4	5	0	2
ja	切り裂い	verb	4	5	0	2
ja	加害	noun	4	5	0	2
ja	すり減らす	verb	4	5	0	2
ja	ふりかけ	verb	4	5	0	2
ja	子守り	noun	4	5	0	2
ja	歌留多	noun	4	5	0	2
ja	伊丹	noun	4	5	0	2
ja	契機	noun	4	5	0	2
ja	談話	noun	4	5	0	2
ja	オフレコ	noun	4	5	0	2
ja	推し進める	verb	4	5	0	2
ja	バウンド	noun	4	5	0	2
ja	噛み付く	verb	4	5	0	2
ja	舌戦	noun	4	5	0	2
ja	ビスク	noun	4	5	0	2
ja	ハロルド	noun	4	5	0	2
ja	しゃぼん	noun	4	5	0	2
ja	くじゃく	noun	4	5	0	2
ja	親愛	noun	4	5	0	2
ja	平板	noun	4	5	0	2
ja	コントローラー	noun	4	5	0	2
ja	ありつく	verb	4	5	0	2
ja	引き留め	verb	4	5	0	2
ja	パティシエ	noun	4	5	0	2
ja	ばたん	adverb	4	5	0	2
ja	だらしな	adjective	4	5	0	2
ja	巻き添え	noun	4	5	0	2
ja	池の上	noun	4	5	0	2
ja	歩き去り	verb	4	5	0	2
ja	手厚く	adjective	4	5	0	2
ja	ホーチミン	noun	4	5	0	2
ja	取り仕切っ	verb	4	5	0	2
ja	学び	noun	4	5	0	2
ja	表通り	noun	4	5	0	2
ja	悪阻	noun	4	5	0	2
ja	決め付け	verb	4	5	0	2
ja	素泊まり	noun	4	5	0	2
ja	城下	noun	4	5	0	2
ja	聞き分ける	verb	4	5	0	2
ja	人魚	noun	4	5	0	2
ja	先立っ	verb	4	5	0	2
ja	さい	noun	4	5	0	2
ja	輪郭	noun	4	5	0	2
ja	テネシー	noun	4	5	0	2
ja	客車	noun	4	5	0	2
ja	叙事	noun	4	5	0	2
ja	ほろ苦い	adjective	4	5	0	2
ja	断ち切っ	verb	4	5	0	2
ja	非礼	noun	4	5	0	2
ja	またたく	verb	4	5	0	2
ja	うたう	verb	4	5	0	2
ja	流行り	verb	4	5	0	2
ja	毛深い	adjective	4	5	0	2
ja	ウエーター	noun	4	5	0	2
ja	たくましく	adjective	4	5	0	2
ja	ぐうたら	noun	4	5	0	2
ja	アコーディオン	noun	4	5	0	2
ja	ティナ	noun	4	5	0	2
ja	いいわけ	noun	4	5	0	2
ja	馬術	noun	4	5	0	2
ja	寝起き	noun	4	5	0	2
ja	まるきり	adverb	4	5	0	2
ja	ヘビメタ	noun	4	5	0	2
ja	ハラスメント	noun	4	5	0	2
ja	ポキポキ	adverb	4	5	0	2
ja	あぶっ	verb	4	5	0	2
ja	たどり着け	verb	4	5	0	2
ja	中ほど	noun	4	5	0	2
ja	もこもこ	adverb	4	5	0	2
ja	片時	noun	4	5	0	2
ja	日雇い	noun	4	5	0	2
ja	どかん	adverb	4	5	0	2
ja	生き延び	verb	4	5	0	2
ja	滴り落ち	verb	4	5	0	2
ja	打ち切っ	verb	4	5	0	2
ja	多勢	noun	4	5	0	2
ja	なおさ	verb	4	5	0	2
ja	牛後	noun	4	5	0	2
ja	崖っぷち	noun	4	5	0	2
ja	中１	noun	4	5	0	2
ja	林道	noun	4	5	0	2
ja	男手	noun	4	5	0	2
ja	金柑	noun	4	5	0	2
ja	全霊	noun	4	5	0	2
ja	異例	noun	4	5	0	2
ja	取り合う	verb	4	5	0	2
ja	ちっ	verb	4	5	0	2
ja	笑い話	noun	4	5	0	2
ja	チャイナタウン	noun	4	5	0	2
ja	棚田	noun	4	5	0	2
ja	街灯	noun	4	5	0	2
ja	締まっ	verb	4	5	0	2
ja	絶命	noun	4	5	0	2
ja	駆けよっ	verb	4	5	0	2
ja	つばさ	noun	4	5	0	2
ja	年端	noun	4	5	0	2
ja	浩二	noun	4	5	0	2
ja	なるべく	compounds	4	5	0	2
ja	敏速	noun	4	5	0	2
ja	占い	noun	4	5	0	2
ja	線引き	noun	4	5	0	2
ja	天真	noun	4	5	0	2
ja	引き締め	noun	4	5	0	2
ja	送り出す	verb	4	5	0	2
ja	巻き舌	noun	4	5	0	2
ja	御所	noun	4	5	0	2
ja	裂ける	verb	4	5	0	2
ja	出し抜い	verb	4	5	0	2
ja	ホステス	noun	4	5	0	2
ja	飢える	verb	4	5	0	2
ja	冷血	noun	4	5	0	2
ja	メダカ	noun	4	5	0	2
ja	ごたごた	noun	4	5	0	2
ja	もうけ	noun	4	5	0	2
ja	薄弱	noun	4	5	0	2
ja	黒焦げ	noun	4	5	0	2
ja	付け足し	verb	4	5	0	2
ja	よごれ	verb	4	5	0	2
ja	でまかせ	noun	4	5	0	2
ja	王宮	noun	4	5	0	2
ja	浅田	noun	4	5	0	2
ja	殺意	noun	4	5	0	2
ja	はけ	verb	4	5	0	2
ja	ルシア	noun	4	5	0	2
ja	マニラ	noun	4	5	0	2
ja	輪番	noun	4	5	0	2
ja	寝転がる	verb	4	5	0	2
ja	泣きじゃくり	verb	4	5	0	2
ja	中西部	noun	4	5	0	2
ja	投じる	verb	4	5	0	2
ja	助くる	verb	4	5	0	2
ja	パンジー	noun	4	5	0	2
ja	仕	verb	4	5	0	2
ja	レパートリー	noun	4	5	0	2
ja	おどし	noun	4	5	0	2
ja	ケイマン	noun	4	5	0	2
ja	切り開か	verb	4	5	0	2
ja	追いかけよう	verb	4	5	0	2
ja	金門	noun	4	5	0	2
ja	うか	verb	4	5	0	2
ja	つるつる	adverb	4	5	0	2
ja	ワークショップ	noun	4	5	0	2
ja	朱	noun	4	5	0	2
ja	はいはい	noun	4	5	0	2
ja	連れ出そう	verb	4	5	0	2
ja	張り上げ	verb	4	5	0	2
ja	つかもう	verb	4	5	0	2
ja	巷	noun	4	5	0	2
ja	カカオ	noun	4	5	0	2
ja	横やり	noun	4	5	0	2
ja	申し開き	noun	4	5	0	2
ja	新王	noun	4	5	0	2
ja	機転	noun	4	5	0	2
ja	ついたて	noun	4	5	0	2
ja	ビシッ	adverb	4	5	0	2
ja	田島	noun	4	5	0	2
ja	乗り込もう	verb	4	5	0	2
ja	連勝	noun	4	5	0	2
ja	切り替わら	verb	4	5	0	2
ja	度数	noun	4	5	0	2
ja	空威張り	noun	4	5	0	2
ja	住みごこち	noun	4	5	0	2
ja	いきさつ	noun	4	5	0	2
ja	キップ	noun	4	5	0	2
ja	つけあがる	verb	4	5	0	2
ja	すりむい	verb	4	5	0	2
ja	絶体	noun	4	5	0	2
ja	スエズ	noun	4	5	0	2
ja	底冷え	noun	4	5	0	2
ja	地団駄	noun	4	5	0	2
ja	菊	noun	4	5	0	2
ja	おでん	noun	4	5	0	2
ja	挿し木	noun	4	5	0	2
ja	差し出す	verb	4	5	0	2
ja	載せる	verb	4	5	0	2
ja	アニー	noun	4	5	0	2
ja	アダルト	noun	4	5	0	2
ja	鬱	noun	4	5	0	2
ja	懸け	verb	4	5	0	2
ja	ジェダイ	noun	4	5	0	2
ja	見直し	noun	4	5	0	2
ja	中日	noun	4	5	0	2
ja	小島	noun	4	5	0	2
ja	いおう	verb	4	5	0	2
ja	正しけれ	adjective	4	5	0	2
ja	ＰＫＯ	noun	4	5	0	2
ja	先々	noun	4	5	0	2
ja	エリオット	noun	4	5	0	2
ja	かきたて	verb	4	5	0	2
ja	ジェフリー	noun	4	5	0	2
ja	山下町	noun	4	5	0	2
ja	向う側	noun	4	5	0	2
ja	リコーダー	noun	4	5	0	2
ja	免れよう	verb	4	5	0	2
ja	啖呵	noun	4	5	0	2
ja	離ればなれ	noun	4	5	0	2
ja	突き刺さっ	verb	4	5	0	2
ja	立ち直ら	verb	4	5	0	2
ja	概略	noun	4	5	0	2
ja	小骨	noun	4	5	0	2
ja	ねね	noun	4	5	0	2
ja	野うさぎ	noun	4	5	0	2
ja	替える	verb	4	5	0	2
ja	小包み	noun	4	5	0	2
ja	絞り取っ	verb	4	5	0	2
ja	しもやけ	noun	4	5	0	2
ja	着ぐるみ	noun	4	5	0	2
ja	点滅	noun	4	5	0	2
ja	ネルソン	noun	4	5	0	2
ja	フェス	noun	4	5	0	2
ja	踏ん張っ	verb	4	5	0	2
ja	全日	noun	4	5	0	2
ja	村井	noun	4	5	0	2
ja	勝算	noun	4	5	0	2
ja	イディッシュ	noun	4	5	0	2
ja	枝豆	noun	4	5	0	2
ja	寝付か	verb	4	5	0	2
ja	金貸	noun	4	5	0	2
ja	フォロワー	noun	4	5	0	2
ja	塁	noun	4	5	0	2
ja	洗いたて	noun	4	5	0	2
ja	振り込ん	verb	4	5	0	2
ja	ダンテ	noun	4	5	0	2
ja	もぎ取っ	verb	4	5	0	2
ja	付き人	noun	4	5	0	2
ja	引き下げ	noun	4	5	0	2
ja	老舗	noun	4	5	0	2
ja	キャビネット	noun	4	5	0	2
ja	つや	noun	4	5	0	2
ja	恋っ	verb	4	5	0	2
ja	ぐせ	noun	4	5	0	2
ja	ひたい	noun	4	5	0	2
ja	立ちつくし	verb	4	5	0	2
ja	折り返し	noun	4	5	0	2
ja	麵	noun	4	5	0	2
ja	親鳥	noun	4	5	0	2
ja	うお	noun	4	5	0	2
ja	釣り合っ	verb	4	5	0	2
ja	フリーランス	noun	4	5	0	2
ja	詩情	noun	4	5	0	2
ja	思い描く	verb	4	5	0	2
ja	見まね	noun	4	5	0	2
ja	湘南	noun	4	5	0	2
ja	当てずっぽう	noun	4	5	0	2
ja	言い当てる	verb	4	5	0	2
ja	ガチャガチャ	adverb	4	5	0	2
ja	松本	noun	4	5	0	2
ja	消し飛ん	verb	4	5	0	2
ja	郵袋	noun	4	5	0	2
ja	本意	noun	4	5	0	2
ja	ぐる	noun	4	5	0	2
ja	ヌードル	noun	4	5	0	2
ja	うやうやしく	adjective	4	5	0	2
ja	偏屈	noun	4	5	0	2
ja	気管	noun	4	5	0	2
ja	ペソ	noun	4	5	0	2
ja	アトーレ	noun	4	5	0	2
ja	しがみつき	verb	4	5	0	2
ja	なぎ倒さ	verb	4	5	0	2
ja	シャフト	noun	4	5	0	2
ja	皮革	noun	4	5	0	2
ja	スランプ	noun	4	5	0	2
ja	平たい	adjective	4	5	0	2
ja	フローズン	noun	4	5	0	2
ja	おだて	verb	4	5	0	2
ja	ハゲタカ	noun	4	5	0	2
ja	ポー	noun	4	5	0	2
ja	閉じこもり	verb	4	5	0	2
ja	前輪	noun	4	5	0	2
ja	経理	noun	4	5	0	2
ja	大軍	noun	4	5	0	2
ja	耳たぶ	noun	4	5	0	2
ja	蹴り	noun	4	5	0	2
ja	キーツ	noun	4	5	0	2
ja	ずばずば	adverb	4	5	0	2
ja	しるこ	noun	4	5	0	2
ja	水気	noun	4	5	0	2
ja	泣き叫ぶ	verb	4	5	0	2
ja	書き込ま	verb	4	5	0	2
ja	後戻り	noun	4	5	0	2
ja	ちょいと	adverb	4	5	0	2
ja	ヵ国	noun	4	5	0	2
ja	蜃気	noun	4	5	0	2
ja	興行	noun	4	5	0	2
ja	掛け合っ	verb	4	5	0	2
ja	照る	verb	4	5	0	2
ja	ゆすり取っ	verb	4	5	0	2
ja	プールサイド	noun	4	5	0	2
ja	人家	noun	4	5	0	2
ja	婚礼	noun	4	5	0	2
ja	なべ物	noun	4	5	0	2
ja	浮き上がっ	verb	4	5	0	2
ja	終わり頃	noun	4	5	0	2
ja	ダラス	noun	4	5	0	2
ja	めぐみ	noun	4	5	0	2
ja	大豆	noun	4	5	0	2
ja	就活	noun	4	5	0	2
ja	二の腕	noun	4	5	0	2
ja	おくりもの	noun	4	5	0	2
ja	一室	noun	4	5	0	2
ja	向く	verb	4	5	0	2
ja	欺く	verb	4	5	0	2
ja	鼻クソ	noun	4	5	0	2
ja	土鍋	noun	4	5	0	2
ja	触れよう	verb	4	5	0	2
ja	アントン	noun	4	5	0	2
ja	踏み倒し	verb	4	5	0	2
ja	術師	noun	4	5	0	2
ja	とりかかり	verb	4	5	0	2
ja	タロット	noun	4	5	0	2
ja	またが	verb	4	5	0	2
ja	ブランケット	noun	4	5	0	2
ja	振り回し	verb	4	5	0	2
ja	じ	noun	4	5	0	2
ja	垂れ下がっ	verb	4	5	0	2
ja	敬神	noun	4	5	0	2
ja	家並み	noun	4	5	0	2
ja	アンカレッジ	noun	4	5	0	2
ja	本件	noun	4	5	0	2
ja	映し出す	verb	4	5	0	2
ja	落ち合う	verb	4	5	0	2
ja	横顔	noun	4	5	0	2
ja	語呂	noun	4	5	0	2
ja	ナイトクラブ	noun	4	5	0	2
ja	たれこめ	verb	4	5	0	2
ja	和風	noun	4	5	0	2
ja	最速	noun	4	5	0	2
ja	あふれ出	verb	4	5	0	2
ja	キャンピング	noun	4	5	0	2
ja	グレン	noun	4	5	0	2
ja	受け継ぐ	verb	4	5	0	2
ja	人造	noun	4	5	0	2
ja	冷害	noun	4	5	0	2
ja	見張ら	verb	4	5	0	2
ja	よろよろ	adverb	4	5	0	2
ja	スタ	noun	4	5	0	2
ja	引き止めよう	verb	4	5	0	2
ja	打尽	noun	4	5	0	2
ja	かんじ	noun	4	5	0	2
ja	引換	noun	4	5	0	2
ja	ロスト	noun	4	5	0	2
ja	ワンダー	noun	4	5	0	2
ja	校歌	noun	4	5	0	2
ja	テリア	noun	4	5	0	2
ja	悪しかれ	adjective	4	5	0	2
ja	転載	noun	4	5	0	2
ja	けり	noun	4	5	0	2
ja	身代わり	noun	4	5	0	2
ja	加齢	noun	4	5	0	2
ja	情欲	noun	4	5	0	2
ja	くも	noun	4	5	0	2
ja	終戦	noun	4	5	0	2
ja	ライフワーク	noun	4	5	0	2
ja	昇ら	verb	4	5	0	2
ja	明媚	noun	4	5	0	2
ja	おこら	verb	4	5	0	2
ja	放物	noun	4	5	0	2
ja	掃く	verb	4	5	0	2
ja	かえ	noun	4	5	0	2
ja	表側	noun	4	5	0	2
ja	全幅	noun	4	5	0	2
ja	おのずと	adverb	4	5	0	2
ja	土井	noun	4	5	0	2
ja	心づくし	noun	4	5	0	2
ja	思いこん	verb	4	5	0	2
ja	未完	noun	4	5	0	2
ja	相葉	noun	4	5	0	2
ja	アンディー	noun	4	5	0	2
ja	メン	noun	4	5	0	2
ja	バリー	noun	4	5	0	2
ja	睨み付け	verb	4	5	0	2
ja	ちり紙	noun	4	5	0	2
ja	書き取り	noun	4	5	0	2
ja	農村	noun	4	5	0	2
ja	大病	noun	4	5	0	2
ja	ジンバブエ	noun	4	5	0	2
ja	静養	noun	4	5	0	2
ja	胃がん	noun	4	5	0	2
ja	垂れる	verb	4	5	0	2
ja	ダイジェスト	noun	4	5	0	2
ja	ネロ	noun	4	5	0	2
ja	生き残れ	verb	4	5	0	2
ja	夜道	noun	4	5	0	2
ja	プロセッサー	noun	4	5	0	2
ja	用具	noun	4	5	0	2
ja	成りすまし	verb	4	5	0	2
ja	借り方	noun	4	5	0	2
ja	ひと夏	noun	4	5	0	2
ja	雨風	noun	4	5	0	2
ja	引き延ばし	verb	4	5	0	2
ja	たな	noun	4	5	0	2
ja	つかい	verb	4	5	0	2
ja	組閣	noun	4	5	0	2
ja	憤り	noun	4	5	0	2
ja	猫好き	noun	4	5	0	2
ja	気恥ずかしい	adjective	4	5	0	2
ja	水割り	noun	4	5	0	2
ja	レインボウ	noun	4	5	0	2
ja	難色	noun	4	5	0	2
ja	里心	noun	4	5	0	2
ja	しゃがみこん	verb	4	5	0	2
ja	流れ弾	noun	4	5	0	2
ja	疎	noun	4	5	0	2
ja	しょっぱく	adjective	4	5	0	2
ja	平叙	noun	4	5	0	2
ja	涵養	noun	4	5	0	2
ja	一利	noun	4	5	0	2
ja	カミソリ	noun	4	5	0	2
ja	黒色	noun	4	5	0	2
ja	貫徹	noun	4	5	0	2
ja	手相	noun	4	5	0	2
ja	コッペ	noun	4	5	0	2
ja	乳酸	noun	4	5	0	2
ja	苦しみ	verb	4	5	0	2
ja	しあげ	verb	4	5	0	2
ja	ささやき	noun	4	5	0	2
ja	スレ	noun	4	5	0	2
ja	国文	noun	4	5	0	2
ja	明けよう	verb	4	5	0	2
ja	ボディーガード	noun	4	5	0	2
ja	デッド	noun	4	5	0	2
ja	使徒	noun	4	5	0	2
ja	星印	noun	4	5	0	2
ja	少なけれ	adjective	4	5	0	2
ja	ワイヤレス	noun	4	5	0	2
ja	採決	noun	4	5	0	2
ja	仕切り	noun	4	5	0	2
ja	おんぼろ	noun	4	5	0	2
ja	在職	noun	4	5	0	2
ja	ホラ	noun	4	5	0	2
ja	気密	noun	4	5	0	2
ja	悪党	noun	4	5	0	2
ja	小樽	noun	4	5	0	2
ja	ジューン	noun	4	5	0	2
ja	胡麻	noun	4	5	0	2
ja	手づかみ	noun	4	5	0	2
ja	呪い	noun	4	5	0	2
ja	ダスト	noun	4	5	0	2
ja	強健	noun	4	5	0	2
ja	書き直す	verb	4	5	0	2
ja	織田	noun	4	5	0	2
ja	いがらっぽい	adjective	4	5	0	2
ja	暇つぶし	noun	4	5	0	2
ja	火蓋	noun	4	5	0	2
ja	ナメクジ	noun	4	5	0	2
ja	差出	noun	4	5	0	2
ja	微笑ま	verb	4	5	0	2
ja	河豚	noun	4	5	0	2
ja	手近	noun	4	5	0	2
ja	多弁	noun	4	5	0	2
ja	コーラン	noun	4	5	0	2
ja	投げ与え	verb	4	5	0	2
ja	庶務	noun	4	5	0	2
ja	負けれ	verb	4	5	0	2
ja	グーグー	adverb	4	5	0	2
ja	黄昏時	noun	4	5	0	2
ja	遅れよう	verb	4	5	0	2
ja	こぎ	verb	4	5	0	2
ja	落とし	noun	4	5	0	2
ja	ゲティスバーグ	noun	4	5	0	2
ja	ひしが	verb	4	5	0	2
ja	素足	noun	4	5	0	2
ja	錦	noun	4	5	0	2
ja	乗り切ら	verb	4	5	0	2
ja	高瀬	noun	4	5	0	2
ja	呼び立て	verb	4	5	0	2
ja	避暑	noun	4	5	0	2
ja	今来	adverb	4	5	0	2
ja	見失う	verb	4	5	0	2
ja	眼識	noun	4	5	0	2
ja	掛かれる	verb	4	5	0	2
ja	コス	noun	4	5	0	2
ja	ノイズ	noun	4	5	0	2
ja	ブレザー	noun	4	5	0	2
ja	シーガル	noun	4	5	0	2
ja	触れ合う	verb	4	5	0	2
ja	頁	noun	4	5	0	2
ja	巨万	noun	4	5	0	2
ja	飲み込ま	verb	4	5	0	2
ja	品ぞろえ	noun	4	5	0	2
ja	異口	noun	4	5	0	2
ja	極秘	noun	4	5	0	2
ja	スイスイ	adverb	4	5	0	2
ja	帰途	noun	4	5	0	2
ja	初犯	noun	4	5	0	2
ja	ドナルド	noun	4	5	0	2
ja	手羽	noun	4	5	0	2
ja	水まき	noun	4	5	0	2
ja	寝ろ	verb	4	5	0	2
ja	琥珀	noun	4	5	0	2
ja	馬耳	noun	4	5	0	2
ja	桟橋	noun	4	5	0	2
ja	ブース	noun	4	5	0	2
ja	嗅ぎ出す	verb	4	5	0	2
ja	のぞき込ん	verb	4	5	0	2
ja	湖上	noun	4	5	0	2
ja	情緒	noun	4	5	0	2
ja	窓越し	noun	4	5	0	2
ja	仕立て	noun	4	5	0	2
ja	オートメーション	noun	4	5	0	2
ja	例え話	noun	4	5	0	2
ja	ミリー	noun	4	5	0	2
ja	思い浮かび	verb	4	5	0	2
ja	アセロラ	noun	4	5	0	2
ja	休戦	noun	4	5	0	2
ja	黄銅	noun	4	5	0	2
ja	コロラド	noun	4	5	0	2
ja	東海	noun	4	5	0	2
ja	フォックス	noun	4	5	0	2
ja	クルー	noun	4	5	0	2
ja	どうぶつ	noun	4	5	0	2
ja	かきわけ	verb	4	5	0	2
ja	抜こう	verb	4	5	0	2
ja	疑わしく	adjective	4	5	0	2
ja	ぽい	adverb	4	5	0	2
ja	編さん	noun	4	5	0	2
ja	ダック	noun	4	5	0	2
ja	イマジナリー	noun	4	5	0	2
ja	マニキュア	noun	4	5	0	2
ja	苦味	noun	4	5	0	2
ja	先着	noun	4	5	0	2
ja	叶える	verb	4	5	0	2
ja	防火	noun	4	5	0	2
ja	取り去っ	verb	4	5	0	2
ja	もくず	noun	4	5	0	2
ja	あり余る	verb	4	5	0	2
ja	沸き立っ	verb	4	5	0	2
ja	腺	noun	4	5	0	2
ja	おいそれと	adverb	4	5	0	2
ja	押しかけ	verb	4	5	0	2
ja	誤魔化す	verb	4	5	0	2
ja	軟らかく	adjective	4	5	0	2
ja	本店	noun	4	5	0	2
ja	緑礬	noun	4	5	0	2
ja	捕ら	verb	4	5	0	2
ja	塩気	noun	4	5	0	2
ja	掘り	noun	4	5	0	2
ja	屈め	verb	4	5	0	2
ja	打ち込み	verb	4	5	0	2
ja	牧者	noun	4	5	0	2
ja	測量	noun	4	5	0	2
ja	あやそう	verb	4	5	0	2
ja	極上	noun	4	5	0	2
ja	今季	noun	4	5	0	2
ja	過つ	verb	4	5	0	2
ja	絹糸	noun	4	5	0	2
ja	広子	noun	4	5	0	2
ja	微笑み返し	verb	4	5	0	2
ja	フタ	noun	4	5	0	2
ja	田辺	noun	4	5	0	2
ja	登り下り	noun	4	5	0	2
ja	ボンベイ	noun	4	5	0	2
ja	ＤＮＡ	noun	4	5	0	2
ja	韻文	noun	4	5	0	2
ja	気取り	noun	4	5	0	2
ja	雨後	noun	4	5	0	2
ja	かぎ回っ	verb	4	5	0	2
ja	銃撃	noun	4	5	0	2
ja	いたみ悲しん	verb	4	5	0	2
ja	たより	noun	4	5	0	2
ja	絞め殺し	verb	4	5	0	2
ja	挙式	noun	4	5	0	2
ja	リボ	noun	4	5	0	2
ja	掛け替え	noun	4	5	0	2
ja	捜そう	verb	4	5	0	2
ja	ありあわせ	noun	4	5	0	2
ja	歳暮	noun	4	5	0	2
ja	枝毛	noun	4	5	0	2
ja	大腸	noun	4	5	0	2
ja	スクーリング	noun	4	5	0	2
ja	総数	noun	4	5	0	2
ja	ホセ	noun	4	5	0	2
ja	端々	noun	4	5	0	2
ja	サタン	noun	4	5	0	2
ja	ユニコーン	noun	4	5	0	2
ja	出逢っ	verb	4	5	0	2
ja	戦える	verb	4	5	0	2
ja	かさぶた	noun	4	5	0	2
ja	チェアー	noun	4	5	0	2
ja	発泡	noun	4	5	0	2
ja	駐日	noun	4	5	0	2
ja	妙子	noun	4	5	0	2
ja	早川	noun	4	5	0	2
ja	投書	noun	4	5	0	2
ja	惜しみ	verb	4	5	0	2
ja	でかく	adjective	4	5	0	2
ja	平々	noun	4	5	0	2
ja	村上	noun	4	5	0	2
ja	清爽	noun	4	5	0	2
ja	ぞめい	verb	4	5	0	2
ja	欲せ	verb	4	5	0	2
ja	ナザレ	noun	4	5	0	2
ja	群雄	noun	4	5	0	2
ja	ハンググライディング	noun	4	5	0	2
ja	カーナビ	noun	4	5	0	2
ja	後継	noun	4	5	0	2
ja	取り替える	verb	4	5	0	2
ja	感じ取っ	verb	4	5	0	2
ja	黙りこくっ	verb	4	5	0	2
ja	ウィンター	noun	4	5	0	2
ja	築	noun	4	5	0	2
ja	童心	noun	4	5	0	2
ja	タキシード	noun	4	5	0	2
ja	仕掛け	noun	4	5	0	2
ja	見下さ	verb	4	5	0	2
ja	円山	noun	4	5	0	2
ja	うけとっ	verb	4	5	0	2
ja	伝来	noun	4	5	0	2
ja	復学	noun	4	5	0	2
ja	算盤	noun	4	5	0	2
ja	プラモデル	noun	4	5	0	2
ja	ハレー	noun	4	5	0	2
ja	使い古さ	verb	4	5	0	2
ja	探しまわっ	verb	4	5	0	2
ja	前腕	noun	4	5	0	2
ja	ひきおこし	verb	4	5	0	2
ja	中元	noun	4	5	0	2
ja	感性	noun	4	5	0	2
ja	湿地	noun	4	5	0	2
ja	益	noun	4	5	0	2
ja	船客	noun	4	5	0	2
ja	美肌	noun	4	5	0	2
ja	敵う	verb	4	5	0	2
ja	エディンバラ	noun	4	5	0	2
ja	あずかり	verb	4	5	0	2
ja	パッチ	noun	4	5	0	2
ja	にべ	noun	4	5	0	2
ja	愛妻	noun	4	5	0	2
ja	異義	noun	4	5	0	2
ja	チュンチュン	adverb	4	5	0	2
ja	とりもどし	verb	4	5	0	2
ja	おんどり	noun	4	5	0	2
ja	ため	compounds	4	5	0	2
ja	荒波	noun	4	5	0	2
ja	便名	noun	4	5	0	2
ja	無下	noun	4	5	0	2
ja	呼び止め	verb	4	5	0	2
ja	湯船	noun	4	5	0	2
ja	らくらく	adverb	4	5	0	2
ja	サファリ	noun	4	5	0	2
ja	突き出し	verb	4	5	0	2
ja	盛り上がる	verb	4	5	0	2
ja	チロ	noun	4	5	0	2
ja	おっ	verb	4	5	0	2
ja	伝えあっ	verb	4	5	0	2
ja	飛球	noun	4	5	0	2
ja	たのし	adjective	4	5	0	2
ja	塩抜き	noun	4	5	0	2
ja	浅黒い	adjective	4	5	0	2
ja	ご飯粒	noun	4	5	0	2
ja	苦しく	adjective	4	5	0	2
ja	野暮	noun	4	5	0	2
ja	けちけち	adverb	4	5	0	2
ja	校外	noun	4	5	0	2
ja	落着か	verb	4	5	0	2
ja	かに玉	noun	4	5	0	2
ja	異臭	noun	4	5	0	2
ja	取り持とう	verb	4	5	0	2
ja	グレイス	noun	4	5	0	2
ja	敗退	noun	4	5	0	2
ja	サーバ	noun	4	5	0	2
ja	ファシズム	noun	4	5	0	2
ja	壁紙	noun	4	5	0	2
ja	急須	noun	4	5	0	2
ja	ワッペン	noun	4	5	0	2
ja	よっく	adverb	4	5	0	2
ja	敷き	verb	4	5	0	2
ja	ロッキー	noun	4	5	0	2
ja	追試	noun	4	5	0	2
ja	生育	noun	4	5	0	2
ja	磨り減っ	verb	4	5	0	2
ja	根深い	adjective	4	5	0	2
ja	噛み付か	verb	4	5	0	2
ja	席上	noun	4	5	0	2
ja	召し上がる	verb	4	5	0	2
ja	キッド	noun	4	5	0	2
ja	インターンシップ	noun	4	5	0	2
ja	ステートメント	noun	4	5	0	2
ja	モーツアルト	noun	4	5	0	2
ja	中型	noun	4	5	0	2
ja	ありあまる	verb	4	5	0	2
ja	マグネシウム	noun	4	5	0	2
ja	すんで	noun	4	5	0	2
ja	ぎゃあぎゃあ	adverb	4	5	0	2
ja	振り出し	verb	4	5	0	2
ja	捕り	verb	4	5	0	2
ja	読み直し	verb	4	5	0	2
ja	迫る	verb	4	5	0	2
ja	秒速	noun	4	5	0	2
ja	ケニア	noun	4	5	0	2
ja	咲こう	verb	4	5	0	2
ja	ひっくり返る	verb	4	5	0	2
ja	もぞもぞ	adverb	4	5	0	2
ja	リトアニア	noun	4	5	0	2
ja	信じろ	verb	4	5	0	2
ja	上旬	noun	4	5	0	2
ja	ストライク	noun	4	5	0	2
ja	コリコリ	adverb	4	5	0	2
ja	翔太	noun	4	5	0	2
ja	ポプラ	noun	4	5	0	2
ja	羨望	noun	4	5	0	2
ja	歩き去っ	verb	4	5	0	2
ja	黒澤	noun	4	5	0	2
ja	ビリヤード	noun	4	5	0	2
ja	リアン	noun	4	5	0	2
ja	ヘラクレス	noun	4	5	0	2
ja	おもしろけれ	adjective	4	5	0	2
ja	パーシー	noun	4	5	0	2
ja	ケージ	noun	4	5	0	2
ja	義男	noun	4	5	0	2
ja	草地	noun	4	5	0	2
ja	ごしごし	adverb	4	5	0	2
ja	出し物	noun	4	5	0	2
ja	砂嵐	noun	4	5	0	2
ja	ザンビア	noun	4	5	0	2
ja	鱗	noun	4	5	0	2
ja	滴り落ちる	verb	4	5	0	2
ja	下欄	noun	4	5	0	2
ja	グレイビー	noun	4	5	0	2
ja	スクワット	noun	4	5	0	2
ja	真横	noun	4	5	0	2
ja	ふくろう	noun	4	5	0	2
ja	責め立て	verb	4	5	0	2
ja	どぶ	noun	4	5	0	2
ja	道管	noun	4	5	0	2
ja	天地	noun	4	5	0	2
ja	ティースプーン	noun	4	5	0	2
ja	朝起き	noun	4	5	0	2
ja	印鑑	noun	4	5	0	2
ja	大方	adverb	4	5	0	2
ja	係わる	verb	4	5	0	2
ja	カチャカチャ	adverb	4	5	0	2
ja	更ける	verb	4	5	0	2
ja	広げれ	verb	4	5	0	2
ja	くじら	noun	4	5	0	2
ja	湯沸かし	noun	4	5	0	2
ja	だぼっ	adverb	4	5	0	2
ja	存命	noun	4	5	0	2
ja	気迫	noun	4	5	0	2
ja	夜どおし	adverb	4	5	0	2
ja	ハンディキャップ	noun	4	5	0	2
ja	整数	noun	4	5	0	2
ja	遍路	noun	4	5	0	2
ja	飛び出	verb	4	5	0	2
ja	飛ばし読み	noun	4	5	0	2
ja	変わろう	verb	4	5	0	2
ja	ペッパー	noun	4	5	0	2
ja	目録	noun	4	5	0	2
ja	どかっ	adverb	4	5	0	2
ja	会派	noun	4	5	0	2
ja	ノンアルコール	noun	4	5	0	2
ja	長雨	noun	4	5	0	2
ja	かぶりつく	verb	4	5	0	2
ja	ペインティング	noun	4	5	0	2
ja	王妃	noun	4	5	0	2
ja	カーフ	noun	4	5	0	2
ja	ゲスト	noun	4	5	0	2
ja	ボーイズ	noun	4	5	0	2
ja	のりかえ	verb	4	5	0	2
ja	叙情	noun	4	5	0	2
ja	松江	noun	4	5	0	2
ja	オッ	noun	4	5	0	2
ja	断層	noun	4	5	0	2
ja	引き抜か	verb	4	5	0	2
ja	ステイン	noun	4	5	0	2
ja	はまる	verb	4	5	0	2
ja	明美	noun	4	5	0	2
ja	使節	noun	4	5	0	2
ja	啄木	noun	4	5	0	2
ja	インゴット	noun	4	5	0	2
ja	得票	noun	4	5	0	2
ja	病欠	noun	4	5	0	2
ja	尼僧	noun	4	5	0	2
ja	失意	noun	4	5	0	2
ja	くんくん	adverb	4	5	0	2
ja	捕まえよう	verb	4	5	0	2
ja	得体	noun	4	5	0	2
ja	踏み外し	verb	4	5	0	2
ja	さざ波	noun	4	5	0	2
ja	掲げる	verb	4	5	0	2
ja	中南米	noun	4	5	0	2
ja	取り除け	verb	4	5	0	2
ja	医大	noun	4	5	0	2
ja	たもと	noun	4	5	0	2
ja	バルサミコ	noun	4	5	0	2
ja	風速	noun	4	5	0	2
ja	バトミントン	noun	4	5	0	2
ja	墨付き	noun	4	5	0	2
ja	アライ	noun	4	5	0	2
ja	カゼ	noun	4	5	0	2
ja	雪深い	adjective	4	5	0	2
ja	少なし	adjective	4	5	0	2
ja	裏目	noun	4	5	0	2
ja	象形	noun	4	5	0	2
ja	装い	verb	4	5	0	2
ja	本腰	noun	4	5	0	2
ja	ウォルター	noun	4	5	0	2
ja	化けの皮	noun	4	5	0	2
ja	吹き飛ん	verb	4	5	0	2
ja	決めつけ	verb	4	5	0	2
ja	ドロシー	noun	4	5	0	2
ja	跡取り	noun	4	5	0	2
ja	タケオ	noun	4	5	0	2
ja	やせこけ	verb	4	5	0	2
ja	めらめら	adverb	4	5	0	2
ja	益々	adverb	4	5	0	2
ja	素っ裸	noun	4	5	0	2
ja	渇し	verb	4	5	0	2
ja	女卑	noun	4	5	0	2
ja	イヤー	noun	4	5	0	2
ja	取りつか	verb	4	5	0	2
ja	初詣で	noun	4	5	0	2
ja	つわもの	noun	4	5	0	2
ja	信長	noun	4	5	0	2
ja	デンバー	noun	4	5	0	2
ja	やぎ	noun	4	5	0	2
ja	勤労	noun	4	5	0	2
ja	円安	noun	4	5	0	2
ja	馬肉	noun	4	5	0	2
ja	スパイク	noun	4	5	0	2
ja	まぶし	verb	4	5	0	2
ja	ため込ん	verb	4	5	0	2
ja	どう猛	noun	4	5	0	2
ja	幅広く	adjective	4	5	0	2
ja	絵美	noun	4	5	0	2
ja	乗り過ごし	verb	4	5	0	2
ja	青虫	noun	4	5	0	2
ja	皮製	noun	4	5	0	2
ja	兵法	noun	4	5	0	2
ja	一式	noun	4	5	0	2
ja	はねのけ	verb	4	5	0	2
ja	か所	noun	4	5	0	2
ja	裏面	noun	4	5	0	2
ja	ブリテン	noun	4	5	0	2
ja	惨状	noun	4	5	0	2
ja	聞きもらす	verb	4	5	0	2
ja	とびつく	verb	4	5	0	2
ja	ほ乳	noun	4	5	0	2
ja	霊柩	noun	4	5	0	2
ja	土着	noun	4	5	0	2
ja	高度	noun	4	5	0	2
ja	盲導	noun	4	5	0	2
ja	海王	noun	4	5	0	2
ja	がかり	noun	4	5	0	2
ja	見極める	verb	4	5	0	2
ja	サラサラ	adverb	4	5	0	2
ja	揚げ	noun	4	5	0	2
ja	しつらえる	verb	4	5	1	1
ja	涙ぐむ	verb	4	5	1	1
ja	びびり	verb	4	5	1	1
ja	吹雪く	verb	4	5	1	1
ja	償わ	verb	4	5	1	1
ja	天外	noun	4	5	1	1
ja	男装	noun	4	5	1	1
ja	そばだて	verb	4	5	1	1
ja	不動	noun	4	5	1	1
ja	擂っ	verb	4	5	1	1
ja	身投げ	noun	4	5	1	1
ja	吹かす	verb	4	5	1	1
ja	法っ	verb	4	5	1	1
ja	現實	noun	4	5	1	1
ja	ぴか一	noun	4	5	1	1
ja	めくれ	verb	4	5	1	1
ja	炊こう	verb	4	5	1	1
ja	跳べ	verb	4	5	1	1
ja	やわらげ	verb	4	5	1	1
ja	平坦	noun	4	5	1	1
ja	野火	noun	4	5	1	1
ja	クランク	noun	4	5	1	1
ja	さわぎ	verb	4	5	1	1
ja	しむけ	verb	4	5	1	1
ja	ポカポカ	adverb	4	5	1	1
ja	即売	noun	4	5	1	1
ja	妬け	verb	4	5	1	1
ja	仕上がら	verb	4	5	1	1
ja	つもっ	verb	4	5	1	1
ja	撃破	noun	4	5	1	1
ja	臥せっ	verb	4	5	1	1
ja	切り株	noun	4	5	1	1
ja	雲隠れ	noun	4	5	1	1
ja	ざわめい	verb	4	5	1	1
ja	つなぎ	noun	4	5	1	1
ja	分かれ目	noun	4	5	1	1
ja	はじまっ	verb	4	5	1	1
ja	賑わっ	verb	4	5	1	1
ja	邪道	noun	4	5	1	1
ja	失い	adjective	4	5	1	1
ja	殴打	noun	4	5	1	1
ja	ねらい	verb	4	5	1	1
ja	せとぎわ	noun	4	5	1	1
ja	はんらん	noun	4	5	1	1
ja	すっぽかす	verb	4	5	1	1
ja	溶解	noun	4	5	1	1
ja	短調	noun	4	5	1	1
ja	バクバク	adverb	4	5	1	1
ja	苦しま	verb	4	5	1	1
ja	相似	noun	4	5	1	1
ja	自認	noun	4	5	1	1
ja	もてなす	verb	4	5	1	1
ja	こさえ	verb	4	5	1	1
ja	留まれ	verb	4	5	1	1
ja	ブレイク	noun	4	5	1	1
ja	デュエット	noun	4	5	1	1
ja	ぶつける	verb	4	5	1	1
ja	請わ	verb	4	5	1	1
ja	いためる	verb	4	5	1	1
ja	揺さぶっ	verb	4	5	1	1
ja	丸わかり	noun	4	5	1	1
ja	よみがえり	verb	4	5	1	1
ja	評し	verb	4	5	1	1
ja	訳する	verb	4	5	1	1
ja	稼動	noun	4	5	1	1
ja	討つ	verb	4	5	1	1
ja	苛立た	verb	4	5	1	1
ja	進軍	noun	4	5	1	1
ja	策動	noun	4	5	1	1
ja	改行	noun	4	5	1	1
ja	滅ぼさ	verb	4	5	1	1
ja	つくろう	verb	4	5	1	1
ja	点在	noun	4	5	1	1
ja	暗誦	noun	4	5	1	1
ja	図ら	verb	4	5	1	1
ja	おこたっ	verb	4	5	1	1
ja	寝泊まり	noun	4	5	1	1
ja	蜂起	noun	4	5	1	1
ja	配点	noun	4	5	1	1
ja	間借り	noun	4	5	1	1
ja	割ろう	verb	4	5	1	1
ja	だらける	verb	4	5	1	1
ja	背おっ	verb	4	5	1	1
ja	小憎らしい	adjective	4	5	1	1
ja	静まら	verb	4	5	1	1
ja	しん	verb	4	5	1	1
ja	騒がし	verb	4	5	1	1
ja	南下	noun	4	5	1	1
ja	つれない	adjective	4	5	1	1
ja	浸かり	verb	4	5	1	1
ja	スクラップ	noun	4	5	1	1
ja	追究	noun	4	5	1	1
ja	同族	noun	4	5	1	1
ja	諭し	verb	4	5	1	1
ja	こぼれる	verb	4	5	1	1
ja	めんくらっ	verb	4	5	1	1
ja	飲んだくれ	verb	4	5	1	1
ja	通夜	noun	4	5	1	1
ja	びり	noun	4	5	1	1
ja	ちっさ	adjective	4	5	1	1
ja	嵌まっ	verb	4	5	1	1
ja	来ん	verb	4	5	1	1
ja	きな臭い	adjective	4	5	1	1
ja	ザラザラ	adverb	4	5	1	1
ja	膨らせ	verb	4	5	1	1
ja	過ち	verb	4	5	1	1
ja	出走	noun	4	5	1	1
ja	なつく	verb	4	5	1	1
ja	ふさがら	verb	4	5	1	1
ja	見もの	noun	4	5	1	1
ja	はじく	verb	4	5	1	1
ja	すかし	verb	4	5	1	1
ja	挿し	verb	4	5	1	1
ja	統率	noun	4	5	1	1
ja	素晴らし	adjective	4	5	1	1
ja	さばける	verb	4	5	1	1
ja	上がん	verb	4	5	1	1
ja	囲え	verb	4	5	1	1
ja	オペレッタ	noun	4	5	1	1
ja	香っ	verb	4	5	1	1
ja	いそしん	verb	4	5	1	1
ja	寄越す	verb	4	5	1	1
ja	おとなしかっ	adjective	4	5	1	1
ja	かて	verb	4	5	1	1
ja	困らす	verb	4	5	1	1
ja	遠のき	verb	4	5	1	1
ja	開墾	noun	4	5	1	1
ja	勤まら	verb	4	5	1	1
ja	潤み	verb	4	5	1	1
ja	会えれ	verb	4	5	1	1
ja	まかなわ	verb	4	5	1	1
ja	さそわ	verb	4	5	1	1
ja	みがか	verb	4	5	1	1
ja	ワタリガラス	noun	4	5	1	1
ja	為る	verb	4	5	1	1
ja	あつかっ	verb	4	5	1	1
ja	こる	verb	4	5	1	1
ja	滅ん	verb	4	5	1	1
ja	前渡し	noun	4	5	1	1
ja	デヴィッド	noun	4	5	1	1
ja	おこなわ	verb	4	5	1	1
ja	テイスト	noun	4	5	1	1
ja	数えれ	verb	4	5	1	1
ja	虫干し	noun	4	5	1	1
ja	習わせ	verb	4	5	1	1
ja	お手の物	noun	4	5	1	1
ja	撒か	verb	4	5	1	1
ja	暗まし	verb	4	5	1	1
ja	逆恨み	noun	4	5	1	1
ja	号泣	noun	4	5	1	1
ja	おそわ	verb	4	5	1	1
ja	愚弄	noun	4	5	1	1
ja	あやつる	verb	4	5	1	1
ja	まとまり	verb	4	5	1	1
ja	接合	noun	4	5	1	1
ja	のぼり	noun	4	5	1	1
ja	大別	noun	4	5	1	1
ja	ずらから	verb	4	5	1	1
ja	おびやかし	verb	4	5	1	1
ja	まぎらし	verb	4	5	1	1
ja	まかなう	verb	4	5	1	1
ja	離れ技	noun	4	5	1	1
ja	かかせ	verb	4	5	1	1
ja	強し	adjective	4	5	1	1
ja	ねかせ	verb	4	5	1	1
ja	腹立て	verb	4	5	1	1
ja	かが	verb	4	5	1	1
ja	上官	noun	4	5	1	1
ja	心がける	verb	4	5	1	1
ja	キツ	adjective	4	5	1	1
ja	論拠	noun	4	5	1	1
ja	傷付い	verb	4	5	1	1
ja	ためらい	verb	4	5	1	1
ja	渡来	noun	4	5	1	1
ja	敵わ	verb	4	5	1	1
ja	偲び	verb	4	5	1	1
ja	稼が	verb	4	5	1	1
ja	弊害	noun	4	5	1	1
ja	伸二	noun	4	5	1	1
ja	焚き	verb	4	5	1	1
ja	手まり	noun	4	5	1	1
ja	馴染ま	verb	4	5	1	1
ja	円卓	noun	4	5	1	1
ja	ふれよう	verb	4	5	1	1
ja	通告	noun	4	5	1	1
ja	つまみ	verb	4	5	1	1
ja	うずもれ	verb	4	5	1	1
ja	もれる	verb	4	5	1	1
ja	つまはじき	noun	4	5	1	1
ja	低落	noun	4	5	1	1
ja	もつれる	verb	4	5	1	1
ja	しん	noun	4	5	1	1
ja	うつっ	verb	4	5	1	1
ja	出花	noun	4	5	1	1
ja	通り抜け	noun	4	5	1	1
ja	嗅げ	verb	4	5	1	1
ja	七光り	noun	4	5	1	1
ja	増発	noun	4	5	1	1
ja	低能	noun	4	5	1	1
ja	とおせ	verb	4	5	1	1
ja	行かし	verb	4	5	1	1
ja	茶魔	noun	4	5	1	1
ja	右利き	noun	4	5	1	1
ja	放水	noun	4	5	1	1
ja	洩らし	verb	4	5	1	1
ja	エンターテイナー	noun	4	5	1	1
ja	あからん	verb	4	5	1	1
ja	程遠かっ	adjective	4	5	1	1
ja	かん高かっ	adjective	4	5	1	1
ja	弱し	adjective	4	5	1	1
ja	よどん	verb	4	5	1	1
ja	上梓	noun	4	5	1	1
ja	散らかる	verb	4	5	1	1
ja	接見	noun	4	5	1	1
ja	もの狂い	noun	4	5	1	1
ja	ちらちら	adverb	4	5	1	1
ja	じんぶつ	noun	4	5	1	1
ja	シャロン	noun	4	5	1	1
ja	ベトベト	adverb	4	5	1	1
ja	うけあい	noun	4	5	1	1
ja	勢揃い	noun	4	5	1	1
ja	どおし	verb	4	5	1	1
ja	はかどる	verb	4	5	1	1
ja	直進	noun	4	5	1	1
ja	鈍化	noun	4	5	1	1
ja	無くなり	verb	4	5	1	1
ja	ゲー	noun	4	5	1	1
ja	ダルい	adjective	4	5	1	1
ja	すたれる	verb	4	5	1	1
ja	跳べる	verb	4	5	1	1
ja	売りもん	noun	4	5	1	1
ja	賊軍	noun	4	5	1	1
ja	持ち越し	noun	4	5	1	1
ja	うなずける	verb	4	5	1	1
ja	見付から	verb	4	5	1	1
ja	草分け	noun	4	5	1	1
ja	小箱	noun	4	5	1	1
ja	齢	noun	4	5	1	1
ja	等価	noun	4	5	1	1
ja	エゴイスト	noun	4	5	1	1
ja	さえずり	verb	4	5	1	1
ja	勤続	noun	4	5	1	1
ja	溜る	verb	4	5	1	1
ja	黙想	noun	4	5	1	1
ja	適格	noun	4	5	1	1
ja	打ち身	noun	4	5	1	1
ja	そそっ	verb	4	5	1	1
ja	教具	noun	4	5	1	1
ja	混む	verb	4	5	1	1
ja	汲ん	verb	4	5	1	1
ja	くすね	verb	4	5	1	1
ja	つみ	verb	4	5	1	1
ja	ハイオク	noun	4	5	1	1
ja	拝謁	noun	4	5	1	1
ja	淋しかっ	adjective	4	5	1	1
ja	マスコット	noun	4	5	1	1
ja	馴染む	verb	4	5	1	1
ja	自供	noun	4	5	1	1
ja	ねかせる	verb	4	5	1	1
ja	開廷	noun	4	5	1	1
ja	悪疫	noun	4	5	1	1
ja	除隊	noun	4	5	1	1
ja	誤記	noun	4	5	1	1
ja	ファンク	noun	4	5	1	1
ja	絵書き	noun	4	5	1	1
ja	耐えれ	verb	4	5	1	1
ja	刷り	verb	4	5	1	1
ja	略字	noun	4	5	1	1
ja	見劣り	noun	4	5	1	1
ja	ひとりごち	verb	4	5	1	1
ja	勤しもう	verb	4	5	1	1
ja	かさなっ	verb	4	5	1	1
ja	萎れる	verb	4	5	1	1
ja	極致	noun	4	5	1	1
ja	赴か	verb	4	5	1	1
ja	ばっする	verb	4	5	1	1
ja	かくし	verb	4	5	1	1
ja	劣り	verb	4	5	1	1
ja	売人	noun	4	5	1	1
ja	建つ	verb	4	5	1	1
ja	きびきび	adverb	4	5	1	1
ja	さまたげ	verb	4	5	1	1
ja	買い付け	noun	4	5	1	1
ja	えらぶ	verb	4	5	1	1
ja	傷心	noun	4	5	1	1
ja	水びたし	noun	4	5	1	1
ja	両思い	noun	4	5	1	1
ja	ぴくぴく	adverb	4	5	1	1
ja	ひとしずく	noun	4	5	1	1
ja	上向き	verb	4	5	1	1
ja	死産	noun	4	5	1	1
ja	穏当	noun	4	5	1	1
ja	香具師	noun	4	5	1	1
ja	補佐	noun	4	5	1	1
ja	カスタマイズ	noun	4	5	1	1
ja	好きずき	noun	4	5	1	1
ja	出塁	noun	4	5	1	1
ja	逃さ	verb	4	5	1	1
ja	捕える	verb	4	5	1	1
ja	後家	noun	4	5	1	1
ja	さぼり	verb	4	5	1	1
ja	キャス	noun	4	5	1	1
ja	あせ	verb	4	5	1	1
ja	否ま	verb	4	5	1	1
ja	要撃	noun	4	5	1	1
ja	生ける	verb	4	5	1	1
ja	ただし	verb	4	5	1	1
ja	ストリーミング	noun	4	5	1	1
ja	暗躍	noun	4	5	1	1
ja	言わす	verb	4	5	1	1
ja	不同	noun	4	5	1	1
ja	混和	noun	4	5	1	1
ja	あらわさ	verb	4	5	1	1
ja	列席	noun	4	5	1	1
ja	被り	verb	4	5	1	1
ja	開らけ	verb	4	5	1	1
ja	解り	verb	4	5	1	1
ja	到っ	verb	4	5	1	1
ja	高３	noun	4	5	1	1
ja	つなげ	verb	4	5	1	1
ja	こり	verb	4	5	1	1
ja	刈ろう	verb	4	5	1	1
ja	はぶけ	verb	4	5	1	1
ja	しつらえ	verb	4	5	1	1
ja	棄却	noun	4	5	1	1
ja	支えれ	verb	4	5	1	1
ja	膨らむ	verb	4	5	1	1
ja	注し	verb	4	5	1	1
ja	列挙	noun	4	5	1	1
ja	木阿弥	noun	4	5	1	1
ja	カオス	noun	4	5	1	1
ja	あがん	verb	4	5	1	1
ja	預から	verb	4	5	1	1
ja	出獄	noun	4	5	1	1
ja	いがらっぽかっ	adjective	4	5	1	1
ja	煮える	verb	4	5	1	1
ja	あわてん坊	noun	4	5	1	1
ja	端金	noun	4	5	1	1
ja	裁て	verb	4	5	1	1
ja	群生	noun	4	5	1	1
ja	ひび割れ	verb	4	5	1	1
ja	よぎり	verb	4	5	1	1
ja	へつらわ	verb	4	5	1	1
ja	粗探し	noun	4	5	1	1
ja	詳し	adjective	4	5	1	1
ja	むすん	verb	4	5	1	1
ja	へたくそ	noun	4	5	1	1
ja	およぼす	verb	4	5	1	1
ja	さわぐ	verb	4	5	1	1
ja	時鳥	noun	4	5	1	1
ja	ブラジリア	noun	4	5	1	1
ja	泊まらさ	verb	4	5	1	1
ja	鈍らす	verb	4	5	1	1
ja	眩しい	adjective	4	5	1	1
ja	払えよう	verb	4	5	1	1
ja	あぶる	verb	4	5	1	1
ja	間にあい	verb	4	5	1	1
ja	入れ食い	noun	4	5	1	1
ja	荷降ろし	noun	4	5	1	1
ja	おわり	verb	4	5	1	1
ja	みなり	noun	4	5	1	1
ja	こすら	verb	4	5	1	1
ja	封じ	verb	4	5	1	1
ja	受けよ	verb	4	5	1	1
ja	心残り	noun	4	5	1	1
ja	フィリング	noun	4	5	1	1
ja	キツイ	adjective	4	5	1	1
ja	苦笑い	noun	4	5	1	1
ja	そらぞらしい	adjective	4	5	1	1
ja	屍骸	noun	4	5	1	1
ja	乗れよ	verb	4	5	1	1
ja	しょげ	verb	4	5	1	1
ja	償っ	verb	4	5	1	1
ja	掴まえ	verb	4	5	1	1
ja	堅かっ	adjective	4	5	1	1
ja	決壊	noun	4	5	1	1
ja	転居	noun	4	5	1	1
ja	寄ろう	verb	4	5	1	1
ja	貧し	verb	4	5	1	1
ja	常飲	noun	4	5	1	1
ja	独り言ち	verb	4	5	1	1
ja	ことわっ	verb	4	5	1	1
ja	いばっ	verb	4	5	1	1
ja	薄らぐ	verb	4	5	1	1
ja	ひびい	verb	4	5	1	1
ja	高し	adjective	4	5	1	1
ja	完敗	noun	4	5	1	1
ja	ぱくつい	verb	4	5	1	1
ja	居ら	verb	4	5	1	1
ja	やわらかかっ	adjective	4	5	1	1
ja	敷設	noun	4	5	1	1
ja	惨死	noun	4	5	1	1
ja	砕き	verb	4	5	1	1
ja	要旨	noun	4	5	1	1
ja	大嘘	noun	4	5	1	1
ja	もとづか	verb	4	5	1	1
ja	なじん	verb	4	5	1	1
ja	吐か	verb	4	5	1	1
ja	蘇っ	verb	4	5	1	1
ja	節目	noun	4	5	1	1
ja	さぐっ	verb	4	5	1	1
ja	蕩け	verb	4	5	1	1
ja	きよめ	verb	4	5	1	1
ja	崩せ	verb	4	5	1	1
ja	飲兵衛	noun	4	5	1	1
ja	白み	verb	4	5	1	1
ja	けし	verb	4	5	1	1
ja	語れる	verb	4	5	1	1
ja	搾り	verb	4	5	1	1
ja	捲れ	verb	4	5	1	1
ja	剥がし	verb	4	5	1	1
ja	すわら	verb	4	5	1	1
ja	反問	noun	4	5	1	1
ja	墜ちる	verb	4	5	1	1
ja	散布	noun	4	5	1	1
ja	チン	noun	4	5	1	1
ja	降ろさ	verb	4	5	1	1
ja	狙える	verb	4	5	1	1
ja	煽い	verb	4	5	1	1
ja	愚痴ら	verb	4	5	1	1
ja	膨れ	verb	4	5	1	1
ja	軽微	noun	4	5	1	1
ja	揺さぶる	verb	4	5	1	1
ja	かため	verb	4	5	1	1
ja	もろかっ	adjective	4	5	1	1
ja	誇ら	verb	4	5	1	1
ja	裁断	noun	4	5	1	1
ja	細かっ	adjective	4	5	1	1
ja	あつかい	noun	4	5	1	1
ja	手こずっ	verb	4	5	1	1
ja	にぎわい	noun	4	5	1	1
ja	やかましかっ	adjective	4	5	1	1
ja	分け隔て	noun	4	5	1	1
ja	てこずっ	verb	4	5	1	1
ja	サボる	verb	4	5	1	1
ja	および	verb	4	5	1	1
ja	移れ	verb	4	5	1	1
ja	聞けよ	verb	4	5	1	1
ja	ぞんじ	noun	4	5	1	1
ja	ぬり絵	noun	4	5	1	1
ja	差さ	verb	4	5	1	1
ja	拝受	noun	4	5	1	1
ja	決めれ	verb	4	5	1	1
ja	びまん	noun	4	5	1	1
ja	手こずる	verb	4	5	1	1
ja	色付い	verb	4	5	1	1
ja	名づける	verb	4	5	1	1
ja	巡れ	verb	4	5	1	1
ja	うごけ	verb	4	5	1	1
ja	屈せ	verb	4	5	1	1
ja	復号	noun	4	5	1	1
ja	ほこりまみれ	noun	4	5	1	1
ja	旅立つ	verb	4	5	1	1
ja	漁り	noun	4	5	1	1
ja	ピカイチ	noun	4	5	1	1
ja	バッタ	adverb	4	5	1	1
ja	おさまら	verb	4	5	1	1
ja	はじい	verb	4	5	1	1
ja	こ	noun	4	5	1	1
ja	身ぶるい	noun	4	5	1	1
ja	誤算	noun	4	5	1	1
ja	儲かっ	verb	4	5	1	1
ja	かっこう	adverb	4	5	1	1
ja	さばさば	adverb	4	5	1	1
ja	はえる	verb	4	5	1	1
ja	愁え	verb	4	5	1	1
ja	すえ	verb	4	5	1	1
ja	なぞらえる	verb	4	5	1	1
ja	陥落	noun	4	5	1	1
ja	一儲け	noun	4	5	1	1
ja	停まら	verb	4	5	1	1
ja	締めれ	verb	4	5	1	1
ja	想っ	verb	4	5	1	1
ja	譲	noun	4	5	1	1
ja	デコード	noun	4	5	1	1
ja	きゅんきゅん	adverb	4	5	1	1
ja	そろう	verb	4	5	1	1
ja	たくわえる	verb	4	5	1	1
ja	にゃん	adverb	4	5	1	1
ja	がた落ち	noun	4	5	1	1
ja	謝れ	verb	4	5	1	1
ja	薄かっ	adjective	4	5	1	1
ja	避けれ	verb	4	5	1	1
ja	波立っ	verb	4	5	1	1
ja	布か	verb	4	5	1	1
ja	商う	verb	4	5	1	1
ja	金ぞく	noun	4	5	1	1
ja	がぶ飲み	noun	4	5	1	1
ja	涸れ	verb	4	5	1	1
ja	あか	adjective	4	5	1	1
ja	もちい	verb	4	5	1	1
ja	固まり	verb	4	5	1	1
ja	凍り	verb	4	5	1	1
ja	講評	noun	4	5	1	1
ja	破れる	verb	4	5	1	1
ja	ふさぐ	verb	4	5	1	1
ja	味わえ	verb	4	5	1	1
ja	金もち	noun	4	5	1	1
ja	収まり	verb	4	5	1	1
ja	打とう	verb	4	5	1	1
ja	こせ	verb	4	5	1	1
ja	たたかっ	verb	4	5	1	1
ja	はかなかっ	adjective	4	5	1	1
ja	控えよう	verb	4	5	1	1
ja	な〜い	adjective	4	5	1	1
ja	剛健	noun	4	5	1	1
ja	またがる	verb	4	5	1	1
ja	もたらせ	verb	4	5	1	1
ja	区切ら	verb	4	5	1	1
ja	就か	verb	4	5	1	1
ja	見せびらかさ	verb	4	5	1	1
ja	はう	verb	4	5	1	1
ja	たしなみ	verb	4	5	1	1
ja	死滅	noun	4	5	1	1
ja	なろっ	verb	4	5	1	1
ja	こま	adjective	4	5	1	1
ja	ささやか	verb	4	5	1	1
ja	持ちきり	noun	4	5	1	1
ja	微睡ん	verb	4	5	1	1
ja	いがん	verb	4	5	1	1
ja	かけよっ	verb	4	5	1	1
ja	ひやかし	verb	4	5	1	1
ja	拵える	verb	4	5	1	1
ja	仕切ら	verb	4	5	1	1
ja	ひよっこ	noun	4	5	1	1
ja	ずらかる	verb	4	5	1	1
ja	モンタージュ	noun	4	5	1	1
ja	ほほえましい	adjective	4	5	1	1
ja	躓い	verb	4	5	1	1
ja	骨休め	noun	4	5	1	1
ja	変る	verb	4	5	1	1
ja	オンス	noun	4	5	1	1
ja	似つかわしい	adjective	4	5	1	1
ja	軋ん	verb	4	5	1	1
ja	気付け	verb	4	5	1	1
ja	脳幹	noun	4	5	1	1
ja	傾聴	noun	4	5	1	1
ja	しぼむ	verb	4	5	1	1
ja	分煙	noun	4	5	1	1
ja	ざわめき	noun	4	5	1	1
ja	早出	noun	4	5	1	1
ja	恵み	verb	4	5	1	1
ja	ぞろい	noun	4	5	1	1
ja	うろたえる	verb	4	5	1	1
ja	数の子	noun	4	5	1	1
ja	ついばん	verb	4	5	1	1
ja	ぽしゃっ	verb	4	5	1	1
ja	耳慣れ	verb	4	5	1	1
ja	だそう	verb	4	5	1	1
ja	略称	noun	4	5	1	1
ja	中っ	verb	4	5	1	1
ja	哀しん	verb	4	5	1	1
ja	興ずる	verb	4	5	1	1
ja	壽	noun	4	5	1	1
ja	闊歩	noun	4	5	1	1
ja	介さ	verb	4	5	1	1
ja	わたれ	verb	4	5	1	1
ja	いらだつ	verb	4	5	1	1
ja	気づかっ	verb	4	5	1	1
ja	番長	noun	4	5	1	1
ja	むし暑かっ	adjective	4	5	1	1
ja	馴染み深い	adjective	4	5	1	1
ja	つぎ	verb	4	5	1	1
ja	ポチッ	adverb	4	5	1	1
ja	増配	noun	4	5	1	1
ja	せまっ	verb	4	5	1	1
ja	隆起	noun	4	5	1	1
ja	みちびい	verb	4	5	1	1
ja	載ら	verb	4	5	1	1
ja	感ずる	verb	4	5	1	1
ja	古川	noun	4	5	1	1
ja	白ける	verb	4	5	1	1
ja	浸け	verb	4	5	1	1
ja	締めよ	verb	4	5	1	1
ja	ゴロウ	noun	4	5	1	1
ja	よぎる	verb	4	5	1	1
ja	際だっ	verb	4	5	1	1
ja	固辞	noun	4	5	1	1
ja	外せ	verb	4	5	1	1
ja	急襲	noun	4	5	1	1
ja	点く	verb	4	5	1	1
ja	買い替え	noun	4	5	1	1
ja	預かり金	noun	4	5	1	1
ja	入れん	verb	4	5	1	1
ja	すすま	verb	4	5	1	1
ja	一蹴	noun	4	5	1	1
ja	録っ	verb	4	5	1	1
ja	答申	noun	4	5	1	1
ja	出展	noun	4	5	1	1
ja	おつ	noun	4	5	1	1
ja	歯がゆい	adjective	4	5	1	1
ja	計れ	verb	4	5	1	1
ja	大嵐	noun	4	5	1	1
ja	丸出し	noun	4	5	1	1
ja	近付け	verb	4	5	1	1
ja	めまぐるしい	adjective	4	5	1	1
ja	釣れる	verb	4	5	1	1
ja	激似	noun	4	5	1	1
ja	根菜	noun	4	5	1	1
ja	せめ	verb	4	5	1	1
ja	美味	adjective	4	5	1	1
ja	強敵	noun	4	5	1	1
ja	好き好き	noun	4	5	1	1
ja	きせ	verb	4	5	1	1
ja	ふるえる	verb	4	5	1	1
ja	是色	noun	4	5	1	1
ja	ホールドアップ	noun	4	5	1	1
ja	うばわ	verb	4	5	1	1
ja	貪り	verb	4	5	1	1
ja	再起	noun	4	5	1	1
ja	根付く	verb	4	5	1	1
ja	チャランポラン	noun	4	5	1	1
ja	脈打ち	verb	4	5	1	1
ja	とろくさい	adjective	4	5	1	1
ja	くずれる	verb	4	5	1	1
ja	まとはずれ	noun	4	5	1	1
ja	集まろっ	verb	4	5	1	1
ja	さばか	verb	4	5	1	1
ja	休まり	verb	4	5	1	1
ja	早送り	noun	4	5	1	1
ja	改まら	verb	4	5	1	1
ja	失職	noun	4	5	1	1
ja	空ける	verb	4	5	1	1
ja	眺めよう	verb	4	5	1	1
ja	再燃	noun	4	5	1	1
ja	宵闇	noun	4	5	1	1
ja	蹴り	verb	4	5	1	1
ja	こらす	verb	4	5	1	1
ja	なじら	verb	4	5	1	1
ja	遊ぼっ	verb	4	5	1	1
ja	サンクス	noun	4	5	1	1
ja	寸断	noun	4	5	1	1
ja	結わえ	verb	4	5	1	1
ja	絡み	verb	4	5	1	1
ja	文盲	noun	4	5	1	1
ja	ほんろう	noun	4	5	1	1
ja	ばぁ	noun	4	5	1	1
ja	酬わ	verb	4	5	1	1
ja	退官	noun	4	5	1	1
ja	わかりゃ	verb	4	5	1	1
ja	完工	noun	4	5	1	1
ja	増やせる	verb	4	5	1	1
ja	末恐ろしい	adjective	4	5	1	1
ja	ペンペン	adverb	4	5	1	1
ja	脱臼	noun	4	5	1	1
ja	しめす	verb	4	5	1	1
ja	好い	verb	4	5	1	1
ja	おわし	verb	4	5	1	1
ja	回せる	verb	4	5	1	1
ja	根差し	verb	4	5	1	1
ja	愛玩	noun	4	5	1	1
ja	かぶろう	verb	4	5	1	1
ja	呻い	verb	4	5	1	1
ja	算定	noun	4	5	1	1
ja	破ける	verb	4	5	1	1
ja	はずかしかっ	adjective	4	5	1	1
ja	のがし	verb	4	5	1	1
ja	いかさ	verb	4	5	1	1
ja	さばく	verb	4	5	1	1
ja	投げろ	verb	4	5	1	1
ja	乳搾り	noun	4	5	1	1
ja	心酔	noun	4	5	1	1
ja	ぶち	verb	4	5	1	1
ja	恥ずい	adjective	4	5	1	1
ja	吹雪い	verb	4	5	1	1
ja	エンコ	noun	4	5	1	1
ja	疑り深い	adjective	4	5	1	1
ja	赤らん	verb	4	5	1	1
ja	ともし火	noun	4	5	1	1
ja	ずっ	verb	4	5	1	1
ja	延ばそう	verb	4	5	1	1
ja	モノ作り	noun	4	5	1	1
ja	悪し	adjective	4	5	1	1
ja	塩っぱ	adjective	4	5	1	1
ja	にじむ	verb	4	5	1	1
ja	施せ	verb	4	5	1	1
ja	ゆさぶっ	verb	4	5	1	1
ja	フィーバー	noun	4	5	1	1
ja	ちくっ	verb	4	5	1	1
ja	建てつけ	noun	4	5	1	1
ja	入れろ	verb	4	5	1	1
ja	やらせ	verb	4	5	1	1
ja	なげかわしい	adjective	4	5	1	1
ja	蠢い	verb	4	5	1	1
ja	食い逃げ	noun	4	5	1	1
ja	持ち味	noun	4	5	1	1
ja	探せる	verb	4	5	1	1
ja	等質	noun	4	5	1	1
ja	御出で	noun	4	5	1	1
ja	来航	noun	4	5	1	1
ja	転がり	verb	4	5	1	1
ja	汗かき	noun	4	5	1	1
ja	やわらぐ	verb	4	5	1	1
ja	同居	noun	4	5	1	1
ja	口走ら	verb	4	5	1	1
ja	包	noun	4	5	1	1
ja	つつん	verb	4	5	1	1
ja	勿れ	adjective	4	5	1	1
ja	名答	noun	4	5	1	1
ja	住まわ	verb	4	5	1	1
ja	伺わ	verb	4	5	1	1
ja	おかさ	verb	4	5	1	1
ja	膨らます	verb	4	5	1	1
ja	隠しだて	noun	4	5	1	1
ja	ふせが	verb	4	5	1	1
ja	近縁	noun	4	5	1	1
ja	喜ばし	verb	4	5	1	1
ja	曇る	verb	4	5	1	1
ja	戦慄	noun	4	5	1	1
ja	楽士	noun	4	5	1	1
ja	泳げれ	verb	4	5	1	1
ja	纏め	verb	4	5	1	1
ja	長引き	verb	4	5	1	1
ja	快癒	noun	4	5	1	1
ja	ひとりじめ	noun	4	5	1	1
ja	満杯	noun	4	5	1	1
ja	老成	noun	4	5	1	1
ja	駄弁っ	verb	4	5	1	1
ja	たかり	verb	4	5	1	1
ja	声がけ	noun	4	5	1	1
ja	供さ	verb	4	5	1	1
ja	調え	verb	4	5	1	1
ja	アーン	noun	4	5	1	1
ja	ばくち	noun	4	5	1	1
ja	お家芸	noun	4	5	1	1
ja	夜もすがら	adverb	4	5	1	1
ja	ハラペコ	noun	4	5	1	1
ja	いわし	verb	4	5	1	1
ja	ひたり	verb	4	5	1	1
ja	ぬかし	verb	4	5	1	1
ja	練ろう	verb	4	5	1	1
ja	片付く	verb	4	5	1	1
ja	混ざる	verb	4	5	1	1
ja	猟場	noun	4	5	1	1
ja	繋げ	verb	4	5	1	1
ja	敗走	noun	4	5	1	1
ja	広し	adjective	4	5	1	1
ja	なわ	verb	4	5	1	1
ja	着映え	noun	4	5	1	1
ja	呪っ	verb	4	5	1	1
ja	卑俗	noun	4	5	1	1
ja	ドビュッシー	noun	4	5	1	1
ja	きしん	verb	4	5	1	1
ja	媒介	noun	4	5	1	1
ja	入居	noun	4	5	1	1
ja	ポイ	noun	4	5	1	1
ja	吊ら	verb	4	5	1	1
ja	もてなそう	verb	4	5	1	1
ja	左っ側	noun	4	5	1	1
ja	かかす	verb	4	5	1	1
ja	はじまら	verb	4	5	1	1
ja	羨ん	verb	4	5	1	1
ja	馴染み	verb	4	5	1	1
ja	採血	noun	4	5	1	1
ja	置き引き	noun	4	5	1	1
ja	吃驚	noun	4	5	1	1
ja	喋れれ	verb	4	5	1	1
ja	このむ	verb	4	5	1	1
ja	点き	verb	4	5	1	1
ja	布石	noun	4	5	1	1
ja	はんぱ	noun	4	5	1	1
ja	うきうき	adverb	4	5	1	1
ja	まもっ	verb	4	5	1	1
ja	至言	noun	4	5	1	1
ja	綾	noun	4	5	1	1
ja	寝苦しかっ	adjective	4	5	1	1
ja	献げ	verb	4	5	1	1
ja	顰め	verb	4	5	1	1
ja	たたかわ	verb	4	5	1	1
ja	やめよっ	verb	4	5	1	1
ja	交戦	noun	4	5	1	1
ja	吐露	noun	4	5	1	1
ja	裁ち	verb	4	5	1	1
ja	割れ	noun	4	5	1	1
ja	滅入ら	verb	4	5	1	1
ja	梳き	verb	4	5	1	1
ja	習おう	verb	4	5	1	1
ja	暖まれ	verb	4	5	1	1
ja	射し	verb	4	5	1	1
ja	どか	verb	4	5	1	1
ja	オサ	verb	4	5	0	1
ja	挙げ	noun	4	5	0	1
ja	冷え込み	verb	4	5	0	1
ja	蒸し暑	adjective	4	5	0	1
ja	銀白	noun	4	5	0	1
ja	プロダクション	noun	4	5	0	1
ja	ウィン	noun	4	5	0	1
ja	背負い	verb	4	5	0	1
ja	オールディーズ	noun	4	5	0	1
ja	むせん	verb	4	5	0	1
ja	分刻み	noun	4	5	0	1
ja	ゆく先	noun	4	5	0	1
ja	取り返そう	verb	4	5	0	1
ja	引っかき	verb	4	5	0	1
ja	コンコルド	noun	4	5	0	1
ja	煮詰まっ	verb	4	5	0	1
ja	なじる	verb	4	5	0	1
ja	丸田	noun	4	5	0	1
ja	自他	noun	4	5	0	1
ja	ニキータ	noun	4	5	0	1
ja	心電	noun	4	5	0	1
ja	水滴	noun	4	5	0	1
ja	少佐	noun	4	5	0	1
ja	ぶち当たる	verb	4	5	0	1
ja	メード	noun	4	5	0	1
ja	イマジン	noun	4	5	0	1
ja	悪貨	noun	4	5	0	1
ja	アドルフ	noun	4	5	0	1
ja	防弾	noun	4	5	0	1
ja	すし屋	noun	4	5	0	1
ja	出しゃばり	verb	4	5	0	1
ja	各様	noun	4	5	0	1
ja	同権	noun	4	5	0	1
ja	ニトログリセリン	noun	4	5	0	1
ja	気づかい	noun	4	5	0	1
ja	珈琲	noun	4	5	0	1
ja	つけ根	noun	4	5	0	1
ja	胆力	noun	4	5	0	1
ja	引っぱっ	verb	4	5	0	1
ja	満身	noun	4	5	0	1
ja	テレ	noun	4	5	0	1
ja	足どり	noun	4	5	0	1
ja	こく	noun	4	5	0	1
ja	見えれ	verb	4	5	0	1
ja	取引き	noun	4	5	0	1
ja	紀行	noun	4	5	0	1
ja	コナー	noun	4	5	0	1
ja	遠目	noun	4	5	0	1
ja	高須	noun	4	5	0	1
ja	蝶番	noun	4	5	0	1
ja	不束者	noun	4	5	0	1
ja	落ちこぼれ	verb	4	5	0	1
ja	振り込み	noun	4	5	0	1
ja	古家	noun	4	5	0	1
ja	滑り下り	verb	4	5	0	1
ja	ダール	noun	4	5	0	1
ja	悪鬼	noun	4	5	0	1
ja	あそばせ	verb	4	5	0	1
ja	ボイルド	noun	4	5	0	1
ja	リンパ	noun	4	5	0	1
ja	鼓膜	noun	4	5	0	1
ja	ウラニウム	noun	4	5	0	1
ja	ゆこ	verb	4	5	0	1
ja	ダンシング	noun	4	5	0	1
ja	脾臓	noun	4	5	0	1
ja	説き及ん	verb	4	5	0	1
ja	ディスカバリー	noun	4	5	0	1
ja	時節	noun	4	5	0	1
ja	制空	noun	4	5	0	1
ja	ボロボロ	adverb	4	5	0	1
ja	せきとめ	verb	4	5	0	1
ja	もくろみ	noun	4	5	0	1
ja	ジャコブ	noun	4	5	0	1
ja	歸る	verb	4	5	0	1
ja	湯水	noun	4	5	0	1
ja	行商	noun	4	5	0	1
ja	宇治	noun	4	5	0	1
ja	当たれ	verb	4	5	0	1
ja	臆測	noun	4	5	0	1
ja	銀髪	noun	4	5	0	1
ja	川向う	noun	4	5	0	1
ja	しつこ	adjective	4	5	0	1
ja	言いぐさ	noun	4	5	0	1
ja	萌芽	noun	4	5	0	1
ja	パペット	noun	4	5	0	1
ja	ヴィン	noun	4	5	0	1
ja	嫌ひ	noun	4	5	0	1
ja	亡く	adjective	4	5	0	1
ja	巻き髪	noun	4	5	0	1
ja	ハング	noun	4	5	0	1
ja	赤組	noun	4	5	0	1
ja	たいらげる	verb	4	5	0	1
ja	鍋底	noun	4	5	0	1
ja	かず子	noun	4	5	0	1
ja	捧げ物	noun	4	5	0	1
ja	トロンボーン	noun	4	5	0	1
ja	ぱたん	adverb	4	5	0	1
ja	ネバダ	noun	4	5	0	1
ja	ＭＴ	noun	4	5	0	1
ja	切り開こう	verb	4	5	0	1
ja	はて	noun	4	5	0	1
ja	だましとっ	verb	4	5	0	1
ja	ズキン	adverb	4	5	0	1
ja	お順	noun	4	5	0	1
ja	どうこう	adverb	4	5	0	1
ja	取り巻い	verb	4	5	0	1
ja	由実	noun	4	5	0	1
ja	福耳	noun	4	5	0	1
ja	切り替わり	verb	4	5	0	1
ja	選抜	noun	4	5	0	1
ja	プロファイル	noun	4	5	0	1
ja	暴漢	noun	4	5	0	1
ja	暴れまわっ	verb	4	5	0	1
ja	残暑	noun	4	5	0	1
ja	夢うつつ	noun	4	5	0	1
ja	狭き	adjective	4	5	0	1
ja	刻印	noun	4	5	0	1
ja	ゲロ	noun	4	5	0	1
ja	建材	noun	4	5	0	1
ja	訊こう	verb	4	5	0	1
ja	左うちわ	noun	4	5	0	1
ja	信ずれ	verb	4	5	0	1
ja	イスマエル	noun	4	5	0	1
ja	カリーニングラード	noun	4	5	0	1
ja	足掻き	verb	4	5	0	1
ja	さまそう	verb	4	5	0	1
ja	焼き上がる	verb	4	5	0	1
ja	トロピカル	noun	4	5	0	1
ja	すずめ	verb	4	5	0	1
ja	彫り	noun	4	5	0	1
ja	掻き立てる	verb	4	5	0	1
ja	わき出る	verb	4	5	0	1
ja	やり過ごし	verb	4	5	0	1
ja	美奈	noun	4	5	0	1
ja	コンバーチブル	noun	4	5	0	1
ja	サンパウロ	noun	4	5	0	1
ja	おごれ	verb	4	5	0	1
ja	出入	noun	4	5	0	1
ja	年限	noun	4	5	0	1
ja	ついと	adverb	4	5	0	1
ja	小館	noun	4	5	0	1
ja	ピストン	noun	4	5	0	1
ja	がばっ	adverb	4	5	0	1
ja	Ｅ．Ｔ．	noun	4	5	0	1
ja	たじろが	verb	4	5	0	1
ja	釜めし	noun	4	5	0	1
ja	開音	noun	4	5	0	1
ja	野沢	noun	4	5	0	1
ja	分かち合える	verb	4	5	0	1
ja	よりかかれる	verb	4	5	0	1
ja	画集	noun	4	5	0	1
ja	さけび声	noun	4	5	0	1
ja	アイリス	noun	4	5	0	1
ja	残金	noun	4	5	0	1
ja	ゲーセン	noun	4	5	0	1
ja	しんどかっ	adjective	4	5	0	1
ja	修業	noun	4	5	0	1
ja	慕い	verb	4	5	0	1
ja	贋	noun	4	5	0	1
ja	昼めし	noun	4	5	0	1
ja	燃え立た	verb	4	5	0	1
ja	しのびこむ	verb	4	5	0	1
ja	まかない	noun	4	5	0	1
ja	存ぜ	verb	4	5	0	1
ja	雑魚	noun	4	5	0	1
ja	空言	noun	4	5	0	1
ja	はしゃぐ	verb	4	5	0	1
ja	黒々	adverb	4	5	0	1
ja	買い換え	noun	4	5	0	1
ja	城外	noun	4	5	0	1
ja	才子	noun	4	5	0	1
ja	黒白	noun	4	5	0	1
ja	はれあがっ	verb	4	5	0	1
ja	ならし	noun	4	5	0	1
ja	初笑い	noun	4	5	0	1
ja	あきらめよう	verb	4	5	0	1
ja	断機	noun	4	5	0	1
ja	カイト	noun	4	5	0	1
ja	すべりこん	verb	4	5	0	1
ja	生暖かい	adjective	4	5	0	1
ja	ヒラリ	adverb	4	5	0	1
ja	摂生	noun	4	5	0	1
ja	図形	noun	4	5	0	1
ja	のこら	verb	4	5	0	1
ja	絞り出そう	verb	4	5	0	1
ja	ひっぱり	verb	4	5	0	1
ja	手土産	noun	4	5	0	1
ja	カーソル	noun	4	5	0	1
ja	アニュアル	noun	4	5	0	1
ja	ナチズム	noun	4	5	0	1
ja	ヤフオク	noun	4	5	0	1
ja	ゼラチン	noun	4	5	0	1
ja	言いきれる	verb	4	5	0	1
ja	チャーシュー	noun	4	5	0	1
ja	ポンチ	noun	4	5	0	1
ja	張りぼて	noun	4	5	0	1
ja	吉行	noun	4	5	0	1
ja	締め切ら	verb	4	5	0	1
ja	妾	noun	4	5	0	1
ja	そり返っ	verb	4	5	0	1
ja	敗因	noun	4	5	0	1
ja	ノルド	noun	4	5	0	1
ja	盲腸	noun	4	5	0	1
ja	エウロパ	noun	4	5	0	1
ja	投げ掛ける	verb	4	5	0	1
ja	ツバキ	noun	4	5	0	1
ja	好もう	verb	4	5	0	1
ja	立て板	noun	4	5	0	1
ja	電燈	noun	4	5	0	1
ja	バイブル	noun	4	5	0	1
ja	毒ヘビ	noun	4	5	0	1
ja	血行	noun	4	5	0	1
ja	モーターボート	noun	4	5	0	1
ja	茶葉	noun	4	5	0	1
ja	アルペン	noun	4	5	0	1
ja	泡だち	verb	4	5	0	1
ja	足もと	noun	4	5	0	1
ja	腫れ物	noun	4	5	0	1
ja	録り	verb	4	5	0	1
ja	虫垂	noun	4	5	0	1
ja	けずる	verb	4	5	0	1
ja	アダムズ	noun	4	5	0	1
ja	段違い	noun	4	5	0	1
ja	回さ	verb	4	5	0	1
ja	一喝	noun	4	5	0	1
ja	イリジウム	noun	4	5	0	1
ja	石田	noun	4	5	0	1
ja	天日	noun	4	5	0	1
ja	伏兵	noun	4	5	0	1
ja	見くらべ	verb	4	5	0	1
ja	しょぼい	adjective	4	5	0	1
ja	借財	noun	4	5	0	1
ja	ドアン	noun	4	5	0	1
ja	煽てりゃ	verb	4	5	0	1
ja	ニューイングランド	noun	4	5	0	1
ja	のぞき見	noun	4	5	0	1
ja	包み込ん	verb	4	5	0	1
ja	ピシャっ	adverb	4	5	0	1
ja	テラス	noun	4	5	0	1
ja	書き並べる	verb	4	5	0	1
ja	紙やすり	noun	4	5	0	1
ja	彰良	noun	4	5	0	1
ja	三島	noun	4	5	0	1
ja	タシュケント	noun	4	5	0	1
ja	帰りがけ	noun	4	5	0	1
ja	オフサイド	noun	4	5	0	1
ja	応えよう	verb	4	5	0	1
ja	羽田	noun	4	5	0	1
ja	副流	noun	4	5	0	1
ja	久美	noun	4	5	0	1
ja	慰めよう	verb	4	5	0	1
ja	ジャクシ	noun	4	5	0	1
ja	シーラ	noun	4	5	0	1
ja	ハンデ	noun	4	5	0	1
ja	リューマチ	noun	4	5	0	1
ja	ひとまとまり	noun	4	5	0	1
ja	点差	noun	4	5	0	1
ja	握り拳	noun	4	5	0	1
ja	駆っ	verb	4	5	0	1
ja	右端	noun	4	5	0	1
ja	東ドイツ	noun	4	5	0	1
ja	テコ入れ	noun	4	5	0	1
ja	即効	noun	4	5	0	1
ja	原綿	noun	4	5	0	1
ja	心持ち	noun	4	5	0	1
ja	ラジコン	noun	4	5	0	1
ja	山藤	noun	4	5	0	1
ja	ふと	compounds	4	5	0	1
ja	こぼれおち	verb	4	5	0	1
ja	泣きじゃくる	verb	4	5	0	1
ja	フキ	noun	4	5	0	1
ja	引き渡す	verb	4	5	0	1
ja	振り仰ぐ	verb	4	5	0	1
ja	社則	noun	4	5	0	1
ja	這い上がっ	verb	4	5	0	1
ja	余韻	noun	4	5	0	1
ja	吹き荒れる	verb	4	5	0	1
ja	マイコン	noun	4	5	0	1
ja	飛び級	noun	4	5	0	1
ja	寄せ集め	noun	4	5	0	1
ja	ふきこぼす	verb	4	5	0	1
ja	斜陽	noun	4	5	0	1
ja	ナベ	noun	4	5	0	1
ja	別紙	noun	4	5	0	1
ja	ポケベル	noun	4	5	0	1
ja	生きのこる	verb	4	5	0	1
ja	長井	noun	4	5	0	1
ja	凹み	noun	4	5	0	1
ja	県道	noun	4	5	0	1
ja	社宅	noun	4	5	0	1
ja	無糖	noun	4	5	0	1
ja	加奈子	noun	4	5	0	1
ja	押し殺し	verb	4	5	0	1
ja	かかえこん	verb	4	5	0	1
ja	卒	noun	4	5	0	1
ja	パタン	noun	4	5	0	1
ja	食いしばっ	verb	4	5	0	1
ja	爆竹	noun	4	5	0	1
ja	城崎	noun	4	5	0	1
ja	病棟	noun	4	5	0	1
ja	遠景	noun	4	5	0	1
ja	引き合う	verb	4	5	0	1
ja	不測	noun	4	5	0	1
ja	冷やかす	verb	4	5	0	1
ja	もてあまし	verb	4	5	0	1
ja	火力	noun	4	5	0	1
ja	降り積もる	verb	4	5	0	1
ja	ギズモ	noun	4	5	0	1
ja	メーソン	noun	4	5	0	1
ja	慶子	noun	4	5	0	1
ja	振り向け	verb	4	5	0	1
ja	吸い取っ	verb	4	5	0	1
ja	タンマ	noun	4	5	0	1
ja	とらえよう	verb	4	5	0	1
ja	恨み	verb	4	5	0	1
ja	手塩	noun	4	5	0	1
ja	ニコチン	noun	4	5	0	1
ja	車軸	noun	4	5	0	1
ja	パニーニ	noun	4	5	0	1
ja	暑けれ	adjective	4	5	0	1
ja	ビルダー	noun	4	5	0	1
ja	ルーン	noun	4	5	0	1
ja	マネージャ	noun	4	5	0	1
ja	カブ	noun	4	5	0	1
ja	し合っ	verb	4	5	0	1
ja	リンス	noun	4	5	0	1
ja	ちから	noun	4	5	0	1
ja	閉まろう	verb	4	5	0	1
ja	引っ越そう	verb	4	5	0	1
ja	つり橋	noun	4	5	0	1
ja	眦	noun	4	5	0	1
ja	バナー	noun	4	5	0	1
ja	ローテーション	noun	4	5	0	1
ja	あつかまし	adjective	4	5	0	1
ja	すくいあげ	verb	4	5	0	1
ja	かつかつ	adverb	4	5	0	1
ja	情愛	noun	4	5	0	1
ja	余白	noun	4	5	0	1
ja	繰っ	verb	4	5	0	1
ja	駆けおり	verb	4	5	0	1
ja	一人旅	noun	4	5	0	1
ja	フェニックス	noun	4	5	0	1
ja	ほうりこん	verb	4	5	0	1
ja	作り出せ	verb	4	5	0	1
ja	顎髭	noun	4	5	0	1
ja	本館	noun	4	5	0	1
ja	米人	noun	4	5	0	1
ja	据える	verb	4	5	0	1
ja	検算	noun	4	5	0	1
ja	逃げ去り	verb	4	5	0	1
ja	アイク	noun	4	5	0	1
ja	食い違い	noun	4	5	0	1
ja	カルタ	noun	4	5	0	1
ja	アナグマ	noun	4	5	0	1
ja	おちょくる	verb	4	5	0	1
ja	ブライアント	noun	4	5	0	1
ja	痛撃	noun	4	5	0	1
ja	ナース	noun	4	5	0	1
ja	ねぎらい	noun	4	5	0	1
ja	いだき	verb	4	5	0	1
ja	省吾	noun	4	5	0	1
ja	一枝	noun	4	5	0	1
ja	取り組もう	verb	4	5	0	1
ja	仕立て上げ	verb	4	5	0	1
ja	諸神	noun	4	5	0	1
ja	偽札	noun	4	5	0	1
ja	フラ	noun	4	5	0	1
ja	ギガバイト	noun	4	5	0	1
ja	痛々し	adjective	4	5	0	1
ja	西ドイツ	noun	4	5	0	1
ja	ヤブ	noun	4	5	0	1
ja	微笑ましい	adjective	4	5	0	1
ja	ハント	noun	4	5	0	1
ja	よびおこす	verb	4	5	0	1
ja	思い巡ら	verb	4	5	0	1
ja	膝元	noun	4	5	0	1
ja	ろ	noun	4	5	0	1
ja	オデット	noun	4	5	0	1
ja	フュージョン	noun	4	5	0	1
ja	米貨	noun	4	5	0	1
ja	クローク	noun	4	5	0	1
ja	優子	noun	4	5	0	1
ja	治れ	verb	4	5	0	1
ja	浦賀	noun	4	5	0	1
ja	じょうだん	noun	4	5	0	1
ja	係官	noun	4	5	0	1
ja	乱麻	noun	4	5	0	1
ja	華子	noun	4	5	0	1
ja	じれった	adjective	4	5	0	1
ja	唆す	verb	4	5	0	1
ja	新来	noun	4	5	0	1
ja	寄り掛かっ	verb	4	5	0	1
ja	とりおろし	verb	4	5	0	1
ja	大欲	noun	4	5	0	1
ja	跳ね返ら	verb	4	5	0	1
ja	火の手	noun	4	5	0	1
ja	寝顔	noun	4	5	0	1
ja	あせら	verb	4	5	0	1
ja	隣り合わせ	noun	4	5	0	1
ja	ラチ	noun	4	5	0	1
ja	品書き	noun	4	5	0	1
ja	戻せ	verb	4	5	0	1
ja	蜥蜴	noun	4	5	0	1
ja	祝典	noun	4	5	0	1
ja	変われる	verb	4	5	0	1
ja	包み隠さ	verb	4	5	0	1
ja	通じ合う	verb	4	5	0	1
ja	こすり落とす	verb	4	5	0	1
ja	イモリ	noun	4	5	0	1
ja	みゆき	noun	4	5	0	1
ja	箱舟	noun	4	5	0	1
ja	ユリコ	noun	4	5	0	1
ja	しでかそう	verb	4	5	0	1
ja	溶かし入れ	verb	4	5	0	1
ja	飛び跳ね	verb	4	5	0	1
ja	操り	verb	4	5	0	1
ja	沸き出	verb	4	5	0	1
ja	菖蒲	noun	4	5	0	1
ja	忘我	noun	4	5	0	1
ja	重けれ	adjective	4	5	0	1
ja	たおさ	verb	4	5	0	1
ja	歌い踊り	verb	4	5	0	1
ja	セリーナ	noun	4	5	0	1
ja	ぐぐっ	verb	4	5	0	1
ja	行ない	noun	4	5	0	1
ja	ゆだり	verb	4	5	0	1
ja	シューマイ	noun	4	5	0	1
ja	黒海	noun	4	5	0	1
ja	着せ替え	verb	4	5	0	1
ja	ひとり歩き	noun	4	5	0	1
ja	申しつけ	verb	4	5	0	1
ja	別嬪	noun	4	5	0	1
ja	瑕疵	noun	4	5	0	1
ja	メキメキ	adverb	4	5	0	1
ja	横腹	noun	4	5	0	1
ja	そよぐ	verb	4	5	0	1
ja	黒ネコ	noun	4	5	0	1
ja	船底	noun	4	5	0	1
ja	婦徳	noun	4	5	0	1
ja	考え付か	verb	4	5	0	1
ja	平家	noun	4	5	0	1
ja	私見	noun	4	5	0	1
ja	母港	noun	4	5	0	1
ja	慌てふためい	verb	4	5	0	1
ja	おだてれ	verb	4	5	0	1
ja	メドレー	noun	4	5	0	1
ja	替え芯	noun	4	5	0	1
ja	ふしだら	noun	4	5	0	1
ja	ホーマー	noun	4	5	0	1
ja	目ざとく	adjective	4	5	0	1
ja	終わ	verb	4	5	0	1
ja	転がりこん	verb	4	5	0	1
ja	浮き名	noun	4	5	0	1
ja	途	noun	4	5	0	1
ja	厚み	noun	4	5	0	1
ja	ののしら	verb	4	5	0	1
ja	ほのぼの	adverb	4	5	0	1
ja	噛もう	verb	4	5	0	1
ja	着席	noun	4	5	0	1
ja	純正	noun	4	5	0	1
ja	中上	noun	4	5	0	1
ja	夜具	noun	4	5	0	1
ja	貸せる	verb	4	5	0	1
ja	佐賀	noun	4	5	0	1
ja	徳島	noun	4	5	0	1
ja	山賊	noun	4	5	0	1
ja	風見	noun	4	5	0	1
ja	ふんどし	noun	4	5	0	1
ja	山内	noun	4	5	0	1
ja	割り増し	noun	4	5	0	1
ja	心憎い	adjective	4	5	0	1
ja	いとし	adjective	4	5	0	1
ja	請け合え	verb	4	5	0	1
ja	慎み	noun	4	5	0	1
ja	絞り	noun	4	5	0	1
ja	遠洋	noun	4	5	0	1
ja	略さ	verb	4	5	0	1
ja	おちつく	verb	4	5	0	1
ja	同語	noun	4	5	0	1
ja	叩き込もう	verb	4	5	0	1
ja	紫陽花	noun	4	5	0	1
ja	言い聞かせる	verb	4	5	0	1
ja	レッズ	noun	4	5	0	1
ja	腹蔵	noun	4	5	0	1
ja	揺り動かし	verb	4	5	0	1
ja	書き送り	verb	4	5	0	1
ja	引きさい	verb	4	5	0	1
ja	木偶の坊	noun	4	5	0	1
ja	割り振ら	verb	4	5	0	1
ja	寝かしつけよう	verb	4	5	0	1
ja	しんのすけ	noun	4	5	0	1
ja	ドライビング	noun	4	5	0	1
ja	ニッコリ	adverb	4	5	0	1
ja	マリファナ	noun	4	5	0	1
ja	冬物	noun	4	5	0	1
ja	腰回り	noun	4	5	0	1
ja	震えあがっ	verb	4	5	0	1
ja	慶ん	verb	4	5	0	1
ja	飛び込もう	verb	4	5	0	1
ja	どよめき	noun	4	5	0	1
ja	アミューズメント	noun	4	5	0	1
ja	注ぎ入れ	verb	4	5	0	1
ja	河馬	noun	4	5	0	1
ja	すれ違う	verb	4	5	0	1
ja	被爆	noun	4	5	0	1
ja	ファイアーウォール	noun	4	5	0	1
ja	追っかけ	verb	4	5	0	1
ja	イヴ	noun	4	5	0	1
ja	セクショナリズム	noun	4	5	0	1
ja	導火	noun	4	5	0	1
ja	差し足	noun	4	5	0	1
ja	ゴボウ	noun	4	5	0	1
ja	蝸牛	noun	4	5	0	1
ja	人見	noun	4	5	0	1
ja	純毛	noun	4	5	0	1
ja	受刑	noun	4	5	0	1
ja	初陣	noun	4	5	0	1
ja	取りそろえ	verb	4	5	0	1
ja	肉筆	noun	4	5	0	1
ja	敷き詰め	verb	4	5	0	1
ja	散開	noun	4	5	0	1
ja	占有	noun	4	5	0	1
ja	思いつき	verb	4	5	0	1
ja	渡り合える	verb	4	5	0	1
ja	すくっ	verb	4	5	0	1
ja	創建	noun	4	5	0	1
ja	係わり	verb	4	5	0	1
ja	肉まん	noun	4	5	0	1
ja	ヒータ	noun	4	5	0	1
ja	丸顔	noun	4	5	0	1
ja	ピータ	noun	4	5	0	1
ja	独眼	noun	4	5	0	1
ja	満ち足り	verb	4	5	0	1
ja	あつめ	verb	4	5	0	1
ja	中内	noun	4	5	0	1
ja	ムサカ	noun	4	5	0	1
ja	瀕する	verb	4	5	0	1
ja	積み重ね	noun	4	5	0	1
ja	蒔き付け	verb	4	5	0	1
ja	テヘラン	noun	4	5	0	1
ja	オウエン	noun	4	5	0	1
ja	田村	noun	4	5	0	1
ja	ガリガリ	adverb	4	5	0	1
ja	バーミンガム	noun	4	5	0	1
ja	晴れよう	verb	4	5	0	1
ja	引き戻さ	verb	4	5	0	1
ja	粟立つ	verb	4	5	0	1
ja	ルーキー	noun	4	5	0	1
ja	退行	noun	4	5	0	1
ja	山口	noun	4	5	0	1
ja	心胆	noun	4	5	0	1
ja	土産品	noun	4	5	0	1
ja	シンフォニー	noun	4	5	0	1
ja	薄味	noun	4	5	0	1
ja	持ち運び	verb	4	5	0	1
ja	便器	noun	4	5	0	1
ja	誘蛾	noun	4	5	0	1
ja	選び出せ	verb	4	5	0	1
ja	飛び交っ	verb	4	5	0	1
ja	思い知らし	verb	4	5	0	1
ja	一説	noun	4	5	0	1
ja	吸い付け	verb	4	5	0	1
ja	流し出し	verb	4	5	0	1
ja	くるい	verb	4	5	0	1
ja	削り取ら	verb	4	5	0	1
ja	紀子	noun	4	5	0	1
ja	端切れ	noun	4	5	0	1
ja	通りがかり	noun	4	5	0	1
ja	あつかい	verb	4	5	0	1
ja	トリビュート	noun	4	5	0	1
ja	立件	noun	4	5	0	1
ja	見掛ける	verb	4	5	0	1
ja	幕切れ	noun	4	5	0	1
ja	のめり込ん	verb	4	5	0	1
ja	よこ	noun	4	5	0	1
ja	解きほぐす	verb	4	5	0	1
ja	東芝	noun	4	5	0	1
ja	擬似	noun	4	5	0	1
ja	セルティックス	noun	4	5	0	1
ja	好走	noun	4	5	0	1
ja	アバカス	noun	4	5	0	1
ja	計り	noun	4	5	0	1
ja	オクスフォード	noun	4	5	0	1
ja	ちゃんねる	noun	4	5	0	1
ja	リッジ	noun	4	5	0	1
ja	手あたり	noun	4	5	0	1
ja	ガーガー	adverb	4	5	0	1
ja	陽報	noun	4	5	0	1
ja	防虫	noun	4	5	0	1
ja	寝間着	noun	4	5	0	1
ja	マルセーユ	noun	4	5	0	1
ja	ディスカッション	noun	4	5	0	1
ja	づつみ	noun	4	5	0	1
ja	にほん	noun	4	5	0	1
ja	投げ渡し	verb	4	5	0	1
ja	採光	noun	4	5	0	1
ja	メス猫	noun	4	5	0	1
ja	電圧	noun	4	5	0	1
ja	ムスク	noun	4	5	0	1
ja	撥ね付け	verb	4	5	0	1
ja	おもちゃ箱	noun	4	5	0	1
ja	はやく	noun	4	5	0	1
ja	ターミネーター	noun	4	5	0	1
ja	辛党	noun	4	5	0	1
ja	蔵	noun	4	5	0	1
ja	フィー	noun	4	5	0	1
ja	松明	noun	4	5	0	1
ja	凪が	verb	4	5	0	1
ja	四谷	noun	4	5	0	1
ja	誘おう	verb	4	5	0	1
ja	小田急	noun	4	5	0	1
ja	ミスト	noun	4	5	0	1
ja	張り合い	noun	4	5	0	1
ja	山羊乳	noun	4	5	0	1
ja	毛づくろい	noun	4	5	0	1
ja	陰茎	noun	4	5	0	1
ja	ミッドタウン	noun	4	5	0	1
ja	放る	verb	4	5	0	1
ja	リマン	noun	4	5	0	1
ja	養蚕	noun	4	5	0	1
ja	閉じよ	verb	4	5	0	1
ja	婦長	noun	4	5	0	1
ja	あおり	verb	4	5	0	1
ja	いまいましく	adjective	4	5	0	1
ja	害悪	noun	4	5	0	1
ja	屈伸	noun	4	5	0	1
ja	片膝	noun	4	5	0	1
ja	ハンクス	noun	4	5	0	1
ja	カンタ	noun	4	5	0	1
ja	おのおの	noun	4	5	0	1
ja	引っ叩く	verb	4	5	0	1
ja	駆け出す	verb	4	5	0	1
ja	極楽	noun	4	5	0	1
ja	塗り直そう	verb	4	5	0	1
ja	格上げ	noun	4	5	0	1
ja	振り回す	verb	4	5	0	1
ja	梅干	noun	4	5	0	1
ja	姿見	noun	4	5	0	1
ja	奮い立っ	verb	4	5	0	1
ja	劫	noun	4	5	0	1
ja	別段	adverb	4	5	0	1
ja	構う	verb	4	5	0	1
ja	咲子	noun	4	5	0	1
ja	末広がり	noun	4	5	0	1
ja	利敵	noun	4	5	0	1
ja	作人	noun	4	5	0	1
ja	ケータリング	noun	4	5	0	1
ja	ローズ	noun	4	5	0	1
ja	はげまし	noun	4	5	0	1
ja	友美	noun	4	5	0	1
ja	一緒くた	noun	4	5	0	1
ja	こっぱ	noun	4	5	0	1
ja	通り魔	noun	4	5	0	1
ja	ピーナツ	noun	4	5	0	1
ja	前立	noun	4	5	0	1
ja	聴ける	verb	4	5	0	1
ja	ビワ	noun	4	5	0	1
ja	フルシチョフ	noun	4	5	0	1
ja	おおきい	adjective	4	5	0	1
ja	ディフェンス	noun	4	5	0	1
ja	ワンタン	noun	4	5	0	1
ja	宏美	noun	4	5	0	1
ja	ぜめ	noun	4	5	0	1
ja	栗ご飯	noun	4	5	0	1
ja	小じわ	noun	4	5	0	1
ja	連れ去り	verb	4	5	0	1
ja	とうがらし	noun	4	5	0	1
ja	犬歯	noun	4	5	0	1
ja	スタローン	noun	4	5	0	1
ja	さいさき	noun	4	5	0	1
ja	敵側	noun	4	5	0	1
ja	テームズ	noun	4	5	0	1
ja	広がら	verb	4	5	0	1
ja	慌て者	noun	4	5	0	1
ja	カーズ	noun	4	5	0	1
ja	おととし	noun	4	5	0	1
ja	よけい	adverb	4	5	0	1
ja	店じまい	noun	4	5	0	1
ja	ペロリ	adverb	4	5	0	1
ja	洗い清めろ	verb	4	5	0	1
ja	全権	noun	4	5	0	1
ja	永住	noun	4	5	0	1
ja	ズールー	noun	4	5	0	1
ja	見逃そう	verb	4	5	0	1
ja	いっ	adjective	4	5	0	1
ja	必勝	noun	4	5	0	1
ja	マルク	noun	4	5	0	1
ja	書きあげる	verb	4	5	0	1
ja	海藻	noun	4	5	0	1
ja	討た	verb	4	5	0	1
ja	シャリ	noun	4	5	0	1
ja	炎熱	noun	4	5	0	1
ja	さなぎ	noun	4	5	0	1
ja	チーン	adverb	4	5	0	1
ja	見とおし	verb	4	5	0	1
ja	追い出す	verb	4	5	0	1
ja	槍ヶ岳	noun	4	5	0	1
ja	小差	noun	4	5	0	1
ja	つきあわ	verb	4	5	0	1
ja	返礼	noun	4	5	0	1
ja	栄枯	noun	4	5	0	1
ja	なまら	verb	4	5	0	1
ja	あばた	noun	4	5	0	1
ja	皮むき	noun	4	5	0	1
ja	口汚く	adjective	4	5	0	1
ja	ぴょこん	adverb	4	5	0	1
ja	なげつけ	verb	4	5	0	1
ja	矢内	noun	4	5	0	1
ja	するどい	adjective	4	5	0	1
ja	砕けよ	verb	4	5	0	1
ja	美和子	noun	4	5	0	1
ja	げんに	adverb	4	5	0	1
ja	メナド	noun	4	5	0	1
ja	織り出し	verb	4	5	0	1
ja	ギリ	noun	4	5	0	1
ja	野上	noun	4	5	0	1
ja	尾羽	noun	4	5	0	1
ja	ほどく	verb	4	5	0	1
ja	プレイン	noun	4	5	0	1
ja	どの道	adverb	4	5	0	1
ja	余念	noun	4	5	0	1
ja	ゆでれ	verb	4	5	0	1
ja	プラスティック	noun	4	5	0	1
ja	しまら	verb	4	5	0	1
ja	走り込む	verb	4	5	0	1
ja	紛う	verb	4	5	0	1
ja	シャキッ	adverb	4	5	0	1
ja	泣き止む	verb	4	5	0	1
ja	刈り上げ	verb	4	5	0	1
ja	笑い飛ばす	verb	4	5	0	1
ja	見破る	verb	4	5	0	1
ja	日でり	noun	4	5	0	1
ja	廉	noun	4	5	0	1
ja	答弁	noun	4	5	0	1
ja	コービー	noun	4	5	0	1
ja	ドタドタ	adverb	4	5	0	1
ja	はり出し	verb	4	5	0	1
ja	キン	noun	4	5	0	1
ja	リオ・デ・ジャネイロ	noun	4	5	0	1
ja	ひあがっ	verb	4	5	0	1
ja	受取り	verb	4	5	0	1
ja	かけ込ん	verb	4	5	0	1
ja	言い聞かせよう	verb	4	5	0	1
ja	赤飯	noun	4	5	0	1
ja	繰り出そう	verb	4	5	0	1
ja	キョウチク	noun	4	5	0	1
ja	雀蜂	noun	4	5	0	1
ja	つっきっ	verb	4	5	0	1
ja	下階	noun	4	5	0	1
ja	食いちぎら	verb	4	5	0	1
ja	新	noun	4	5	0	1
ja	焼きのり	noun	4	5	0	1
ja	かぶり直し	verb	4	5	0	1
ja	かきむしり	verb	4	5	0	1
ja	シラタキ	noun	4	5	0	1
ja	軽口	noun	4	5	0	1
ja	イカす	verb	4	5	0	1
ja	言い足し	verb	4	5	0	1
ja	金塊	noun	4	5	0	1
ja	ブッフェ	noun	4	5	0	1
ja	揉め事	noun	4	5	0	1
ja	這い出し	verb	4	5	0	1
ja	過ぎ去る	verb	4	5	0	1
ja	皇位	noun	4	5	0	1
ja	嗤っ	verb	4	5	0	1
ja	救い出せ	verb	4	5	0	1
ja	カチッ	adverb	4	5	0	1
ja	看	verb	4	5	0	1
ja	生彩	noun	4	5	0	1
ja	首根	noun	4	5	0	1
ja	くいとめ	verb	4	5	0	1
ja	とびのい	verb	4	5	0	1
ja	チェン	noun	4	5	0	1
ja	ちょいちょい	adverb	4	5	0	1
ja	いつくしみ	verb	4	5	0	1
ja	幼女	noun	4	5	0	1
ja	滑り	noun	4	5	0	1
ja	書き直し	noun	4	5	0	1
ja	論戦	noun	4	5	0	1
ja	ホワイトボード	noun	4	5	0	1
ja	カジノ	noun	4	5	0	1
ja	騙り	noun	4	5	0	1
ja	さき子	noun	4	5	0	1
ja	諸語	noun	4	5	0	1
ja	悪天	noun	4	5	0	1
ja	へな	noun	4	5	0	1
ja	華氏	noun	4	5	0	1
ja	大脳	noun	4	5	0	1
ja	老父	noun	4	5	0	1
ja	油まみれ	noun	4	5	0	1
ja	くらっ	adverb	4	5	0	1
ja	大綱	noun	4	5	0	1
ja	手玉	noun	4	5	0	1
ja	ウイリアムズ	noun	4	5	0	1
ja	めかしこん	verb	4	5	0	1
ja	空し	adjective	4	5	0	1
ja	手漕ぎ	noun	4	5	0	1
ja	ラージ	noun	4	5	0	1
ja	継ぎ目	noun	4	5	0	1
ja	オペレーション	noun	4	5	0	1
ja	カナリヤ	noun	4	5	0	1
ja	オタマ	noun	4	5	0	1
ja	引き起こそう	verb	4	5	0	1
ja	ゴシップ	noun	4	5	0	1
ja	立ち消え	noun	4	5	0	1
ja	聞きつけ	verb	4	5	0	1
ja	羹	noun	4	5	0	1
ja	雅び	noun	4	5	0	1
ja	スイーツ	noun	4	5	0	1
ja	村長	noun	4	5	0	1
ja	一肌	adverb	4	5	0	1
ja	シャーウッド	noun	4	5	0	1
ja	由紀	noun	4	5	0	1
ja	波止場	noun	4	5	0	1
ja	騒々し	adjective	4	5	0	1
ja	平なべ	noun	4	5	0	1
ja	ステークホルダー	noun	4	5	0	1
ja	抱き合い	verb	4	5	0	1
ja	娘盛り	noun	4	5	0	1
ja	鉱業	noun	4	5	0	1
ja	乗り切っ	verb	4	5	0	1
ja	ぱつ	adverb	4	5	0	1
ja	レッグ	noun	4	5	0	1
ja	茅葺き	noun	4	5	0	1
ja	雛鳥	noun	4	5	0	1
ja	夥しい	adjective	4	5	0	1
ja	ウエー	noun	4	5	0	1
ja	隼	noun	4	5	0	1
ja	タンバリン	noun	4	5	0	1
ja	晴れ上がっ	verb	4	5	0	1
ja	レックス	noun	4	5	0	1
ja	旧名	noun	4	5	0	1
ja	スティーヴ	noun	4	5	0	1
ja	実権	noun	4	5	0	1
ja	空洞	noun	4	5	0	1
ja	空缶	noun	4	5	0	1
ja	おだて	noun	4	5	0	1
ja	デス	noun	4	5	0	1
ja	かえよう	verb	4	5	0	1
ja	むしり取ら	verb	4	5	0	1
ja	本月	noun	4	5	0	1
ja	搾りたて	noun	4	5	0	1
ja	リプレイ	noun	4	5	0	1
ja	閑	noun	4	5	0	1
ja	ユーゴスラビア	noun	4	5	0	1
ja	押し寄せる	verb	4	5	0	1
ja	打ちとっ	verb	4	5	0	1
ja	朝立ち	noun	4	5	0	1
ja	にこり	adverb	4	5	0	1
ja	釣り師	noun	4	5	0	1
ja	ひら	noun	4	5	0	1
ja	かわず	noun	4	5	0	1
ja	支流	noun	4	5	0	1
ja	詰め替え	verb	4	5	0	1
ja	いびっ	verb	4	5	0	1
ja	聴診	noun	4	5	0	1
ja	見とれる	verb	4	5	0	1
ja	かじりとっ	verb	4	5	0	1
ja	三途	noun	4	5	0	1
ja	か弱い	adjective	4	5	0	1
ja	カーメル	noun	4	5	0	1
ja	古賀	noun	4	5	0	1
ja	ペンシルベニア	noun	4	5	0	1
ja	闇金	noun	4	5	0	1
ja	じゃれあっ	verb	4	5	0	1
ja	鼻緒	noun	4	5	0	1
ja	小難	noun	4	5	0	1
ja	ボイラー	noun	4	5	0	1
ja	巻きつき	verb	4	5	0	1
ja	員数	noun	4	5	0	1
ja	シュノーケル	noun	4	5	0	1
ja	大儀	noun	4	5	0	1
ja	レー	noun	4	5	0	1
ja	かもめ	noun	4	5	0	1
ja	乳首	noun	4	5	0	1
ja	思い入れ	noun	4	5	0	1
ja	抑えつけ	verb	4	5	0	1
ja	話し掛けよう	verb	4	5	0	1
ja	ぶらんこ	noun	4	5	0	1
ja	めざまし	noun	4	5	0	1
ja	歯切れ	noun	4	5	0	1
ja	工員	noun	4	5	0	1
ja	溺れ死ぬ	verb	4	5	0	1
ja	暖気	noun	4	5	0	1
ja	本数	noun	4	5	0	1
ja	后	noun	4	5	0	1
ja	いきあたり	noun	4	5	0	1
ja	組み合っ	verb	4	5	0	1
ja	乗物	noun	4	5	0	1
ja	永年	noun	4	5	0	1
ja	掘り下げ	verb	4	5	0	1
ja	けい子	noun	4	5	0	1
ja	手負い	noun	4	5	0	1
ja	脱ぎ棄て	verb	4	5	0	1
ja	排便	noun	4	5	0	1
ja	破目	noun	4	5	0	1
ja	やせよう	verb	4	5	0	1
ja	靴磨き	noun	4	5	0	1
ja	ひろう	verb	4	5	0	1
ja	雨期	noun	4	5	0	1
ja	裏戸	noun	4	5	0	1
ja	空即	noun	4	5	0	1
ja	番茶	noun	4	5	0	1
ja	目眩	noun	4	5	0	1
ja	ポータブル	noun	4	5	0	1
ja	スッカラカン	noun	4	5	0	1
ja	野バラ	noun	4	5	0	1
ja	健夫	noun	4	5	0	1
ja	パウロ	noun	4	5	0	1
ja	慈雨	noun	4	5	0	1
ja	広州	noun	4	5	0	1
ja	のどぼとけ	noun	4	5	0	1
ja	読み取っ	verb	4	5	0	1
ja	母譲り	noun	4	5	0	1
ja	よごす	verb	4	5	0	1
ja	ザクザク	adverb	4	5	0	1
ja	犬飼	noun	4	5	0	1
ja	黒光り	noun	4	5	0	1
ja	繋ぐ	verb	4	5	0	1
ja	学課	noun	4	5	0	1
ja	フィッシング	noun	4	5	0	1
ja	従弟	noun	4	5	0	1
ja	攻め立て	verb	4	5	0	1
ja	テコンドー	noun	4	5	0	1
ja	書きとめよう	verb	4	5	0	1
ja	一遍	noun	4	5	0	1
ja	セーラ	noun	4	5	0	1
ja	夜警	noun	4	5	0	1
ja	オリエンタル	noun	4	5	0	1
ja	屈しよう	verb	4	5	0	1
ja	刈り入れる	verb	4	5	0	1
ja	煩	noun	4	5	0	1
ja	現われ出	verb	4	5	0	1
ja	用地	noun	4	5	0	1
ja	ヒットラー	noun	4	5	0	1
ja	釜	noun	4	5	0	1
ja	いいつけ	verb	4	5	0	1
ja	利かし	verb	4	5	0	1
ja	星条	noun	4	5	0	1
ja	やべえ	adjective	4	5	0	1
ja	ヴァンパイア	noun	4	5	0	1
ja	ウニ	noun	4	5	0	1
ja	ロッジ	noun	4	5	0	1
ja	ブライダル	noun	4	5	0	1
ja	毒殺	noun	4	5	0	1
ja	連戦	noun	4	5	0	1
ja	焦り	noun	4	5	0	1
ja	柔	noun	4	5	0	1
ja	軍曹	noun	4	5	0	1
ja	パープル	noun	4	5	0	1
ja	スタミナ	noun	4	5	0	1
ja	逃げ場	noun	4	5	0	1
ja	たわいない	adjective	4	5	0	1
ja	すいこん	verb	4	5	0	1
ja	ニコ	noun	4	5	0	1
ja	色よい	adjective	4	5	0	1
ja	串かつ	noun	4	5	0	1
ja	昭二	noun	4	5	0	1
ja	たくや	noun	4	5	0	1
ja	聾者	noun	4	5	0	1
ja	調べ上げ	verb	4	5	0	1
ja	ひだるい	adjective	4	5	0	1
ja	走り去る	verb	4	5	0	1
ja	眠りこん	verb	4	5	0	1
ja	軒下	noun	4	5	0	1
ja	哀調	noun	4	5	0	1
ja	ブリトン	noun	4	5	0	1
ja	色仕掛け	noun	4	5	0	1
ja	婦警	noun	4	5	0	1
ja	クスクス	noun	4	5	0	1
ja	打ち鳴らし	verb	4	5	0	1
ja	曲がりくねる	verb	4	5	0	1
ja	マグダレナ	noun	4	5	0	1
ja	社外	noun	4	5	0	1
ja	満	noun	4	5	0	1
ja	ユリ子	noun	4	5	0	1
ja	かぎ回る	verb	4	5	0	1
ja	庭弄り	noun	4	5	0	1
ja	どなりつけ	verb	4	5	0	1
ja	かっきり	adverb	4	5	0	1
ja	掴める	verb	4	5	0	1
ja	一派	noun	4	5	0	1
ja	また	verb	4	5	0	1
ja	青山	noun	4	5	0	1
ja	ブランデンブルク	noun	4	5	0	1
ja	大また	noun	4	5	0	1
ja	リッキー	noun	4	5	0	1
ja	口ずさみ	verb	4	5	0	1
ja	連隊	noun	4	5	0	1
ja	くだける	verb	4	5	0	1
ja	キズ	noun	4	5	0	1
ja	おそれ入り	verb	4	5	0	1
ja	嵌め	verb	4	5	0	1
ja	取り扱える	verb	4	5	0	1
ja	立ち退かさ	verb	4	5	0	1
ja	こい	adjective	4	5	0	1
ja	買い戻す	verb	4	5	0	1
ja	とぎれ	noun	4	5	0	1
ja	山崎	noun	4	5	0	1
ja	トランジスター	noun	4	5	0	1
ja	びょう	noun	4	5	0	1
ja	スポーン	adverb	4	5	0	1
ja	どなり散らす	verb	4	5	0	1
ja	うのみ	noun	4	5	0	1
ja	ウエートレス	noun	4	5	0	1
ja	詣でる	verb	4	5	0	1
ja	学外	noun	4	5	0	1
ja	乳腺	noun	4	5	0	1
ja	来たり	verb	4	5	0	1
ja	ｉｓ	noun	4	5	0	1
ja	乏し	adjective	4	5	0	1
ja	ミエ	noun	4	5	0	1
ja	映しださ	verb	4	5	0	1
ja	リキッド	noun	4	5	0	1
ja	秒間	noun	4	5	0	1
ja	怒鳴り合い	verb	4	5	0	1
ja	下積み	noun	4	5	0	1
ja	夾竹	noun	4	5	0	1
ja	取り入っ	verb	4	5	0	1
ja	地酒	noun	4	5	0	1
ja	おびき出し	verb	4	5	0	1
ja	全問	noun	4	5	0	1
ja	二癖	noun	4	5	0	1
ja	均斉	noun	4	5	0	1
ja	ぬけ落ち	verb	4	5	0	1
ja	おとこ	noun	4	5	0	1
ja	ハジキ	noun	4	5	0	1
ja	書き取ろう	verb	4	5	0	1
ja	ケチっ	verb	4	5	0	1
ja	うすい	adjective	4	5	0	1
ja	フランシスコ	noun	4	5	0	1
ja	砂金	noun	4	5	0	1
ja	買い戻し	verb	4	5	0	1
ja	余波	noun	4	5	0	1
ja	もの凄い	adjective	4	5	0	1
ja	忍び寄る	verb	4	5	0	1
ja	羊肉	noun	4	5	0	1
ja	法衣	noun	4	5	0	1
ja	説きさとし	verb	4	5	0	1
ja	取り止め	verb	4	5	0	1
ja	未曾有	noun	4	5	0	1
ja	絞り出し	verb	4	5	0	1
ja	悪しく	adjective	4	5	0	1
ja	レイム	noun	4	5	0	1
ja	月間	noun	4	5	0	1
ja	湧水	noun	4	5	0	1
ja	振りかえる	verb	4	5	0	1
ja	腹部	noun	4	5	0	1
ja	ビビンバ	noun	4	5	0	1
ja	全域	noun	4	5	0	1
ja	美しくも	adverb	4	5	0	1
ja	ボウフラ	noun	4	5	0	1
ja	タリン	noun	4	5	0	1
ja	引き裂き	verb	4	5	0	1
ja	拭い取る	verb	4	5	0	1
ja	たたき出す	verb	4	5	0	1
ja	サザンプトン	noun	4	5	0	1
ja	勝子	noun	4	5	0	1
ja	トランジスタ	noun	4	5	0	1
ja	干草	noun	4	5	0	1
ja	つまむ	verb	4	5	0	1
ja	野茂	noun	4	5	0	1
ja	翻っ	verb	4	5	0	1
ja	しずく	noun	4	5	0	1
ja	酒臭い	adjective	4	5	0	1
ja	ゆでる	verb	4	5	0	1
ja	特級	noun	4	5	0	1
ja	一雫	noun	4	5	0	1
ja	ダイハード	noun	4	5	0	1
ja	ジャンクション	noun	4	5	0	1
ja	がなりたて	verb	4	5	0	1
ja	是空	noun	4	5	0	1
ja	食い違う	verb	4	5	0	1
ja	こしかけ	verb	4	5	0	1
ja	ワーホリ	noun	4	5	0	1
ja	ニューロン	noun	4	5	0	1
ja	造幣	noun	4	5	0	1
ja	礼砲	noun	4	5	0	1
ja	眠り落ち	verb	4	5	0	1
ja	浸す	verb	4	5	0	1
ja	けた	noun	4	5	0	1
ja	ベージュ	noun	4	5	0	1
ja	土葬	noun	4	5	0	1
ja	鋸	noun	4	5	0	1
ja	クライブ	noun	4	5	0	1
ja	ばーか	noun	4	5	0	1
ja	寝付い	verb	4	5	0	1
ja	へや	noun	4	5	0	1
ja	プレーン	noun	4	5	0	1
ja	指向	noun	4	5	0	1
ja	白	adjective	4	5	0	1
ja	コミックス	noun	4	5	0	1
ja	夜なべ	noun	4	5	0	1
ja	似かよっ	verb	4	5	0	1
ja	覚せい	noun	4	5	0	1
ja	ザル	noun	4	5	0	1
ja	分量	noun	4	5	0	1
ja	ホッチキス	noun	4	5	0	1
ja	こげ	verb	4	5	0	1
ja	正座	noun	4	5	0	1
ja	かも	noun	4	5	0	1
ja	井内	noun	4	5	0	1
ja	和ま	verb	4	5	0	1
ja	催涙	noun	4	5	0	1
ja	光学	noun	4	5	0	1
ja	食らわ	verb	4	5	0	1
ja	畜牛	noun	4	5	0	1
ja	ファーブル	noun	4	5	0	1
ja	洋食	noun	4	5	0	1
ja	プリーツ	noun	4	5	0	1
ja	ジェラール	noun	4	5	0	1
ja	ぎゅうぎゅう	adverb	4	5	0	1
ja	慎也	noun	4	5	0	1
ja	人脈	noun	4	5	0	1
ja	端折り	verb	4	5	0	1
ja	ケーニヒスベルク	noun	4	5	0	1
ja	一男	noun	4	5	0	1
ja	亜希	noun	4	5	0	1
ja	飛蚊	noun	4	5	0	1
ja	沿う	verb	4	5	0	1
ja	言い逃れ	verb	4	5	0	1
ja	引き裂く	verb	4	5	0	1
ja	ひとけ	noun	4	5	0	1
ja	パーマー	noun	4	5	0	1
ja	思い付き	verb	4	5	0	1
ja	あけ方	noun	4	5	0	1
ja	パブロ	noun	4	5	0	1
ja	漏電	noun	4	5	0	1
ja	運び去ら	verb	4	5	0	1
ja	小舟	noun	4	5	0	1
ja	人日	noun	4	5	0	1
ja	盟約	noun	4	5	0	1
ja	頷き	verb	4	5	0	1
ja	早し	adjective	4	5	0	1
ja	各階	noun	4	5	0	1
ja	編纂	noun	4	5	0	1
ja	無精	noun	4	5	0	1
ja	教官	noun	4	5	0	1
ja	しぼり取っ	verb	4	5	0	1
ja	取り分ける	verb	4	5	0	1
ja	履きかえ	verb	4	5	0	1
ja	サトル	noun	4	5	0	1
ja	しとう	noun	4	5	0	1
ja	トムズ	noun	4	5	0	1
ja	本塁	noun	4	5	0	1
ja	捜し物	noun	4	5	0	1
ja	元ネタ	noun	4	5	0	1
ja	サラエボ	noun	4	5	0	1
ja	走り寄っ	verb	4	5	0	1
ja	ツルン	adverb	4	5	0	1
ja	リポート	noun	4	5	0	1
ja	褒めたたえ	verb	4	5	0	1
ja	いっしょう	noun	4	5	0	1
ja	門前	noun	4	5	0	1
ja	歩哨	noun	4	5	0	1
ja	起こり	noun	4	5	0	1
ja	レク	noun	4	5	0	1
ja	某氏	noun	4	5	0	1
ja	筆書き	noun	4	5	0	1
ja	奥行	noun	4	5	0	1
ja	ざくざく	adverb	4	5	0	1
ja	あえぎ	verb	4	5	0	1
ja	ひとみ	noun	4	5	0	1
ja	こきおろし	verb	4	5	0	1
ja	浜松	noun	4	5	0	1
ja	莉	noun	4	5	0	1
ja	演芸	noun	4	5	0	1
ja	借り手	noun	4	5	0	1
ja	様	noun	4	5	0	1
ja	半月	noun	4	5	0	1
ja	鴨肉	noun	4	5	0	1
ja	黒あざ	noun	4	5	0	1
ja	ポーシャ	noun	4	5	0	1
ja	やばい	compounds	4	5	0	1
ja	膝上	noun	4	5	0	1
ja	踏み荒し	verb	4	5	0	1
ja	ウィッシュ	noun	4	5	0	1
ja	夕空	noun	4	5	0	1
ja	戦費	noun	4	5	0	1
ja	美土里	noun	4	5	0	1
ja	ヤサ	noun	4	5	0	1
ja	湊	noun	4	5	0	1
ja	交われ	verb	4	5	0	1
ja	どきん	adverb	4	5	0	1
ja	とも子	noun	4	5	0	1
ja	詰め合わせ	noun	4	5	0	1
ja	パンドラ	noun	4	5	0	1
ja	梅村	noun	4	5	0	1
ja	ドッペルゲンガー	noun	4	5	0	1
ja	うねり	noun	4	5	0	1
ja	たたき出し	verb	4	5	0	1
ja	オーバーヘッド	noun	4	5	0	1
ja	もはや	compounds	4	5	0	1
ja	綿毛	noun	4	5	0	1
ja	たわみ	noun	4	5	0	1
ja	とじこめ	verb	4	5	0	1
ja	順延	noun	4	5	0	1
ja	スチロール	noun	4	5	0	1
ja	滑れる	verb	4	5	0	1
ja	サビ	noun	4	5	0	1
ja	書き表せ	verb	4	5	0	1
ja	とぼとぼ	adverb	4	5	0	1
ja	したたり落ち	verb	4	5	0	1
ja	在米	noun	4	5	0	1
ja	ブライズ	noun	4	5	0	1
ja	近付か	verb	4	5	0	1
ja	変心	noun	4	5	0	1
ja	象っ	verb	4	5	0	1
ja	グリズリー	noun	4	5	0	1
ja	ジェイ	noun	4	5	0	1
ja	泥水	noun	4	5	0	1
ja	漸進	noun	4	5	0	1
ja	伯領	noun	4	5	0	1
ja	押し込め	verb	4	5	0	1
ja	頭越し	noun	4	5	0	1
ja	ペプシ	noun	4	5	0	1
ja	真水	noun	4	5	0	1
ja	簡約	noun	4	5	0	1
ja	召しあがっ	verb	4	5	0	1
ja	さばき	noun	4	5	0	1
ja	吹き込み	verb	4	5	0	1
ja	誉め言葉	noun	4	5	0	1
ja	人望	noun	4	5	0	1
ja	築ける	verb	4	5	0	1
ja	力仕事	noun	4	5	0	1
ja	枯れ枝	noun	4	5	0	1
ja	カンペ	noun	4	5	0	1
ja	前歴	noun	4	5	0	1
ja	作りつけ	noun	4	5	0	1
ja	見わける	verb	4	5	0	1
ja	パントマイム	noun	4	5	0	1
ja	見込む	verb	4	5	0	1
ja	糧食	noun	4	5	0	1
ja	取り扱い	verb	4	5	0	1
ja	おしかける	verb	4	5	0	1
ja	たき	verb	4	5	0	1
ja	愛おしく	adjective	4	5	0	1
ja	指遣い	noun	4	5	0	1
ja	干上がら	verb	4	5	0	1
ja	相貌	noun	4	5	0	1
ja	さえぎる	verb	4	5	0	1
ja	藤村	noun	4	5	0	1
ja	書き取る	verb	4	5	0	1
ja	洋楽	noun	4	5	0	1
ja	屏風	noun	4	5	0	1
ja	メロディーズ	noun	4	5	0	1
ja	気まずく	adjective	4	5	0	1
ja	ドロップ	noun	4	5	0	1
ja	カーロ	noun	4	5	0	1
ja	優劣	noun	4	5	0	1
ja	咲き誇り	verb	4	5	0	1
ja	分隊	noun	4	5	0	1
ja	ニコリ	adverb	4	5	0	1
ja	四つ足	noun	4	5	0	1
ja	高円寺	noun	4	5	0	1
ja	なで下ろす	verb	4	5	0	1
ja	召使い	verb	4	5	0	1
ja	成り立ち	noun	4	5	0	1
ja	スギ	noun	4	5	0	1
ja	維新	noun	4	5	0	1
ja	ヒトミ	noun	4	5	0	1
ja	深遠	noun	4	5	0	1
ja	泣き疲れ	verb	4	5	0	1
ja	ハヤブサ	noun	4	5	0	1
ja	遠見	noun	4	5	0	1
ja	書記	noun	4	5	0	1
ja	やりあう	verb	4	5	0	1
ja	分家	noun	4	5	0	1
ja	血迷っ	verb	4	5	0	1
ja	霜降り	noun	4	5	0	1
ja	検便	noun	4	5	0	1
ja	重版	noun	4	5	0	1
ja	前掛け	noun	4	5	0	1
ja	行き詰まる	verb	4	5	0	1
ja	送りだし	verb	4	5	0	1
ja	打ち砕い	verb	4	5	0	1
ja	パリーグ	noun	4	5	0	1
ja	河岸	noun	4	5	0	1
ja	サンマ	noun	4	5	0	1
ja	サルファ	noun	4	5	0	1
ja	はごう	verb	4	5	0	1
ja	めった打ち	noun	4	5	0	1
ja	出来合い	noun	4	5	0	1
ja	風前	noun	4	5	0	1
ja	立ち退い	verb	4	5	0	1
ja	突き上げろ	verb	4	5	0	1
ja	大難	noun	4	5	0	1
ja	切れ間	noun	4	5	0	1
ja	型落ち	noun	4	5	0	1
ja	踏みにじら	verb	4	5	0	1
ja	精彩	noun	4	5	0	1
ja	つかまえよう	verb	4	5	0	1
ja	盛りつける	verb	4	5	0	1
ja	湯呑み	noun	4	5	0	1
ja	プラザ	noun	4	5	0	1
ja	削ぐ	verb	4	5	0	1
ja	マア	noun	4	5	0	1
ja	焼け出さ	verb	4	5	0	1
ja	長篇	noun	4	5	0	1
ja	耐火	noun	4	5	0	1
ja	流れ込ん	verb	4	5	0	1
ja	打ち倒さ	verb	4	5	0	1
ja	泳者	noun	4	5	0	1
ja	歩き回ら	verb	4	5	0	1
ja	多病	noun	4	5	0	1
ja	発起	noun	4	5	0	1
ja	一まとめ	noun	4	5	0	1
ja	行く末	noun	4	5	0	1
ja	枇杷	noun	4	5	0	1
ja	決裂	noun	4	5	0	1
ja	旗本	noun	4	5	0	1
ja	飛び去り	verb	4	5	0	1
ja	引き分け	verb	4	5	0	1
ja	ユリ科	noun	4	5	0	1
ja	おざなり	noun	4	5	0	1
ja	労務	noun	4	5	0	1
ja	倍額	noun	4	5	0	1
ja	ヌーディスト	noun	4	5	0	1
ja	差しだし	verb	4	5	0	1
ja	差しつかえ	verb	4	5	0	1
ja	ハクチョウ	noun	4	5	0	1
ja	きこ	verb	4	5	0	1
ja	踏み潰し	verb	4	5	0	1
ja	より分ける	verb	4	5	0	1
ja	割り入れる	verb	4	5	0	1
ja	ふみつけ	verb	4	5	0	1
ja	全容	noun	4	5	0	1
ja	いんちき	noun	4	5	0	1
ja	坪	noun	4	5	0	1
ja	しりもち	noun	4	5	0	1
ja	旋律	noun	4	5	0	1
ja	使い込ん	verb	4	5	0	1
ja	散財	noun	4	5	0	1
ja	噛み付こう	verb	4	5	0	1
ja	盛衰	noun	4	5	0	1
ja	まくら	noun	4	5	0	1
ja	摘める	verb	4	5	0	1
ja	床板	noun	4	5	0	1
ja	ハサン	noun	4	5	0	1
ja	褒めちぎっ	verb	4	5	0	1
ja	目黒	noun	4	5	0	1
ja	リカ	noun	4	5	0	1
ja	かそう	verb	4	5	0	1
ja	イソイソ	adverb	4	5	0	1
ja	内縁	noun	4	5	0	1
ja	変電	noun	4	5	0	1
ja	チョット	adverb	4	5	0	1
ja	昌	noun	4	5	0	1
ja	不味	adjective	4	5	0	1
ja	一二三	noun	4	5	0	1
ja	ころがっ	verb	4	5	0	1
ja	掘り抜い	verb	4	5	0	1
ja	いそぐ	verb	4	5	0	1
ja	打ち解ける	verb	4	5	0	1
ja	ごい	adverb	4	5	0	1
ja	ＯＮＥ	noun	4	5	0	1
ja	トーニ	noun	4	5	0	1
ja	吹き付ける	verb	4	5	0	1
ja	補聴	noun	4	5	0	1
ja	小高い	adjective	4	5	0	1
ja	地盤	noun	4	5	0	1
ja	肢体	noun	4	5	0	1
ja	ブカレスト	noun	4	5	0	1
ja	ブルータス	noun	4	5	0	1
ja	連覇	noun	4	5	0	1
ja	うめき	verb	4	5	0	1
ja	ウスター	noun	4	5	0	1
ja	鳥皮	noun	4	5	0	1
ja	スライディング	noun	4	5	0	1
ja	放り上げ	verb	4	5	0	1
ja	言い逃れよう	verb	4	5	0	1
ja	なりゆき	noun	4	5	0	1
ja	水洗い	noun	4	5	0	1
ja	湯わかし	noun	4	5	0	1
ja	産み出し	verb	4	5	0	1
ja	体幹	noun	4	5	0	1
ja	ミニカー	noun	4	5	0	1
ja	別館	noun	4	5	0	1
ja	ＪＳＴ	noun	4	5	0	1
ja	下向き	noun	4	5	0	1
ja	羽根突き	noun	4	5	0	1
ja	老いる	verb	4	5	0	1
ja	宝塚	noun	4	5	0	1
ja	抜き足	noun	4	5	0	1
ja	こわれかかっ	verb	4	5	0	1
ja	流れ出る	verb	4	5	0	1
ja	ふき取っ	verb	4	5	0	1
ja	公文	noun	4	5	0	1
ja	毒々しい	adjective	4	5	0	1
ja	晩メシ	noun	4	5	0	1
ja	のしかかる	verb	4	5	0	1
ja	ダブルス	noun	4	5	0	1
ja	吐き散らす	verb	4	5	0	1
ja	ヒンギス	noun	4	5	0	1
ja	合い鍵	noun	4	5	0	1
ja	飼い馴らさ	verb	4	5	0	1
ja	湘	noun	4	5	0	1
ja	ひとり寝	noun	4	5	0	1
ja	好	adjective	4	5	0	1
ja	思いのほか	adverb	4	5	0	1
ja	回虫	noun	4	5	0	1
ja	凉子	noun	4	5	0	1
ja	そよ	adverb	4	5	0	1
ja	むっつり	adverb	4	5	0	1
ja	がた	adverb	4	5	0	1
ja	コラムニスト	noun	4	5	0	1
ja	たて続け	noun	4	5	0	1
ja	プラチナ	noun	4	5	0	1
ja	おずおず	adverb	4	5	0	1
ja	死に掛け	verb	4	5	0	1
ja	漏えい	noun	4	5	0	1
ja	抜け道	noun	4	5	0	1
ja	とびこむ	verb	4	5	0	1
ja	審	noun	4	5	0	1
ja	火ばさみ	noun	4	5	0	1
ja	へばりつい	verb	4	5	0	1
ja	輪っか	noun	4	5	0	1
ja	汚物	noun	4	5	0	1
ja	マーロー	noun	4	5	0	1
ja	錆びつい	verb	4	5	0	1
ja	片っぽ	noun	4	5	0	1
ja	花会	noun	4	5	0	1
ja	吟醸	noun	4	5	0	1
ja	切り上げよう	verb	4	5	0	1
ja	たらたら	adverb	4	5	0	1
ja	惹き	verb	4	5	0	1
ja	希書	noun	4	5	0	1
ja	顔付き	noun	4	5	0	1
ja	基幹	noun	4	5	0	1
ja	立ち退か	verb	4	5	0	1
ja	わめき声	noun	4	5	0	1
ja	かぶせる	verb	4	5	0	1
ja	くっつけよう	verb	4	5	0	1
ja	めじり	noun	4	5	0	1
ja	カチリ	adverb	4	5	0	1
ja	まるめこみ	verb	4	5	0	1
ja	ばら	adverb	4	5	0	1
ja	朱肉	noun	4	5	0	1
ja	ヴィーナス	noun	4	5	0	1
ja	葬ら	verb	4	5	0	1
ja	ツーリング	noun	4	5	0	1
ja	国庫	noun	4	5	0	1
ja	だんご	noun	4	5	0	1
ja	後攻	noun	4	5	0	1
ja	コンパートメント	noun	4	5	0	1
ja	たちむかえ	verb	4	5	0	1
ja	間口	noun	4	5	0	1
ja	善政	noun	4	5	0	1
ja	のがす	verb	4	5	0	1
ja	吸い取り	noun	4	5	0	1
ja	年貢	noun	4	5	0	1
ja	スパゲッティー	noun	4	5	0	1
ja	おさえる	verb	4	5	0	1
ja	カルキ	noun	4	5	0	1
ja	寒から	adjective	4	5	0	1
ja	食い込む	verb	4	5	0	1
ja	後脚	noun	4	5	0	1
ja	懸垂	noun	4	5	0	1
ja	セック	noun	4	5	0	1
ja	明大	noun	4	5	0	1
ja	白組	noun	4	5	0	1
ja	四足	noun	4	5	0	1
ja	ありつい	verb	4	5	0	1
ja	カニカマ	noun	4	5	0	1
ja	アーリントン	noun	4	5	0	1
ja	通りかかる	verb	4	5	0	1
ja	たのみ	verb	4	5	0	1
ja	腱鞘	noun	4	5	0	1
ja	ミューズ	noun	4	5	0	1
ja	威信	noun	4	5	0	1
ja	鼻声	noun	4	5	0	1
ja	正味	noun	4	5	0	1
ja	とどろく	verb	4	5	0	1
ja	一本	noun	4	5	0	1
ja	丸め込ん	verb	4	5	0	1
ja	鮮	noun	4	5	0	1
ja	のり子	noun	4	5	0	1
ja	トモダチ	noun	4	5	0	1
ja	タエ	noun	4	5	0	1
ja	賃	noun	4	5	0	1
ja	とばり	noun	4	5	0	1
ja	風向き	noun	4	5	0	1
ja	フィンリー	noun	4	5	0	1
ja	内紛	noun	4	5	0	1
ja	みこ	noun	4	5	0	1
ja	宝探し	noun	4	5	0	1
ja	閂	noun	4	5	0	1
ja	カッ	adverb	4	5	0	1
ja	はばたき	verb	4	5	0	1
ja	砲丸	noun	4	5	0	1
ja	首元	noun	4	5	0	1
ja	読本	noun	4	5	0	1
ja	むき出し	verb	4	5	0	1
ja	丁目	noun	4	5	0	1
ja	あえぎあえぎ	adverb	4	5	0	1
ja	恩着せ	noun	4	5	0	1
ja	安っぽく	adjective	4	5	0	1
ja	暖流	noun	4	5	0	1
ja	変質	noun	4	5	0	1
ja	傀儡	noun	4	5	0	1
ja	がつ	adverb	4	5	0	1
ja	効きめ	noun	4	5	0	1
ja	くいしばっ	verb	4	5	0	1
ja	ひとり遊び	noun	4	5	0	1
ja	グラボ	noun	4	5	0	1
ja	天命	noun	4	5	0	1
ja	満潮	noun	4	5	0	1
ja	卸し	noun	4	5	0	1
ja	曽根崎	noun	4	5	0	1
ja	トール	noun	4	5	0	1
ja	ナインティー	noun	4	5	0	1
ja	敵機	noun	4	5	0	1
ja	ランス	noun	4	5	0	1
ja	レベッカ	noun	4	5	0	1
ja	染み入る	verb	4	5	0	1
ja	ひきかけ	verb	4	5	0	1
ja	塗り直し	noun	4	5	0	1
ja	叩き壊し	verb	4	5	0	1
ja	チームメイト	noun	4	5	0	1
ja	軍楽	noun	4	5	0	1
ja	聞きだし	verb	4	5	0	1
ja	ギルバート	noun	4	5	0	1
ja	四角い	adjective	4	5	0	1
ja	取り組まさ	verb	4	5	0	1
ja	とり囲ま	verb	4	5	0	1
ja	いぼ	noun	4	5	0	1
ja	四則	noun	4	5	0	1
ja	ヘイリー	noun	4	5	0	1
ja	押し開けよう	verb	4	5	0	1
ja	タンガニーカ	noun	4	5	0	1
ja	競泳	noun	4	5	0	1
ja	せき止め	noun	4	5	0	1
ja	ショールーム	noun	4	5	0	1
ja	逆手	noun	4	5	0	1
ja	断ぜ	verb	4	5	0	1
ja	焼き払わ	verb	4	5	0	1
ja	家宝	noun	4	5	0	1
ja	ほださ	verb	4	5	0	1
ja	餓え	noun	4	5	0	1
ja	石動	noun	4	5	0	1
ja	恒心	noun	4	5	0	1
ja	鍛錬	noun	4	5	0	1
ja	特使	noun	4	5	0	1
ja	クロッカス	noun	4	5	0	1
ja	公述	noun	4	5	0	1
ja	弱き	adjective	4	5	0	1
ja	唐木	noun	4	5	0	1
ja	つるはし	noun	4	5	0	1
ja	明石家	noun	4	5	0	1
ja	振り払う	verb	4	5	0	1
ja	分け与え	verb	4	5	0	1
ja	活況	noun	4	5	0	1
ja	ラベンダー	noun	4	5	0	1
ja	驕傲	noun	4	5	0	1
ja	天分	noun	4	5	0	1
ja	見わたす	verb	4	5	0	1
ja	凍傷	noun	4	5	0	1
ja	みせびらかす	verb	4	5	0	1
ja	持ち歌	noun	4	5	0	1
ja	ダイブ	noun	4	5	0	1
ja	ぜんいん	noun	4	5	0	1
ja	スウィッチ	noun	4	5	0	1
ja	倍数	noun	4	5	0	1
ja	掘り当てよう	verb	4	5	0	1
ja	テグシガルパ	noun	4	5	0	1
ja	ルネ	noun	4	5	0	1
ja	生殖	noun	4	5	0	1
ja	アンマン	noun	4	5	0	1
ja	私語	noun	4	5	0	1
ja	うずら卵	noun	4	5	0	1
ja	皆実	noun	4	5	0	1
ja	つまみあげ	verb	4	5	0	1
ja	証左	noun	4	5	0	1
ja	満州	noun	4	5	0	1
ja	住みつい	verb	4	5	0	1
ja	純米	noun	4	5	0	1
ja	帰巣	noun	4	5	0	1
ja	トレンチ	noun	4	5	0	1
ja	しらみつぶし	noun	4	5	0	1
ja	乗り組ん	verb	4	5	0	1
ja	支え合える	verb	4	5	0	1
ja	みつばち	noun	4	5	0	1
ja	現	noun	4	5	0	1
ja	めだっ	verb	4	5	0	1
ja	引き続い	verb	4	5	0	1
ja	きょときょと	adverb	4	5	0	1
ja	甘み	noun	4	5	0	1
ja	忘れさら	verb	4	5	0	1
ja	チューダー	noun	4	5	0	1
ja	焼刃	noun	4	5	0	1
ja	ギムナジウム	noun	4	5	0	1
ja	痣	noun	4	5	0	1
ja	見下ろせ	verb	4	5	0	1
ja	世直し	noun	4	5	0	1
ja	近藤	noun	4	5	0	1
ja	ＪＡ	noun	4	5	0	1
ja	無洗	noun	4	5	0	1
ja	本毛	noun	4	5	0	1
ja	怒涛	noun	4	5	0	1
ja	初志	noun	4	5	0	1
ja	コンニャク	noun	4	5	0	1
ja	咲き匂う	verb	4	5	0	1
ja	生協	noun	4	5	0	1
ja	ハー	noun	4	5	0	1
ja	素行	noun	4	5	0	1
ja	リッチ	noun	4	5	0	1
ja	踊り回っ	verb	4	5	0	1
ja	読み込め	verb	4	5	0	1
ja	カーン	noun	4	5	0	1
ja	重たく	adjective	4	5	0	1
ja	ツル	noun	4	5	0	1
ja	鍵っ子	noun	4	5	0	1
ja	ヤク	noun	4	5	0	1
ja	ヌミ	noun	4	5	0	1
ja	宇野	noun	4	5	0	1
ja	奥行き	noun	4	5	0	1
ja	めし	noun	4	5	0	1
ja	デイリー	noun	4	5	0	1
ja	乾咳	noun	4	5	0	1
ja	しごと	noun	4	5	0	1
ja	ゴミ拾い	noun	4	5	0	1
ja	ロムルス	noun	4	5	0	1
ja	舞子	noun	4	5	0	1
ja	遠山	noun	4	5	0	1
ja	脂身	noun	4	5	0	1
ja	震盪	noun	4	5	0	1
ja	琴	noun	4	5	0	1
ja	ぐいっ	adverb	4	5	0	1
ja	そでの下	noun	4	5	0	1
ja	セゴビア	noun	4	5	0	1
ja	助け合える	verb	4	5	0	1
ja	噛み潰し	verb	4	5	0	1
ja	大頭	noun	4	5	0	1
ja	隣りあっ	verb	4	5	0	1
ja	めぐり	noun	4	5	0	1
ja	新茶	noun	4	5	0	1
ja	メロディ	noun	4	5	0	1
ja	切り出す	verb	4	5	0	1
ja	悶え苦しん	verb	4	5	0	1
ja	ひっかき	verb	4	5	0	1
ja	こづき	verb	4	5	0	1
ja	なりあがっ	verb	4	5	0	1
ja	サッポー	noun	4	5	0	1
ja	ガンジス	noun	4	5	0	1
ja	勝ち取り	verb	4	5	0	1
ja	くち	noun	4	5	0	1
ja	特効	noun	4	5	0	1
ja	クレーマー	noun	4	5	0	1
ja	主犯	noun	4	5	0	1
ja	おびきよせる	verb	4	5	0	1
ja	カルシウム	noun	4	5	0	1
ja	めざめ	verb	4	5	0	1
ja	デューン	noun	4	5	0	1
ja	およぎ	verb	4	5	0	1
ja	つき出し	verb	4	5	0	1
ja	広美	noun	4	5	0	1
ja	常設	noun	4	5	0	1
ja	いくさ	noun	4	5	0	1
ja	落花	noun	4	5	0	1
ja	もみ合っ	verb	4	5	0	1
ja	再訪	noun	4	5	0	1
ja	趺坐	noun	4	5	0	1
ja	油揚げ	noun	4	5	0	1
ja	矢面	noun	4	5	0	1
ja	夜霧	noun	4	5	0	1
ja	謙	noun	4	5	0	1
ja	隣り合っ	verb	4	5	0	1
ja	あく抜き	noun	4	5	0	1
ja	キャッシング	noun	4	5	0	1
ja	無勢	noun	4	5	0	1
ja	しみ込ん	verb	4	5	0	1
ja	俸給	noun	4	5	0	1
ja	恨む	verb	4	5	0	1
ja	うみだし	verb	4	5	0	1
ja	スイセン	noun	4	5	0	1
ja	ったく	adverb	4	5	0	1
ja	ナルホド	adverb	4	5	0	1
ja	縋る	verb	4	5	0	1
ja	重箱	noun	4	5	0	1
ja	突っ切っ	verb	4	5	0	1
ja	大盛り	noun	4	5	0	1
ja	かす	noun	4	5	0	1
ja	ジャクージ	noun	4	5	0	1
ja	テレカ	noun	4	5	0	1
ja	泣きやん	verb	4	5	0	1
ja	ニューロ	noun	4	5	0	1
ja	アユ釣り	noun	4	5	0	1
ja	ぶかい	adjective	4	5	0	1
ja	モンシロ	noun	4	5	0	1
ja	条文	noun	4	5	0	1
ja	指し示す	verb	4	5	0	1
ja	倍率	noun	4	5	0	1
ja	風紀	noun	4	5	0	1
ja	ぼやけ	verb	4	5	0	1
ja	ロサンジェルス	noun	4	5	0	1
ja	苦行	noun	4	5	0	1
ja	百害	noun	4	5	0	1
ja	鳥肉	noun	4	5	0	1
ja	全品	noun	4	5	0	1
ja	佳子	noun	4	5	0	1
ja	向い側	noun	4	5	0	1
ja	ねらわ	verb	4	5	0	1
ja	沿道	noun	4	5	0	1
ja	インガルス	noun	4	5	0	1
ja	くずかご	noun	4	5	0	1
ja	エバ	noun	4	5	0	1
ja	泣き明かし	verb	4	5	0	1
ja	Ｔｏｋｙｏ	noun	4	5	0	1
ja	引っかい	verb	4	5	0	1
ja	抱き合う	verb	4	5	0	1
ja	亡骸	noun	4	5	0	1
ja	どしん	adverb	4	5	0	1
ja	びっしり	adverb	4	5	0	1
ja	悩みごと	noun	4	5	0	1
ja	だめ	compounds	4	5	0	1
ja	駆り集め	verb	4	5	0	1
ja	すき腹	noun	4	5	0	1
ja	近づこう	verb	4	5	0	1
ja	裏返さ	verb	4	5	0	1
ja	ヤッパリ	adverb	4	5	0	1
ja	おんがく	noun	4	5	0	1
ja	サラー	noun	4	5	0	1
ja	ことわり	noun	4	5	0	1
ja	かけ回っ	verb	4	5	0	1
ja	サーファー	noun	4	5	0	1
ja	すぎよう	verb	4	5	0	1
ja	取り憑く	verb	4	5	0	1
ja	メチャクチャ	adverb	4	5	0	1
ja	やぶっ	verb	4	5	0	1
ja	泣き叫ん	verb	4	5	0	1
ja	木工	noun	4	5	0	1
ja	飛びのい	verb	4	5	0	1
ja	とどめ	noun	4	5	0	1
ja	信良	noun	4	5	0	1
ja	賃料	noun	4	5	0	1
ja	ガチッ	adverb	4	5	0	1
ja	反意	noun	4	5	0	1
ja	ジロウ	noun	4	5	0	1
ja	目覚しく	adjective	4	5	0	1
ja	白線	noun	4	5	0	1
ja	取りはからっ	verb	4	5	0	1
ja	食肉	noun	4	5	0	1
ja	かれる	verb	4	5	0	1
ja	運び去っ	verb	4	5	0	1
ja	とがめだて	verb	4	5	0	1
ja	雨あられ	noun	4	5	0	1
ja	さまたげ	noun	4	5	0	1
ja	言い値	noun	4	5	0	1
ja	薄暮	noun	4	5	0	1
ja	木の芽	noun	4	5	0	1
ja	めとる	verb	4	5	0	1
ja	肴	noun	4	5	0	1
ja	○	noun	4	5	0	1
ja	農法	noun	4	5	0	1
ja	のし	verb	4	5	0	1
ja	べっとり	adverb	4	5	0	1
ja	込み	noun	4	5	0	1
ja	学籍	noun	4	5	0	1
ja	あえ	verb	4	5	0	1
ja	ラニア	noun	4	5	0	1
ja	可愛らし	adjective	4	5	0	1
ja	コストコ	noun	4	5	0	1
ja	あざ笑い	verb	4	5	0	1
ja	威嚇	noun	4	5	0	1
ja	張り巡らさ	verb	4	5	0	1
ja	仏仏	noun	4	5	0	1
ja	駆け抜け	verb	4	5	0	1
ja	アーケード	noun	4	5	0	1
ja	補おう	verb	4	5	0	1
ja	ベアトリス	noun	4	5	0	1
ja	わき	verb	4	5	0	1
ja	減産	noun	4	5	0	1
ja	掘り出さ	verb	4	5	0	1
ja	へったくれ	noun	4	5	0	1
ja	難行	noun	4	5	0	1
ja	うつす	verb	4	5	0	1
ja	ぶっ倒れる	verb	4	5	0	1
ja	試	verb	4	5	0	1
ja	わがまま勝手	noun	4	5	0	1
ja	反芻	noun	4	5	0	1
ja	さほど	compounds	4	5	0	1
ja	バラ色	noun	4	5	0	1
ja	すばしこく	adjective	4	5	0	1
ja	スレーター	noun	4	5	0	1
ja	躊躇う	verb	4	5	0	1
ja	不徳	noun	4	5	0	1
ja	昇り降り	noun	4	5	0	1
ja	運び上げ	verb	4	5	0	1
ja	度重なれ	verb	4	5	0	1
ja	煮立た	verb	4	5	0	1
ja	賭けれ	verb	4	5	0	1
ja	打ち枯らし	verb	4	5	0	1
ja	ドナ	noun	4	5	0	1
ja	練り歩い	verb	4	5	0	1
ja	才気	noun	4	5	0	1
ja	ギー	noun	4	5	0	1
ja	埋め合わせよう	verb	4	5	0	1
ja	組み入れよう	verb	4	5	0	1
ja	祟り	verb	4	5	0	1
ja	冥土	noun	4	5	0	1
ja	生まれ変わり	verb	4	5	0	1
ja	たえしのん	verb	4	5	0	1
ja	ひょいひょい	adverb	4	5	0	1
ja	ふれ回っ	verb	4	5	0	1
ja	系図	noun	4	5	0	1
ja	結び合う	verb	4	5	0	1
ja	おう吐	noun	4	5	0	1
ja	火炎	noun	4	5	0	1
ja	水圧	noun	4	5	0	1
ja	オス犬	noun	4	5	0	1
ja	毎秋	noun	4	5	0	1
ja	どっかと	adverb	4	5	0	1
ja	秤	noun	4	5	0	1
ja	栗色	noun	4	5	0	1
ja	ニヤリ	adverb	4	5	0	1
ja	のど元	noun	4	5	0	1
ja	中浜	noun	4	5	0	1
ja	転	noun	4	5	0	1
ja	麻里	noun	4	5	0	1
ja	青田	noun	4	5	0	1
ja	実名	noun	4	5	0	1
ja	鼻先	noun	4	5	0	1
ja	ナ	noun	4	5	0	1
ja	さけ	noun	4	5	0	1
ja	ささ	noun	4	5	0	1
ja	メイフラワー	noun	4	5	0	1
ja	打解け	verb	4	5	0	1
ja	殴り返す	verb	4	5	0	1
ja	名文	noun	4	5	0	1
ja	由紀夫	noun	4	5	0	1
ja	からかおう	verb	4	5	0	1
ja	ふさがり	noun	4	5	0	1
ja	湖岸	noun	4	5	0	1
ja	オンタリオ	noun	4	5	0	1
ja	墓碑	noun	4	5	0	1
ja	新設	noun	4	5	0	1
ja	燃え上がる	verb	4	5	0	1
ja	売り出さ	verb	4	5	0	1
ja	いびり	noun	4	5	0	1
ja	ツグミ	noun	4	5	0	1
ja	愛し合わ	verb	4	5	0	1
ja	兜	noun	4	5	0	1
ja	割引き	noun	4	5	0	1
ja	バタバタ	adverb	4	5	0	1
ja	スキッパー	noun	4	5	0	1
ja	三原	noun	4	5	0	1
ja	頃合い	noun	4	5	0	1
ja	砂上	noun	4	5	0	1
ja	ＳＯＳ	noun	4	5	0	1
ja	楕円	noun	4	5	0	1
ja	恩赦	noun	4	5	0	1
ja	生真面目	noun	4	5	0	1
ja	安住	noun	4	5	0	1
ja	ふきとる	verb	4	5	0	1
ja	復縁	noun	4	5	0	1
ja	怯ん	verb	4	5	0	1
ja	切れ端	noun	4	5	0	1
ja	カウ	noun	4	5	0	1
ja	しゅんと	adverb	4	5	0	1
ja	タバスコ	noun	4	5	0	1
ja	ボイラ	noun	4	5	0	1
ja	差し伸べる	verb	4	5	0	1
ja	渡り	noun	4	5	0	1
ja	辞する	verb	4	5	0	1
ja	水風呂	noun	4	5	0	1
ja	瓦	noun	4	5	0	1
ja	白秋	noun	4	5	0	1
ja	ヒモ	noun	4	5	0	1
ja	梁	noun	4	5	0	1
ja	呼び止める	verb	4	5	0	1
ja	ふりかかる	verb	4	5	0	1
ja	エルバ	noun	4	5	0	1
ja	抜け出せる	verb	4	5	0	1
ja	かずこ	noun	4	5	0	1
ja	くも膜	noun	4	5	0	1
ja	閉山	noun	4	5	0	1
ja	紙製	noun	4	5	0	1
ja	おわす	verb	4	5	0	1
ja	くすぶっ	verb	4	5	0	1
ja	蚤の市	noun	4	5	0	1
ja	舗道	noun	4	5	0	1
ja	トリプル	noun	4	5	0	1
ja	恒産	noun	4	5	0	1
ja	優紀子	noun	4	5	0	1
ja	あらかた	noun	4	5	0	1
ja	撒き散らさ	verb	4	5	0	1
ja	倍し	verb	4	5	0	1
ja	とぶ	verb	4	5	0	1
ja	ボーカル	noun	4	5	0	1
ja	獄舎	noun	4	5	0	1
ja	エミー	noun	4	5	0	1
ja	見せ合っ	verb	4	5	0	1
ja	荒	verb	4	5	0	1
ja	良貨	noun	4	5	0	1
ja	和田	noun	4	5	0	1
ja	熱血	noun	4	5	0	1
ja	やみつき	verb	4	5	0	1
ja	アップタウン	noun	4	5	0	1
ja	揺れ動い	verb	4	5	0	1
ja	茶づけ	noun	4	5	0	1
ja	中等	noun	4	5	0	1
ja	へり	noun	4	5	0	1
ja	荒れ狂っ	verb	4	5	0	1
ja	更年	noun	4	5	0	1
ja	騒がし	adjective	4	5	0	1
ja	身銭	noun	4	5	0	1
ja	たどたどしい	adjective	4	5	0	1
ja	馴れ馴れしく	adjective	4	5	0	1
ja	すきっ腹	noun	4	5	0	1
ja	差し向け	verb	4	5	0	1
ja	声帯	noun	4	5	0	1
ja	キャディー	noun	4	5	0	1
ja	水臭い	adjective	4	5	0	1
ja	ルース	noun	4	5	0	1
ja	通年	noun	4	5	0	1
ja	試金	noun	4	5	0	1
ja	イッキ	noun	4	5	0	1
ja	取り留め	verb	4	5	0	1
ja	売り買い	noun	4	5	0	1
ja	あせも	noun	4	5	0	1
ja	大中	noun	4	5	0	1
ja	転げる	verb	4	5	0	1
ja	孝	noun	4	5	0	1
ja	クローディア	noun	4	5	0	1
ja	１，２	noun	4	5	0	1
ja	踏みこむ	verb	4	5	0	1
ja	遊学	noun	4	5	0	1
ja	サボ	noun	4	5	0	1
ja	老木	noun	4	5	0	1
ja	振り落とさ	verb	4	5	0	1
ja	放縦	noun	4	5	0	1
ja	跳び上がろう	verb	4	5	0	1
ja	詐称	noun	4	5	0	1
ja	梃子	noun	4	5	0	1
ja	幕の内	noun	4	5	0	1
ja	いばりちらし	verb	4	5	0	1
ja	つけ麺	noun	4	5	0	1
ja	分針	noun	4	5	0	1
ja	前奏	noun	4	5	0	1
ja	慢心	noun	4	5	0	1
ja	かさむ	verb	4	5	0	1
ja	流氷	noun	4	5	0	1
ja	せわしなく	adjective	4	5	0	1
ja	どなりつける	verb	4	5	0	1
ja	吊り下げ	verb	4	5	0	1
ja	きりとっ	verb	4	5	0	1
ja	健次	noun	4	5	0	1
ja	でよう	verb	4	5	0	1
ja	諍い	noun	4	5	0	1
ja	下さり	verb	4	5	0	1
ja	ヤマガタ	noun	4	5	0	1
ja	エード	noun	4	5	0	1
ja	引き入れ	verb	4	5	0	1
ja	映え	verb	4	5	0	1
ja	あまやかさ	verb	4	5	0	1
ja	菜々	noun	4	5	0	1
ja	叩け	verb	4	5	0	1
ja	大仕事	noun	4	5	0	1
ja	佇まい	noun	4	5	0	1
ja	轢き	verb	4	5	0	1
ja	ふりまい	verb	4	5	0	1
ja	膝頭	noun	4	5	0	1
ja	ミゼラブル	noun	4	5	0	1
ja	逆らい	verb	4	5	0	1
ja	ジュエリー	noun	4	5	0	1
ja	客入り	noun	4	5	0	1
ja	実写	noun	4	5	0	1
ja	ピーラー	noun	4	5	0	1
ja	這い	verb	4	5	0	1
ja	ぼた餅	noun	4	5	0	1
ja	皇后	noun	4	5	0	1
ja	欲しけりゃ	adjective	4	5	0	1
ja	あつあつ	noun	4	5	0	1
ja	べろっ	adverb	4	5	0	1
ja	面白味	noun	4	5	0	1
ja	まっとう	adverb	4	5	0	1
ja	ブレンドン	noun	4	5	0	1
ja	刻み込ま	verb	4	5	0	1
ja	べろべろ	adverb	4	5	0	1
ja	ゆでこぼし	noun	4	5	0	1
ja	死にざま	noun	4	5	0	1
ja	雷雲	noun	4	5	0	1
ja	割り切ろう	verb	4	5	0	1
ja	窪み	noun	4	5	0	1
ja	アロ	noun	4	5	0	1
ja	叩き割っ	verb	4	5	0	1
ja	国富	noun	4	5	0	1
ja	大にぎわい	noun	4	5	0	1
ja	立ちあがり	verb	4	5	0	1
ja	駆けまわっ	verb	4	5	0	1
ja	結跏	noun	4	5	0	1
ja	採れたて	noun	4	5	0	1
ja	握りつぶし	verb	4	5	0	1
ja	明良	noun	4	5	0	1
ja	罵り	verb	4	5	0	1
ja	早飯	noun	4	5	0	1
ja	畜産	noun	4	5	0	1
ja	しくじる	verb	4	5	0	1
ja	帆走	noun	4	5	0	1
ja	ぶっつづけ	verb	4	5	0	1
ja	た易い	adjective	4	5	0	1
ja	シャドー	noun	4	5	0	1
ja	車検	noun	4	5	0	1
ja	投げ与える	verb	4	5	0	1
ja	灼熱	noun	4	5	0	1
ja	別宅	noun	4	5	0	1
ja	うす	adjective	4	5	0	1
ja	瓜	noun	4	5	0	1
ja	力強	adjective	4	5	0	1
ja	由利	noun	4	5	0	1
ja	掴まえよう	verb	4	5	0	1
ja	ミニマム	noun	4	5	0	1
ja	両論	noun	4	5	0	1
ja	ぐうの音	noun	4	5	0	1
ja	噛みつき	verb	4	5	0	1
ja	裏声	noun	4	5	0	1
ja	誓子	noun	4	5	0	1
ja	シャ	adverb	4	5	0	1
ja	見直そう	verb	4	5	0	1
ja	岐路	noun	4	5	0	1
ja	俗事	noun	4	5	0	1
ja	前転	noun	4	5	0	1
ja	痛々しい	adjective	4	5	0	1
ja	発とう	verb	4	5	0	1
ja	駆け下っ	verb	4	5	0	1
ja	絵筆	noun	4	5	0	1
ja	まゆつば	noun	4	5	0	1
ja	海鮮	noun	4	5	0	1
ja	アールト	noun	4	5	0	1
ja	乱闘	noun	4	5	0	1
ja	東経	noun	4	5	0	1
ja	ハルヒ	noun	4	5	0	1
ja	過渡	noun	4	5	0	1
ja	トルティーヤ	noun	4	5	0	1
ja	拭き取っ	verb	4	5	0	1
ja	錬り	verb	4	5	0	1
ja	見せれ	verb	4	5	0	1
ja	舌鼓	noun	4	5	0	1
ja	のこのこ	adverb	4	5	0	1
ja	ふいご	noun	4	5	0	1
ja	憎	adjective	4	5	0	1
ja	鋳物	noun	4	5	0	1
ja	俳壇	noun	4	5	0	1
ja	たたきあげ	verb	4	5	0	1
ja	見取り	noun	4	5	0	1
ja	今道	noun	4	5	0	1
ja	貴賎	noun	4	5	0	1
ja	海塩	noun	4	5	0	1
ja	ケー	noun	4	5	0	1
ja	旧弊	noun	4	5	0	1
ja	朝家	noun	4	5	0	1
ja	ひっかかり	verb	4	5	0	1
ja	流れ込み	verb	4	5	0	1
ja	パッシング	noun	4	5	0	1
ja	ギーギー	adverb	4	5	0	1
ja	カフカ	noun	4	5	0	1
ja	おもむろに	adverb	4	5	0	1
ja	三毛	noun	4	5	0	1
ja	食い違い	verb	4	5	0	1
ja	ひっかかる	verb	4	5	0	1
ja	送話	noun	4	5	0	1
ja	含み	noun	4	5	0	1
ja	あやまり	verb	4	5	0	1
ja	牛蒡	noun	4	5	0	1
ja	ゴシゴシ	adverb	4	5	0	1
ja	スパム	noun	4	5	0	1
ja	つみ	noun	4	5	0	1
ja	コンパニオン	noun	4	5	0	1
ja	むせ返っ	verb	4	5	0	1
ja	ホイル	noun	4	5	0	1
ja	アナグラム	noun	4	5	0	1
ja	ホッケ	noun	4	5	0	1
ja	まもる	verb	4	5	0	1
ja	バウムクーヘン	noun	4	5	0	1
ja	狭心	noun	4	5	0	1
ja	フォイエルバッハ	noun	4	5	0	1
ja	盆踊り	noun	4	5	0	1
ja	せんさく	noun	4	5	0	1
ja	ン十	noun	4	5	0	1
ja	ぬけぬけ	adverb	4	5	0	1
ja	ちりぢり	noun	4	5	0	1
ja	なさり	verb	4	5	0	1
ja	くっ	adverb	4	5	0	1
ja	高遠	noun	4	5	0	1
ja	悲哀	noun	4	5	0	1
ja	並び替える	verb	4	5	0	1
ja	肥やす	verb	4	5	0	1
ja	沈着	noun	4	5	0	1
ja	乗り降り	noun	4	5	0	1
ja	掻き立て	verb	4	5	0	1
ja	リヤ	noun	4	5	0	1
ja	生きざま	noun	4	5	0	1
ja	ダビッドソン	noun	4	5	0	1
ja	液状	noun	4	5	0	1
ja	一人親	noun	4	5	0	1
ja	ハーレー	noun	4	5	0	1
ja	みさ	noun	4	5	0	1
ja	副官	noun	4	5	0	1
ja	にがい	adjective	4	5	0	1
ja	おおく	adjective	4	5	0	1
ja	拓也	noun	4	5	0	1
ja	汀線	noun	4	5	0	1
ja	コージー	noun	4	5	0	1
ja	コットン	noun	4	5	0	1
ja	つむぐ	verb	4	5	0	1
ja	アリエル	noun	4	5	0	1
ja	馬券	noun	4	5	0	1
ja	カミーユ	noun	4	5	0	1
ja	編み込み	noun	4	5	0	1
ja	辞林	noun	4	5	0	1
ja	見守ろう	verb	4	5	0	1
ja	ざわり	noun	4	5	0	1
ja	ガーファンクル	noun	4	5	0	1
ja	やつあたり	noun	4	5	0	1
ja	愚弟	noun	4	5	0	1
ja	女っ気	noun	4	5	0	1
ja	立ち振る舞い	noun	4	5	0	1
ja	なりわい	noun	4	5	0	1
ja	クラベ	noun	4	5	0	1
ja	たえま	noun	4	5	0	1
ja	垢抜け	noun	4	5	0	1
ja	菜の花	noun	4	5	0	1
ja	のぼせあがっ	verb	4	5	0	1
ja	言い直し	noun	4	5	0	1
ja	追い風	noun	4	5	0	1
ja	チョーサー	noun	4	5	0	1
ja	拝察	noun	4	5	0	1
ja	荒海	noun	4	5	0	1
ja	取り繕っ	verb	4	5	0	1
ja	アバウト	noun	4	5	0	1
ja	かたまっ	verb	4	5	0	1
ja	最	noun	4	5	0	1
ja	切り上げる	verb	4	5	0	1
ja	こせこせ	adverb	4	5	0	1
ja	たったいま	compounds	4	5	0	1
ja	シャモニー	noun	4	5	0	1
ja	花札	noun	4	5	0	1
ja	スモモ	noun	4	5	0	1
ja	引き抜き	verb	4	5	0	1
ja	シュワイツァー	noun	4	5	0	1
ja	術中	noun	4	5	0	1
ja	猛然	adverb	4	5	0	1
ja	明かそう	verb	4	5	0	1
ja	持分	noun	4	5	0	1
ja	なつこい	adjective	4	5	0	1
ja	終わん	verb	4	5	0	1
ja	フレディー	noun	4	5	0	1
ja	おんな	noun	4	5	0	1
ja	刻苦	noun	4	5	0	1
ja	リクリエーション	noun	4	5	0	1
ja	膾	noun	4	5	0	1
ja	人選	noun	4	5	0	1
ja	封切ら	verb	4	5	0	1
ja	ヨッ	noun	4	5	0	1
ja	情っ張り	noun	4	5	0	1
ja	感度	noun	4	5	0	1
ja	居よう	verb	4	5	0	1
ja	雪折れ	noun	4	5	0	1
ja	小杉	noun	4	5	0	1
ja	さしかかる	verb	4	5	0	1
ja	駆け降り	verb	4	5	0	1
ja	ハゲ	noun	4	5	0	1
ja	人波	noun	4	5	0	1
ja	私利	noun	4	5	0	1
ja	乗り回す	verb	4	5	0	1
ja	息遣い	noun	4	5	0	1
ja	押し戻し	verb	4	5	0	1
ja	宿代	noun	4	5	0	1
ja	はずん	verb	4	5	0	1
ja	暴利	noun	4	5	0	1
ja	逃げだし	verb	4	5	0	1
ja	高田馬場	noun	4	5	0	1
ja	評定	noun	4	5	0	1
ja	はしご酒	noun	4	5	0	1
ja	仕立て直さ	verb	4	5	0	1
ja	口和	noun	4	5	0	1
ja	フレデリック	noun	4	5	0	1
ja	かがみ	noun	4	5	0	1
ja	すね毛	noun	4	5	0	1
ja	飾	noun	4	5	0	1
ja	取り扱え	verb	4	5	0	1
ja	追い剥ぎ	noun	4	5	0	1
ja	叩き込ま	verb	4	5	0	1
ja	夜襲	noun	4	5	0	1
ja	静めよう	verb	4	5	0	1
ja	手ェ	noun	4	5	0	1
ja	中ら	verb	4	5	0	1
ja	押さえよう	verb	4	5	0	1
ja	着痩せ	noun	4	5	0	1
ja	花柄	noun	4	5	0	1
ja	成り代わっ	verb	4	5	0	1
ja	アプリコット	noun	4	5	0	1
ja	なまくら	noun	4	5	0	1
ja	ざわり	adverb	4	5	0	1
ja	だみ声	noun	4	5	0	1
ja	取りかえ	verb	4	5	0	1
ja	切り	noun	4	5	0	1
ja	隊商	noun	4	5	0	1
ja	縫い直し	verb	4	5	0	1
ja	グッチ	noun	4	5	0	1
ja	畏れ入り	verb	4	5	0	1
ja	楽章	noun	4	5	0	1
ja	オコナー	noun	4	5	0	1
ja	サボり	verb	4	5	0	1
ja	もごもご	adverb	4	5	0	1
ja	かえら	verb	4	5	0	1
ja	おどかし	noun	4	5	0	1
ja	差しのべる	verb	4	5	0	1
ja	水深	noun	4	5	0	1
ja	いのちがけ	noun	4	5	0	1
ja	口やかましい	adjective	4	5	0	1
ja	ケンイチ	noun	4	5	0	1
ja	くりだし	verb	4	5	0	1
ja	整髪	noun	4	5	0	1
ja	冊数	noun	4	5	0	1
ja	しんとう	noun	4	5	0	1
ja	考えごと	noun	4	5	0	1
ja	一皮	noun	4	5	0	1
ja	咲き乱れ	verb	4	5	0	1
ja	シーラカンス	noun	4	5	0	1
ja	湖面	noun	4	5	0	1
ja	控え	noun	4	5	0	1
ja	たぐり	verb	4	5	0	1
ja	丸薬	noun	4	5	0	1
ja	供花	noun	4	5	0	1
ja	無欲	noun	4	5	0	1
ja	数列	noun	4	5	0	1
ja	いわれ	noun	4	5	0	1
ja	レゴ	noun	4	5	0	1
ja	多感	noun	4	5	0	1
ja	歌姫	noun	4	5	0	1
ja	セレモニー	noun	4	5	0	1
ja	チャージ	noun	4	5	0	1
ja	片割れ	noun	4	5	0	1
ja	突き抜ける	verb	4	5	0	1
ja	ラティーノ	noun	4	5	0	1
ja	取り付けよう	verb	4	5	0	1
ja	綿畑	noun	4	5	0	1
ja	さいご	noun	4	5	0	1
ja	替わる	verb	4	5	0	1
ja	沢庵	noun	4	5	0	1
ja	つき進ん	verb	4	5	0	1
ja	首謀	noun	4	5	0	1
ja	雪おろし	noun	4	5	0	1
ja	ユーカリ	noun	4	5	0	1
ja	オース	noun	4	5	0	1
ja	ワラビ	noun	4	5	0	1
ja	ひねもす	adverb	4	5	0	1
ja	押しのける	verb	4	5	0	1
ja	習熟	noun	4	5	0	1
ja	ぼりぼり	adverb	4	5	0	1
ja	太股	noun	4	5	0	1
ja	見合い	verb	4	5	0	1
ja	脱法	noun	4	5	0	1
ja	セロハン	noun	4	5	0	1
ja	帳じり	noun	4	5	0	1
ja	失血	noun	4	5	0	1
ja	めざましく	adjective	4	5	0	1
ja	客船	noun	4	5	0	1
ja	ＴＩＭＥ	noun	4	5	0	1
ja	仕官	noun	4	5	0	1
ja	跳び越せ	verb	4	5	0	1
ja	中位	noun	4	5	0	1
ja	ルバーブ	noun	4	5	0	1
ja	アユ	noun	4	5	0	1
ja	ニンテン	noun	4	5	0	1
ja	焼け焦げ	noun	4	5	0	1
ja	自適	noun	4	5	0	1
ja	パラサイト	noun	4	5	0	1
ja	咲	noun	4	5	0	1
ja	アッシュ	noun	4	5	0	1
ja	増額	noun	4	5	0	1
ja	ことづけ	noun	4	5	0	1
ja	まき起こし	verb	4	5	0	1
ja	バーミセリ	noun	4	5	0	1
ja	ビター	noun	4	5	0	1
ja	搾り出し	verb	4	5	0	1
ja	気だて	noun	4	5	0	1
ja	書き改める	verb	4	5	0	1
ja	アクス	noun	4	5	0	1
ja	留まり	verb	4	5	0	1
ja	慰安	noun	4	5	0	1
ja	清聴	noun	4	5	0	1
ja	アルデンテ	noun	4	5	0	1
ja	選び出す	verb	4	5	0	1
ja	ふけこん	verb	4	5	0	1
ja	ロイド	noun	4	5	0	1
ja	憎み合う	verb	4	5	0	1
ja	月見	noun	4	5	0	1
ja	もさもさ	adverb	4	5	0	1
ja	読みあげ	verb	4	5	0	1
ja	嘆息	noun	4	5	0	1
ja	ふやける	verb	4	5	0	1
ja	雇い	noun	4	5	0	1
ja	たてつか	verb	4	5	0	1
ja	佐野	noun	4	5	0	1
ja	言霊	noun	4	5	0	1
ja	塑像	noun	4	5	0	1
ja	聞き知っ	verb	4	5	0	1
ja	潰そう	verb	4	5	0	1
ja	原簿	noun	4	5	0	1
ja	黒犬	noun	4	5	0	1
ja	白飯	noun	4	5	0	1
ja	スコール	noun	4	5	0	1
ja	書き添え	verb	4	5	0	1
ja	即日	noun	4	5	0	1
ja	生かそう	verb	4	5	0	1
ja	薬屋	noun	4	5	0	1
ja	かさばり	verb	4	5	0	1
ja	むね肉	noun	4	5	0	1
ja	クンニ	noun	4	5	0	1
ja	衡	noun	4	5	0	1
ja	風呂屋	noun	4	5	0	1
ja	市営	noun	4	5	0	1
ja	請け負っ	verb	4	5	0	1
ja	厚顔	noun	4	5	0	1
ja	増殖	noun	4	5	0	1
ja	炊きたて	noun	4	5	0	1
ja	いたら	verb	4	5	0	1
ja	やり残す	verb	4	5	0	1
ja	一人暮し	noun	4	5	0	1
ja	掃き	verb	4	5	0	1
ja	温かみ	noun	4	5	0	1
ja	クツ	noun	4	5	0	1
ja	だいだい色	noun	4	5	0	1
ja	押し当て	verb	4	5	0	1
ja	名立	noun	4	5	0	1
ja	不遇	noun	4	5	0	1
ja	はぐくむ	verb	4	5	0	1
ja	ざあっ	adverb	4	5	0	1
ja	他車	noun	4	5	0	1
ja	しゅ	adverb	4	5	0	1
ja	細切り	noun	4	5	0	1
ja	激し	adjective	4	5	0	1
ja	年額	noun	4	5	0	1
ja	南禅	noun	4	5	0	1
ja	ふきだまり	noun	4	5	0	1
ja	シワ	noun	4	5	0	1
ja	くさみ	noun	4	5	0	1
ja	怒声	noun	4	5	0	1
ja	玉虫	noun	4	5	0	1
ja	森川	noun	4	5	0	1
ja	慣らし	noun	4	5	0	1
ja	エンコーダ	noun	4	5	0	1
ja	売国	noun	4	5	0	1
ja	提言	noun	4	5	0	1
ja	氷のう	noun	4	5	0	1
ja	飼い慣らす	verb	4	5	0	1
ja	インテリジェンス	noun	4	5	0	1
ja	グリース	noun	4	5	0	1
ja	枚挙	noun	4	5	0	1
ja	水浴	noun	4	5	0	1
ja	クレンザー	noun	4	5	0	1
ja	ひっつく	verb	4	5	0	1
ja	カルタゴ	noun	4	5	0	1
ja	きらっ	verb	4	5	0	1
ja	堂	noun	4	5	0	1
ja	清張	noun	4	5	0	1
ja	クラッ	adverb	4	5	0	1
ja	おむすび	noun	4	5	0	1
ja	蒸し返し	verb	4	5	0	1
ja	製法	noun	4	5	0	1
ja	いたち	noun	4	5	0	1
ja	高いびき	noun	4	5	0	1
ja	トル	noun	4	5	0	1
ja	適温	noun	4	5	0	1
ja	走り回れる	verb	4	5	0	1
ja	アンデス	noun	4	5	0	1
ja	どぎつい	adjective	4	5	0	1
ja	敵地	noun	4	5	0	1
ja	そむか	verb	4	5	0	1
ja	ひきこもり	noun	4	5	0	1
ja	飛びおき	verb	4	5	0	1
ja	かいなか	noun	4	5	0	1
ja	高覧	noun	4	5	0	1
ja	藍染め	noun	4	5	0	1
ja	あせる	verb	4	5	0	1
ja	ふくれっ面	noun	4	5	0	1
ja	活かさ	verb	4	5	0	1
ja	岩棚	noun	4	5	0	1
ja	轟く	verb	4	5	0	1
ja	いんぎん	noun	4	5	0	1
ja	野手	noun	4	5	0	1
ja	人使い	noun	4	5	0	1
ja	考えつか	verb	4	5	0	1
ja	和尚	noun	4	5	0	1
ja	ぎゅう	adverb	4	5	0	1
ja	見せしめ	noun	4	5	0	1
ja	千賀子	noun	4	5	0	1
ja	尺	noun	4	5	0	1
ja	目がけ	verb	4	5	0	1
ja	へあがっ	verb	4	5	0	1
ja	すりゃ	verb	4	5	0	1
ja	覗き見	noun	4	5	0	1
ja	ぶち	noun	4	5	0	1
ja	いろり	noun	4	5	0	1
ja	安泰	noun	4	5	0	1
ja	出し抜く	verb	4	5	0	1
ja	臭気	noun	4	5	0	1
ja	グロッシェン	noun	4	5	0	1
ja	広野	noun	4	5	0	1
ja	除湿	noun	4	5	0	1
ja	木炭	noun	4	5	0	1
ja	鮎	noun	4	5	0	1
ja	砂肝	noun	4	5	0	1
ja	恐れおののき	verb	4	5	0	1
ja	食い	noun	4	5	0	1
ja	やせ細る	verb	4	5	0	1
ja	クラインガルテン	noun	4	5	0	1
ja	代わり映え	noun	4	5	0	1
ja	尋ねよう	verb	4	5	0	1
ja	国営	noun	4	5	0	1
ja	引き続き	noun	4	5	0	1
ja	語り明かそう	verb	4	5	0	1
ja	つり目	noun	4	5	0	1
ja	蓼	noun	4	5	0	1
ja	わき役	noun	4	5	0	1
ja	またたび	noun	4	5	0	1
ja	見過ごさ	verb	4	5	0	1
ja	ヤカン	noun	4	5	0	1
ja	バルブ	noun	4	5	0	1
ja	思いやり	verb	4	5	0	1
ja	寛恕	noun	4	5	0	1
ja	晶子	noun	4	5	0	1
ja	並はずれ	verb	4	5	0	1
ja	川床	noun	4	5	0	1
ja	ミニゲーム	noun	4	5	0	1
ja	くぐり抜け	verb	4	5	0	1
ja	ハーモニー	noun	4	5	0	1
ja	フクシア	noun	4	5	0	1
ja	だまし取り	verb	4	5	0	1
ja	地金	noun	4	5	0	1
ja	未曽有	noun	4	5	0	1
ja	睨み返し	verb	4	5	0	1
ja	中二	noun	4	5	0	1
ja	把瑠都	noun	4	5	0	1
ja	やせっぽち	noun	4	5	0	1
ja	ヒロミ	noun	4	5	0	1
ja	乳癌	noun	4	5	0	1
ja	兎に角	adverb	4	5	0	1
ja	ダビング	noun	4	5	0	1
ja	人畜	noun	4	5	0	1
ja	巣穴	noun	4	5	0	1
ja	取りえ	noun	4	5	0	1
ja	薄給	noun	4	5	0	1
ja	まつわりつい	verb	4	5	0	1
ja	剣岳	noun	4	5	0	1
ja	右耳	noun	4	5	0	1
ja	ゼルダ	noun	4	5	0	1
ja	詩集	noun	4	5	0	1
ja	フラメンコ	noun	4	5	0	1
ja	筑波	noun	4	5	0	1
ja	出来よう	verb	4	5	0	1
ja	ティアラ	noun	4	5	0	1
ja	だつ	noun	4	5	0	1
ja	シェラトン	noun	4	5	0	1
ja	続けざま	noun	4	5	0	1
ja	モンデール	noun	4	5	0	1
ja	上がろう	verb	4	5	0	1
ja	桃太郎	noun	4	5	0	1
ja	葉桜	noun	4	5	0	1
ja	寝入ら	verb	4	5	0	1
ja	ハス	noun	4	5	0	1
ja	有り余っ	verb	4	5	0	1
ja	小路	noun	4	5	0	1
ja	短篇	noun	4	5	0	1
ja	因習	noun	4	5	0	1
ja	エイジ	noun	4	5	0	1
ja	乗り換えよう	verb	4	5	0	1
ja	しょんべん	noun	4	5	0	1
ja	着古し	verb	4	5	0	1
ja	言いかけ	verb	4	5	0	1
ja	延べ棒	noun	4	5	0	1
ja	とりつけ	verb	4	5	0	1
ja	うるう年	noun	4	5	0	1
ja	すべりおりる	verb	4	5	0	1
ja	ベッカム	noun	4	5	0	1
ja	地階	noun	4	5	0	1
ja	スリー	noun	4	5	0	1
ja	暗やみ	noun	4	5	0	1
ja	スキッド	noun	4	5	0	1
ja	ティン	noun	4	5	0	1
ja	恨ま	verb	4	5	0	1
ja	屠殺	noun	4	5	0	1
ja	てかてか	adverb	4	5	0	1
ja	草取り	noun	4	5	0	1
ja	バイオーム	noun	4	5	0	1
ja	カンバス	noun	4	5	0	1
ja	みずから	noun	4	5	0	1
ja	手ぶり	noun	4	5	0	1
ja	脂っこ	adjective	4	5	0	1
ja	喜ばせ	verb	4	5	0	1
ja	心無い	adjective	4	5	0	1
ja	ぞろ目	noun	4	5	0	1
ja	包み隠そう	verb	4	5	0	1
ja	完結	noun	4	5	0	1
ja	思い出せん	verb	4	5	0	1
ja	たたき上げ	verb	4	5	0	1
ja	スイレン	noun	4	5	0	1
ja	ノル	noun	4	5	0	1
ja	マクレラン	noun	4	5	0	1
ja	産後	noun	4	5	0	1
ja	上長	noun	4	5	0	1
ja	留金	noun	4	5	0	1
ja	サーフ	noun	4	5	0	1
ja	わけて	adverb	4	5	0	1
ja	かけずり回っ	verb	4	5	0	1
ja	ゼネスト	noun	4	5	0	1
ja	打ち合わせ	verb	4	5	0	1
ja	文士	noun	4	5	0	1
ja	曲者	noun	4	5	0	1
ja	あおりたて	verb	4	5	0	1
ja	忍び込み	verb	4	5	0	1
ja	年子	noun	4	5	0	1
ja	ロボ	noun	4	5	0	1
ja	ピッチング	noun	4	5	0	1
ja	買い戻せる	verb	4	5	0	1
ja	全治	noun	4	5	0	1
ja	ミッドナイト	noun	4	5	0	1
ja	見守ら	verb	4	5	0	1
ja	追いやる	verb	4	5	0	1
ja	即時	noun	4	5	0	1
ja	外線	noun	4	5	0	1
ja	ターキー	noun	4	5	0	1
ja	たわい	noun	4	5	0	1
ja	場内	noun	4	5	0	1
ja	竿	noun	4	5	0	1
ja	セシル	noun	4	5	0	1
ja	弓なり	noun	4	5	0	1
ja	海舟	noun	4	5	0	1
ja	数え年	noun	4	5	0	1
ja	取りやめる	verb	4	5	0	1
ja	遠火	noun	4	5	0	1
ja	タニン	noun	4	5	0	1
ja	思いの外	adverb	4	5	0	1
ja	艇身	noun	4	5	0	1
ja	エクステンション	noun	4	5	0	1
ja	氷床	noun	4	5	0	1
ja	きりつめ	verb	4	5	0	1
ja	もてはやさ	verb	4	5	0	1
ja	中松	noun	4	5	0	1
ja	エコノミー	noun	4	5	0	1
ja	入れ揚げる	verb	4	5	0	1
ja	猫背	noun	4	5	0	1
ja	あたま	noun	4	5	0	1
ja	次期	noun	4	5	0	1
ja	稼げ	verb	4	5	0	1
ja	とび出し	verb	4	5	0	1
ja	タッキ	noun	4	5	0	1
ja	名月	noun	4	5	0	1
ja	機動	noun	4	5	0	1
ja	美しき	adjective	4	5	0	1
ja	歯ぐき	noun	4	5	0	1
ja	除夜	noun	4	5	0	1
ja	秋良	noun	4	5	0	1
ja	情けなく	adjective	4	5	0	1
ja	ｃｕｒｖｅ	noun	4	5	0	1
ja	立ち去ろう	verb	4	5	0	1
ja	総身	noun	4	5	0	1
ja	薙刀	noun	4	5	0	1
ja	話し合え	verb	4	5	0	1
ja	スパゲティー	noun	4	5	0	1
ja	まさに	compounds	4	5	0	1
ja	拇印	noun	4	5	0	1
ja	福引き	noun	4	5	0	1
ja	入れ替わり	noun	4	5	0	1
ja	とりとめ	noun	4	5	0	1
ja	吐きだし	verb	4	5	0	1
ja	祝える	verb	4	5	0	1
ja	ストロボ	noun	4	5	0	1
ja	取り払おう	verb	4	5	0	1
ja	下降	noun	4	5	0	1
ja	ミシシッピー	noun	4	5	0	1
ja	塩焼き	noun	4	5	0	1
ja	適齢	noun	4	5	0	1
ja	からかい	noun	4	5	0	1
ja	ぺろっ	adverb	4	5	0	1
ja	まひ	noun	4	5	0	1
ja	ひこ	noun	4	5	0	1
ja	すうっ	adverb	4	5	0	1
ja	リンチ	noun	4	5	0	1
ja	右脇	noun	4	5	0	1
ja	にごっ	verb	4	5	0	1
ja	シャーロット	noun	4	5	0	1
ja	損ずる	verb	4	5	0	1
ja	出で入る	verb	4	5	0	1
ja	食いもの	noun	4	5	0	1
ja	燈	noun	4	5	0	1
ja	めっちゃくっちゃ	noun	4	5	0	1
ja	ジョアン	noun	4	5	0	1
ja	ループ	noun	4	5	0	1
ja	たわごと	noun	4	5	0	1
ja	逸早く	adverb	4	5	0	1
ja	聴き惚れ	verb	4	5	0	1
ja	くら	noun	4	5	0	1
ja	生き馬	noun	4	5	0	1
ja	すり合わせ	verb	4	5	0	1
ja	絞め殺す	verb	4	5	0	1
ja	話しあい	verb	4	5	0	1
ja	遺志	noun	4	5	0	1
ja	じろり	adverb	4	5	0	1
ja	あんちょこ	noun	4	5	0	1
ja	買いかえ	verb	4	5	0	1
ja	ムネ	noun	4	5	0	1
ja	軽石	noun	4	5	0	1
ja	文夫	noun	4	5	0	1
ja	目の敵	noun	4	5	0	1
ja	買い控える	verb	4	5	0	1
ja	ツンドラ	noun	4	5	0	1
ja	関わろう	verb	4	5	0	1
ja	涼宮	noun	4	5	0	1
ja	吉祥	noun	4	5	0	1
ja	クォーター	noun	4	5	0	1
ja	張りさけん	verb	4	5	0	1
ja	愛しあえる	verb	4	5	0	1
ja	合気	noun	4	5	0	1
ja	一糸	noun	4	5	0	1
ja	つけ上がる	verb	4	5	0	1
ja	イルミネーション	noun	4	5	0	1
ja	物販	noun	4	5	0	1
ja	送り合う	verb	4	5	0	1
ja	督促	noun	4	5	0	1
ja	直人	noun	4	5	0	1
ja	カヤック	noun	4	5	0	1
ja	鱈場	noun	4	5	0	1
ja	すり減らし	verb	4	5	0	1
ja	まずい	compounds	4	5	0	1
ja	いき	noun	4	5	0	1
ja	さしあたっ	verb	4	5	0	1
ja	滲み出	verb	4	5	0	1
ja	本だな	noun	4	5	0	1
ja	潜り込む	verb	4	5	0	1
ja	アイライナー	noun	4	5	0	1
ja	代引き	noun	4	5	0	1
ja	はにかみ	verb	4	5	0	1
ja	スノーケル	noun	4	5	0	1
ja	男物	noun	4	5	0	1
ja	喰いつい	verb	4	5	0	1
ja	考えつき	verb	4	5	0	1
ja	暴れ馬	noun	4	5	0	1
ja	出直す	verb	4	5	0	1
ja	ホークス	noun	4	5	0	1
ja	恋歌	noun	4	5	0	1
ja	馬鹿馬鹿しく	adjective	4	5	0	1
ja	エレキ	noun	4	5	0	1
ja	取り乱さ	verb	4	5	0	1
ja	読み流し	verb	4	5	0	1
ja	取り成し	verb	4	5	0	1
ja	踏みはずし	verb	4	5	0	1
ja	折り畳ん	verb	4	5	0	1
ja	デオドラント	noun	4	5	0	1
ja	言いがかり	noun	4	5	0	1
ja	酒量	noun	4	5	0	1
ja	振り分け	verb	4	5	0	1
ja	駐米	noun	4	5	0	1
ja	旗艦	noun	4	5	0	1
ja	ヤク中	noun	4	5	0	1
ja	貼り出し	verb	4	5	0	1
ja	口止め	noun	4	5	0	1
ja	きつい	compounds	4	5	0	1
ja	仔猫	noun	4	5	0	1
ja	拒もう	verb	4	5	0	1
ja	語り	noun	4	5	0	1
ja	樹皮	noun	4	5	0	1
ja	鏡作り	noun	4	5	0	1
ja	ネバネバ	adverb	4	5	0	1
ja	土埃	noun	4	5	0	1
ja	笑み	verb	4	5	0	1
ja	変貌	noun	4	5	0	1
ja	縁談	noun	4	5	0	1
ja	値域	noun	4	5	0	1
ja	ぱちっ	adverb	4	5	0	1
ja	からみつき	verb	4	5	0	1
ja	付き合え	verb	4	5	0	1
ja	ソール	noun	4	5	0	1
ja	復しゅう	noun	4	5	0	1
ja	難癖	noun	4	5	0	1
ja	ごころ	noun	4	5	0	1
ja	わきたっ	verb	4	5	0	1
ja	語義	noun	4	5	0	1
ja	票決	noun	4	5	0	1
ja	所感	noun	4	5	0	1
ja	パパイア	noun	4	5	0	1
ja	短けれ	adjective	4	5	0	1
ja	フェラ	noun	4	5	0	1
ja	任ずる	verb	4	5	0	1
ja	えがく	verb	4	5	0	1
ja	色即	noun	4	5	0	1
ja	消そう	verb	4	5	0	1
ja	まっさき	noun	4	5	0	1
ja	リコンファーム	noun	4	5	0	1
ja	らん	adverb	4	5	0	1
ja	波立つ	verb	4	5	0	1
ja	分位	noun	4	5	0	1
ja	療治	noun	4	5	0	1
ja	報せ	noun	4	5	0	1
ja	頑張れよ	verb	4	5	0	1
ja	片っ端	noun	4	5	0	1
ja	氏	noun	4	5	0	1
ja	首飾り	noun	4	5	0	1
ja	積み上がっ	verb	4	5	0	1
ja	税別	noun	4	5	0	1
ja	食いつき	noun	4	5	0	1
ja	捨て猫	noun	4	5	0	1
ja	口輪	noun	4	5	0	1
ja	黍	noun	4	5	0	1
ja	長らく	adverb	4	5	0	1
ja	創案	noun	4	5	0	1
ja	グイ	adverb	4	5	0	1
ja	グリーティング	noun	4	5	0	1
ja	シュワルツェネッガー	noun	4	5	0	1
ja	逃げ回る	verb	4	5	0	1
ja	ぽちゃぽちゃ	adverb	4	5	0	1
ja	ロアルド	noun	4	5	0	1
ja	ごろり	adverb	4	5	0	1
ja	やりあっ	verb	4	5	0	1
ja	罪滅ぼし	noun	4	5	0	1
ja	走り過ぎ	verb	4	5	0	1
ja	ヘンデル	noun	4	5	0	1
ja	有り難い	adjective	4	5	0	1
ja	なべて	adverb	4	5	0	1
ja	燕	noun	4	5	0	1
ja	通り過ぎよう	verb	4	5	0	1
ja	作り置き	noun	4	5	0	1
ja	勝ち進ん	verb	4	5	0	1
ja	ドラフト	noun	4	5	0	1
ja	申し出る	verb	4	5	0	1
ja	すべりこま	verb	4	5	0	1
ja	縮む	verb	4	5	0	1
ja	淀む	verb	4	5	0	1
ja	マリーゴールド	noun	4	5	0	1
ja	見うけ	verb	4	5	0	1
ja	快眠	noun	4	5	0	1
ja	はきはき	adverb	4	5	0	1
ja	銅貨	noun	4	5	0	1
ja	新しもの	noun	4	5	0	1
ja	原木	noun	4	5	0	1
ja	命拾い	noun	4	5	0	1
ja	固め	noun	4	5	0	1
ja	ぜんそく	noun	4	5	0	1
ja	大東	noun	4	5	0	1
ja	ＡＩ	noun	4	5	0	1
ja	不渡り	noun	4	5	0	1
ja	パスツール	noun	4	5	0	1
ja	もを	adverb	4	5	0	1
ja	ランシング	noun	4	5	0	1
ja	布張り	noun	4	5	0	1
ja	まりこ	noun	4	5	0	1
ja	無職	noun	4	5	0	1
ja	静まり	noun	4	5	0	1
ja	新道	noun	4	5	0	1
ja	割ける	verb	4	5	0	1
ja	満枝	noun	4	5	0	1
ja	穏健	noun	4	5	0	1
ja	曲がら	verb	4	5	0	1
ja	子午	noun	4	5	0	1
ja	マーチ	noun	4	5	0	1
ja	驕れる	verb	4	5	0	1
ja	ばっさり	adverb	4	5	0	1
ja	驕る	verb	4	5	0	1
ja	サラリー	noun	4	5	0	1
ja	さおり	noun	4	5	0	1
ja	細君	noun	4	5	0	1
ja	見直さ	verb	4	5	0	1
ja	切りとっ	verb	4	5	0	1
ja	真北	noun	4	5	0	1
ja	売りつけ	verb	4	5	0	1
ja	月ぎめ	noun	4	5	0	1
ja	学士	noun	4	5	0	1
ja	駐仏	noun	4	5	0	1
ja	オニユリ	noun	4	5	0	1
ja	茶会	noun	4	5	0	1
ja	向き直っ	verb	4	5	0	1
ja	モラル	noun	4	5	0	1
ja	読み落とし	verb	4	5	0	1
ja	射止める	verb	4	5	0	1
ja	のろし	noun	4	5	0	1
ja	焦げ目	noun	4	5	0	1
ja	コンドル	noun	4	5	0	1
ja	ラリアット	noun	4	5	0	1
ja	一人頭	noun	4	5	0	1
ja	ワークブック	noun	4	5	0	1
ja	でくわす	verb	4	5	0	1
ja	思い残す	verb	4	5	0	1
ja	放心	noun	4	5	0	1
ja	社命	noun	4	5	0	1
ja	消し去る	verb	4	5	0	1
ja	ひきさく	verb	4	5	0	1
ja	ときたま	adverb	4	5	0	1
ja	張り渡し	verb	4	5	0	1
ja	湧き上がる	verb	4	5	0	1
ja	あけぼの	noun	4	5	0	1
ja	キャンキャン	adverb	4	5	0	1
ja	隣家	noun	4	5	0	1
ja	えんぴつ	noun	4	5	0	1
ja	落馬	noun	4	5	0	1
ja	ドリス	noun	4	5	0	1
ja	チューブ	noun	4	5	0	1
ja	落語	noun	4	5	0	1
ja	大箱	noun	4	5	0	1
ja	ムンバイ	noun	4	5	0	1
ja	焼き芋	noun	4	5	0	1
ja	赤白	noun	4	5	0	1
ja	けつまずい	verb	4	5	0	1
ja	こびりつい	verb	4	5	0	1
ja	結わえ付け	verb	4	5	0	1
ja	春風	noun	4	5	0	1
ja	後指	noun	4	5	0	1
ja	無期	noun	4	5	0	1
ja	繋ごう	verb	4	5	0	1
ja	アベック	noun	4	5	0	1
ja	物笑い	noun	4	5	0	1
ja	かきむしっ	verb	4	5	0	1
ja	たとえ	compounds	4	5	0	1
ja	真似	verb	4	5	0	1
ja	出回っ	verb	4	5	0	1
ja	弄り回す	verb	4	5	0	1
ja	勤めあげ	verb	4	5	0	1
ja	翠	noun	4	5	0	1
ja	強姦	noun	4	5	0	1
ja	しりぞける	verb	4	5	0	1
ja	心肺	noun	4	5	0	1
ja	淵	noun	4	5	0	1
ja	振り返り	noun	4	5	0	1
ja	あつまれ	verb	4	5	0	1
ja	ＰＫ	noun	4	5	0	1
ja	こげ茶	noun	4	5	0	1
ja	隠し扉	noun	4	5	0	1
ja	添加	noun	4	5	0	1
ja	赤青	noun	4	5	0	1
ja	立ち上る	verb	4	5	0	1
ja	にぎり	verb	4	5	0	1
ja	馬刺し	noun	4	5	0	1
ja	呂律	noun	4	5	0	1
ja	察知	noun	4	5	0	1
ja	走り去り	verb	4	5	0	1
ja	塩からい	adjective	4	5	0	1
ja	とけい	noun	4	5	0	1
ja	罹災	noun	4	5	0	1
ja	慣れ親しま	verb	4	5	0	1
ja	野良猫	noun	4	5	0	1
ja	引きつっ	verb	4	5	0	1
ja	勿体	noun	4	5	0	1
ja	泳ぎ出し	verb	4	5	0	1
ja	いいはる	verb	4	5	0	1
ja	兵力	noun	4	5	0	1
ja	神明	noun	4	5	0	1
ja	岳人	noun	4	5	0	1
ja	小町	noun	4	5	0	1
ja	給紙	noun	4	5	0	1
ja	国軍	noun	4	5	0	1
ja	かちあう	verb	4	5	0	1
ja	母猫	noun	4	5	0	1
ja	わきあがり	verb	4	5	0	1
ja	塗りたくっ	verb	4	5	0	1
ja	移り住ん	verb	4	5	0	1
ja	繰り延べ	verb	4	5	0	1
ja	餡	noun	4	5	0	1
ja	凶漢	noun	4	5	0	1
ja	ストーン	noun	4	5	0	1
ja	声優	noun	4	5	0	1
ja	そえる	verb	4	5	0	1
ja	ピーピー	adverb	4	5	0	1
ja	恋し	adjective	4	5	0	1
ja	立ち寄ろう	verb	4	5	0	1
ja	公判	noun	4	5	0	1
ja	暮し	noun	4	5	0	1
ja	ジョナサン	noun	4	5	0	1
ja	広げよう	verb	4	5	0	1
ja	品目	noun	4	5	0	1
ja	ランブータン	noun	4	5	0	1
ja	スピリチュアリティ	noun	4	5	0	1
ja	回ろう	verb	4	5	0	1
ja	時の間	noun	4	5	0	1
ja	末弟	noun	4	5	0	1
ja	向こう気	noun	4	5	0	1
ja	塗り固め	verb	4	5	0	1
ja	焼石	noun	4	5	0	1
ja	冥想	noun	4	5	0	1
ja	言述べる	verb	4	5	0	1
ja	とび込ま	verb	4	5	0	1
ja	なしとげ	verb	4	5	0	1
ja	レギンス	noun	4	5	0	1
ja	紙詰まり	noun	4	5	0	1
ja	ジワジワ	adverb	4	5	0	1
ja	青み	verb	4	5	0	1
ja	殴り返し	verb	4	5	0	1
ja	一朗	noun	4	5	0	1
ja	振りかけ	verb	4	5	0	1
ja	手出し	noun	4	5	0	1
ja	とりつい	verb	4	5	0	1
ja	一義	noun	4	5	0	1
ja	取説	noun	4	5	0	1
ja	残量	noun	4	5	0	1
ja	断頭	noun	4	5	0	1
ja	狭間	noun	4	5	0	1
ja	足駄	noun	4	5	0	1
ja	キイキイ	adverb	4	5	0	1
ja	弓矢	noun	4	5	0	1
ja	母鳥	noun	4	5	0	1
ja	てらっ	verb	4	5	0	1
ja	かしげ	verb	4	5	0	1
ja	タッチダウン	noun	4	5	0	1
ja	無恥	noun	4	5	0	1
ja	当てはめよう	verb	4	5	0	1
ja	煩い	adjective	4	5	0	1
ja	さめ	noun	4	5	0	1
ja	竜也	noun	4	5	0	1
ja	痛く	adverb	4	5	0	1
ja	割り込め	verb	4	5	0	1
ja	きせる	verb	4	5	0	1
ja	閉じ込もっ	verb	4	5	0	1
ja	受け止めれ	verb	4	5	0	1
ja	快食	noun	4	5	0	1
ja	書き移し	verb	4	5	0	1
ja	ササッ	adverb	4	5	0	1
ja	かせが	verb	4	5	0	1
ja	踏み荒らし	verb	4	5	0	1
ja	豊能	noun	4	5	0	1
ja	マッキンリー	noun	4	5	0	1
ja	カ	adverb	4	5	0	1
ja	心ない	adjective	4	5	0	1
ja	弾薬	noun	4	5	0	1
ja	旧跡	noun	4	5	0	1
ja	踏襲	noun	4	5	0	1
ja	考えなおし	verb	4	5	0	1
ja	広義	noun	4	5	0	1
ja	痛風	noun	4	5	0	1
ja	バント	noun	4	5	0	1
ja	言い合う	verb	4	5	0	1
ja	働きかけ	verb	4	5	0	1
ja	ともども	adverb	4	5	0	1
ja	一人歩き	noun	4	5	0	1
ja	かつら	noun	4	5	0	1
ja	エルモア	noun	4	5	0	1
ja	こころゆく	verb	4	5	0	1
ja	豚丼	noun	4	5	0	1
ja	踏みならし	verb	4	5	0	1
ja	バク	noun	4	5	0	1
ja	本引き	noun	4	5	0	1
ja	桂子	noun	4	5	0	1
ja	遊びまわる	verb	4	5	0	1
ja	どたん場	noun	4	5	0	1
ja	停まる	verb	4	5	0	1
ja	付け直し	verb	4	5	0	1
ja	取りだし	verb	4	5	0	1
ja	キンキン	noun	4	5	0	1
ja	せきたてよう	verb	4	5	0	1
ja	道幅	noun	4	5	0	1
ja	メロス	noun	4	5	0	1
ja	ジカ	noun	4	5	0	1
ja	立花	noun	4	5	0	1
ja	掌中	noun	4	5	0	1
ja	護教	noun	4	5	0	1
ja	半そで	noun	4	5	0	1
ja	セ氏	noun	4	5	0	1
ja	ルバート	noun	4	5	0	1
ja	ＧＤＰ	noun	4	5	0	1
ja	速報	noun	4	5	0	1
ja	生やそう	verb	4	5	0	1
ja	くり返さ	verb	4	5	0	1
ja	シュケル	noun	4	5	0	1
ja	ストーク	noun	4	5	0	1
ja	幕府	noun	4	5	0	1
ja	拳骨	noun	4	5	0	1
ja	さし出し	verb	4	5	0	1
ja	たどりつけ	verb	4	5	0	1
ja	とつぜん	adverb	4	5	0	1
ja	つぶやき	noun	4	5	0	1
ja	すべり降り	verb	4	5	0	1
ja	ビット	noun	4	5	0	1
ja	ガーメント	noun	4	5	0	1
ja	ホームストレッチ	noun	4	5	0	1
ja	洒落	verb	4	5	0	1
ja	きょとん	adverb	4	5	0	1
ja	デニム	noun	4	5	0	1
ja	ルノアール	noun	4	5	0	1
ja	軒	noun	4	5	0	1
ja	本代	noun	4	5	0	1
ja	酔っぱらう	verb	4	5	0	1
ja	足かせ	noun	4	5	0	1
ja	頼りない	adjective	4	5	0	1
ja	チャレンジャー	noun	4	5	0	1
ja	栄華	noun	4	5	0	1
ja	抜き出し	verb	4	5	0	1
ja	間欠	noun	4	5	0	1
ja	まぶしく	adjective	4	5	0	1
ja	手初め	noun	4	5	0	1
ja	ユタ	noun	4	5	0	1
ja	どしゃ降り	noun	4	5	0	1
ja	後込み	noun	4	5	0	1
ja	瑠璃	noun	4	5	0	1
ja	バザー	noun	4	5	0	1
ja	マーストリヒト	noun	4	5	0	1
ja	恐れ多く	adjective	4	5	0	1
ja	固結び	noun	4	5	0	1
ja	教示	noun	4	5	0	1
ja	リア充	noun	4	5	0	1
ja	便益	noun	4	5	0	1
ja	踏み入れ	verb	4	5	0	1
ja	晶	noun	4	5	0	1
ja	折れ	noun	4	5	0	1
ja	索引	noun	4	5	0	1
ja	藍色	noun	4	5	0	1
ja	拉げ	verb	4	5	0	1
ja	レンチ	noun	4	5	0	1
ja	ヒゲ剃り	noun	4	5	0	1
ja	おおやけ	noun	4	5	0	1
ja	まったり	adverb	4	5	0	1
ja	中森	noun	4	5	0	1
ja	わたる	noun	4	5	0	1
ja	右傾	noun	4	5	0	1
ja	シャドウ	noun	4	5	0	1
ja	憶測	noun	4	5	0	1
ja	運勢	noun	4	5	0	1
ja	明星	noun	4	5	0	1
ja	とび色	noun	4	5	0	1
ja	ウジ	noun	4	5	0	1
ja	ミリメートル	noun	4	5	0	1
ja	よしみ	noun	4	5	0	1
ja	あご	compounds	4	5	0	1
ja	暴風雨	noun	4	5	0	1
ja	金型	noun	4	5	0	1
ja	なだめる	verb	4	5	0	1
ja	サビ抜き	noun	4	5	0	1
ja	門柱	noun	4	5	0	1
ja	中外	noun	4	5	0	1
ja	外付け	noun	4	5	0	1
ja	無色	noun	4	5	0	1
ja	小鍋	noun	4	5	0	1
ja	受け持つ	verb	4	5	0	1
ja	たのしみ	noun	4	5	0	1
ja	フレーム	noun	4	5	0	1
ja	のぐち	noun	4	5	0	1
ja	叱り付け	verb	4	5	0	1
ja	白刃	noun	4	5	0	1
ja	襷	noun	4	5	0	1
ja	ふるい	adjective	4	5	0	1
ja	プロダクツ	noun	4	5	0	1
ja	かけもち	verb	4	5	0	1
ja	イオネスク	noun	4	5	0	1
ja	乗鞍	noun	4	5	0	1
ja	しゃべりづめ	noun	4	5	0	1
ja	ほめそやす	verb	4	5	0	1
ja	強い	noun	4	5	0	1
ja	加われる	verb	4	5	0	1
ja	ロブ	noun	4	5	0	1
ja	物語り	noun	4	5	0	1
ja	散りばめ	verb	4	5	0	1
ja	リアリティ	noun	4	5	0	1
ja	飲み明かす	verb	4	5	0	1
ja	苦々しく	adjective	4	5	0	1
ja	ケイスケ	noun	4	5	0	1
ja	商事	noun	4	5	0	1
ja	けたて	verb	4	5	0	1
ja	成し遂げよう	verb	4	5	0	1
ja	長たらしく	adjective	4	5	0	1
ja	食いとめる	verb	4	5	0	1
ja	がわり	noun	4	5	0	1
ja	売れっ子	noun	4	5	0	1
ja	騒ぎ回っ	verb	4	5	0	1
ja	あきる野	noun	4	5	0	1
ja	ムスッ	adverb	4	5	0	1
ja	見回っ	verb	4	5	0	1
ja	引きはがし	verb	4	5	0	1
ja	マーリー	noun	4	5	0	1
ja	ぜーんぶ	noun	4	5	0	1
ja	すだれ	noun	4	5	0	1
ja	尖塔	noun	4	5	0	1
ja	例題	noun	4	5	0	1
ja	もちかけ	verb	4	5	0	1
ja	ポインタ	noun	4	5	0	1
ja	無から	adjective	4	5	0	1
ja	とびこん	verb	4	5	0	1
ja	伝え合っ	verb	4	5	0	1
ja	空文	noun	4	5	0	1
ja	近刊	noun	4	5	0	1
ja	黒縁	noun	4	5	0	1
ja	投げ合っ	verb	4	5	0	1
ja	謹聴	noun	4	5	0	1
ja	営利	noun	4	5	0	1
ja	見晴らせる	verb	4	5	0	1
ja	書き換える	verb	4	5	0	1
ja	繰りかえし	verb	4	5	0	1
ja	質屋	noun	4	5	0	1
ja	サヨナラ勝ち	noun	4	5	0	1
ja	先攻	noun	4	5	0	1
ja	覆いかぶせ	verb	4	5	0	1
ja	無くなら	verb	4	5	0	1
ja	粗鬆	noun	4	5	0	1
ja	作風	noun	4	5	0	1
ja	まくしたて	verb	4	5	0	1
ja	えら	verb	4	5	0	1
ja	グレナデン	noun	4	5	0	1
ja	急患	noun	4	5	0	1
ja	干上がり	verb	4	5	0	1
ja	私腹	noun	4	5	0	1
ja	鰯	noun	4	5	0	1
ja	とり残さ	verb	4	5	0	1
ja	見せ付け	verb	4	5	0	1
ja	エレ	noun	4	5	0	1
ja	たちゃ	verb	4	5	0	1
ja	快刀	noun	4	5	0	1
ja	つけいっ	verb	4	5	0	1
ja	読み聞かせ	noun	4	5	0	1
ja	貼り合わせ	verb	4	5	0	1
ja	夜会	noun	4	5	0	1
ja	イサク	noun	4	5	0	1
ja	腎	noun	4	5	0	1
ja	いひ	verb	4	5	0	1
ja	学ラン	noun	4	5	0	1
ja	地歩	noun	4	5	0	1
ja	パク	noun	4	5	0	1
ja	除籍	noun	4	5	0	1
ja	受けとり	verb	4	5	0	1
ja	海運	noun	4	5	0	1
ja	咽喉	noun	4	5	0	1
ja	両院	noun	4	5	0	1
ja	反徒	noun	4	5	0	1
ja	オドオド	adverb	4	5	0	1
ja	恐れおののい	verb	4	5	0	1
ja	為せ	verb	4	5	0	1
ja	明敏	noun	4	5	0	1
ja	下枠	noun	4	5	0	1
ja	町民	noun	4	5	0	1
ja	止っ	verb	4	5	0	1
ja	突きとめ	verb	4	5	0	1
ja	いかり	noun	4	5	0	1
ja	ぼんぼん	adverb	4	5	0	1
ja	ごうごう	adverb	4	5	0	1
ja	虚空	noun	4	5	0	1
ja	しばら	verb	4	5	0	1
ja	宜しけれ	adjective	4	5	0	1
ja	引き戸	noun	4	5	0	1
ja	みれる	verb	4	5	0	1
ja	行者	noun	4	5	0	1
ja	やわらかい	adjective	4	5	0	1
ja	貧しき	adjective	4	5	0	1
ja	いとまごい	noun	4	5	0	1
ja	パンパン	adverb	4	5	0	1
ja	白犬	noun	4	5	0	1
ja	縫いつけ	verb	4	5	0	1
ja	俊	noun	4	5	0	1
ja	十三	noun	4	5	0	1
ja	全長	noun	4	5	0	1
ja	げろ	noun	4	5	0	1
ja	バイデン	noun	4	5	0	1
ja	掛け捨て	noun	4	5	0	1
ja	ありそ	noun	4	5	0	1
ja	戸川	noun	4	5	0	1
ja	うねる	verb	4	5	0	1
ja	やせ衰え	verb	4	5	0	1
ja	内幕	noun	4	5	0	1
ja	すりきれ	verb	4	5	0	1
ja	騙し取っ	verb	4	5	0	1
ja	ビルマ	noun	4	5	0	1
ja	湯飲み	noun	4	5	0	1
ja	ラボ	noun	4	5	0	1
ja	とおそう	verb	4	5	0	1
ja	外野	noun	4	5	0	1
ja	感づい	verb	4	5	0	1
ja	横倒し	noun	4	5	0	1
ja	おぼしめし	verb	4	5	0	1
ja	賭け率	noun	4	5	0	1
ja	交霊	noun	4	5	0	1
ja	押し隠し	verb	4	5	0	1
ja	ダッフル	noun	4	5	0	1
ja	突っかけ	verb	4	5	0	1
ja	見合わ	verb	4	5	0	1
ja	仏桑	noun	4	5	0	1
ja	黙とう	noun	4	5	0	1
ja	賭	noun	4	5	0	1
ja	肌触り	noun	4	5	0	1
ja	メーキャップ	noun	4	5	0	1
ja	遅番	noun	4	5	0	1
ja	一隊	noun	4	5	0	1
ja	山河	noun	4	5	0	1
ja	火の気	noun	4	5	0	1
ja	生ごみ	noun	4	5	0	1
ja	駆け足	noun	4	5	0	1
ja	胸板	noun	4	5	0	1
ja	嘆き悲しむ	verb	4	5	0	1
ja	ねじ込ん	verb	4	5	0	1
ja	引っかける	verb	4	5	0	1
ja	言い残し	verb	4	5	0	1
ja	さしかかっ	verb	4	5	0	1
ja	先だって	noun	4	5	0	1
ja	釣り銭	noun	4	5	0	1
ja	見こみ	noun	4	5	0	1
ja	セーキ	noun	4	5	0	1
ja	巻きこま	verb	4	5	0	1
ja	占めよう	verb	4	5	0	1
ja	本田	noun	4	5	0	1
ja	提灯	noun	4	5	0	1
ja	ミレー	noun	4	5	0	1
ja	大関	noun	4	5	0	1
ja	ぼや	noun	4	5	0	1
ja	射程	noun	4	5	0	1
ja	ネイル	noun	4	5	0	1
ja	遠近	noun	4	5	0	1
ja	スパナ	noun	4	5	0	1
ja	たたきこむ	verb	4	5	0	1
ja	貧富	noun	4	5	0	1
ja	レスボス	noun	4	5	0	1
ja	邦貨	noun	4	5	0	1
ja	填まり	verb	4	5	0	1
ja	比べ物	noun	4	5	0	1
ja	ものづくり	noun	4	5	0	1
ja	明夜	noun	4	5	0	1
ja	紅白	noun	4	5	0	1
ja	丸首	noun	4	5	0	1
ja	厳戒	noun	4	5	0	1
ja	ひっぱたく	verb	4	5	0	1
ja	リュート	noun	4	5	0	1
ja	兼行	noun	4	5	0	1
ja	毛並み	noun	4	5	0	1
ja	退陣	noun	4	5	0	1
ja	おののか	verb	4	5	0	1
ja	水木	noun	4	5	0	1
ja	独語	noun	4	5	0	1
ja	卵型	noun	4	5	0	1
ja	イネ	noun	4	5	0	1
ja	説き勧め	verb	4	5	0	1
ja	ポンポン	noun	4	5	0	1
ja	ツイード	noun	4	5	0	1
ja	虎次郎	noun	4	5	0	1
ja	龍安	noun	4	5	0	1
ja	佐倉	noun	4	5	0	1
ja	がめ	verb	4	5	0	1
ja	脛	noun	4	5	0	1
ja	ストロガノフ	noun	4	5	0	1
ja	ネルヴァル	noun	4	5	0	1
ja	オアシス	noun	4	5	0	1
ja	当会	noun	4	5	0	1
ja	たのま	verb	4	5	0	1
ja	ころし	verb	4	5	0	1
ja	いら立ち	verb	4	5	0	1
ja	はにかみ屋	noun	4	5	0	1
ja	くらまそう	verb	4	5	0	1
ja	小６	noun	4	5	0	1
ja	スクリプト	noun	4	5	0	1
ja	唐墨	noun	4	5	0	1
ja	私欲	noun	4	5	0	1
ja	信望	noun	4	5	0	1
ja	西方	noun	4	5	0	1
ja	馬場	noun	4	5	0	1
ja	流水	noun	4	5	0	1
ja	さわが	verb	4	5	0	1
ja	おぼし	verb	4	5	0	1
ja	申し合わせ	noun	4	5	0	1
ja	じょうろ	noun	4	5	0	1
ja	まき散らし	verb	4	5	0	1
ja	わずらわさ	verb	4	5	0	1
ja	おもちゃや	noun	4	5	0	1
ja	置きざり	noun	4	5	0	1
ja	もま	verb	4	5	0	1
ja	貼り合わせる	verb	4	5	0	1
ja	まっさお	noun	4	5	0	1
ja	照美	noun	4	5	0	1
ja	早仕舞い	noun	4	5	0	1
ja	グズグズ	adverb	4	5	0	1
ja	ガッツリ	adverb	4	5	0	1
ja	下ごしらえ	noun	4	5	0	1
ja	南岸	noun	4	5	0	1
ja	湧きあふれ	verb	4	5	0	1
ja	千代の富士	noun	4	5	0	1
ja	友誼	noun	4	5	0	1
ja	鹿狩り	noun	4	5	0	1
ja	挟み	verb	4	5	0	1
ja	隠ぺい	noun	4	5	0	1
ja	烏有	noun	4	5	0	1
ja	勧工	noun	4	5	0	1
ja	わらい	verb	4	5	0	1
ja	昭良	noun	4	5	0	1
ja	通りこし	verb	4	5	0	1
ja	○印	noun	4	5	0	1
ja	パーキング	noun	4	5	0	1
ja	語りつが	verb	4	5	0	1
ja	フォグ	noun	4	5	0	1
ja	ヨウコ	noun	4	5	0	1
ja	無くっ	adjective	4	5	0	1
ja	寿限無	noun	4	5	0	1
ja	カストロ	noun	4	5	0	1
ja	ケバブ	noun	4	5	0	1
ja	あおい	verb	4	5	0	1
ja	伝奇	noun	4	5	0	1
ja	取り除けよう	verb	4	5	0	1
ja	霧雨	noun	4	5	0	1
ja	包容	noun	4	5	0	1
ja	差しはさむ	verb	4	5	0	1
ja	別冊	noun	4	5	0	1
ja	面子	noun	4	5	0	1
ja	チョキ	noun	4	5	0	1
ja	目新し	adjective	4	5	0	1
ja	込めよう	verb	4	5	0	1
ja	アレ	noun	4	5	0	1
ja	足回り	noun	4	5	0	1
ja	取り入る	verb	4	5	0	1
ja	単価	noun	4	5	0	1
ja	デービス	noun	4	5	0	1
ja	まゆ毛	noun	4	5	0	1
ja	シンシア	noun	4	5	0	1
ja	引き立ち	verb	4	5	0	1
ja	八、九	noun	4	5	0	1
ja	絵ハガキ	noun	4	5	0	1
ja	しょげ返っ	verb	4	5	0	1
ja	多才	noun	4	5	0	1
ja	邦人	noun	4	5	0	1
ja	捜し出し	verb	4	5	0	1
ja	きこえる	verb	4	5	0	1
ja	パウル	noun	4	5	0	1
ja	刻みこま	verb	4	5	0	1
ja	ロザリー	noun	4	5	0	1
ja	馬鹿馬鹿し	adjective	4	5	0	1
ja	幸正	noun	4	5	0	1
ja	とり上げよう	verb	4	5	0	1
ja	基調	noun	4	5	0	1
ja	太陽が丘	noun	4	5	0	1
ja	着こう	verb	4	5	0	1
ja	とっさ	noun	4	5	0	1
ja	言い切れ	verb	4	5	0	1
ja	えり好み	noun	4	5	0	1
ja	こんろ	noun	4	5	0	1
ja	みほ	noun	4	5	0	1
ja	アイボリー	noun	4	5	0	1
ja	ひっかく	verb	4	5	0	1
ja	殴ろう	verb	4	5	0	1
ja	ツイスト	noun	4	5	0	1
ja	プロヴァンス	noun	4	5	0	1
ja	かすり傷	noun	4	5	0	1
ja	電撃	noun	4	5	0	1
ja	葡	noun	4	5	0	1
ja	ひと口	noun	4	5	0	1
ja	呼び覚まそう	verb	4	5	0	1
ja	なげうっ	verb	4	5	0	1
ja	蹄	noun	4	5	0	1
ja	チクり	verb	4	5	0	1
ja	しらせ	noun	4	5	0	1
ja	休み場	noun	4	5	0	1
ja	デーン	noun	4	5	0	1
ja	チューバ	noun	4	5	0	1
ja	踏みしめる	verb	4	5	0	1
ja	円熟	noun	4	5	0	1
ja	たたま	verb	4	5	0	1
ja	かせ	verb	4	5	0	1
ja	なんなく	adverb	4	5	0	1
ja	隆盛	noun	4	5	0	1
ja	合道	noun	4	5	0	1
ja	搾り出そう	verb	4	5	0	1
ja	のめり込む	verb	4	5	0	1
ja	引き倒し	verb	4	5	0	1
ja	焦げくさい	adjective	4	5	0	1
ja	とりかかろう	verb	4	5	0	1
ja	シーン	adverb	4	5	0	1
ja	票数	noun	4	5	0	1
ja	請合い	verb	4	5	0	1
ja	ブロー	noun	4	5	0	1
ja	ウミガメ	noun	4	5	0	1
ja	投げれ	verb	4	5	0	1
ja	跳び上がら	verb	4	5	0	1
ja	雨やどり	noun	4	5	0	1
ja	出で立ち	noun	4	5	0	1
ja	彩ら	verb	4	5	0	1
ja	アサガオ	noun	4	5	0	1
ja	分行	noun	4	5	0	1
ja	リーザ	noun	4	5	0	1
ja	くそったれ	noun	4	5	0	1
ja	浮世	noun	4	5	0	1
ja	奇想	noun	4	5	0	1
ja	ムキ	noun	4	5	0	1
ja	キーウィ	noun	4	5	0	1
ja	鯖	noun	4	5	0	1
ja	ビンタ	noun	4	5	0	1
ja	胡坐	noun	4	5	0	1
ja	打ちつけ	verb	4	5	0	1
ja	売り渡し	verb	4	5	0	1
ja	ぬれる	verb	4	5	0	1
ja	臓	noun	4	5	0	1
ja	面白おかしい	adjective	4	5	0	1
ja	台地	noun	4	5	0	1
ja	担保	noun	4	5	0	1
ja	カラクリ	noun	4	5	0	1
ja	セロテープ	noun	4	5	0	1
ja	脱ぎ着	noun	4	5	0	1
ja	とり上げ	verb	4	5	0	1
ja	判然	noun	4	5	0	1
ja	シネコン	noun	4	5	0	1
ja	つり銭	noun	4	5	0	1
ja	クミン	noun	4	5	0	1
ja	逃げ腰	noun	4	5	0	1
ja	むらむら	adverb	4	5	0	1
ja	サンデー	noun	4	5	0	1
ja	夏服	noun	4	5	0	1
ja	つかれ	noun	4	5	0	1
ja	ヘアピン	noun	4	5	0	1
ja	ノリコ	noun	4	5	0	1
ja	つる草	noun	4	5	0	1
ja	鼻かぜ	noun	4	5	0	1
ja	漂わ	verb	4	5	0	1
ja	取り寄せる	verb	4	5	0	1
ja	廃絶	noun	4	5	0	1
ja	シリ	noun	4	5	0	1
ja	あったか	adjective	4	5	0	1
ja	ぷん	adverb	4	5	0	1
ja	裏方	noun	4	5	0	1
ja	マティーニ	noun	4	5	0	1
ja	出向く	verb	4	5	0	1
ja	繻子	noun	4	5	0	1
ja	しょう	verb	4	5	0	1
ja	ラディッシュ	noun	4	5	0	1
ja	聖歌	noun	4	5	0	1
ja	持ちくずし	verb	4	5	0	1
ja	りえ	noun	4	5	0	1
ja	パクれる	verb	4	5	0	1
ja	変わり身	noun	4	5	0	1
ja	沙知代	noun	4	5	0	1
ja	塗れる	verb	4	5	0	1
ja	あふれで	verb	4	5	0	1
ja	重々しく	adjective	4	5	0	1
ja	てこ	noun	4	5	0	1
ja	後ろめた	adjective	4	5	0	1
ja	丸善	noun	4	5	0	1
ja	捉えよう	verb	4	5	0	1
ja	めい	noun	4	5	0	1
ja	ふるまおう	verb	4	5	0	1
ja	マンタ	noun	4	5	0	1
ja	曲芸	noun	4	5	0	1
ja	おそろしく	adjective	4	5	0	1
ja	贈物	noun	4	5	0	1
ja	おおみそか	noun	4	5	0	1
ja	陰徳	noun	4	5	0	1
ja	望める	verb	4	5	0	1
ja	遅霜	noun	4	5	0	1
ja	みたま	noun	4	5	0	1
ja	傷つけよう	verb	4	5	0	1
ja	コーテーション	noun	4	5	0	1
ja	吹き飛ばす	verb	4	5	0	1
ja	黙り	verb	4	5	0	1
ja	ギン	noun	4	5	0	1
ja	打ち上げよう	verb	4	5	0	1
ja	ナツメグ	noun	4	5	0	1
ja	ブタペスト	noun	4	5	0	1
ja	心づかい	noun	4	5	0	1
ja	ニューマン	noun	4	5	0	1
ja	タカ	noun	4	5	0	1
ja	剥がれる	verb	4	5	0	1
ja	サハロフ	noun	4	5	0	1
ja	持ちこたえよう	verb	4	5	0	1
ja	バート	noun	4	5	0	1
ja	厭い	verb	4	5	0	1
ja	曲り角	noun	4	5	0	1
ja	元々	adverb	4	5	0	1
ja	溜め込ん	verb	4	5	0	1
ja	わきあがる	verb	4	5	0	1
ja	カルキュレーター	noun	4	5	0	1
ja	ふりむい	verb	4	5	0	1
ja	破竹	noun	4	5	0	1
ja	雅子	noun	4	5	0	1
ja	右隣	noun	4	5	0	1
ja	大作	noun	4	5	0	1
ja	新装	noun	4	5	0	1
ja	こそげ取っ	verb	4	5	0	1
ja	ひざまずき	verb	4	5	0	1
ja	濡らさ	verb	4	5	0	1
ja	湯あか	noun	4	5	0	1
ja	快便	noun	4	5	0	1
ja	立てこもる	verb	4	5	0	1
ja	まきあげ	verb	4	5	0	1
ja	異音	noun	4	5	0	1
ja	アーニー	noun	4	5	0	1
ja	グライダー	noun	4	5	0	1
ja	ＬＬ	noun	4	5	0	1
ja	ぎょうぎょうしく	adjective	4	5	0	1
ja	患部	noun	4	5	0	1
ja	押し返し	verb	4	5	0	1
ja	掻き込ん	verb	4	5	0	1
ja	あてはめ	verb	4	5	0	1
ja	海流	noun	4	5	0	1
ja	ぱっくり	adverb	4	5	0	1
ja	あばく	verb	4	5	0	1
ja	橙	noun	4	5	0	1
ja	おぼれ死ん	verb	4	5	0	1
ja	重婚	noun	4	5	0	1
ja	剛性	noun	4	5	0	1
ja	美雪	noun	4	5	0	1
ja	釣り合わ	verb	4	5	0	1
ja	成れ	verb	4	5	0	1
ja	冷遇	noun	4	5	0	1
ja	空瓶	noun	4	5	0	1
ja	荷作り	noun	4	5	0	1
ja	まぶし	adjective	4	5	0	1
ja	タンポポ	noun	4	5	0	1
ja	再読	noun	4	5	0	1
ja	ＲＣ	noun	4	5	0	1
ja	バカバカしく	adjective	4	5	0	1
ja	鵜	noun	4	5	0	1
ja	取り締まり	noun	4	5	0	1
ja	初刷	noun	4	5	0	1
ja	左脚	noun	4	5	0	1
ja	閃光	noun	4	5	0	1
ja	造園	noun	4	5	0	1
ja	糖菓	noun	4	5	0	1
ja	はじる	verb	4	5	0	1
ja	踏んづけ	verb	4	5	0	1
ja	伸び悩み	verb	4	5	0	1
ja	計	noun	4	5	0	1
ja	致す	verb	4	5	0	1
ja	立ち尽くす	verb	4	5	0	1
ja	赤紫	noun	4	5	0	1
ja	はい上がっ	verb	4	5	0	1
ja	ポマト	noun	4	5	0	1
ja	執事	noun	4	5	0	1
ja	京大	noun	4	5	0	1
ja	読みかけ	verb	4	5	0	1
ja	取り外す	verb	4	5	0	1
ja	掛けくぎ	noun	4	5	0	1
ja	打ち下ろし	verb	4	5	0	1
ja	－	verb	4	5	0	1
ja	下ネタ	noun	4	5	0	1
ja	使い分け	verb	4	5	0	1
ja	コニー	noun	4	5	0	1
ja	なみなみ	adverb	4	5	0	1
ja	時針	noun	4	5	0	1
ja	閉めよう	verb	4	5	0	1
ja	砂利道	noun	4	5	0	1
ja	銃火	noun	4	5	0	1
ja	えき	noun	4	5	0	1
ja	茶色く	adjective	4	5	0	1
ja	はしる	verb	4	5	0	1
ja	みつめろ	verb	4	5	0	1
ja	さかさ	noun	4	5	0	1
ja	茶わん	noun	4	5	0	1
ja	清けれ	adjective	4	5	0	1
ja	本詰め	noun	4	5	0	1
ja	猿芝居	noun	4	5	0	1
ja	スタイン	noun	4	5	0	1
ja	書き立て	verb	4	5	0	1
ja	インシュリン	noun	4	5	0	1
ja	省み	verb	4	5	0	1
ja	きびし	adjective	4	5	0	1
ja	取り消そう	verb	4	5	0	1
ja	あざわらう	verb	4	5	0	1
ja	漁村	noun	4	5	0	1
ja	それ	compounds	6	7	10	1943
ja	年	noun	6	7	16	1247
ja	ください	verb	6	7	1	1126
ja	これ	compounds	6	7	9	1103
ja	子供	noun	6	7	7	1052
ja	車	noun	6	7	9	895
ja	人間	noun	6	7	17	842
ja	時間	noun	6	7	9	824
ja	一緒	noun	6	7	6	497
ja	一番	adverb	6	7	12	462
ja	少年	noun	6	7	5	420
ja	いつ	compounds	6	7	4	402
ja	病気	noun	6	7	14	367
ja	健康	noun	6	7	8	367
ja	先生	noun	6	7	9	366
ja	女性	noun	6	7	7	359
ja	国	noun	6	7	7	356
ja	若い	adjective	6	7	9	313
ja	分	noun	6	7	12	311
ja	学生	noun	6	7	7	276
ja	通り	noun	6	7	9	265
ja	運動	noun	6	7	10	264
ja	言語	noun	6	7	11	259
ja	一人	noun	6	7	9	255
ja	考え	noun	6	7	12	248
ja	旅行	noun	6	7	11	248
ja	料理	noun	6	7	7	246
ja	どれ	compounds	6	7	4	235
ja	友達	noun	6	7	7	234
ja	ドル	noun	6	7	9	232
ja	子	noun	6	7	13	223
ja	天気	noun	6	7	7	219
ja	名前	noun	6	7	8	204
ja	レストラン	noun	6	7	11	184
ja	女の子	noun	6	7	5	172
ja	いただけ	verb	6	7	3	142
ja	危険	noun	6	7	14	134
ja	夢	noun	6	7	8	134
ja	番	noun	6	7	8	124
ja	地層	noun	6	7	0	124
ja	選手	noun	6	7	10	119
ja	質問	noun	6	7	9	118
ja	アイデンティティ	noun	6	7	0	117
ja	アリストテレス	noun	6	7	0	115
ja	親切	noun	6	7	11	113
ja	強い	adjective	6	7	11	109
ja	聞く	verb	6	7	10	105
ja	選択	noun	6	7	7	104
ja	素晴らしい	adjective	6	7	5	104
ja	正しい	adjective	6	7	4	101
ja	金持ち	noun	6	7	9	99
ja	極	noun	6	7	0	99
ja	旅	noun	6	7	10	96
ja	行こう	verb	6	7	28	94
ja	小さい	adjective	6	7	4	90
ja	やる	verb	6	7	6	88
ja	帰る	verb	6	7	3	86
ja	最高	noun	6	7	8	84
ja	どうぞ	adverb	6	7	7	81
ja	歌手	noun	6	7	4	78
ja	人物	noun	6	7	13	73
ja	功利	noun	6	7	0	73
ja	基づい	verb	6	7	14	72
ja	寒い	adjective	6	7	4	72
ja	カルヴァン	noun	6	7	0	72
ja	かわいい	adjective	6	7	12	71
ja	カント	noun	6	7	0	69
ja	多極	noun	6	7	0	68
ja	ごめん	noun	6	7	14	64
ja	信じる	verb	6	7	13	64
ja	働く	verb	6	7	6	64
ja	退屈	noun	6	7	12	62
ja	アウグスティヌス	noun	6	7	0	62
ja	国教	noun	6	7	0	61
ja	終末	noun	6	7	0	60
ja	勝つ	verb	6	7	10	59
ja	やら	verb	6	7	10	59
ja	寝る	verb	6	7	6	59
ja	聖体	noun	6	7	0	56
ja	おいしい	adjective	6	7	7	55
ja	実現	noun	6	7	14	54
ja	離婚	noun	6	7	7	53
ja	空い	verb	6	7	13	52
ja	ほしい	adjective	6	7	9	51
ja	いっぱい	noun	6	7	9	50
ja	持ち	verb	6	7	26	48
ja	次第	noun	6	7	11	48
ja	エキュメニズム	noun	6	7	0	48
ja	話さ	verb	6	7	17	46
ja	壊れ	verb	6	7	11	46
ja	頑張っ	verb	6	7	10	45
ja	測定	noun	6	7	2	45
ja	奴	noun	6	7	10	44
ja	賢い	adjective	6	7	4	43
ja	一元	noun	6	7	0	43
ja	コスモポリタニズム	noun	6	7	0	43
ja	禁止	noun	6	7	15	42
ja	ダメ	noun	6	7	9	42
ja	遅い	adjective	6	7	8	42
ja	痛い	adjective	6	7	8	42
ja	早い	adjective	6	7	7	42
ja	キス	noun	6	7	1	42
ja	良かっ	adjective	6	7	16	41
ja	近づい	verb	6	7	9	41
ja	美味しい	adjective	6	7	7	41
ja	やれ	verb	6	7	13	40
ja	遅れる	verb	6	7	10	40
ja	付い	verb	6	7	15	39
ja	おもしろい	adjective	6	7	9	39
ja	チッタ	noun	6	7	0	39
ja	アディ	noun	6	7	0	39
ja	失礼	noun	6	7	11	38
ja	犯し	verb	6	7	3	38
ja	学び	verb	6	7	15	37
ja	やつ	noun	6	7	7	37
ja	形作る	verb	6	7	1	37
ja	苦手	noun	6	7	12	36
ja	引い	verb	6	7	8	36
ja	ニヒリズム	noun	6	7	0	36
ja	歌っ	verb	6	7	15	35
ja	上がっ	verb	6	7	10	35
ja	怖い	adjective	6	7	8	35
ja	長	adjective	6	7	6	35
ja	唯名	noun	6	7	0	35
ja	ヒューマニズム	noun	6	7	0	35
ja	回っ	verb	6	7	11	34
ja	減っ	verb	6	7	18	33
ja	捨て	verb	6	7	12	33
ja	泣い	verb	6	7	9	33
ja	うまい	adjective	6	7	8	33
ja	待た	verb	6	7	11	32
ja	伴い	verb	6	7	25	31
ja	進む	verb	6	7	12	31
ja	働き	verb	6	7	10	31
ja	切れ	verb	6	7	9	31
ja	太っ	verb	6	7	8	31
ja	飲め	verb	6	7	6	31
ja	出身	noun	6	7	3	31
ja	聞こえる	verb	6	7	13	30
ja	降ら	verb	6	7	10	30
ja	ネオ	noun	6	7	0	30
ja	炭素	noun	6	7	0	30
ja	速い	adjective	6	7	7	29
ja	移行	noun	6	7	5	29
ja	明るい	adjective	6	7	2	29
ja	アナキズム	noun	6	7	0	29
ja	制裁	noun	6	7	0	29
ja	優しい	adjective	6	7	5	28
ja	勤勉	noun	6	7	2	28
ja	実体	noun	6	7	1	28
ja	包括	noun	6	7	1	28
ja	隠し	verb	6	7	13	27
ja	早起き	noun	6	7	5	27
ja	ニーチェ	noun	6	7	0	27
ja	あげよう	verb	6	7	14	26
ja	育て	verb	6	7	12	26
ja	抜い	verb	6	7	10	26
ja	いかが	compounds	6	7	11	25
ja	閉め	verb	6	7	10	25
ja	年上	noun	6	7	8	25
ja	悟り	noun	6	7	0	25
ja	根底	noun	6	7	0	24
ja	打っ	verb	6	7	7	23
ja	倒れ	verb	6	7	5	23
ja	間違え	verb	6	7	4	23
ja	責め	verb	6	7	15	22
ja	忙しかっ	adjective	6	7	10	22
ja	勝っ	verb	6	7	8	22
ja	形作ら	verb	6	7	7	22
ja	うるさい	adjective	6	7	3	22
ja	マタ	noun	6	7	0	22
ja	紳士	noun	6	7	0	22
ja	先史	noun	6	7	0	22
ja	逃げ	verb	6	7	13	21
ja	見つから	verb	6	7	5	21
ja	酸化	noun	6	7	0	21
ja	多かっ	adjective	6	7	15	20
ja	従事	noun	6	7	12	20
ja	歌い	verb	6	7	7	20
ja	描写	noun	6	7	7	20
ja	下がっ	verb	6	7	9	19
ja	走り	verb	6	7	7	19
ja	笑わ	verb	6	7	4	19
ja	階層	noun	6	7	0	19
ja	昔々	noun	6	7	0	19
ja	ハイデガー	noun	6	7	0	19
ja	控え	verb	6	7	11	18
ja	帰り	verb	6	7	10	18
ja	恐れ	verb	6	7	5	18
ja	怖	adjective	6	7	3	18
ja	リアリスト	noun	6	7	0	18
ja	違い	verb	6	7	10	17
ja	当たっ	verb	6	7	8	17
ja	楽しかっ	adjective	6	7	6	17
ja	近隣	noun	6	7	0	17
ja	民間	noun	6	7	0	17
ja	疎外	noun	6	7	0	17
ja	メタ	noun	6	7	0	17
ja	革新	noun	6	7	0	17
ja	広まっ	verb	6	7	14	16
ja	捉え	verb	6	7	13	16
ja	襲っ	verb	6	7	7	16
ja	座り	verb	6	7	5	16
ja	テロス	noun	6	7	0	16
ja	優位	noun	6	7	0	16
ja	四半	noun	6	7	0	16
ja	前提	noun	6	7	0	16
ja	サルトル	noun	6	7	0	16
ja	輝い	verb	6	7	8	15
ja	たたい	verb	6	7	8	15
ja	いらっしゃい	verb	6	7	5	15
ja	他者	noun	6	7	0	15
ja	見地	noun	6	7	0	15
ja	年表	noun	6	7	0	15
ja	神性	noun	6	7	0	14
ja	インフラ	noun	6	7	0	14
ja	聖職	noun	6	7	0	14
ja	高まり	noun	6	7	0	14
ja	ポンティ	noun	6	7	0	14
ja	総合	noun	6	7	0	14
ja	名づけ	verb	6	7	10	13
ja	飽き	verb	6	7	6	13
ja	教父	noun	6	7	0	13
ja	羽目	noun	6	7	0	13
ja	基金	noun	6	7	0	13
ja	人身	noun	6	7	0	13
ja	チベット	noun	6	7	0	13
ja	原罪	noun	6	7	0	13
ja	余儀	noun	6	7	0	13
ja	自治	noun	6	7	0	13
ja	体現	noun	6	7	10	12
ja	精通	noun	6	7	7	12
ja	導く	verb	6	7	1	12
ja	マルティン	noun	6	7	0	12
ja	イマヌエル	noun	6	7	0	12
ja	ハイデッガー	noun	6	7	0	12
ja	地形	noun	6	7	0	12
ja	精巧	noun	6	7	0	12
ja	正し	adjective	6	7	0	12
ja	戦っ	verb	6	7	7	11
ja	あふれ	verb	6	7	7	11
ja	享受	noun	6	7	6	11
ja	選ば	verb	6	7	6	11
ja	習い	verb	6	7	4	11
ja	当てる	verb	6	7	3	11
ja	傾ける	verb	6	7	3	11
ja	礼典	noun	6	7	1	11
ja	真夏	noun	6	7	0	11
ja	モーリス	noun	6	7	0	11
ja	エピクロス	noun	6	7	0	11
ja	基づき	verb	6	7	0	11
ja	カミュ	noun	6	7	0	11
ja	デリダ	noun	6	7	0	11
ja	ヒューマニスト	noun	6	7	0	11
ja	学派	noun	6	7	0	11
ja	アナリスト	noun	6	7	0	11
ja	古き	adjective	6	7	0	11
ja	牧草	noun	6	7	0	11
ja	各層	noun	6	7	0	11
ja	つかん	verb	6	7	8	10
ja	洗い	verb	6	7	7	10
ja	捕まえ	verb	6	7	6	10
ja	片付け	verb	6	7	5	10
ja	見なす	verb	6	7	4	10
ja	刑罰	noun	6	7	1	10
ja	比	noun	6	7	1	10
ja	離脱	noun	6	7	0	10
ja	ヘルス	noun	6	7	0	10
ja	字幕	noun	6	7	0	10
ja	フッサール	noun	6	7	0	10
ja	教宗	noun	6	7	0	10
ja	ラッセル	noun	6	7	0	10
ja	東南	noun	6	7	0	10
ja	レイ	noun	6	7	0	10
ja	堆積	noun	6	7	0	10
ja	塗っ	verb	6	7	7	9
ja	開放	noun	6	7	6	9
ja	同然	noun	6	7	5	9
ja	泳げ	verb	6	7	4	9
ja	転送	noun	6	7	3	9
ja	助長	noun	6	7	3	9
ja	わたり	verb	6	7	3	9
ja	勿論	adverb	6	7	1	9
ja	蓮	noun	6	7	1	9
ja	中核	noun	6	7	0	9
ja	競合	noun	6	7	0	9
ja	欧米	noun	6	7	0	9
ja	いかに	compounds	6	7	0	9
ja	並ぶ	verb	6	7	0	9
ja	分子	noun	6	7	0	9
ja	介護	noun	6	7	0	9
ja	既存	noun	6	7	0	9
ja	風俗	noun	6	7	0	9
ja	全額	noun	6	7	0	9
ja	復旧	noun	6	7	0	9
ja	野党	noun	6	7	0	9
ja	啓蒙	noun	6	7	0	9
ja	若干	noun	6	7	0	9
ja	禅宗	noun	6	7	0	9
ja	敷地	noun	6	7	0	9
ja	未知	noun	6	7	0	9
ja	アルチュセール	noun	6	7	0	9
ja	たまら	verb	6	7	6	8
ja	見出さ	verb	6	7	6	8
ja	手伝い	verb	6	7	3	8
ja	低迷	noun	6	7	3	8
ja	創出	noun	6	7	2	8
ja	就く	verb	6	7	1	8
ja	水質	noun	6	7	0	8
ja	育成	noun	6	7	0	8
ja	踏み出し	verb	6	7	0	8
ja	受動	noun	6	7	0	8
ja	聖堂	noun	6	7	0	8
ja	日米	noun	6	7	0	8
ja	僧	noun	6	7	0	8
ja	エドムント	noun	6	7	0	8
ja	スキャン	noun	6	7	0	8
ja	人里	noun	6	7	0	8
ja	クリントン	noun	6	7	0	8
ja	各々	noun	6	7	0	8
ja	気圧	noun	6	7	0	8
ja	オークション	noun	6	7	0	8
ja	ダイナミクス	noun	6	7	0	8
ja	生み出さ	verb	6	7	0	8
ja	カテゴリー	noun	6	7	0	8
ja	ひなぎく	noun	6	7	0	8
ja	修復	noun	6	7	0	8
ja	飛び降り	verb	6	7	0	8
ja	抜本	noun	6	7	0	8
ja	精度	noun	6	7	0	8
ja	絡み合っ	verb	6	7	0	8
ja	立ち通し	noun	6	7	7	7
ja	口ずさん	verb	6	7	6	7
ja	担っ	verb	6	7	6	7
ja	監禁	noun	6	7	5	7
ja	八苦	noun	6	7	5	7
ja	存続	noun	6	7	4	7
ja	基	noun	6	7	2	7
ja	指標	noun	6	7	2	7
ja	侵食	noun	6	7	2	7
ja	保育	noun	6	7	1	7
ja	君臨	noun	6	7	1	7
ja	うつ病	noun	6	7	0	7
ja	審査	noun	6	7	0	7
ja	見積	noun	6	7	0	7
ja	サブ	noun	6	7	0	7
ja	菩薩	noun	6	7	0	7
ja	施さ	verb	6	7	0	7
ja	ファミリー	noun	6	7	0	7
ja	インパクト	noun	6	7	0	7
ja	読み	noun	6	7	0	7
ja	メノ	noun	6	7	0	7
ja	経た	verb	6	7	0	7
ja	制約	noun	6	7	0	7
ja	折角	adverb	6	7	0	7
ja	四苦	noun	6	7	0	7
ja	匿名	noun	6	7	0	7
ja	抱える	verb	6	7	0	7
ja	やりとげる	verb	6	7	0	7
ja	方位	noun	6	7	0	7
ja	ノウハウ	noun	6	7	0	7
ja	イエメン	noun	6	7	0	7
ja	反動	noun	6	7	0	7
ja	府	noun	6	7	0	7
ja	宣教	noun	6	7	0	7
ja	セミナー	noun	6	7	0	7
ja	東西	noun	6	7	0	7
ja	反面	noun	6	7	0	7
ja	密度	noun	6	7	0	7
ja	気付き	verb	6	7	6	6
ja	遡り	verb	6	7	6	6
ja	出動	noun	6	7	5	6
ja	介抱	noun	6	7	4	6
ja	解凍	noun	6	7	3	6
ja	搭載	noun	6	7	2	6
ja	味わう	verb	6	7	2	6
ja	参拝	noun	6	7	2	6
ja	スリップ	noun	6	7	2	6
ja	さい	verb	6	7	2	6
ja	認定	noun	6	7	2	6
ja	尽力	noun	6	7	1	6
ja	享楽	noun	6	7	1	6
ja	賜り	verb	6	7	1	6
ja	建立	noun	6	7	1	6
ja	経	verb	6	7	1	6
ja	映る	verb	6	7	1	6
ja	成分	noun	6	7	1	6
ja	営む	verb	6	7	1	6
ja	遣わさ	verb	6	7	1	6
ja	波長	noun	6	7	1	6
ja	分断	noun	6	7	1	6
ja	流通	noun	6	7	1	6
ja	布告	noun	6	7	1	6
ja	仲介	noun	6	7	1	6
ja	譲歩	noun	6	7	1	6
ja	スポンサー	noun	6	7	0	6
ja	採れ	verb	6	7	0	6
ja	精子	noun	6	7	0	6
ja	むかし	noun	6	7	0	6
ja	飢え死に	noun	6	7	0	6
ja	フランクフルター	noun	6	7	0	6
ja	交易	noun	6	7	0	6
ja	個別	noun	6	7	0	6
ja	神格	noun	6	7	0	6
ja	変異	noun	6	7	0	6
ja	圧縮	noun	6	7	0	6
ja	こぢんまり	adverb	6	7	0	6
ja	挟む	verb	6	7	0	6
ja	広報	noun	6	7	0	6
ja	ケイ	noun	6	7	0	6
ja	禁欲	noun	6	7	0	6
ja	薬品	noun	6	7	0	6
ja	派生	noun	6	7	0	6
ja	宣戦	noun	6	7	0	6
ja	かじる	verb	6	7	0	6
ja	ライセンス	noun	6	7	0	6
ja	罰則	noun	6	7	0	6
ja	オート	noun	6	7	0	6
ja	直美	noun	6	7	0	6
ja	愛人	noun	6	7	0	6
ja	要件	noun	6	7	0	6
ja	慣用	noun	6	7	0	6
ja	恐慌	noun	6	7	0	6
ja	密集	noun	6	7	0	6
ja	マネー	noun	6	7	0	6
ja	ロビンソン	noun	6	7	0	6
ja	ストレージ	noun	6	7	0	6
ja	自主	noun	6	7	0	6
ja	山岳	noun	6	7	0	6
ja	比喩	noun	6	7	0	6
ja	テロリズム	noun	6	7	0	6
ja	見積もら	verb	6	7	0	6
ja	みどり	noun	6	7	0	6
ja	婚	noun	6	7	0	6
ja	引き下げ	verb	6	7	0	6
ja	つづける	verb	6	7	0	6
ja	ベイカー	noun	6	7	0	6
ja	下る	verb	6	7	0	6
ja	四百	noun	6	7	0	6
ja	エルサレム	noun	6	7	0	6
ja	障壁	noun	6	7	0	6
ja	おびただしい	adjective	6	7	0	6
ja	期日	noun	6	7	0	6
ja	苦慮	noun	6	7	5	5
ja	掛かり	verb	6	7	5	5
ja	省け	verb	6	7	5	5
ja	吹き回し	noun	6	7	4	5
ja	放映	noun	6	7	4	5
ja	了承	noun	6	7	4	5
ja	激突	noun	6	7	3	5
ja	属し	verb	6	7	3	5
ja	浮ん	verb	6	7	3	5
ja	横転	noun	6	7	3	5
ja	稼げる	verb	6	7	3	5
ja	開館	noun	6	7	3	5
ja	掲載	noun	6	7	2	5
ja	訊ね	verb	6	7	2	5
ja	多面	noun	6	7	2	5
ja	だまさ	verb	6	7	2	5
ja	ストック	noun	6	7	2	5
ja	源泉	noun	6	7	1	5
ja	つづい	verb	6	7	1	5
ja	出火	noun	6	7	1	5
ja	卿	noun	6	7	1	5
ja	ポリシー	noun	6	7	1	5
ja	投与	noun	6	7	1	5
ja	好ましい	adjective	6	7	1	5
ja	接着	noun	6	7	1	5
ja	まぜ	verb	6	7	1	5
ja	切り札	noun	6	7	1	5
ja	養い	verb	6	7	1	5
ja	五入	noun	6	7	1	5
ja	在る	verb	6	7	1	5
ja	緊迫	noun	6	7	1	5
ja	聖餐	noun	6	7	0	5
ja	変数	noun	6	7	0	5
ja	不全	noun	6	7	0	5
ja	サイクル	noun	6	7	0	5
ja	真上	noun	6	7	0	5
ja	リハーサル	noun	6	7	0	5
ja	フリ	noun	6	7	0	5
ja	隠し持っ	verb	6	7	0	5
ja	投機	noun	6	7	0	5
ja	増えれ	verb	6	7	0	5
ja	埋蔵	noun	6	7	0	5
ja	離れ	noun	6	7	0	5
ja	解毒	noun	6	7	0	5
ja	店舗	noun	6	7	0	5
ja	低温	noun	6	7	0	5
ja	善心	noun	6	7	0	5
ja	賽銭	noun	6	7	0	5
ja	見出し	noun	6	7	0	5
ja	すくすく	adverb	6	7	0	5
ja	盗品	noun	6	7	0	5
ja	引きずる	verb	6	7	0	5
ja	くださり	verb	6	7	0	5
ja	奥底	noun	6	7	0	5
ja	潜む	verb	6	7	0	5
ja	パートナーシップ	noun	6	7	0	5
ja	片言	noun	6	7	0	5
ja	建て込ん	verb	6	7	0	5
ja	釣魚	noun	6	7	0	5
ja	就業	noun	6	7	0	5
ja	勘	noun	6	7	0	5
ja	送迎	noun	6	7	0	5
ja	魔王	noun	6	7	0	5
ja	兆	noun	6	7	0	5
ja	就労	noun	6	7	0	5
ja	瓦礫	noun	6	7	0	5
ja	物々	noun	6	7	0	5
ja	露出	noun	6	7	0	5
ja	教材	noun	6	7	0	5
ja	機材	noun	6	7	0	5
ja	前期	noun	6	7	0	5
ja	典礼	noun	6	7	0	5
ja	宅配	noun	6	7	0	5
ja	銃器	noun	6	7	0	5
ja	歳入	noun	6	7	0	5
ja	ミスター	noun	6	7	0	5
ja	ミャンマー	noun	6	7	0	5
ja	糧	noun	6	7	0	5
ja	波風	noun	6	7	0	5
ja	財宝	noun	6	7	0	5
ja	躍起	noun	6	7	0	5
ja	成り立つ	verb	6	7	0	5
ja	多元	noun	6	7	0	5
ja	察する	verb	6	7	0	5
ja	気兼ね	noun	6	7	0	5
ja	燃やす	verb	6	7	0	5
ja	グーグル	noun	6	7	0	5
ja	新婦	noun	6	7	0	5
ja	アウレリウス	noun	6	7	0	5
ja	ノートルダム	noun	6	7	0	5
ja	前衛	noun	6	7	0	5
ja	ドルト	noun	6	7	0	5
ja	躍り出	verb	6	7	0	5
ja	長引く	verb	6	7	0	5
ja	ルイス	noun	6	7	0	5
ja	ゐる	verb	6	7	0	5
ja	理念	noun	6	7	0	5
ja	ワイド	noun	6	7	0	5
ja	高温	noun	6	7	0	5
ja	超人	noun	6	7	0	5
ja	善い	adjective	6	7	0	5
ja	シンク	noun	6	7	0	5
ja	乗り切る	verb	6	7	0	5
ja	ころころ	adverb	6	7	0	5
ja	情景	noun	6	7	0	5
ja	ウィキペディア	noun	6	7	0	5
ja	バークリー	noun	6	7	0	5
ja	女中	noun	6	7	0	5
ja	瀬戸	noun	6	7	0	5
ja	娼婦	noun	6	7	0	5
ja	結核	noun	6	7	0	5
ja	当座	noun	6	7	0	5
ja	濃度	noun	6	7	0	5
ja	オーラ	noun	6	7	0	5
ja	カルカッタ	noun	6	7	0	5
ja	フィッシュ	noun	6	7	0	5
ja	どー	adverb	6	7	0	5
ja	義	noun	6	7	0	5
ja	清涼	noun	6	7	0	5
ja	クラーク	noun	6	7	0	5
ja	ゆう	verb	6	7	0	5
ja	ソ	noun	6	7	0	5
ja	三宝	noun	6	7	0	5
ja	四捨	noun	6	7	0	5
ja	共存	noun	6	7	0	5
ja	からん	verb	6	7	4	4
ja	突発	noun	6	7	3	4
ja	まさっ	verb	6	7	3	4
ja	いだい	verb	6	7	3	4
ja	素	noun	6	7	3	4
ja	在籍	noun	6	7	3	4
ja	のばす	verb	6	7	2	4
ja	呈する	verb	6	7	2	4
ja	二の次	noun	6	7	2	4
ja	寄附	noun	6	7	2	4
ja	直撃	noun	6	7	2	4
ja	巡っ	verb	6	7	2	4
ja	辿っ	verb	6	7	2	4
ja	撤去	noun	6	7	2	4
ja	目さ	verb	6	7	2	4
ja	破り	verb	6	7	2	4
ja	とん	verb	6	7	2	4
ja	ほうっ	verb	6	7	2	4
ja	選べる	verb	6	7	2	4
ja	撤退	noun	6	7	2	4
ja	査定	noun	6	7	2	4
ja	まんざら	adverb	6	7	2	4
ja	僧伽	noun	6	7	1	4
ja	キュー	noun	6	7	1	4
ja	ギャンブラー	noun	6	7	1	4
ja	体型	noun	6	7	1	4
ja	潜る	verb	6	7	1	4
ja	特色	noun	6	7	1	4
ja	くじく	verb	6	7	1	4
ja	浸透	noun	6	7	1	4
ja	活かせる	verb	6	7	1	4
ja	考え違い	noun	6	7	1	4
ja	脇役	noun	6	7	1	4
ja	自白	noun	6	7	1	4
ja	課す	verb	6	7	1	4
ja	涼し	adjective	6	7	1	4
ja	夕暮	noun	6	7	1	4
ja	ランク	noun	6	7	1	4
ja	実地	noun	6	7	1	4
ja	解剖	noun	6	7	1	4
ja	憧れる	verb	6	7	1	4
ja	手掛かり	noun	6	7	1	4
ja	トレード	noun	6	7	1	4
ja	汚さ	verb	6	7	1	4
ja	写さ	verb	6	7	1	4
ja	述べよう	verb	6	7	1	4
ja	恵ん	verb	6	7	1	4
ja	レクリエーション	noun	6	7	1	4
ja	武術	noun	6	7	1	4
ja	実情	noun	6	7	0	4
ja	組み換え	noun	6	7	0	4
ja	洗顔	noun	6	7	0	4
ja	きる	verb	6	7	0	4
ja	財務	noun	6	7	0	4
ja	司会	noun	6	7	0	4
ja	ファイバー	noun	6	7	0	4
ja	切り抜ける	verb	6	7	0	4
ja	人食い	noun	6	7	0	4
ja	アリウス	noun	6	7	0	4
ja	腫れ	noun	6	7	0	4
ja	うろうろ	adverb	6	7	0	4
ja	不信	noun	6	7	0	4
ja	ブル	noun	6	7	0	4
ja	レスラー	noun	6	7	0	4
ja	だだ	noun	6	7	0	4
ja	通り抜ける	verb	6	7	0	4
ja	両社	noun	6	7	0	4
ja	おろおろ	adverb	6	7	0	4
ja	ブレーカー	noun	6	7	0	4
ja	組成	noun	6	7	0	4
ja	アーチ	noun	6	7	0	4
ja	オペレーティング	noun	6	7	0	4
ja	広々	adverb	6	7	0	4
ja	コンスタンティヌス	noun	6	7	0	4
ja	そうこう	adverb	6	7	0	4
ja	かり	noun	6	7	0	4
ja	取り乱し	verb	6	7	0	4
ja	哀悼	noun	6	7	0	4
ja	全景	noun	6	7	0	4
ja	指宿	noun	6	7	0	4
ja	展望	noun	6	7	0	4
ja	ロッド	noun	6	7	0	4
ja	債券	noun	6	7	0	4
ja	アタナシウス	noun	6	7	0	4
ja	不朽	noun	6	7	0	4
ja	月日	noun	6	7	0	4
ja	品種	noun	6	7	0	4
ja	ピーターソン	noun	6	7	0	4
ja	リンドバーグ	noun	6	7	0	4
ja	ちびちび	adverb	6	7	0	4
ja	フェラーリ	noun	6	7	0	4
ja	界隈	noun	6	7	0	4
ja	受容	noun	6	7	0	4
ja	樹	noun	6	7	0	4
ja	クロアチア	noun	6	7	0	4
ja	停戦	noun	6	7	0	4
ja	母音	noun	6	7	0	4
ja	ピリポ	noun	6	7	0	4
ja	誇らし	adjective	6	7	0	4
ja	幹部	noun	6	7	0	4
ja	均質	noun	6	7	0	4
ja	志向	noun	6	7	0	4
ja	心地よく	adjective	6	7	0	4
ja	狩人	noun	6	7	0	4
ja	喜ばしく	adjective	6	7	0	4
ja	導体	noun	6	7	0	4
ja	見舞う	verb	6	7	0	4
ja	汎用	noun	6	7	0	4
ja	司令	noun	6	7	0	4
ja	購買	noun	6	7	0	4
ja	エスニック	noun	6	7	0	4
ja	ふっと	compounds	6	7	0	4
ja	耐性	noun	6	7	0	4
ja	切り上げ	verb	6	7	0	4
ja	防犯	noun	6	7	0	4
ja	住める	verb	6	7	0	4
ja	すらっ	adverb	6	7	0	4
ja	切り盛り	noun	6	7	0	4
ja	満場	noun	6	7	0	4
ja	こずえ	noun	6	7	0	4
ja	絵具	noun	6	7	0	4
ja	興亡	noun	6	7	0	4
ja	くっきり	adverb	6	7	0	4
ja	川上	noun	6	7	0	4
ja	読みふけっ	verb	6	7	0	4
ja	モンロー	noun	6	7	0	4
ja	二元	noun	6	7	0	4
ja	見開い	verb	6	7	0	4
ja	ぼけ	noun	6	7	0	4
ja	本領	noun	6	7	0	4
ja	跡地	noun	6	7	0	4
ja	節度	noun	6	7	0	4
ja	マリリン	noun	6	7	0	4
ja	川岸	noun	6	7	0	4
ja	ニコル	noun	6	7	0	4
ja	行き着く	verb	6	7	0	4
ja	均等	noun	6	7	0	4
ja	ちらほら	adverb	6	7	0	4
ja	菩提	noun	6	7	0	4
ja	持ち込ま	verb	6	7	0	4
ja	養殖	noun	6	7	0	4
ja	ドキュメント	noun	6	7	0	4
ja	騎手	noun	6	7	0	4
ja	陶磁器	noun	6	7	0	4
ja	詰める	verb	6	7	0	4
ja	悔い改め	noun	6	7	0	4
ja	互換	noun	6	7	0	4
ja	URL	compounds	6	7	0	4
ja	読み上げる	verb	6	7	0	4
ja	旧型	noun	6	7	0	4
ja	散り	verb	6	7	0	4
ja	扶助	noun	6	7	0	4
ja	ズルズル	adverb	6	7	0	4
ja	すくなく	adjective	6	7	0	4
ja	たたっ	verb	6	7	0	4
ja	ぼろ	noun	6	7	0	4
ja	ソナ	noun	6	7	0	4
ja	煩悩	noun	6	7	0	4
ja	関わり合い	noun	6	7	0	4
ja	微細	noun	6	7	0	4
ja	荷台	noun	6	7	0	4
ja	断熱	noun	6	7	0	4
ja	平地	noun	6	7	0	4
ja	寄せる	verb	6	7	0	4
ja	三田	noun	6	7	0	4
ja	銀色	noun	6	7	0	4
ja	あや	noun	6	7	0	4
ja	小物	noun	6	7	0	4
ja	闘い	noun	6	7	0	4
ja	生々しく	adjective	6	7	0	4
ja	鎧	noun	6	7	0	4
ja	モントゴメリー	noun	6	7	0	4
ja	OS	compounds	6	7	0	4
ja	主演	noun	6	7	0	4
ja	即刻	noun	6	7	0	4
ja	自衛	noun	6	7	0	4
ja	コブ	noun	6	7	0	4
ja	浴びせる	verb	6	7	0	4
ja	認証	noun	6	7	0	4
ja	形相	noun	6	7	0	4
ja	ぽっかり	adverb	6	7	0	4
ja	糸口	noun	6	7	0	4
ja	締切	noun	6	7	0	4
ja	某	noun	6	7	0	4
ja	直訳	noun	6	7	0	4
ja	拡散	noun	6	7	0	4
ja	アンド	noun	6	7	0	4
ja	過熱	noun	6	7	0	4
ja	エキスプレス	noun	6	7	0	4
ja	戦国	noun	6	7	0	4
ja	管制	noun	6	7	0	4
ja	本番	noun	6	7	0	4
ja	オブラート	noun	6	7	0	4
ja	地雷	noun	6	7	0	4
ja	積む	verb	6	7	0	4
ja	暴行	noun	6	7	0	4
ja	車内	noun	6	7	0	4
ja	強度	noun	6	7	0	4
ja	任意	noun	6	7	0	4
ja	ウインナー	noun	6	7	0	4
ja	公民	noun	6	7	0	4
ja	味わえる	verb	6	7	0	4
ja	孵化	noun	6	7	0	4
ja	創り出す	verb	6	7	0	4
ja	国立	noun	6	7	0	4
ja	小皿	noun	6	7	0	4
ja	遠路	noun	6	7	0	4
ja	遣わし	verb	6	7	0	4
ja	語法	noun	6	7	0	4
ja	衰える	verb	6	7	3	3
ja	歩み	verb	6	7	3	3
ja	防げ	verb	6	7	3	3
ja	下回っ	verb	6	7	3	3
ja	流布	noun	6	7	3	3
ja	ひんし	verb	6	7	3	3
ja	復唱	noun	6	7	3	3
ja	ひかえ	verb	6	7	3	3
ja	なくなら	verb	6	7	3	3
ja	船出	noun	6	7	3	3
ja	オートマ	noun	6	7	2	3
ja	モテる	verb	6	7	2	3
ja	閉ざし	verb	6	7	2	3
ja	対峙	noun	6	7	2	3
ja	倍増	noun	6	7	2	3
ja	勇ましい	adjective	6	7	2	3
ja	そら	verb	6	7	2	3
ja	発注	noun	6	7	2	3
ja	投下	noun	6	7	2	3
ja	強まっ	verb	6	7	2	3
ja	解任	noun	6	7	2	3
ja	結集	noun	6	7	2	3
ja	所蔵	noun	6	7	2	3
ja	出没	noun	6	7	2	3
ja	耽溺	noun	6	7	2	3
ja	水増し	noun	6	7	2	3
ja	歩ん	verb	6	7	2	3
ja	たよっ	verb	6	7	2	3
ja	脱退	noun	6	7	2	3
ja	かわいかっ	adjective	6	7	2	3
ja	補語	noun	6	7	2	3
ja	年ごろ	noun	6	7	2	3
ja	逼迫	noun	6	7	2	3
ja	撃ち	verb	6	7	2	3
ja	わきまえる	verb	6	7	2	3
ja	よぶ	verb	6	7	2	3
ja	軽べつ	noun	6	7	2	3
ja	キープ	noun	6	7	2	3
ja	煽る	verb	6	7	2	3
ja	たたずん	verb	6	7	2	3
ja	ネック	noun	6	7	2	3
ja	つけれ	verb	6	7	2	3
ja	カウンセリング	noun	6	7	2	3
ja	偶発	noun	6	7	1	3
ja	施錠	noun	6	7	1	3
ja	進めよう	verb	6	7	1	3
ja	妖怪	noun	6	7	1	3
ja	半々	noun	6	7	1	3
ja	練っ	verb	6	7	1	3
ja	ポルシェ	noun	6	7	1	3
ja	航路	noun	6	7	1	3
ja	誤訳	noun	6	7	1	3
ja	こん	verb	6	7	1	3
ja	芸当	noun	6	7	1	3
ja	冷ます	verb	6	7	1	3
ja	浸水	noun	6	7	1	3
ja	くだけ	verb	6	7	1	3
ja	整えよう	verb	6	7	1	3
ja	徘徊	noun	6	7	1	3
ja	受かり	verb	6	7	1	3
ja	履行	noun	6	7	1	3
ja	綾子	noun	6	7	1	3
ja	復元	noun	6	7	1	3
ja	朗読	noun	6	7	1	3
ja	連結	noun	6	7	1	3
ja	奏でる	verb	6	7	1	3
ja	道程	noun	6	7	1	3
ja	変形	noun	6	7	1	3
ja	動力	noun	6	7	1	3
ja	償還	noun	6	7	1	3
ja	拗ね	verb	6	7	1	3
ja	風化	noun	6	7	1	3
ja	実装	noun	6	7	1	3
ja	のま	verb	6	7	1	3
ja	ボルト	noun	6	7	1	3
ja	霞ん	verb	6	7	1	3
ja	美男	noun	6	7	1	3
ja	借入	noun	6	7	1	3
ja	パイプライン	noun	6	7	1	3
ja	切断	noun	6	7	1	3
ja	フォーマット	noun	6	7	1	3
ja	棋士	noun	6	7	1	3
ja	さける	verb	6	7	1	3
ja	描ける	verb	6	7	1	3
ja	消毒	noun	6	7	1	3
ja	もじもじ	adverb	6	7	1	3
ja	捕食	noun	6	7	1	3
ja	アンデレ	noun	6	7	1	3
ja	登ろう	verb	6	7	1	3
ja	指令	noun	6	7	1	3
ja	しぶっ	verb	6	7	1	3
ja	叶わ	verb	6	7	1	3
ja	パム	noun	6	7	1	3
ja	全開	noun	6	7	1	3
ja	名作	noun	6	7	1	3
ja	夏バテ	noun	6	7	1	3
ja	実況	noun	6	7	1	3
ja	悪戯	noun	6	7	1	3
ja	畳む	verb	6	7	1	3
ja	気休め	noun	6	7	1	3
ja	ためいき	noun	6	7	1	3
ja	尾行	noun	6	7	1	3
ja	著	noun	6	7	1	3
ja	特異	noun	6	7	0	3
ja	風雨	noun	6	7	0	3
ja	架ける	verb	6	7	0	3
ja	マネジメント	noun	6	7	0	3
ja	奮い立た	verb	6	7	0	3
ja	カサカサ	adverb	6	7	0	3
ja	バーンズ	noun	6	7	0	3
ja	飛び降りる	verb	6	7	0	3
ja	やまやま	noun	6	7	0	3
ja	かたず	noun	6	7	0	3
ja	ややこしく	adjective	6	7	0	3
ja	かがみこん	verb	6	7	0	3
ja	煮込ん	verb	6	7	0	3
ja	悔しい	adjective	6	7	0	3
ja	殿方	noun	6	7	0	3
ja	亜美	noun	6	7	0	3
ja	春分	noun	6	7	0	3
ja	ウェストミンスター	noun	6	7	0	3
ja	日の入り	noun	6	7	0	3
ja	投足	noun	6	7	0	3
ja	経て	verb	6	7	0	3
ja	比べもの	noun	6	7	0	3
ja	ヨルダン	noun	6	7	0	3
ja	カタカタ	adverb	6	7	0	3
ja	番犬	noun	6	7	0	3
ja	買い言葉	noun	6	7	0	3
ja	脱力	noun	6	7	0	3
ja	クルーズ	noun	6	7	0	3
ja	該当	noun	6	7	0	3
ja	書式	noun	6	7	0	3
ja	メソポタミア	noun	6	7	0	3
ja	片棒	noun	6	7	0	3
ja	ナビゲート	noun	6	7	0	3
ja	たいする	verb	6	7	0	3
ja	ムシ	noun	6	7	0	3
ja	ブーメラン	noun	6	7	0	3
ja	妃	noun	6	7	0	3
ja	イコール	noun	6	7	0	3
ja	ふるさと	noun	6	7	0	3
ja	祈祷	noun	6	7	0	3
ja	売り言葉	noun	6	7	0	3
ja	川端	noun	6	7	0	3
ja	ペラペラ	adverb	6	7	0	3
ja	抽選	noun	6	7	0	3
ja	百均	noun	6	7	0	3
ja	美咲	noun	6	7	0	3
ja	ゾウ	noun	6	7	0	3
ja	公定	noun	6	7	0	3
ja	シャープ	noun	6	7	0	3
ja	キャビン	noun	6	7	0	3
ja	はねる	verb	6	7	0	3
ja	下り	noun	6	7	0	3
ja	ルネッサンス	noun	6	7	0	3
ja	キット	noun	6	7	0	3
ja	スナップ	noun	6	7	0	3
ja	減	noun	6	7	0	3
ja	艦	noun	6	7	0	3
ja	バンパー	noun	6	7	0	3
ja	正道	noun	6	7	0	3
ja	アク	noun	6	7	0	3
ja	成り下がっ	verb	6	7	0	3
ja	闘士	noun	6	7	0	3
ja	件数	noun	6	7	0	3
ja	目くじら	noun	6	7	0	3
ja	そそくさ	adverb	6	7	0	3
ja	プラハ	noun	6	7	0	3
ja	助産	noun	6	7	0	3
ja	心もとない	adjective	6	7	0	3
ja	大名	noun	6	7	0	3
ja	囲碁	noun	6	7	0	3
ja	パフェ	noun	6	7	0	3
ja	バージニア	noun	6	7	0	3
ja	矢先	noun	6	7	0	3
ja	夕	noun	6	7	0	3
ja	取り出す	verb	6	7	0	3
ja	モナ	noun	6	7	0	3
ja	むろん	adverb	6	7	0	3
ja	若人	noun	6	7	0	3
ja	ウォーミング	noun	6	7	0	3
ja	産児	noun	6	7	0	3
ja	議定	noun	6	7	0	3
ja	一人子	noun	6	7	0	3
ja	ナオコ	noun	6	7	0	3
ja	渋面	noun	6	7	0	3
ja	除き	verb	6	7	0	3
ja	下乳	noun	6	7	0	3
ja	応	noun	6	7	0	3
ja	旧い	adjective	6	7	0	3
ja	バングラデシュ	noun	6	7	0	3
ja	片側	noun	6	7	0	3
ja	彩る	verb	6	7	0	3
ja	芥川	noun	6	7	0	3
ja	いかがわしい	adjective	6	7	0	3
ja	アルト	noun	6	7	0	3
ja	きめ	noun	6	7	0	3
ja	金回り	noun	6	7	0	3
ja	みち	noun	6	7	0	3
ja	ばち	adverb	6	7	0	3
ja	闘い	verb	6	7	0	3
ja	名代	noun	6	7	0	3
ja	参り	noun	6	7	0	3
ja	ユニット	noun	6	7	0	3
ja	画質	noun	6	7	0	3
ja	ローランド	noun	6	7	0	3
ja	生鮮	noun	6	7	0	3
ja	千羽	noun	6	7	0	3
ja	押し入り	verb	6	7	0	3
ja	ニコッ	adverb	6	7	0	3
ja	時機	noun	6	7	0	3
ja	アンダーソン	noun	6	7	0	3
ja	片隅	noun	6	7	0	3
ja	強大	noun	6	7	0	3
ja	ごみごみ	adverb	6	7	0	3
ja	下等	noun	6	7	0	3
ja	毛穴	noun	6	7	0	3
ja	五戒	noun	6	7	0	3
ja	歯列	noun	6	7	0	3
ja	コンピューティング	noun	6	7	0	3
ja	バシャバシャ	adverb	6	7	0	3
ja	ブラジャー	noun	6	7	0	3
ja	足し	noun	6	7	0	3
ja	集約	noun	6	7	0	3
ja	見込ま	verb	6	7	0	3
ja	配線	noun	6	7	0	3
ja	さなか	noun	6	7	0	3
ja	嗜好	noun	6	7	0	3
ja	日の目	noun	6	7	0	3
ja	すやすや	adverb	6	7	0	3
ja	技量	noun	6	7	0	3
ja	ころん	adverb	6	7	0	3
ja	よちよち	adverb	6	7	0	3
ja	紙面	noun	6	7	0	3
ja	神奈川	noun	6	7	0	3
ja	究明	noun	6	7	0	3
ja	毛細	noun	6	7	0	3
ja	朝夕	noun	6	7	0	3
ja	面持ち	noun	6	7	0	3
ja	巨匠	noun	6	7	0	3
ja	下旬	noun	6	7	0	3
ja	裏道	noun	6	7	0	3
ja	閉じこもる	verb	6	7	0	3
ja	鳥肌	noun	6	7	0	3
ja	金閣	noun	6	7	0	3
ja	飲み歩い	verb	6	7	0	3
ja	鱒	noun	6	7	0	3
ja	教え込む	verb	6	7	0	3
ja	アルパカ	noun	6	7	0	3
ja	本願	noun	6	7	0	3
ja	伯母	noun	6	7	0	3
ja	可視	noun	6	7	0	3
ja	切り離す	verb	6	7	0	3
ja	染料	noun	6	7	0	3
ja	プチ	noun	6	7	0	3
ja	家宅	noun	6	7	0	3
ja	エルメス	noun	6	7	0	3
ja	ジュリアス	noun	6	7	0	3
ja	下心	noun	6	7	0	3
ja	臍	noun	6	7	0	3
ja	一句	noun	6	7	0	3
ja	初詣	noun	6	7	0	3
ja	ガクン	adverb	6	7	0	3
ja	申込	verb	6	7	0	3
ja	合弁	noun	6	7	0	3
ja	公益	noun	6	7	0	3
ja	マオリ	noun	6	7	0	3
ja	閑静	noun	6	7	0	3
ja	新郎	noun	6	7	0	3
ja	ヒースロー	noun	6	7	0	3
ja	すする	verb	6	7	0	3
ja	日銀	noun	6	7	0	3
ja	老年	noun	6	7	0	3
ja	支部	noun	6	7	0	3
ja	園児	noun	6	7	0	3
ja	貯蔵	noun	6	7	0	3
ja	極東	noun	6	7	0	3
ja	見直す	verb	6	7	0	3
ja	ナシ	noun	6	7	0	3
ja	どすん	adverb	6	7	0	3
ja	ずっしり	adverb	6	7	0	3
ja	こそこそ	adverb	6	7	0	3
ja	中頃	noun	6	7	0	3
ja	週明け	noun	6	7	0	3
ja	読売	noun	6	7	0	3
ja	嘆く	verb	6	7	0	3
ja	純白	noun	6	7	0	3
ja	流し台	noun	6	7	0	3
ja	パンプキン	noun	6	7	0	3
ja	凶器	noun	6	7	0	3
ja	打ち砕か	verb	6	7	0	3
ja	忘年	noun	6	7	0	3
ja	アイオワ	noun	6	7	0	3
ja	綻び	noun	6	7	0	3
ja	古文	noun	6	7	0	3
ja	頭蓋	noun	6	7	0	3
ja	生ゴミ	noun	6	7	0	3
ja	渦潮	noun	6	7	0	3
ja	先制	noun	6	7	0	3
ja	イントネーション	noun	6	7	0	3
ja	道々	adverb	6	7	0	3
ja	バイロン	noun	6	7	0	3
ja	羽根	noun	6	7	0	3
ja	買い食い	noun	6	7	0	3
ja	晴れ間	noun	6	7	0	3
ja	可算	noun	6	7	0	3
ja	感じ取る	verb	6	7	0	3
ja	遊び場	noun	6	7	0	3
ja	スウェット	noun	6	7	0	3
ja	亀裂	noun	6	7	0	3
ja	タラ	noun	6	7	0	3
ja	中隊	noun	6	7	0	3
ja	コールド	noun	6	7	0	3
ja	踏み場	noun	6	7	0	3
ja	そびれ	verb	6	7	0	3
ja	洋裁	noun	6	7	0	3
ja	アンドロイド	noun	6	7	0	3
ja	麻理	noun	6	7	0	3
ja	スコラ	noun	6	7	0	3
ja	反証	noun	6	7	0	3
ja	物議	noun	6	7	0	3
ja	生姜	noun	6	7	0	3
ja	ベンソン	noun	6	7	0	3
ja	水上	noun	6	7	0	3
ja	ノース	noun	6	7	0	3
ja	音程	noun	6	7	0	3
ja	同月	noun	6	7	0	3
ja	インスリン	noun	6	7	0	3
ja	ビュー	noun	6	7	0	3
ja	小羊	noun	6	7	0	3
ja	詰め込み	verb	6	7	0	3
ja	アフター	noun	6	7	0	3
ja	なおみ	noun	6	7	0	3
ja	あつかましく	adjective	6	7	0	3
ja	両家	noun	6	7	0	3
ja	ツイン	noun	6	7	0	3
ja	画竜	noun	6	7	0	3
ja	提議	noun	6	7	0	3
ja	酒場	noun	6	7	0	3
ja	患う	verb	6	7	0	3
ja	レトリック	noun	6	7	0	3
ja	生垣	noun	6	7	0	3
ja	字数	noun	6	7	0	3
ja	ウェイ	noun	6	7	0	3
ja	惰性	noun	6	7	0	3
ja	アレクサンドリア	noun	6	7	0	3
ja	冷え性	noun	6	7	0	3
ja	押し込む	verb	6	7	0	3
ja	終焉	noun	6	7	0	3
ja	ウーマン	noun	6	7	0	3
ja	冬場	noun	6	7	0	3
ja	算段	noun	6	7	0	3
ja	のび太	noun	6	7	0	3
ja	腹の虫	noun	6	7	0	3
ja	どんでん返し	noun	6	7	0	3
ja	石材	noun	6	7	0	3
ja	漁業	noun	6	7	0	3
ja	下品	noun	6	7	0	3
ja	なしとげる	verb	6	7	0	3
ja	器官	noun	6	7	0	3
ja	点睛	noun	6	7	0	3
ja	海域	noun	6	7	0	3
ja	一覧	noun	6	7	0	3
ja	図体	noun	6	7	0	3
ja	高松	noun	6	7	0	3
ja	街角	noun	6	7	0	3
ja	マリナ	noun	6	7	0	3
ja	排他	noun	6	7	0	3
ja	八目	noun	6	7	0	3
ja	逆向き	noun	6	7	0	3
ja	左翼	noun	6	7	0	3
ja	ガミガミ	adverb	6	7	0	3
ja	評議	noun	6	7	0	3
ja	降雨	noun	6	7	0	3
ja	頂	noun	6	7	0	3
ja	逆鱗	noun	6	7	0	3
ja	個所	noun	6	7	0	3
ja	立ちふさがっ	verb	6	7	0	3
ja	グローブ	noun	6	7	0	3
ja	捕え	verb	6	7	0	3
ja	思春	noun	6	7	0	3
ja	月明かり	noun	6	7	0	3
ja	野性	noun	6	7	0	3
ja	どさっ	adverb	6	7	0	3
ja	英字	noun	6	7	0	3
ja	ネービー	noun	6	7	0	3
ja	解像	noun	6	7	0	3
ja	無私	noun	6	7	0	3
ja	残留	noun	6	7	0	3
ja	アポロ	noun	6	7	0	3
ja	砲兵	noun	6	7	0	3
ja	溶剤	noun	6	7	0	3
ja	儲かる	verb	6	7	0	3
ja	ケベック	noun	6	7	0	3
ja	ありあり	adverb	6	7	0	3
ja	設ける	verb	6	7	0	3
ja	スーダン	noun	6	7	0	3
ja	朝方	noun	6	7	0	3
ja	ちょこちょこ	adverb	6	7	0	3
ja	きたない	adjective	6	7	0	3
ja	つぎ込む	verb	6	7	0	3
ja	にらみ	noun	6	7	0	3
ja	片腕	noun	6	7	0	3
ja	持ち帰る	verb	6	7	0	3
ja	綱紀	noun	6	7	0	3
ja	撫でる	verb	6	7	0	3
ja	前彼	noun	6	7	0	3
ja	いたっ	verb	6	7	0	3
ja	終盤	noun	6	7	0	3
ja	シュメール	noun	6	7	0	3
ja	片想い	noun	6	7	0	3
ja	アルゼンチン	noun	6	7	0	3
ja	勝ち取ら	verb	6	7	0	3
ja	捜し求め	verb	6	7	0	3
ja	うねうね	adverb	6	7	0	3
ja	タガログ	noun	6	7	0	3
ja	防災	noun	6	7	0	3
ja	歩合	noun	6	7	0	3
ja	梅酒	noun	6	7	0	3
ja	暗に	adverb	6	7	0	3
ja	ロイヤル	noun	6	7	0	3
ja	乱す	verb	6	7	0	3
ja	ごと	noun	6	7	0	3
ja	飛びこん	verb	6	7	0	3
ja	かや	noun	6	7	0	3
ja	胡桃	noun	6	7	0	3
ja	脳死	noun	6	7	0	3
ja	前月	noun	6	7	0	3
ja	かじりつい	verb	6	7	0	3
ja	不備	noun	6	7	0	3
ja	除去	noun	6	7	0	3
ja	じゅうぶん	adverb	6	7	0	3
ja	つど	noun	6	7	0	3
ja	言い付かっ	verb	6	7	0	3
ja	黙る	verb	6	7	0	3
ja	士気	noun	6	7	0	3
ja	ブレスレット	noun	6	7	0	3
ja	日経	noun	6	7	0	3
ja	聴け	verb	6	7	0	3
ja	引き上げ	noun	6	7	0	3
ja	どん	adverb	6	7	0	3
ja	ホン	noun	6	7	0	3
ja	帰郷	noun	6	7	0	3
ja	心構え	noun	6	7	0	3
ja	後任	noun	6	7	0	3
ja	末期	noun	6	7	0	3
ja	くそ	noun	6	7	0	3
ja	ふんぞり	verb	6	7	0	3
ja	やおや	noun	6	7	0	3
ja	振興	noun	6	7	0	3
ja	闘病	noun	6	7	0	3
ja	即し	verb	6	7	0	3
ja	アーモンク	noun	6	7	0	3
ja	ぐうすか	adverb	6	7	0	3
ja	宮	noun	6	7	0	3
ja	元来	adverb	6	7	0	3
ja	遠近法	noun	6	7	0	3
ja	あずかる	verb	6	7	2	2
ja	選別	noun	6	7	2	2
ja	とだえ	verb	6	7	2	2
ja	ツヤツヤ	adverb	6	7	2	2
ja	しぼら	verb	6	7	2	2
ja	神髄	noun	6	7	2	2
ja	省か	verb	6	7	2	2
ja	つる	verb	6	7	2	2
ja	輩出	noun	6	7	2	2
ja	課する	verb	6	7	2	2
ja	広まり	verb	6	7	2	2
ja	投かん	noun	6	7	2	2
ja	はん	verb	6	7	2	2
ja	ずん	adverb	6	7	2	2
ja	石頭	noun	6	7	2	2
ja	つん	verb	6	7	2	2
ja	つくろっ	verb	6	7	2	2
ja	ぴりぴり	adverb	6	7	2	2
ja	ピリピリ	adverb	6	7	2	2
ja	煎じ	verb	6	7	2	2
ja	とく	verb	6	7	2	2
ja	傾けれ	verb	6	7	2	2
ja	言えよう	verb	6	7	2	2
ja	つのら	verb	6	7	2	2
ja	うかがう	verb	6	7	2	2
ja	はなっ	verb	6	7	2	2
ja	潤う	verb	6	7	2	2
ja	親しま	verb	6	7	2	2
ja	押収	noun	6	7	2	2
ja	揺らい	verb	6	7	2	2
ja	詰まり	verb	6	7	2	2
ja	名付ける	verb	6	7	2	2
ja	傾斜	noun	6	7	2	2
ja	美形	noun	6	7	2	2
ja	かまえ	verb	6	7	2	2
ja	すべり	verb	6	7	2	2
ja	根負け	noun	6	7	2	2
ja	弄ん	verb	6	7	2	2
ja	記さ	verb	6	7	2	2
ja	免れる	verb	6	7	2	2
ja	くらう	verb	6	7	2	2
ja	ぬぎ	verb	6	7	2	2
ja	爆走	noun	6	7	2	2
ja	赦免	noun	6	7	2	2
ja	深まり	verb	6	7	2	2
ja	登記	noun	6	7	2	2
ja	完備	noun	6	7	2	2
ja	試せ	verb	6	7	2	2
ja	際立た	verb	6	7	2	2
ja	転入	noun	6	7	2	2
ja	棲ん	verb	6	7	2	2
ja	たたん	noun	6	7	1	2
ja	精査	noun	6	7	1	2
ja	奏し	verb	6	7	1	2
ja	うた	verb	6	7	1	2
ja	面談	noun	6	7	1	2
ja	一色	noun	6	7	1	2
ja	オトコ	noun	6	7	1	2
ja	如何	noun	6	7	1	2
ja	厭う	verb	6	7	1	2
ja	雪国	noun	6	7	1	2
ja	真逆	noun	6	7	1	2
ja	分岐	noun	6	7	1	2
ja	溶かす	verb	6	7	1	2
ja	阻ん	verb	6	7	1	2
ja	詠唱	noun	6	7	1	2
ja	存する	verb	6	7	1	2
ja	出水	noun	6	7	1	2
ja	灯っ	verb	6	7	1	2
ja	ウロチョロ	adverb	6	7	1	2
ja	凸凹	noun	6	7	1	2
ja	寄生	noun	6	7	1	2
ja	さみしい	adjective	6	7	1	2
ja	舌打ち	noun	6	7	1	2
ja	つつま	verb	6	7	1	2
ja	難儀	noun	6	7	1	2
ja	ぼうぼう	adverb	6	7	1	2
ja	一会	noun	6	7	1	2
ja	潜っ	verb	6	7	1	2
ja	スピードアップ	noun	6	7	1	2
ja	不倫	noun	6	7	1	2
ja	オンボロ	noun	6	7	1	2
ja	培わ	verb	6	7	1	2
ja	くぎづけ	noun	6	7	1	2
ja	持主	noun	6	7	1	2
ja	おわり	noun	6	7	1	2
ja	すばらし	adjective	6	7	1	2
ja	みのら	verb	6	7	1	2
ja	自問	noun	6	7	1	2
ja	抜かす	verb	6	7	1	2
ja	聴こう	verb	6	7	1	2
ja	ふけり	verb	6	7	1	2
ja	殴り書き	noun	6	7	1	2
ja	上気	noun	6	7	1	2
ja	どり	verb	6	7	1	2
ja	伺う	verb	6	7	1	2
ja	序列	noun	6	7	1	2
ja	長剣	noun	6	7	1	2
ja	網羅	noun	6	7	1	2
ja	連載	noun	6	7	1	2
ja	粉砕	noun	6	7	1	2
ja	仕舞っ	verb	6	7	1	2
ja	のぞく	verb	6	7	1	2
ja	抹消	noun	6	7	1	2
ja	エスケープ	noun	6	7	1	2
ja	もん	verb	6	7	1	2
ja	整列	noun	6	7	1	2
ja	合致	noun	6	7	1	2
ja	ノーパン	noun	6	7	1	2
ja	崇	noun	6	7	1	2
ja	まにあう	verb	6	7	1	2
ja	壺	noun	6	7	1	2
ja	授ける	verb	6	7	1	2
ja	混浴	noun	6	7	1	2
ja	入金	noun	6	7	1	2
ja	かし	verb	6	7	1	2
ja	ほどか	verb	6	7	1	2
ja	怠り	verb	6	7	1	2
ja	礎	noun	6	7	1	2
ja	精進	noun	6	7	1	2
ja	相乗り	noun	6	7	1	2
ja	さげる	verb	6	7	1	2
ja	コンパ	noun	6	7	1	2
ja	つつましい	adjective	6	7	1	2
ja	憶え	verb	6	7	1	2
ja	増幅	noun	6	7	1	2
ja	相応しい	adjective	6	7	1	2
ja	角形	noun	6	7	1	2
ja	林立	noun	6	7	1	2
ja	燃やさ	verb	6	7	1	2
ja	かすれ	verb	6	7	1	2
ja	入籍	noun	6	7	1	2
ja	鼓舞	noun	6	7	1	2
ja	粛清	noun	6	7	1	2
ja	あえる	verb	6	7	1	2
ja	黙認	noun	6	7	1	2
ja	ぐれ	verb	6	7	1	2
ja	かばっ	verb	6	7	1	2
ja	さえずる	verb	6	7	1	2
ja	シャン	adverb	6	7	1	2
ja	貯える	verb	6	7	1	2
ja	静止	noun	6	7	1	2
ja	駄作	noun	6	7	1	2
ja	潜入	noun	6	7	1	2
ja	そそら	verb	6	7	1	2
ja	もむ	verb	6	7	1	2
ja	ねじれ	verb	6	7	1	2
ja	因ん	verb	6	7	1	2
ja	たかる	verb	6	7	1	2
ja	鉄則	noun	6	7	1	2
ja	語尾	noun	6	7	1	2
ja	そこなう	verb	6	7	1	2
ja	忘恩	noun	6	7	1	2
ja	変容	noun	6	7	1	2
ja	先回り	noun	6	7	1	2
ja	退室	noun	6	7	1	2
ja	御名	noun	6	7	1	2
ja	縁遠い	adjective	6	7	1	2
ja	まもら	verb	6	7	1	2
ja	躾け	verb	6	7	1	2
ja	耕作	noun	6	7	1	2
ja	怒鳴り	verb	6	7	1	2
ja	達観	noun	6	7	1	2
ja	漏らす	verb	6	7	1	2
ja	隠れみの	noun	6	7	1	2
ja	揃える	verb	6	7	1	2
ja	栄える	verb	6	7	1	2
ja	熱々	noun	6	7	1	2
ja	美談	noun	6	7	1	2
ja	替わり	verb	6	7	1	2
ja	概説	noun	6	7	1	2
ja	薄	noun	6	7	1	2
ja	物件	noun	6	7	1	2
ja	根付い	verb	6	7	1	2
ja	行く年	noun	6	7	1	2
ja	マッチング	noun	6	7	1	2
ja	女遊び	noun	6	7	1	2
ja	のれ	verb	6	7	1	2
ja	性向	noun	6	7	1	2
ja	散乱	noun	6	7	1	2
ja	はさめ	verb	6	7	1	2
ja	仕上がり	noun	6	7	1	2
ja	図り	verb	6	7	1	2
ja	あてる	verb	6	7	1	2
ja	つまずく	verb	6	7	1	2
ja	共生	noun	6	7	1	2
ja	焼付け	noun	6	7	1	2
ja	ちか	adverb	6	7	1	2
ja	欠かす	verb	6	7	1	2
ja	楚歌	noun	6	7	1	2
ja	頓死	noun	6	7	1	2
ja	睨ん	verb	6	7	1	2
ja	出題	noun	6	7	1	2
ja	しゃぶる	verb	6	7	1	2
ja	懐かし	adjective	6	7	1	2
ja	淋し	adjective	6	7	1	2
ja	挽く	verb	6	7	1	2
ja	躍る	verb	6	7	1	2
ja	ともなっ	verb	6	7	1	2
ja	すねかじり	noun	6	7	1	2
ja	ほぐす	verb	6	7	1	2
ja	あらっ	verb	6	7	1	2
ja	決闘	noun	6	7	1	2
ja	さばい	verb	6	7	1	2
ja	清純	noun	6	7	0	2
ja	照らす	verb	6	7	0	2
ja	星雲	noun	6	7	0	2
ja	路肩	noun	6	7	0	2
ja	夏目	noun	6	7	0	2
ja	摩天	noun	6	7	0	2
ja	衆議	noun	6	7	0	2
ja	荒らす	verb	6	7	0	2
ja	ホームステイ	noun	6	7	0	2
ja	他力	noun	6	7	0	2
ja	月例	noun	6	7	0	2
ja	気まま	noun	6	7	0	2
ja	半値	noun	6	7	0	2
ja	マラ	noun	6	7	0	2
ja	ルー	noun	6	7	0	2
ja	爵位	noun	6	7	0	2
ja	切り分ける	verb	6	7	0	2
ja	こたえ	noun	6	7	0	2
ja	猟銃	noun	6	7	0	2
ja	きれ	noun	6	7	0	2
ja	無鉛	noun	6	7	0	2
ja	流し込む	verb	6	7	0	2
ja	甲乙	noun	6	7	0	2
ja	キャロライン	noun	6	7	0	2
ja	プッシュ	noun	6	7	0	2
ja	多湿	noun	6	7	0	2
ja	濃紺	noun	6	7	0	2
ja	遠隔	noun	6	7	0	2
ja	ヘディング	noun	6	7	0	2
ja	パリサイ	noun	6	7	0	2
ja	気付	noun	6	7	0	2
ja	ブリーフケース	noun	6	7	0	2
ja	無声	noun	6	7	0	2
ja	繋い	verb	6	7	0	2
ja	一手	noun	6	7	0	2
ja	後天	noun	6	7	0	2
ja	集まれ	verb	6	7	0	2
ja	渡航	noun	6	7	0	2
ja	バラエティー	noun	6	7	0	2
ja	劇中	noun	6	7	0	2
ja	山腹	noun	6	7	0	2
ja	くっつき	verb	6	7	0	2
ja	紡ぎ	verb	6	7	0	2
ja	ソルト	noun	6	7	0	2
ja	踏み込ま	verb	6	7	0	2
ja	ぼうそう	noun	6	7	0	2
ja	引き抜く	verb	6	7	0	2
ja	泣きやみ	verb	6	7	0	2
ja	アスパラ	noun	6	7	0	2
ja	二手	noun	6	7	0	2
ja	打ち切り	noun	6	7	0	2
ja	倒錯	noun	6	7	0	2
ja	絞め	verb	6	7	0	2
ja	及第	noun	6	7	0	2
ja	めぼしい	adjective	6	7	0	2
ja	折り畳み	verb	6	7	0	2
ja	見おろし	verb	6	7	0	2
ja	親和	noun	6	7	0	2
ja	跳び越え	verb	6	7	0	2
ja	思い返す	verb	6	7	0	2
ja	盛り込む	verb	6	7	0	2
ja	干潟	noun	6	7	0	2
ja	川幅	noun	6	7	0	2
ja	座面	noun	6	7	0	2
ja	もらえれ	verb	6	7	0	2
ja	極まる	verb	6	7	0	2
ja	思い込み	noun	6	7	0	2
ja	ちんぴら	noun	6	7	0	2
ja	険しく	adjective	6	7	0	2
ja	函館	noun	6	7	0	2
ja	釣り竿	noun	6	7	0	2
ja	一条	noun	6	7	0	2
ja	誹謗	noun	6	7	0	2
ja	りよう	noun	6	7	0	2
ja	因襲	noun	6	7	0	2
ja	跳び	noun	6	7	0	2
ja	せかせか	adverb	6	7	0	2
ja	かし	noun	6	7	0	2
ja	魚肉	noun	6	7	0	2
ja	ゴードン	noun	6	7	0	2
ja	取組ま	verb	6	7	0	2
ja	脱し	verb	6	7	0	2
ja	傍ら	noun	6	7	0	2
ja	カマンベール	noun	6	7	0	2
ja	手渡す	verb	6	7	0	2
ja	斜視	noun	6	7	0	2
ja	でかい	compounds	6	7	0	2
ja	けわしい	adjective	6	7	0	2
ja	暴騰	noun	6	7	0	2
ja	バネ	noun	6	7	0	2
ja	労苦	noun	6	7	0	2
ja	おもらし	noun	6	7	0	2
ja	びくと	adverb	6	7	0	2
ja	くねくね	adverb	6	7	0	2
ja	引っ叩い	verb	6	7	0	2
ja	ぶん殴っ	verb	6	7	0	2
ja	ワシ	noun	6	7	0	2
ja	しかめ面	noun	6	7	0	2
ja	同期	noun	6	7	0	2
ja	キャンバス	noun	6	7	0	2
ja	はかり	verb	6	7	0	2
ja	支払日	noun	6	7	0	2
ja	由緒	noun	6	7	0	2
ja	飛び立ち	verb	6	7	0	2
ja	でもって	compounds	6	7	0	2
ja	国力	noun	6	7	0	2
ja	開口	noun	6	7	0	2
ja	類い	noun	6	7	0	2
ja	油分	noun	6	7	0	2
ja	あだな	noun	6	7	0	2
ja	カールトン	noun	6	7	0	2
ja	作り付け	noun	6	7	0	2
ja	きこう	verb	6	7	0	2
ja	あらすじ	noun	6	7	0	2
ja	出来たて	noun	6	7	0	2
ja	挿入	noun	6	7	0	2
ja	見出そう	verb	6	7	0	2
ja	先行き	noun	6	7	0	2
ja	悔い改め	verb	6	7	0	2
ja	ころあい	noun	6	7	0	2
ja	扱える	verb	6	7	0	2
ja	高まる	verb	6	7	0	2
ja	ムチ	noun	6	7	0	2
ja	ドレーク	noun	6	7	0	2
ja	日朝	noun	6	7	0	2
ja	貸金	noun	6	7	0	2
ja	ぐんと	adverb	6	7	0	2
ja	もよう	noun	6	7	0	2
ja	であっ	verb	6	7	0	2
ja	芽衣	noun	6	7	0	2
ja	引っかかり	verb	6	7	0	2
ja	ざわざわ	adverb	6	7	0	2
ja	異質	noun	6	7	0	2
ja	モップ	noun	6	7	0	2
ja	さいころ	noun	6	7	0	2
ja	歩き抜け	verb	6	7	0	2
ja	水田	noun	6	7	0	2
ja	見張り	verb	6	7	0	2
ja	へらす	verb	6	7	0	2
ja	保養	noun	6	7	0	2
ja	跳ね上がり	verb	6	7	0	2
ja	書き置き	noun	6	7	0	2
ja	割り算	noun	6	7	0	2
ja	気乗り	noun	6	7	0	2
ja	瀬	noun	6	7	0	2
ja	カミング	noun	6	7	0	2
ja	牽制	noun	6	7	0	2
ja	漢	noun	6	7	0	2
ja	アーカイブ	noun	6	7	0	2
ja	まる	noun	6	7	0	2
ja	使い走り	noun	6	7	0	2
ja	デモンストレーション	noun	6	7	0	2
ja	運用	noun	6	7	0	2
ja	バームクーヘン	noun	6	7	0	2
ja	オーガニック	noun	6	7	0	2
ja	慣れ親しん	verb	6	7	0	2
ja	無償	noun	6	7	0	2
ja	アノラック	noun	6	7	0	2
ja	悪業	noun	6	7	0	2
ja	通帳	noun	6	7	0	2
ja	後頭	noun	6	7	0	2
ja	駆け上がる	verb	6	7	0	2
ja	書評	noun	6	7	0	2
ja	検尿	noun	6	7	0	2
ja	押さえつけ	verb	6	7	0	2
ja	ぐいぐい	adverb	6	7	0	2
ja	ゴア	noun	6	7	0	2
ja	ふりかえる	verb	6	7	0	2
ja	セントルイス	noun	6	7	0	2
ja	かこつけ	verb	6	7	0	2
ja	手裏	noun	6	7	0	2
ja	ぶち当たっ	verb	6	7	0	2
ja	真理子	noun	6	7	0	2
ja	諜報	noun	6	7	0	2
ja	すず	noun	6	7	0	2
ja	はや	adverb	6	7	0	2
ja	アリア	noun	6	7	0	2
ja	満悦	noun	6	7	0	2
ja	思い浮かん	verb	6	7	0	2
ja	夕陽	noun	6	7	0	2
ja	試用	noun	6	7	0	2
ja	代々木	noun	6	7	0	2
ja	浮き出	verb	6	7	0	2
ja	音階	noun	6	7	0	2
ja	悪書	noun	6	7	0	2
ja	使い分け	noun	6	7	0	2
ja	北端	noun	6	7	0	2
ja	スラッ	adverb	6	7	0	2
ja	名曲	noun	6	7	0	2
ja	ごぼう	noun	6	7	0	2
ja	玲子	noun	6	7	0	2
ja	こすり	verb	6	7	0	2
ja	むちゃくちゃ	noun	6	7	0	2
ja	断崖	noun	6	7	0	2
ja	精肉	noun	6	7	0	2
ja	バッタリ	adverb	6	7	0	2
ja	松ぼっくり	noun	6	7	0	2
ja	インテリジェント	noun	6	7	0	2
ja	アカ	noun	6	7	0	2
ja	リベート	noun	6	7	0	2
ja	功	noun	6	7	0	2
ja	満ち干	noun	6	7	0	2
ja	元町	noun	6	7	0	2
ja	中盤	noun	6	7	0	2
ja	火鉢	noun	6	7	0	2
ja	あんぐり	adverb	6	7	0	2
ja	本家	noun	6	7	0	2
ja	尊父	noun	6	7	0	2
ja	エッジ	noun	6	7	0	2
ja	お袋	noun	6	7	0	2
ja	すみずみ	noun	6	7	0	2
ja	うぶ	noun	6	7	0	2
ja	周回	noun	6	7	0	2
ja	ラインナップ	noun	6	7	0	2
ja	両目	noun	6	7	0	2
ja	すり減る	verb	6	7	0	2
ja	手際	noun	6	7	0	2
ja	レイヤー	noun	6	7	0	2
ja	王権	noun	6	7	0	2
ja	梅雨時	noun	6	7	0	2
ja	すがりつい	verb	6	7	0	2
ja	めでたく	adjective	6	7	0	2
ja	ニューズ	noun	6	7	0	2
ja	こてこて	adverb	6	7	0	2
ja	オーボエ	noun	6	7	0	2
ja	京葉	noun	6	7	0	2
ja	注ぎ込ん	verb	6	7	0	2
ja	書き写す	verb	6	7	0	2
ja	明かす	verb	6	7	0	2
ja	根元	noun	6	7	0	2
ja	マーフィー	noun	6	7	0	2
ja	持てれ	verb	6	7	0	2
ja	けはい	noun	6	7	0	2
ja	紆余	noun	6	7	0	2
ja	タミ	noun	6	7	0	2
ja	揃い	verb	6	7	0	2
ja	出来栄え	noun	6	7	0	2
ja	コペルニクス	noun	6	7	0	2
ja	肉じゃが	noun	6	7	0	2
ja	ダウ	noun	6	7	0	2
ja	しとしと	adverb	6	7	0	2
ja	厨	noun	6	7	0	2
ja	コンディション	noun	6	7	0	2
ja	さらり	adverb	6	7	0	2
ja	ぽたぽた	adverb	6	7	0	2
ja	きずな	noun	6	7	0	2
ja	本革	noun	6	7	0	2
ja	DNA	compounds	6	7	0	2
ja	マイナー	noun	6	7	0	2
ja	幸子	noun	6	7	0	2
ja	異変	noun	6	7	0	2
ja	ノートン	noun	6	7	0	2
ja	メンズ	noun	6	7	0	2
ja	裸像	noun	6	7	0	2
ja	突きとめる	verb	6	7	0	2
ja	入り組ん	verb	6	7	0	2
ja	吹き荒れ	verb	6	7	0	2
ja	みせよう	verb	6	7	0	2
ja	鈍	noun	6	7	0	2
ja	寝食	noun	6	7	0	2
ja	ひらい	verb	6	7	0	2
ja	打球	noun	6	7	0	2
ja	エゴ	noun	6	7	0	2
ja	大空	noun	6	7	0	2
ja	いねむり	noun	6	7	0	2
ja	ほめ言葉	noun	6	7	0	2
ja	振替	noun	6	7	0	2
ja	大津	noun	6	7	0	2
ja	ピレネー	noun	6	7	0	2
ja	さびつか	verb	6	7	0	2
ja	あかちゃん	noun	6	7	0	2
ja	めり込ん	verb	6	7	0	2
ja	天上	noun	6	7	0	2
ja	精液	noun	6	7	0	2
ja	茶髪	noun	6	7	0	2
ja	泣きやま	verb	6	7	0	2
ja	ひときわ	adverb	6	7	0	2
ja	三宅	noun	6	7	0	2
ja	台木	noun	6	7	0	2
ja	種まき	noun	6	7	0	2
ja	王家	noun	6	7	0	2
ja	高台	noun	6	7	0	2
ja	受け入れ	noun	6	7	0	2
ja	ジュール	noun	6	7	0	2
ja	パラグラフ	noun	6	7	0	2
ja	忍ん	verb	6	7	0	2
ja	善く	adjective	6	7	0	2
ja	切り離さ	verb	6	7	0	2
ja	パロディ	noun	6	7	0	2
ja	たんぽぽ	noun	6	7	0	2
ja	たまり場	noun	6	7	0	2
ja	遠ざかる	verb	6	7	0	2
ja	探しだし	verb	6	7	0	2
ja	立ち読み	noun	6	7	0	2
ja	のみの市	noun	6	7	0	2
ja	駿河	noun	6	7	0	2
ja	風車	noun	6	7	0	2
ja	プレート	noun	6	7	0	2
ja	毒性	noun	6	7	0	2
ja	全編	noun	6	7	0	2
ja	圧政	noun	6	7	0	2
ja	ファイヤー	noun	6	7	0	2
ja	ラップトップ	noun	6	7	0	2
ja	決	noun	6	7	0	2
ja	掛け金	noun	6	7	0	2
ja	書士	noun	6	7	0	2
ja	美智子	noun	6	7	0	2
ja	色盲	noun	6	7	0	2
ja	欲すれ	verb	6	7	0	2
ja	譲ろう	verb	6	7	0	2
ja	ひんやり	adverb	6	7	0	2
ja	吹き込む	verb	6	7	0	2
ja	博文	noun	6	7	0	2
ja	夏季	noun	6	7	0	2
ja	子馬	noun	6	7	0	2
ja	ブーブー	adverb	6	7	0	2
ja	ペテロ	noun	6	7	0	2
ja	闘牛	noun	6	7	0	2
ja	英検	noun	6	7	0	2
ja	クライン	noun	6	7	0	2
ja	見送ら	verb	6	7	0	2
ja	艇	noun	6	7	0	2
ja	飛ぼう	verb	6	7	0	2
ja	挿絵	noun	6	7	0	2
ja	カチン	adverb	6	7	0	2
ja	名士	noun	6	7	0	2
ja	無菌	noun	6	7	0	2
ja	アルク	noun	6	7	0	2
ja	於い	verb	6	7	0	2
ja	ふさぎ込ん	verb	6	7	0	2
ja	臆する	verb	6	7	0	2
ja	スペリオル	noun	6	7	0	2
ja	防具	noun	6	7	0	2
ja	巻末	noun	6	7	0	2
ja	関知	noun	6	7	0	2
ja	ぎざぎざ	noun	6	7	0	2
ja	はる	noun	6	7	0	2
ja	起爆	noun	6	7	0	2
ja	新生	noun	6	7	0	2
ja	炎天	noun	6	7	0	2
ja	投擲	noun	6	7	0	2
ja	裁き	noun	6	7	0	2
ja	カルピス	noun	6	7	0	2
ja	風刺	noun	6	7	0	2
ja	常々	adverb	6	7	0	2
ja	ウィンナー	noun	6	7	0	2
ja	ＪＡＬ	noun	6	7	0	2
ja	徒労	noun	6	7	0	2
ja	ずる休み	noun	6	7	0	2
ja	尽かし	verb	6	7	0	2
ja	泣きつい	verb	6	7	0	2
ja	伝送	noun	6	7	0	2
ja	チータ	noun	6	7	0	2
ja	混血	noun	6	7	0	2
ja	番地	noun	6	7	0	2
ja	佐々木	noun	6	7	0	2
ja	セレーナ	noun	6	7	0	2
ja	Ｋｍ	noun	6	7	0	2
ja	県境	noun	6	7	0	2
ja	輝	noun	6	7	0	2
ja	近況	noun	6	7	0	2
ja	マングース	noun	6	7	0	2
ja	盛り上がら	verb	6	7	0	2
ja	あやまち	noun	6	7	0	2
ja	創り	verb	6	7	0	2
ja	ワット	noun	6	7	0	2
ja	不可侵	noun	6	7	0	2
ja	サン	noun	6	7	0	2
ja	講和	noun	6	7	0	2
ja	あるい	verb	6	7	0	2
ja	寮母	noun	6	7	0	2
ja	シンディ	noun	6	7	0	2
ja	実需	noun	6	7	0	2
ja	広まる	verb	6	7	0	2
ja	ニャーニャー	adverb	6	7	0	2
ja	縁石	noun	6	7	0	2
ja	門番	noun	6	7	0	2
ja	どかどか	adverb	6	7	0	2
ja	ボクー	noun	6	7	0	2
ja	年鑑	noun	6	7	0	2
ja	裏地	noun	6	7	0	2
ja	きりん	noun	6	7	0	2
ja	見せびらかそう	verb	6	7	0	2
ja	大寺	noun	6	7	0	2
ja	なんどき	noun	6	7	0	2
ja	アメジスト	noun	6	7	0	2
ja	独走	noun	6	7	0	2
ja	ブラン	noun	6	7	0	2
ja	仏塔	noun	6	7	0	2
ja	芋虫	noun	6	7	0	2
ja	隠れキャラ	noun	6	7	0	2
ja	牧羊	noun	6	7	0	2
ja	ゆるく	adjective	6	7	0	2
ja	頂く	verb	6	7	0	2
ja	暗中	noun	6	7	0	2
ja	うんこ	noun	6	7	0	2
ja	公爵	noun	6	7	0	2
ja	奇声	noun	6	7	0	2
ja	粗く	adjective	6	7	0	2
ja	ケモノ	noun	6	7	0	2
ja	よごれ	noun	6	7	0	2
ja	圧	noun	6	7	0	2
ja	絶版	noun	6	7	0	2
ja	ななめ	noun	6	7	0	2
ja	ボンド	noun	6	7	0	2
ja	シェーバー	noun	6	7	0	2
ja	志賀	noun	6	7	0	2
ja	紛らわそう	verb	6	7	0	2
ja	クルトン	noun	6	7	0	2
ja	思わしく	adjective	6	7	0	2
ja	ほのめかす	verb	6	7	0	2
ja	軍勢	noun	6	7	0	2
ja	かいつまん	verb	6	7	0	2
ja	大きけれ	adjective	6	7	0	2
ja	へそくり	noun	6	7	0	2
ja	日西	noun	6	7	0	2
ja	ＯＤＡ	noun	6	7	0	2
ja	省エネ	noun	6	7	0	2
ja	脅す	verb	6	7	0	2
ja	乳がん	noun	6	7	0	2
ja	エクセル	noun	6	7	0	2
ja	きちっと	adverb	6	7	0	2
ja	ナチス	noun	6	7	0	2
ja	津	noun	6	7	0	2
ja	盛岡	noun	6	7	0	2
ja	問いかける	verb	6	7	0	2
ja	言い切れる	verb	6	7	0	2
ja	ジュンコ	noun	6	7	0	2
ja	引き上げる	verb	6	7	0	2
ja	けり	verb	6	7	0	2
ja	育てよう	verb	6	7	0	2
ja	主筆	noun	6	7	0	2
ja	逢ふ	verb	6	7	0	2
ja	はたらき	noun	6	7	0	2
ja	セーリング	noun	6	7	0	2
ja	曲折	noun	6	7	0	2
ja	拍車	noun	6	7	0	2
ja	万里	noun	6	7	0	2
ja	いらい	noun	6	7	0	2
ja	固	adjective	6	7	0	2
ja	人喰い	noun	6	7	0	2
ja	思いやら	verb	6	7	0	2
ja	ヒヨコ	noun	6	7	0	2
ja	ペンシル	noun	6	7	0	2
ja	九千	noun	6	7	0	2
ja	ファミレス	noun	6	7	0	2
ja	区画	noun	6	7	0	2
ja	サッサと	adverb	6	7	0	2
ja	突き破っ	verb	6	7	0	2
ja	響か	verb	6	7	0	2
ja	ランドマーク	noun	6	7	0	2
ja	迂回	noun	6	7	0	2
ja	エポケー	noun	6	7	0	2
ja	びた	adverb	6	7	0	2
ja	湧き起こっ	verb	6	7	0	2
ja	見立て	noun	6	7	0	2
ja	噛みつく	verb	6	7	0	2
ja	麗句	noun	6	7	0	2
ja	山越え	noun	6	7	0	2
ja	年来	adverb	6	7	0	2
ja	コム	noun	6	7	0	2
ja	ボンベ	noun	6	7	0	2
ja	たどりつい	verb	6	7	0	2
ja	ギルモア	noun	6	7	0	2
ja	きっと	compounds	6	7	0	2
ja	対訳	noun	6	7	0	2
ja	買いこん	verb	6	7	0	2
ja	馴れ初め	noun	6	7	0	2
ja	一途	noun	6	7	0	2
ja	九百	noun	6	7	0	2
ja	ありがた	adjective	6	7	0	2
ja	ユリウス	noun	6	7	0	2
ja	あそぶ	verb	6	7	0	2
ja	えらく	adjective	6	7	0	2
ja	湯川	noun	6	7	0	2
ja	書き留めよう	verb	6	7	0	2
ja	ＧＥ	noun	6	7	0	2
ja	窒素	noun	6	7	0	2
ja	株安	noun	6	7	0	2
ja	香川	noun	6	7	0	2
ja	シーソー	noun	6	7	0	2
ja	運び込ま	verb	6	7	0	2
ja	サークル	noun	6	7	0	2
ja	無粋	noun	6	7	0	2
ja	手違い	noun	6	7	0	2
ja	さらっ	adverb	6	7	0	2
ja	長城	noun	6	7	0	2
ja	兼ね備え	verb	6	7	0	2
ja	ミノーグ	noun	6	7	0	2
ja	凱旋	noun	6	7	0	2
ja	こんもり	adverb	6	7	0	2
ja	あつかましい	adjective	6	7	0	2
ja	乱射	noun	6	7	0	2
ja	不乱	noun	6	7	0	2
ja	もうける	verb	6	7	0	2
ja	ぐんぐん	adverb	6	7	0	2
ja	真価	noun	6	7	0	2
ja	真っ向	noun	6	7	0	2
ja	フェンシング	noun	6	7	0	2
ja	火勢	noun	6	7	0	2
ja	膳	noun	6	7	0	2
ja	炭	noun	6	7	0	2
ja	劇団	noun	6	7	0	2
ja	省	noun	6	7	0	2
ja	康成	noun	6	7	0	2
ja	醜	adjective	6	7	0	2
ja	骨格	noun	6	7	0	2
ja	球技	noun	6	7	0	2
ja	乳幼児	noun	6	7	0	2
ja	焼け石	noun	6	7	0	2
ja	たてれ	verb	6	7	0	2
ja	いまどき	noun	6	7	0	2
ja	すさまじい	adjective	6	7	0	2
ja	たのしみ	verb	6	7	0	2
ja	ゆくゆく	adverb	6	7	0	2
ja	よろめき	verb	6	7	0	2
ja	ちょ	adverb	6	7	0	2
ja	よりどり	noun	6	7	0	2
ja	轟音	noun	6	7	0	2
ja	毎食	noun	6	7	0	2
ja	秘けつ	noun	6	7	0	2
ja	よだれ	noun	6	7	0	2
ja	リハビリ	noun	6	7	0	2
ja	正書	noun	6	7	0	2
ja	入り江	noun	6	7	0	2
ja	内乱	noun	6	7	0	2
ja	メット	noun	6	7	0	2
ja	飼鳥	noun	6	7	0	2
ja	取り掛かる	verb	6	7	0	2
ja	アマ	noun	6	7	0	2
ja	引越し	noun	6	7	0	2
ja	がぶがぶ	adverb	6	7	0	2
ja	時事	noun	6	7	0	2
ja	徹し	verb	6	7	0	2
ja	隅々	noun	6	7	0	2
ja	コロコロ	adverb	6	7	0	2
ja	ボー	noun	6	7	0	2
ja	モン	noun	6	7	0	2
ja	割り出す	verb	6	7	0	2
ja	川下	noun	6	7	0	2
ja	ステンド	noun	6	7	0	2
ja	米価	noun	6	7	0	2
ja	凍える	verb	6	7	0	2
ja	捻ろう	verb	6	7	0	2
ja	明くる	verb	6	7	0	2
ja	カイリー	noun	6	7	0	2
ja	聴聞	noun	6	7	0	2
ja	レイク	noun	6	7	0	2
ja	クライミング	noun	6	7	0	2
ja	バルカン	noun	6	7	0	2
ja	クック	adverb	6	7	0	2
ja	イデア	noun	6	7	0	2
ja	インフラストラクチャ	noun	6	7	0	2
ja	ついぞ	adverb	6	7	0	2
ja	怪し	adjective	6	7	0	2
ja	喚問	noun	6	7	0	2
ja	こすれ	verb	6	7	0	2
ja	すう	verb	6	7	0	2
ja	自腹	noun	6	7	0	2
ja	肘掛け	noun	6	7	0	2
ja	見る見る	adverb	6	7	0	2
ja	初回	noun	6	7	0	2
ja	登	noun	6	7	0	2
ja	美辞	noun	6	7	0	2
ja	紺色	noun	6	7	0	2
ja	居	noun	6	7	0	2
ja	誤差	noun	6	7	0	2
ja	北海	noun	6	7	0	2
ja	甘んじる	verb	6	7	0	2
ja	あし	noun	6	7	0	2
ja	スワヒリ	noun	6	7	0	2
ja	諸州	noun	6	7	0	2
ja	偉く	adjective	6	7	0	2
ja	プータロー	noun	6	7	0	2
ja	ラック	noun	6	7	0	2
ja	魚座	noun	6	7	0	2
ja	球面	noun	6	7	0	2
ja	透かし	verb	6	7	0	2
ja	松田	noun	6	7	0	2
ja	有無	noun	6	7	0	2
ja	年功	noun	6	7	0	2
ja	棄て	verb	6	7	0	2
ja	右左	noun	6	7	0	2
ja	乾草	noun	6	7	0	2
ja	バッキンガム	noun	6	7	0	2
ja	清め	verb	6	7	0	2
ja	温水	noun	6	7	0	2
ja	睨む	verb	6	7	0	2
ja	完食	noun	6	7	0	2
ja	飛び抜け	verb	6	7	0	2
ja	チタン	noun	6	7	0	2
ja	遂げる	verb	6	7	0	2
ja	官民	noun	6	7	0	2
ja	くくっ	verb	6	7	0	2
ja	磔刑	noun	6	7	0	2
ja	ロペス	noun	6	7	0	2
ja	城壁	noun	6	7	0	2
ja	ジュリアン	noun	6	7	0	2
ja	マルセイユ	noun	6	7	0	2
ja	見捨てよう	verb	6	7	0	2
ja	沖合い	noun	6	7	0	2
ja	ギザ	noun	6	7	0	2
ja	観賞	noun	6	7	0	2
ja	傷害	noun	6	7	0	2
ja	すっ転ん	verb	6	7	0	2
ja	捻る	verb	6	7	0	2
ja	金的	noun	6	7	0	2
ja	かんな	noun	6	7	0	2
ja	ガツガツ	adverb	6	7	0	2
ja	ぱっつん	adverb	6	7	0	2
ja	築こう	verb	6	7	0	2
ja	飲み代	noun	6	7	0	2
ja	あき	noun	6	7	0	2
ja	アラウンド	noun	6	7	0	2
ja	あぐね	verb	6	7	0	2
ja	つつがなく	adjective	6	7	0	2
ja	鉄器	noun	6	7	0	2
ja	スロット	noun	6	7	0	2
ja	党首	noun	6	7	0	2
ja	領有	noun	6	7	0	2
ja	唯	adverb	6	7	0	2
ja	滅び	noun	6	7	0	2
ja	自習	noun	6	7	0	2
ja	禁断	noun	6	7	0	2
ja	シアター	noun	6	7	0	2
ja	収量	noun	6	7	0	2
ja	ままごと	noun	6	7	0	2
ja	識字	noun	6	7	0	2
ja	ブレトンウッズ	noun	6	7	0	2
ja	船頭	noun	6	7	0	2
ja	間貸	noun	6	7	0	2
ja	口癖	noun	6	7	0	2
ja	だまし取ら	verb	6	7	0	2
ja	付き添い	verb	6	7	0	2
ja	有職	noun	6	7	0	2
ja	欺い	verb	6	7	0	2
ja	勇	noun	6	7	0	2
ja	不具	noun	6	7	0	2
ja	新し	adjective	6	7	0	2
ja	見極め	verb	6	7	0	2
ja	上がれ	verb	6	7	0	2
ja	続々	adverb	6	7	0	2
ja	正規	noun	6	7	0	2
ja	頭字	noun	6	7	0	2
ja	取り込ま	verb	6	7	0	2
ja	うろつく	verb	6	7	0	2
ja	内陸	noun	6	7	0	2
ja	軽	adjective	6	7	0	2
ja	できたて	noun	6	7	0	2
ja	マメ	noun	6	7	0	2
ja	はかり	noun	6	7	0	2
ja	崇敬	noun	6	7	0	2
ja	うじゃうじゃ	adverb	6	7	0	2
ja	供与	noun	6	7	0	2
ja	乱れ	noun	6	7	0	2
ja	学力	noun	6	7	0	2
ja	飛び乗る	verb	6	7	0	2
ja	ラーク	noun	6	7	0	2
ja	踏み出す	verb	6	7	0	2
ja	持ち前	noun	6	7	0	2
ja	つら	adjective	6	7	0	2
ja	押し黙っ	verb	6	7	0	2
ja	ターメリック	noun	6	7	0	2
ja	町かど	noun	6	7	0	2
ja	薬味	noun	6	7	0	2
ja	綴じる	verb	6	7	0	2
ja	ばたばた	adverb	6	7	0	2
ja	健一	noun	6	7	0	2
ja	縫い目	noun	6	7	0	2
ja	ワーテルロー	noun	6	7	0	2
ja	のぞみ	noun	6	7	0	2
ja	斤	noun	6	7	0	2
ja	よしあし	noun	6	7	0	2
ja	浅から	adjective	6	7	0	2
ja	原野	noun	6	7	0	2
ja	反転	noun	6	7	0	2
ja	えみ	noun	6	7	0	2
ja	パッション	noun	6	7	0	2
ja	はからい	noun	6	7	0	2
ja	決まれ	verb	6	7	0	2
ja	人となり	noun	6	7	0	2
ja	トンチンカン	noun	6	7	0	2
ja	スポークスマン	noun	6	7	0	2
ja	カラカス	noun	6	7	0	2
ja	リンカン	noun	6	7	0	2
ja	光り輝く	verb	6	7	0	2
ja	観月	noun	6	7	0	2
ja	陽菜	noun	6	7	0	2
ja	生きよう	verb	6	7	0	2
ja	ネパール	noun	6	7	0	2
ja	ねたましく	adjective	6	7	0	2
ja	二進	noun	6	7	0	2
ja	まち	noun	6	7	0	2
ja	傘下	noun	6	7	0	2
ja	長蛇	noun	6	7	0	2
ja	ぽかん	adverb	6	7	0	2
ja	ジュテーム	noun	6	7	0	2
ja	暴政	noun	6	7	0	2
ja	智慧	noun	6	7	0	2
ja	果てし	noun	6	7	0	2
ja	立ち直ろう	verb	6	7	0	2
ja	なりたっ	verb	6	7	0	2
ja	外海	noun	6	7	0	2
ja	けんじ	noun	6	7	0	2
ja	イタリー	noun	6	7	0	2
ja	シャンデリア	noun	6	7	0	2
ja	すっごい	adjective	6	7	0	2
ja	マーカー	noun	6	7	0	2
ja	ウッ	noun	6	7	0	2
ja	言い掛かり	noun	6	7	0	2
ja	バッド	noun	6	7	0	2
ja	カルチャー	noun	6	7	0	2
ja	車線	noun	6	7	0	2
ja	青々	adverb	6	7	0	2
ja	河畔	noun	6	7	0	2
ja	付きまとう	verb	6	7	0	2
ja	ホルン	noun	6	7	0	2
ja	だらしなく	adjective	6	7	0	2
ja	水玉	noun	6	7	0	2
ja	スクエア	noun	6	7	0	2
ja	めまぐるしく	adjective	6	7	0	2
ja	がん	compounds	6	7	0	2
ja	しゃしゃり出る	verb	6	7	0	2
ja	諸刃	noun	6	7	0	2
ja	あながち	adverb	6	7	0	2
ja	籠の鳥	noun	6	7	0	2
ja	漁獲	noun	6	7	0	2
ja	ひる	noun	6	7	0	2
ja	制覇	noun	6	7	0	2
ja	秋葉原	noun	6	7	0	2
ja	むかしむかし	noun	6	7	0	2
ja	言い換える	verb	6	7	0	2
ja	新参	noun	6	7	0	2
ja	依る	verb	6	7	0	2
ja	シルエット	noun	6	7	0	2
ja	もとづい	verb	6	7	0	2
ja	平素	noun	6	7	0	2
ja	高架	noun	6	7	0	2
ja	曲げる	verb	6	7	0	2
ja	コスモ	noun	6	7	0	2
ja	今どき	noun	6	7	0	2
ja	易し	adjective	6	7	0	2
ja	合体	noun	6	7	0	2
ja	おかみ	noun	6	7	0	2
ja	童謡	noun	6	7	0	2
ja	漏洩	noun	6	7	0	2
ja	次号	noun	6	7	0	2
ja	厘	noun	6	7	0	2
ja	重曹	noun	6	7	0	2
ja	じわじわ	adverb	6	7	0	2
ja	柿の木	noun	6	7	0	2
ja	社名	noun	6	7	0	2
ja	６千	noun	6	7	0	2
ja	恒常	noun	6	7	0	2
ja	誇示	noun	6	7	0	2
ja	雪道	noun	6	7	0	2
ja	ボビー	noun	6	7	0	2
ja	すいすい	adverb	6	7	0	2
ja	がき	noun	6	7	0	2
ja	浅間	noun	6	7	0	2
ja	噓	noun	6	7	0	2
ja	ユーザ	noun	6	7	0	2
ja	着任	noun	6	7	0	2
ja	所長	noun	6	7	0	2
ja	陳	noun	6	7	0	2
ja	峰	noun	6	7	0	2
ja	砕く	verb	6	7	0	2
ja	エドウィン	noun	6	7	0	2
ja	ウオール	noun	6	7	0	2
ja	定款	noun	6	7	0	2
ja	こねる	verb	6	7	0	2
ja	スケートボード	noun	6	7	0	2
ja	画風	noun	6	7	0	2
ja	癒着	noun	6	7	0	2
ja	止めど	noun	6	7	0	2
ja	クエーサー	noun	6	7	0	2
ja	有志	noun	6	7	0	2
ja	無法	noun	6	7	0	2
ja	鞭打ち	noun	6	7	0	2
ja	逃げ込ん	verb	6	7	0	2
ja	物書き	noun	6	7	0	2
ja	幅跳び	noun	6	7	0	2
ja	既知	noun	6	7	0	2
ja	疱瘡	noun	6	7	0	2
ja	抜け出そう	verb	6	7	0	2
ja	一画	noun	6	7	0	2
ja	貨車	noun	6	7	0	2
ja	ブンブン	adverb	6	7	0	2
ja	潜れ	verb	6	7	0	2
ja	登下校	noun	6	7	0	2
ja	カートリッジ	noun	6	7	0	2
ja	空論	noun	6	7	0	2
ja	ずーっと	adverb	6	7	0	2
ja	悪けれ	adjective	6	7	0	2
ja	自党	noun	6	7	0	2
ja	シュワシュワ	adverb	6	7	0	2
ja	努め	noun	6	7	0	2
ja	手押し	noun	6	7	0	2
ja	紺	noun	6	7	0	2
ja	インターフェイス	noun	6	7	0	2
ja	坐り	verb	6	7	1	1
ja	特集	noun	6	7	1	1
ja	はとこ	noun	6	7	1	1
ja	茶化さ	verb	6	7	1	1
ja	神光	noun	6	7	1	1
ja	爆裂	noun	6	7	1	1
ja	ける	verb	6	7	1	1
ja	接ぎ木	noun	6	7	1	1
ja	威圧	noun	6	7	1	1
ja	武将	noun	6	7	1	1
ja	折檻	noun	6	7	1	1
ja	祭典	noun	6	7	1	1
ja	励み	verb	6	7	1	1
ja	ルービック	noun	6	7	1	1
ja	代休	noun	6	7	1	1
ja	射さ	verb	6	7	1	1
ja	ひれ伏し	verb	6	7	1	1
ja	身構え	verb	6	7	1	1
ja	萎縮	noun	6	7	1	1
ja	ホラス	noun	6	7	1	1
ja	就床	noun	6	7	1	1
ja	大賞	noun	6	7	1	1
ja	油臭い	adjective	6	7	1	1
ja	登極	noun	6	7	1	1
ja	たたかえる	verb	6	7	1	1
ja	左遷	noun	6	7	1	1
ja	潤ん	verb	6	7	1	1
ja	ほつれ	verb	6	7	1	1
ja	滞っ	verb	6	7	1	1
ja	継が	verb	6	7	1	1
ja	巣ごもり	noun	6	7	1	1
ja	胸騒ぎ	noun	6	7	1	1
ja	勃っ	verb	6	7	1	1
ja	塞が	verb	6	7	1	1
ja	装う	verb	6	7	1	1
ja	慰留	noun	6	7	1	1
ja	忘れよ	verb	6	7	1	1
ja	寒冷	noun	6	7	1	1
ja	明るみ	verb	6	7	1	1
ja	さげすん	verb	6	7	1	1
ja	だらけ	verb	6	7	1	1
ja	あそぼ	verb	6	7	1	1
ja	ゆすっ	verb	6	7	1	1
ja	西走	noun	6	7	1	1
ja	寝かし	verb	6	7	1	1
ja	篠田	noun	6	7	1	1
ja	かんけい	noun	6	7	1	1
ja	見いだせる	verb	6	7	1	1
ja	数式	noun	6	7	1	1
ja	遣っ	verb	6	7	1	1
ja	そう快	noun	6	7	1	1
ja	見せ所	noun	6	7	1	1
ja	法師	noun	6	7	1	1
ja	とどか	verb	6	7	1	1
ja	貸与	noun	6	7	1	1
ja	揺るぎない	adjective	6	7	1	1
ja	キライ	noun	6	7	1	1
ja	投棄	noun	6	7	1	1
ja	着工	noun	6	7	1	1
ja	あしらう	verb	6	7	1	1
ja	上回ら	verb	6	7	1	1
ja	キンキン	adverb	6	7	1	1
ja	ミスプリ	noun	6	7	1	1
ja	ひとり立ち	noun	6	7	1	1
ja	食傷	noun	6	7	1	1
ja	挙行	noun	6	7	1	1
ja	ちん	adverb	6	7	1	1
ja	しんみり	adverb	6	7	1	1
ja	かもし	verb	6	7	1	1
ja	うかがえる	verb	6	7	1	1
ja	当て逃げ	noun	6	7	1	1
ja	詠ん	verb	6	7	1	1
ja	もて遊ん	verb	6	7	1	1
ja	見え見え	noun	6	7	1	1
ja	ひから	verb	6	7	1	1
ja	杞憂	noun	6	7	1	1
ja	もとる	verb	6	7	1	1
ja	待たし	verb	6	7	1	1
ja	縮れ	verb	6	7	1	1
ja	洩れ	verb	6	7	1	1
ja	たがやさ	verb	6	7	1	1
ja	譲れ	verb	6	7	1	1
ja	稼働	noun	6	7	1	1
ja	逆行	noun	6	7	1	1
ja	しゃぶら	verb	6	7	1	1
ja	いなか者	noun	6	7	1	1
ja	停泊	noun	6	7	1	1
ja	ムンムン	adverb	6	7	1	1
ja	なごま	verb	6	7	1	1
ja	うかがわ	verb	6	7	1	1
ja	補わ	verb	6	7	1	1
ja	型崩れ	noun	6	7	1	1
ja	取れよ	verb	6	7	1	1
ja	弾む	verb	6	7	1	1
ja	よそ見	noun	6	7	1	1
ja	むせる	verb	6	7	1	1
ja	かじり	verb	6	7	1	1
ja	急減	noun	6	7	1	1
ja	かなえる	verb	6	7	1	1
ja	純愛	noun	6	7	1	1
ja	ヘーゼル	noun	6	7	1	1
ja	しめら	verb	6	7	1	1
ja	かね	verb	6	7	1	1
ja	ふくま	verb	6	7	1	1
ja	繋ぎ	noun	6	7	1	1
ja	馴染み客	noun	6	7	1	1
ja	もぐら	verb	6	7	1	1
ja	出きる	verb	6	7	1	1
ja	切願	noun	6	7	1	1
ja	よそっ	verb	6	7	1	1
ja	尽かさ	verb	6	7	1	1
ja	拘泥	noun	6	7	1	1
ja	くばっ	verb	6	7	1	1
ja	ガイジン	noun	6	7	1	1
ja	芸道	noun	6	7	1	1
ja	劣勢	noun	6	7	1	1
ja	三転	noun	6	7	1	1
ja	密着	noun	6	7	1	1
ja	纏める	verb	6	7	1	1
ja	すくなかっ	adjective	6	7	1	1
ja	いかっ	verb	6	7	1	1
ja	うら悲し	adjective	6	7	1	1
ja	サウンズ	noun	6	7	1	1
ja	さびる	verb	6	7	1	1
ja	務まら	verb	6	7	1	1
ja	ラク	noun	6	7	1	1
ja	彫琢	noun	6	7	1	1
ja	弄っ	verb	6	7	1	1
ja	早婚	noun	6	7	1	1
ja	逆なで	noun	6	7	1	1
ja	のこっ	verb	6	7	1	1
ja	置こう	verb	6	7	1	1
ja	提げ	verb	6	7	1	1
ja	敵視	noun	6	7	1	1
ja	請け合い	noun	6	7	1	1
ja	食む	verb	6	7	1	1
ja	ごん	adverb	6	7	1	1
ja	わさわさ	adverb	6	7	1	1
ja	快復	noun	6	7	1	1
ja	奉納	noun	6	7	1	1
ja	まさぐら	verb	6	7	1	1
ja	ぬる	verb	6	7	1	1
ja	一任	noun	6	7	1	1
ja	移れる	verb	6	7	1	1
ja	補い	verb	6	7	1	1
ja	片付けろ	verb	6	7	1	1
ja	かせげる	verb	6	7	1	1
ja	愛育	noun	6	7	1	1
ja	すすり泣き	noun	6	7	1	1
ja	うつくし	adjective	6	7	1	1
ja	笑納	noun	6	7	1	1
ja	こおり	verb	6	7	1	1
ja	くだし	verb	6	7	1	1
ja	所存	noun	6	7	1	1
ja	厳罰	noun	6	7	1	1
ja	注視	noun	6	7	1	1
ja	実り	verb	6	7	1	1
ja	よみがえる	verb	6	7	1	1
ja	雄視	noun	6	7	1	1
ja	終わらす	verb	6	7	1	1
ja	めいら	verb	6	7	1	1
ja	スザンヌ	noun	6	7	1	1
ja	ごまんと	adverb	6	7	1	1
ja	すごせる	verb	6	7	1	1
ja	潜伏	noun	6	7	1	1
ja	ぶつ	verb	6	7	1	1
ja	減じる	verb	6	7	1	1
ja	努めよう	verb	6	7	1	1
ja	筋骨	noun	6	7	1	1
ja	耳抜き	noun	6	7	1	1
ja	おこなっ	verb	6	7	1	1
ja	あわただしかっ	adjective	6	7	1	1
ja	チヤホヤ	adverb	6	7	1	1
ja	分かた	verb	6	7	1	1
ja	狭かっ	adjective	6	7	1	1
ja	捧げよう	verb	6	7	1	1
ja	判る	verb	6	7	1	1
ja	内服	noun	6	7	1	1
ja	シ	noun	6	7	1	1
ja	入信	noun	6	7	1	1
ja	手離せ	verb	6	7	1	1
ja	幸甚	noun	6	7	1	1
ja	空けよう	verb	6	7	1	1
ja	ぐらつき	verb	6	7	1	1
ja	試掘	noun	6	7	1	1
ja	くべ	verb	6	7	1	1
ja	孫子	noun	6	7	1	1
ja	成句	noun	6	7	1	1
ja	めとれ	verb	6	7	1	1
ja	からま	verb	6	7	1	1
ja	托鉢	noun	6	7	1	1
ja	脱サラ	noun	6	7	1	1
ja	参上	noun	6	7	1	1
ja	おおう	verb	6	7	1	1
ja	量る	verb	6	7	1	1
ja	ぶれ	verb	6	7	1	1
ja	挽い	verb	6	7	1	1
ja	自生	noun	6	7	1	1
ja	収縮	noun	6	7	1	1
ja	冷え	noun	6	7	1	1
ja	嘱望	noun	6	7	1	1
ja	傷め	verb	6	7	1	1
ja	よび	verb	6	7	1	1
ja	消灯	noun	6	7	1	1
ja	剽窃	noun	6	7	1	1
ja	せえ	verb	6	7	1	1
ja	指南	noun	6	7	1	1
ja	くださ	verb	6	7	1	1
ja	ノミネート	noun	6	7	1	1
ja	そなわっ	verb	6	7	1	1
ja	込ま	verb	6	7	1	1
ja	膿ん	verb	6	7	1	1
ja	焦	noun	6	7	1	1
ja	にじみ	verb	6	7	1	1
ja	ぐれる	verb	6	7	1	1
ja	免ぜ	verb	6	7	1	1
ja	試乗	noun	6	7	1	1
ja	急送	noun	6	7	1	1
ja	侵さ	verb	6	7	1	1
ja	活かせ	verb	6	7	1	1
ja	ウンザリ	adverb	6	7	1	1
ja	しき	verb	6	7	1	1
ja	おっかなびっくり	adverb	6	7	1	1
ja	営ま	verb	6	7	1	1
ja	かかずらわっ	verb	6	7	1	1
ja	もめる	verb	6	7	1	1
ja	ガ	noun	6	7	1	1
ja	裏書き	noun	6	7	1	1
ja	食あたり	noun	6	7	1	1
ja	託す	verb	6	7	1	1
ja	薄らい	verb	6	7	1	1
ja	ムカつい	verb	6	7	1	1
ja	刃向かっ	verb	6	7	1	1
ja	なじみ	verb	6	7	1	1
ja	食さ	verb	6	7	1	1
ja	止まん	verb	6	7	1	1
ja	まにあわ	verb	6	7	1	1
ja	しずん	verb	6	7	1	1
ja	上向い	verb	6	7	1	1
ja	脱色	noun	6	7	1	1
ja	研磨	noun	6	7	1	1
ja	どっこいどっこい	noun	6	7	1	1
ja	賃借り	noun	6	7	1	1
ja	塩っぱい	adjective	6	7	1	1
ja	つかさどる	verb	6	7	1	1
ja	ビビる	verb	6	7	1	1
ja	起用	noun	6	7	1	1
ja	作付け	noun	6	7	1	1
ja	公転	noun	6	7	1	1
ja	ゆずれ	verb	6	7	1	1
ja	語らっ	verb	6	7	1	1
ja	胸キュン	noun	6	7	1	1
ja	鋭かっ	adjective	6	7	1	1
ja	傾注	noun	6	7	1	1
ja	さかのぼら	verb	6	7	1	1
ja	かわさ	verb	6	7	1	1
ja	めんどい	adjective	6	7	1	1
ja	ファームウェア	noun	6	7	1	1
ja	帰港	noun	6	7	1	1
ja	ガーディアン	noun	6	7	1	1
ja	絶倒	noun	6	7	1	1
ja	問っ	verb	6	7	1	1
ja	むき	verb	6	7	1	1
ja	ひこう	noun	6	7	1	1
ja	聴こえ	verb	6	7	1	1
ja	妬ましい	adjective	6	7	1	1
ja	まかなえる	verb	6	7	1	1
ja	漏る	verb	6	7	1	1
ja	オカマ	noun	6	7	1	1
ja	ウヨウヨ	adverb	6	7	1	1
ja	まじえ	verb	6	7	1	1
ja	楽しから	adjective	6	7	1	1
ja	ステディ	noun	6	7	1	1
ja	押印	noun	6	7	1	1
ja	気付き	noun	6	7	1	1
ja	はずみ	verb	6	7	1	1
ja	浮かべる	verb	6	7	1	1
ja	撒く	verb	6	7	1	1
ja	悼ん	verb	6	7	1	1
ja	ペルージャ	noun	6	7	1	1
ja	表わせ	verb	6	7	1	1
ja	仄めかし	verb	6	7	1	1
ja	仰っ	verb	6	7	1	1
ja	スタンバイ	noun	6	7	1	1
ja	力演	noun	6	7	1	1
ja	甚だしい	adjective	6	7	1	1
ja	めぐらさ	verb	6	7	1	1
ja	蒔く	verb	6	7	1	1
ja	変り	noun	6	7	1	1
ja	被ら	verb	6	7	1	1
ja	しゃがみ	verb	6	7	1	1
ja	賄わ	verb	6	7	1	1
ja	口付け	verb	6	7	1	1
ja	脱落	noun	6	7	1	1
ja	記帳	noun	6	7	1	1
ja	発た	verb	6	7	1	1
ja	バッファー	noun	6	7	1	1
ja	かばい	verb	6	7	1	1
ja	脱する	verb	6	7	1	1
ja	取り合い	noun	6	7	1	1
ja	喚起	noun	6	7	1	1
ja	あき子	noun	6	7	1	1
ja	へばっ	verb	6	7	1	1
ja	一変	noun	6	7	1	1
ja	さか	verb	6	7	1	1
ja	あおる	verb	6	7	1	1
ja	燥い	verb	6	7	1	1
ja	念仏	noun	6	7	1	1
ja	求めれ	verb	6	7	1	1
ja	商い	verb	6	7	1	1
ja	うかば	verb	6	7	1	1
ja	咲き	noun	6	7	1	1
ja	びいき	noun	6	7	1	1
ja	キチキチ	adverb	6	7	1	1
ja	撃退	noun	6	7	1	1
ja	ざい	noun	6	7	1	1
ja	つむる	verb	6	7	1	1
ja	水こぼし	noun	6	7	1	1
ja	掛け売り	noun	6	7	1	1
ja	まにあい	verb	6	7	1	1
ja	ウットリ	adverb	6	7	1	1
ja	もうかっ	verb	6	7	1	1
ja	分厚かっ	adjective	6	7	1	1
ja	記名	noun	6	7	1	1
ja	たもっ	verb	6	7	1	1
ja	すすい	verb	6	7	1	1
ja	近	adjective	6	7	1	1
ja	となえ	verb	6	7	1	1
ja	耕さ	verb	6	7	1	1
ja	ＣＥＯ	noun	6	7	1	1
ja	高鳴っ	verb	6	7	1	1
ja	オロオロ	adverb	6	7	1	1
ja	偏る	verb	6	7	1	1
ja	秀で	verb	6	7	1	1
ja	採り	verb	6	7	1	1
ja	走り書き	noun	6	7	1	1
ja	乗り気	noun	6	7	1	1
ja	通ん	verb	6	7	1	1
ja	落し	verb	6	7	1	1
ja	あかく	adjective	6	7	1	1
ja	口ごもっ	verb	6	7	1	1
ja	ちょん切る	verb	6	7	1	1
ja	賭ける	verb	6	7	1	1
ja	えんこ	noun	6	7	1	1
ja	居候	noun	6	7	1	1
ja	御座ろう	verb	6	7	1	1
ja	復し	verb	6	7	1	1
ja	付けよ	verb	6	7	1	1
ja	先取り	noun	6	7	1	1
ja	人なれ	verb	6	7	1	1
ja	慣らさ	verb	6	7	1	1
ja	そそが	verb	6	7	1	1
ja	ふやけ	verb	6	7	1	1
ja	なげい	verb	6	7	1	1
ja	危ぶま	verb	6	7	1	1
ja	たのしん	verb	6	7	1	1
ja	交わり	verb	6	7	1	1
ja	推移	noun	6	7	1	1
ja	いつくしむ	verb	6	7	1	1
ja	浴し	verb	6	7	1	1
ja	企図	noun	6	7	1	1
ja	はれる	verb	6	7	1	1
ja	人徳	noun	6	7	1	1
ja	弛み	verb	6	7	1	1
ja	這え	verb	6	7	1	1
ja	出れる	verb	6	7	1	1
ja	御覧	noun	6	7	1	1
ja	さばき	verb	6	7	1	1
ja	月影	noun	6	7	1	1
ja	かけおち	noun	6	7	1	1
ja	呼応	noun	6	7	1	1
ja	ぶつけれ	verb	6	7	1	1
ja	慕わ	verb	6	7	1	1
ja	つよい	adjective	6	7	1	1
ja	ふやさ	verb	6	7	1	1
ja	フィルタリング	noun	6	7	1	1
ja	きたえ	verb	6	7	1	1
ja	チョロチョロ	adverb	6	7	1	1
ja	モハメッド	noun	6	7	1	1
ja	彷徨っ	verb	6	7	1	1
ja	穿く	verb	6	7	1	1
ja	はぐくま	verb	6	7	1	1
ja	裏返っ	verb	6	7	1	1
ja	とまどう	verb	6	7	1	1
ja	告ら	verb	6	7	1	1
ja	枝分かれ	noun	6	7	1	1
ja	かたむい	verb	6	7	1	1
ja	可笑しい	adjective	6	7	1	1
ja	暖まら	verb	6	7	1	1
ja	修め	verb	6	7	1	1
ja	荷担	noun	6	7	1	1
ja	行軍	noun	6	7	1	1
ja	染ま	verb	6	7	1	1
ja	ノビ	noun	6	7	1	1
ja	紛らわせ	verb	6	7	1	1
ja	悔ん	verb	6	7	1	1
ja	秋刀魚	noun	6	7	1	1
ja	ごったがえし	verb	6	7	1	1
ja	もちきり	noun	6	7	1	1
ja	談笑	noun	6	7	1	1
ja	万別	noun	6	7	1	1
ja	拝ま	verb	6	7	1	1
ja	みがく	verb	6	7	1	1
ja	はしっ	verb	6	7	1	1
ja	とんずら	noun	6	7	1	1
ja	領し	verb	6	7	1	1
ja	開港	noun	6	7	1	1
ja	ふくらん	verb	6	7	1	1
ja	統括	noun	6	7	1	1
ja	ひっくりかえっ	verb	6	7	1	1
ja	観れ	verb	6	7	1	1
ja	コト	noun	6	7	1	1
ja	逸品	noun	6	7	1	1
ja	ひそめる	verb	6	7	1	1
ja	絶句	noun	6	7	1	1
ja	町名	noun	6	7	1	1
ja	ボケ	verb	6	7	1	1
ja	割か	verb	6	7	1	1
ja	紛らわしかっ	adjective	6	7	1	1
ja	後出し	noun	6	7	1	1
ja	陶冶	noun	6	7	1	1
ja	突き	noun	6	7	1	1
ja	紛らわせる	verb	6	7	1	1
ja	根回し	noun	6	7	1	1
ja	嗜ん	verb	6	7	1	1
ja	ウケ	verb	6	7	1	1
ja	科さ	verb	6	7	1	1
ja	アタフタ	adverb	6	7	1	1
ja	漂白	noun	6	7	1	1
ja	顔合わせ	noun	6	7	0	1
ja	主力	noun	6	7	0	1
ja	ゆくえ	noun	6	7	0	1
ja	人声	noun	6	7	0	1
ja	俗世	noun	6	7	0	1
ja	享子	noun	6	7	0	1
ja	フ	noun	6	7	0	1
ja	かいもの	noun	6	7	0	1
ja	なだれこん	verb	6	7	0	1
ja	富め	verb	6	7	0	1
ja	ひねくれ	verb	6	7	0	1
ja	思い込む	verb	6	7	0	1
ja	握れ	verb	6	7	0	1
ja	買い上げ	noun	6	7	0	1
ja	ガバガバ	adverb	6	7	0	1
ja	スプリング	noun	6	7	0	1
ja	突貫	noun	6	7	0	1
ja	やく	noun	6	7	0	1
ja	憲政	noun	6	7	0	1
ja	俄然	adverb	6	7	0	1
ja	つぶやく	verb	6	7	0	1
ja	島根	noun	6	7	0	1
ja	亜由美	noun	6	7	0	1
ja	プツン	adverb	6	7	0	1
ja	プロペラ	noun	6	7	0	1
ja	ＮＢＡ	noun	6	7	0	1
ja	クライマックス	noun	6	7	0	1
ja	惜しく	adjective	6	7	0	1
ja	シェルダン	noun	6	7	0	1
ja	フィル	noun	6	7	0	1
ja	服し	verb	6	7	0	1
ja	巣立っ	verb	6	7	0	1
ja	剥ぎ取ら	verb	6	7	0	1
ja	拝観	noun	6	7	0	1
ja	球団	noun	6	7	0	1
ja	入城	noun	6	7	0	1
ja	立春	noun	6	7	0	1
ja	ばら撒い	verb	6	7	0	1
ja	乳母車	noun	6	7	0	1
ja	解熱	noun	6	7	0	1
ja	絞り取れ	verb	6	7	0	1
ja	かこま	verb	6	7	0	1
ja	筋書き	noun	6	7	0	1
ja	リーバイス	noun	6	7	0	1
ja	マイヤー	noun	6	7	0	1
ja	やり込める	verb	6	7	0	1
ja	奪おう	verb	6	7	0	1
ja	硬水	noun	6	7	0	1
ja	コミヤ	noun	6	7	0	1
ja	読みあげる	verb	6	7	0	1
ja	かき込ん	verb	6	7	0	1
ja	掻か	verb	6	7	0	1
ja	ドナー	noun	6	7	0	1
ja	モンドリアン	noun	6	7	0	1
ja	動悸	noun	6	7	0	1
ja	回生	noun	6	7	0	1
ja	痴呆	noun	6	7	0	1
ja	バンダナ	noun	6	7	0	1
ja	シャンソン	noun	6	7	0	1
ja	レイクサイド	noun	6	7	0	1
ja	ルブラン	noun	6	7	0	1
ja	ゴジラ	noun	6	7	0	1
ja	過ぎさり	verb	6	7	0	1
ja	搬入	noun	6	7	0	1
ja	総裁	noun	6	7	0	1
ja	起死	noun	6	7	0	1
ja	カルヴィーノ	noun	6	7	0	1
ja	肝胆	noun	6	7	0	1
ja	遊び人	noun	6	7	0	1
ja	次週	noun	6	7	0	1
ja	悩み事	noun	6	7	0	1
ja	ぶちあたり	verb	6	7	0	1
ja	フラワー	noun	6	7	0	1
ja	組み替え	verb	6	7	0	1
ja	商船	noun	6	7	0	1
ja	成魚	noun	6	7	0	1
ja	三郎	noun	6	7	0	1
ja	ナイジェリア	noun	6	7	0	1
ja	褒め称える	verb	6	7	0	1
ja	はるか	noun	6	7	0	1
ja	はだけ	verb	6	7	0	1
ja	押しつけよう	verb	6	7	0	1
ja	コンスタンティノープル	noun	6	7	0	1
ja	うろこ	noun	6	7	0	1
ja	急ぎ足	noun	6	7	0	1
ja	飛びかかろう	verb	6	7	0	1
ja	さしつかえ	noun	6	7	0	1
ja	押し進める	verb	6	7	0	1
ja	みやげ品	noun	6	7	0	1
ja	富裕	noun	6	7	0	1
ja	痰	noun	6	7	0	1
ja	ブラッキー	noun	6	7	0	1
ja	物狂い	noun	6	7	0	1
ja	胃癌	noun	6	7	0	1
ja	おそろしい	adjective	6	7	0	1
ja	針穴	noun	6	7	0	1
ja	烈風	noun	6	7	0	1
ja	シルバー	noun	6	7	0	1
ja	北上	noun	6	7	0	1
ja	ソシュール	noun	6	7	0	1
ja	リプレー	noun	6	7	0	1
ja	らくご	noun	6	7	0	1
ja	敵船	noun	6	7	0	1
ja	リスニング	noun	6	7	0	1
ja	持田	noun	6	7	0	1
ja	鉄腕	noun	6	7	0	1
ja	閣議	noun	6	7	0	1
ja	ゴロ	noun	6	7	0	1
ja	勘ぐる	verb	6	7	0	1
ja	おとうと	noun	6	7	0	1
ja	ヘリ	noun	6	7	0	1
ja	Ｃａｌｌ	noun	6	7	0	1
ja	ぼたぼた	adverb	6	7	0	1
ja	まて	verb	6	7	0	1
ja	プロレタリアート	noun	6	7	0	1
ja	図式	noun	6	7	0	1
ja	巨木	noun	6	7	0	1
ja	イソップ	noun	6	7	0	1
ja	不承	noun	6	7	0	1
ja	巡り会え	verb	6	7	0	1
ja	外米	noun	6	7	0	1
ja	焼け落ちる	verb	6	7	0	1
ja	くしゃっ	adverb	6	7	0	1
ja	踏台	noun	6	7	0	1
ja	退避	noun	6	7	0	1
ja	急便	noun	6	7	0	1
ja	知新	noun	6	7	0	1
ja	声掛け	noun	6	7	0	1
ja	文子	noun	6	7	0	1
ja	カウントダウン	noun	6	7	0	1
ja	サギ	noun	6	7	0	1
ja	バーミングハム	noun	6	7	0	1
ja	横ぎる	verb	6	7	0	1
ja	夜逃げ	noun	6	7	0	1
ja	難航	noun	6	7	0	1
ja	見しら	verb	6	7	0	1
ja	冷気	noun	6	7	0	1
ja	インフォーマント	noun	6	7	0	1
ja	文型	noun	6	7	0	1
ja	ドジ話	noun	6	7	0	1
ja	さわい	verb	6	7	0	1
ja	トキワ	noun	6	7	0	1
ja	リツコ	noun	6	7	0	1
ja	めぐり合え	verb	6	7	0	1
ja	峻別	noun	6	7	0	1
ja	考えあわせ	verb	6	7	0	1
ja	フィンガー	noun	6	7	0	1
ja	ピエトロ	noun	6	7	0	1
ja	／	verb	6	7	0	1
ja	最優	noun	6	7	0	1
ja	オールウェイズ	noun	6	7	0	1
ja	取り去れ	verb	6	7	0	1
ja	煮えたぎっ	verb	6	7	0	1
ja	酷寒	noun	6	7	0	1
ja	歩留まり	noun	6	7	0	1
ja	さげすみ	verb	6	7	0	1
ja	かっぱ	noun	6	7	0	1
ja	まばゆく	adjective	6	7	0	1
ja	諭吉	noun	6	7	0	1
ja	ぬごう	verb	6	7	0	1
ja	ねじっ	verb	6	7	0	1
ja	売女	noun	6	7	0	1
ja	カタい	adjective	6	7	0	1
ja	渾身	noun	6	7	0	1
ja	分かち合い	verb	6	7	0	1
ja	ばんそう	noun	6	7	0	1
ja	雪解け	noun	6	7	0	1
ja	変速	noun	6	7	0	1
ja	するどく	adjective	6	7	0	1
ja	飛びたて	verb	6	7	0	1
ja	マ	noun	6	7	0	1
ja	ヘミング	noun	6	7	0	1
ja	真っ黒い	adjective	6	7	0	1
ja	一張羅	noun	6	7	0	1
ja	調剤	noun	6	7	0	1
ja	ヴェーラ	noun	6	7	0	1
ja	ヘミングウェー	noun	6	7	0	1
ja	くさび	noun	6	7	0	1
ja	横幅	noun	6	7	0	1
ja	絡み	noun	6	7	0	1
ja	西英	noun	6	7	0	1
ja	フーッ	adverb	6	7	0	1
ja	設営	noun	6	7	0	1
ja	片腹	noun	6	7	0	1
ja	とくよう	noun	6	7	0	1
ja	かみそり	noun	6	7	0	1
ja	ヤッホー	noun	6	7	0	1
ja	解き明かせ	verb	6	7	0	1
ja	均一	noun	6	7	0	1
ja	おこがましい	adjective	6	7	0	1
ja	握り合っ	verb	6	7	0	1
ja	作りかえ	verb	6	7	0	1
ja	アルデヒド	noun	6	7	0	1
ja	プリマス	noun	6	7	0	1
ja	鉄棒	noun	6	7	0	1
ja	染葉	noun	6	7	0	1
ja	エッチング	noun	6	7	0	1
ja	腹黒い	adjective	6	7	0	1
ja	信彦	noun	6	7	0	1
ja	全っ然	adverb	6	7	0	1
ja	和議	noun	6	7	0	1
ja	本尊	noun	6	7	0	1
ja	かべ	noun	6	7	0	1
ja	モンゴメリー	noun	6	7	0	1
ja	目潰し	noun	6	7	0	1
ja	あたりさわり	noun	6	7	0	1
ja	居座っ	verb	6	7	0	1
ja	なわとび	noun	6	7	0	1
ja	ガッチリ	adverb	6	7	0	1
ja	オーム	noun	6	7	0	1
ja	地蔵	noun	6	7	0	1
ja	命日	noun	6	7	0	1
ja	宿っ	verb	6	7	0	1
ja	ソーク	noun	6	7	0	1
ja	浮き世	noun	6	7	0	1
ja	潜り込ん	verb	6	7	0	1
ja	儲けよう	verb	6	7	0	1
ja	アドミニストレーター	noun	6	7	0	1
ja	チルド	noun	6	7	0	1
ja	つくし	noun	6	7	0	1
ja	マリヤ	noun	6	7	0	1
ja	歩みより	verb	6	7	0	1
ja	ナターシャ	noun	6	7	0	1
ja	七色	noun	6	7	0	1
ja	当代	noun	6	7	0	1
ja	振り上げ	verb	6	7	0	1
ja	田舎び	verb	6	7	0	1
ja	煩わし	adjective	6	7	0	1
ja	かきとめ	verb	6	7	0	1
ja	良品	noun	6	7	0	1
ja	スペリング	noun	6	7	0	1
ja	煽り	noun	6	7	0	1
ja	ハイフン	noun	6	7	0	1
ja	狂い咲き	verb	6	7	0	1
ja	新春	noun	6	7	0	1
ja	子息	noun	6	7	0	1
ja	オカズ	noun	6	7	0	1
ja	旋風	noun	6	7	0	1
ja	不味く	adjective	6	7	0	1
ja	俗語	noun	6	7	0	1
ja	ズズ	adverb	6	7	0	1
ja	面通し	noun	6	7	0	1
ja	ツイート	noun	6	7	0	1
ja	立ち向かわ	verb	6	7	0	1
ja	舞踊	noun	6	7	0	1
ja	初旬	noun	6	7	0	1
ja	細細	adverb	6	7	0	1
ja	留め置か	verb	6	7	0	1
ja	ダイアモンド	noun	6	7	0	1
ja	予選	noun	6	7	0	1
ja	覆いかぶさっ	verb	6	7	0	1
ja	にじ	noun	6	7	0	1
ja	まちがう	verb	6	7	0	1
ja	鬱金	noun	6	7	0	1
ja	かまけ	verb	6	7	0	1
ja	ちゅっ	adverb	6	7	0	1
ja	阿賀野	noun	6	7	0	1
ja	サイコロ	noun	6	7	0	1
ja	ちぎれる	verb	6	7	0	1
ja	ガーン	adverb	6	7	0	1
ja	あてはまり	verb	6	7	0	1
ja	層状	noun	6	7	0	1
ja	ぎれ	noun	6	7	0	1
ja	見透かし	verb	6	7	0	1
ja	発破	noun	6	7	0	1
ja	決まりごと	noun	6	7	0	1
ja	公道	noun	6	7	0	1
ja	ドビー	noun	6	7	0	1
ja	ハンスト	noun	6	7	0	1
ja	愛媛	noun	6	7	0	1
ja	映写	noun	6	7	0	1
ja	エロい	adjective	6	7	0	1
ja	国中	noun	6	7	0	1
ja	遣う	verb	6	7	0	1
ja	寝返り	verb	6	7	0	1
ja	なあなあ	noun	6	7	0	1
ja	持ち	noun	6	7	0	1
ja	オークランド	noun	6	7	0	1
ja	滝山	noun	6	7	0	1
ja	仲買	noun	6	7	0	1
ja	さし上げる	verb	6	7	0	1
ja	オリヴィエ	noun	6	7	0	1
ja	体色	noun	6	7	0	1
ja	やけくそ	noun	6	7	0	1
ja	割り増し	verb	6	7	0	1
ja	桶	noun	6	7	0	1
ja	毛深	adjective	6	7	0	1
ja	ガウス	noun	6	7	0	1
ja	無医	noun	6	7	0	1
ja	ダイニング	noun	6	7	0	1
ja	名家	noun	6	7	0	1
ja	ぶさ	noun	6	7	0	1
ja	町田	noun	6	7	0	1
ja	戴く	verb	6	7	0	1
ja	ロレッタ	noun	6	7	0	1
ja	洗い流し	verb	6	7	0	1
ja	簡明	noun	6	7	0	1
ja	ジャリ	noun	6	7	0	1
ja	前ぶれ	noun	6	7	0	1
ja	迂闊	noun	6	7	0	1
ja	招き猫	noun	6	7	0	1
ja	生きながらえ	verb	6	7	0	1
ja	ブッダガヤ	noun	6	7	0	1
ja	スローン	noun	6	7	0	1
ja	グランプリ	noun	6	7	0	1
ja	ＣＡＴ	noun	6	7	0	1
ja	牧野	noun	6	7	0	1
ja	サルタン	noun	6	7	0	1
ja	ワーナー	noun	6	7	0	1
ja	神意	noun	6	7	0	1
ja	気道	noun	6	7	0	1
ja	クサイ	adjective	6	7	0	1
ja	庭造り	noun	6	7	0	1
ja	釣り人	noun	6	7	0	1
ja	常勝	noun	6	7	0	1
ja	たかし	noun	6	7	0	1
ja	成せる	verb	6	7	0	1
ja	校章	noun	6	7	0	1
ja	モノクロ	noun	6	7	0	1
ja	ごね	verb	6	7	0	1
ja	しみとおっ	verb	6	7	0	1
ja	助演	noun	6	7	0	1
ja	選り分ける	verb	6	7	0	1
ja	あわてもの	noun	6	7	0	1
ja	惹こう	verb	6	7	0	1
ja	慎み深い	adjective	6	7	0	1
ja	正そう	verb	6	7	0	1
ja	どやどや	adverb	6	7	0	1
ja	僻地	noun	6	7	0	1
ja	バグダッド	noun	6	7	0	1
ja	沿線	noun	6	7	0	1
ja	呪い	verb	6	7	0	1
ja	差し出さ	verb	6	7	0	1
ja	すきやき	noun	6	7	0	1
ja	ヴァーチャル	noun	6	7	0	1
ja	マスト	noun	6	7	0	1
ja	不躾	noun	6	7	0	1
ja	大野	noun	6	7	0	1
ja	摂ら	verb	6	7	0	1
ja	かけ声	noun	6	7	0	1
ja	ソニア	noun	6	7	0	1
ja	近医	noun	6	7	0	1
ja	賄う	verb	6	7	0	1
ja	中性	noun	6	7	0	1
ja	罪ほろぼし	noun	6	7	0	1
ja	ポンコツ車	noun	6	7	0	1
ja	こねあげ	verb	6	7	0	1
ja	くくら	verb	6	7	0	1
ja	河風	noun	6	7	0	1
ja	引き伸ばし	noun	6	7	0	1
ja	過越	noun	6	7	0	1
ja	品揃え	noun	6	7	0	1
ja	新出	noun	6	7	0	1
ja	とんぼ返り	noun	6	7	0	1
ja	ためよう	verb	6	7	0	1
ja	あたらしい	adjective	6	7	0	1
ja	熱発	noun	6	7	0	1
ja	塹壕	noun	6	7	0	1
ja	取りもどし	verb	6	7	0	1
ja	衣食	noun	6	7	0	1
ja	日韓	noun	6	7	0	1
ja	ごまかそう	verb	6	7	0	1
ja	糠	noun	6	7	0	1
ja	臭	adjective	6	7	0	1
ja	掴み散らし	verb	6	7	0	1
ja	三才	noun	6	7	0	1
ja	歳下	noun	6	7	0	1
ja	老巧	noun	6	7	0	1
ja	ナイアガラ	noun	6	7	0	1
ja	クスクス	adverb	6	7	0	1
ja	奇異	noun	6	7	0	1
ja	車室	noun	6	7	0	1
ja	大枚	noun	6	7	0	1
ja	ぶちキレ	verb	6	7	0	1
ja	山梨	noun	6	7	0	1
ja	寄り添う	verb	6	7	0	1
ja	食い止める	verb	6	7	0	1
ja	嗅ぎ付ける	verb	6	7	0	1
ja	解き明かさ	verb	6	7	0	1
ja	小笠原	noun	6	7	0	1
ja	矛先	noun	6	7	0	1
ja	とりすまし	verb	6	7	0	1
ja	ミスティー	noun	6	7	0	1
ja	バックギャモン	noun	6	7	0	1
ja	ラッコ	noun	6	7	0	1
ja	体外	noun	6	7	0	1
ja	おっとり	adverb	6	7	0	1
ja	成り立ち	verb	6	7	0	1
ja	卑しく	adjective	6	7	0	1
ja	み	noun	6	7	0	1
ja	接頭	noun	6	7	0	1
ja	グスタフ	noun	6	7	0	1
ja	掃け	verb	6	7	0	1
ja	もたれかかろう	verb	6	7	0	1
ja	なぞっ	verb	6	7	0	1
ja	有楽町	noun	6	7	0	1
ja	乗用	noun	6	7	0	1
ja	ドット	noun	6	7	0	1
ja	持ち帰れ	verb	6	7	0	1
ja	縫い付ける	verb	6	7	0	1
ja	萩野	noun	6	7	0	1
ja	晒し	verb	6	7	0	1
ja	ＮＦＬ	noun	6	7	0	1
ja	置き土産	noun	6	7	0	1
ja	子宝	noun	6	7	0	1
ja	何せ	adverb	6	7	0	1
ja	食い倒れ	noun	6	7	0	1
ja	わあわあ	adverb	6	7	0	1
ja	さくさく	adverb	6	7	0	1
ja	居残り	verb	6	7	0	1
ja	もんどり	noun	6	7	0	1
ja	フッド	noun	6	7	0	1
ja	幸田	noun	6	7	0	1
ja	雨ガッパ	noun	6	7	0	1
ja	政局	noun	6	7	0	1
ja	うけいれ	verb	6	7	0	1
ja	ヴィオラ	noun	6	7	0	1
ja	そこら	adverb	6	7	0	1
ja	机上	noun	6	7	0	1
ja	中風	noun	6	7	0	1
ja	コサイン	noun	6	7	0	1
ja	広けれ	adjective	6	7	0	1
ja	準じ	verb	6	7	0	1
ja	追いだし	verb	6	7	0	1
ja	送り合っ	verb	6	7	0	1
ja	西園寺	noun	6	7	0	1
ja	サタデー	noun	6	7	0	1
ja	ニューオーリンズ	noun	6	7	0	1
ja	山菜	noun	6	7	0	1
ja	押え込もう	verb	6	7	0	1
ja	とろっ	adverb	6	7	0	1
ja	身じろぎ	noun	6	7	0	1
ja	金食い	noun	6	7	0	1
ja	整水	noun	6	7	0	1
ja	ボイコット	noun	6	7	0	1
ja	大枝	noun	6	7	0	1
ja	真子	noun	6	7	0	1
ja	謝意	noun	6	7	0	1
ja	ソーサー	noun	6	7	0	1
ja	チェスター	noun	6	7	0	1
ja	ずーと	adverb	6	7	0	1
ja	わきで	verb	6	7	0	1
ja	見限っ	verb	6	7	0	1
ja	遺恨	noun	6	7	0	1
ja	ソフィ	noun	6	7	0	1
ja	イグナティウス	noun	6	7	0	1
ja	替玉	noun	6	7	0	1
ja	見えすい	verb	6	7	0	1
ja	ヒース	noun	6	7	0	1
ja	苦かっ	adjective	6	7	0	1
ja	思い描こう	verb	6	7	0	1
ja	隠せる	verb	6	7	0	1
ja	ディクテーション	noun	6	7	0	1
ja	果	noun	6	7	0	1
ja	見開き	verb	6	7	0	1
ja	瞬時	noun	6	7	0	1
ja	アレス	noun	6	7	0	1
ja	鉦	noun	6	7	0	1
ja	各週	noun	6	7	0	1
ja	かったるく	adjective	6	7	0	1
ja	極めつけ	noun	6	7	0	1
ja	プロダクト	noun	6	7	0	1
ja	パリパリ	adverb	6	7	0	1
ja	せき止める	verb	6	7	0	1
ja	憂い	noun	6	7	0	1
ja	腿	noun	6	7	0	1
ja	高	noun	6	7	0	1
ja	ソニック	noun	6	7	0	1
ja	捻り	verb	6	7	0	1
ja	旗印	noun	6	7	0	1
ja	悪どい	adjective	6	7	0	1
ja	出歩い	verb	6	7	0	1
ja	埋め合わさ	verb	6	7	0	1
ja	植え付ける	verb	6	7	0	1
ja	用務	noun	6	7	0	1
ja	引き入れる	verb	6	7	0	1
ja	うっせ	verb	6	7	0	1
ja	他人事	noun	6	7	0	1
ja	つっこむ	verb	6	7	0	1
ja	吉本	noun	6	7	0	1
ja	ぴしゃり	adverb	6	7	0	1
ja	はめ込ん	verb	6	7	0	1
ja	赤バラ	noun	6	7	0	1
ja	日付け	noun	6	7	0	1
ja	蛤	noun	6	7	0	1
ja	むこう端	noun	6	7	0	1
ja	倒れ込ん	verb	6	7	0	1
ja	手間暇	noun	6	7	0	1
ja	ゴーっ	adverb	6	7	0	1
ja	エッチラオッチラ	adverb	6	7	0	1
ja	愛欲	noun	6	7	0	1
ja	まといつい	verb	6	7	0	1
ja	テイク	noun	6	7	0	1
ja	七千	noun	6	7	0	1
ja	突きつけよう	verb	6	7	0	1
ja	千差	noun	6	7	0	1
ja	赤帽	noun	6	7	0	1
ja	大引け	noun	6	7	0	1
ja	乱交	noun	6	7	0	1
ja	怒り狂う	verb	6	7	0	1
ja	ミシミシ	adverb	6	7	0	1
ja	地滑り	noun	6	7	0	1
ja	血痕	noun	6	7	0	1
ja	ギヨーム	noun	6	7	0	1
ja	持て成し	noun	6	7	0	1
ja	呉れ	verb	6	7	0	1
ja	プライス	noun	6	7	0	1
ja	完熟	noun	6	7	0	1
ja	しめさ	verb	6	7	0	1
ja	竹刀	noun	6	7	0	1
ja	もどかし	adjective	6	7	0	1
ja	切りそろえ	verb	6	7	0	1
ja	指ささ	verb	6	7	0	1
ja	飛びつか	verb	6	7	0	1
ja	雪祭り	noun	6	7	0	1
ja	ひきたた	verb	6	7	0	1
ja	たおれ	verb	6	7	0	1
ja	えりも	noun	6	7	0	1
ja	ＣＨ	noun	6	7	0	1
ja	むら	noun	6	7	0	1
ja	已ま	verb	6	7	0	1
ja	与えよ	verb	6	7	0	1
ja	召す	verb	6	7	0	1
ja	そうこう	compounds	6	7	0	1
ja	槍投げ	noun	6	7	0	1
ja	しのん	verb	6	7	0	1
ja	鋳型	noun	6	7	0	1
ja	ソープ	noun	6	7	0	1
ja	引き立て	noun	6	7	0	1
ja	モーターズ	noun	6	7	0	1
ja	ヒエログリフ	noun	6	7	0	1
ja	水先	noun	6	7	0	1
ja	見抜く	verb	6	7	0	1
ja	行き場	noun	6	7	0	1
ja	ひと肌	adverb	6	7	0	1
ja	乗りかかっ	verb	6	7	0	1
ja	移ら	verb	6	7	0	1
ja	書架	noun	6	7	0	1
ja	向かいあっ	verb	6	7	0	1
ja	遅けれ	adjective	6	7	0	1
ja	犬猫	noun	6	7	0	1
ja	文系	noun	6	7	0	1
ja	ロジャース	noun	6	7	0	1
ja	コケ	noun	6	7	0	1
ja	引っかかり	noun	6	7	0	1
ja	おそるおそる	adverb	6	7	0	1
ja	出窓	noun	6	7	0	1
ja	神酒	noun	6	7	0	1
ja	生野	noun	6	7	0	1
ja	増量	noun	6	7	0	1
ja	島島	noun	6	7	0	1
ja	動静	noun	6	7	0	1
ja	干	verb	6	7	0	1
ja	流浪	noun	6	7	0	1
ja	ごめ	noun	6	7	0	1
ja	ひとびと	noun	6	7	0	1
ja	ボレー	noun	6	7	0	1
ja	二転	noun	6	7	0	1
ja	ハイファイ	noun	6	7	0	1
ja	申し立て	verb	6	7	0	1
ja	創り出し	verb	6	7	0	1
ja	マンサク	noun	6	7	0	1
ja	小田	noun	6	7	0	1
ja	性根	noun	6	7	0	1
ja	造詣	noun	6	7	0	1
ja	タンジェント	noun	6	7	0	1
ja	天びん	noun	6	7	0	1
ja	研ぎ澄まさ	verb	6	7	0	1
ja	同日	noun	6	7	0	1
ja	がーん	adverb	6	7	0	1
ja	咲きそろっ	verb	6	7	0	1
ja	召命	noun	6	7	0	1
ja	トップス	noun	6	7	0	1
ja	魚の目	noun	6	7	0	1
ja	あび	verb	6	7	0	1
ja	破れれ	verb	6	7	0	1
ja	あじけない	adjective	6	7	0	1
ja	引き伸ばす	verb	6	7	0	1
ja	滴	noun	6	7	0	1
ja	ののしり	noun	6	7	0	1
ja	村外れ	noun	6	7	0	1
ja	ヌル	noun	6	7	0	1
ja	願えれ	verb	6	7	0	1
ja	フルトン	noun	6	7	0	1
ja	タンチョウ	noun	6	7	0	1
ja	ふっ	adverb	6	7	0	1
ja	ぐー	adverb	6	7	0	1
ja	ウェリントン	noun	6	7	0	1
ja	さておい	verb	6	7	0	1
ja	股間	noun	6	7	0	1
ja	引き離さ	verb	6	7	0	1
ja	静子	noun	6	7	0	1
ja	ファイナル	noun	6	7	0	1
ja	隠れる	verb	6	7	0	1
ja	藪の中	noun	6	7	0	1
ja	きしむ	verb	6	7	0	1
ja	角柱	noun	6	7	0	1
ja	ＬＰ	noun	6	7	0	1
ja	わけ	verb	6	7	0	1
ja	試作	noun	6	7	0	1
ja	テコ	noun	6	7	0	1
ja	おしん	noun	6	7	0	1
ja	カンジキ	noun	6	7	0	1
ja	ニューオリンズ	noun	6	7	0	1
ja	おどろく	verb	6	7	0	1
ja	潜望	noun	6	7	0	1
ja	偕	noun	6	7	0	1
ja	滑車	noun	6	7	0	1
ja	新式	noun	6	7	0	1
ja	死に絶える	verb	6	7	0	1
ja	成否	noun	6	7	0	1
ja	速かろう	adjective	6	7	0	1
ja	箱詰め	noun	6	7	0	1
ja	もうけよう	verb	6	7	0	1
ja	透け	verb	6	7	0	1
ja	マレー	noun	6	7	0	1
ja	金箔	noun	6	7	0	1
ja	はさみ込ん	verb	6	7	0	1
ja	開こう	verb	6	7	0	1
ja	棒大	noun	6	7	0	1
ja	ホンコン	noun	6	7	0	1
ja	俊夫	noun	6	7	0	1
ja	版権	noun	6	7	0	1
ja	身の代	noun	6	7	0	1
ja	整う	verb	6	7	0	1
ja	みかけ	noun	6	7	0	1
ja	財源	noun	6	7	0	1
ja	乗り替え	verb	6	7	0	1
ja	ふくらはぎ	noun	6	7	0	1
ja	トロイ	noun	6	7	0	1
ja	バンヤン	noun	6	7	0	1
ja	徹頭	noun	6	7	0	1
ja	こじれ	verb	6	7	0	1
ja	ハンドボール	noun	6	7	0	1
ja	所見	noun	6	7	0	1
ja	のがれよう	verb	6	7	0	1
ja	旗色	noun	6	7	0	1
ja	飼いならす	verb	6	7	0	1
ja	金縛り	noun	6	7	0	1
ja	しでかさ	verb	6	7	0	1
ja	ガッ	noun	6	7	0	1
ja	クネクネ	adverb	6	7	0	1
ja	ひじ掛け	noun	6	7	0	1
ja	邦彦	noun	6	7	0	1
ja	身代	noun	6	7	0	1
ja	悪し様	noun	6	7	0	1
ja	カートゥーン	noun	6	7	0	1
ja	受けとめる	verb	6	7	0	1
ja	オハ	noun	6	7	0	1
ja	焼きつけ	verb	6	7	0	1
ja	奥地	noun	6	7	0	1
ja	ふてくされ	verb	6	7	0	1
ja	コンビニエンス	noun	6	7	0	1
ja	国道	noun	6	7	0	1
ja	満床	noun	6	7	0	1
ja	もぐり込ん	verb	6	7	0	1
ja	こた	noun	6	7	0	1
ja	至当	noun	6	7	0	1
ja	マイニング	noun	6	7	0	1
ja	悪狐	noun	6	7	0	1
ja	ガル	noun	6	7	0	1
ja	僅か	adverb	6	7	0	1
ja	棹立ち	noun	6	7	0	1
ja	よしき	noun	6	7	0	1
ja	ニューメキシコ	noun	6	7	0	1
ja	梨奈	noun	6	7	0	1
ja	一封	noun	6	7	0	1
ja	消え失せろ	verb	6	7	0	1
ja	夜更し	noun	6	7	0	1
ja	心打た	verb	6	7	0	1
ja	カッキリ	adverb	6	7	0	1
ja	うざ	adjective	6	7	0	1
ja	追い落とさ	verb	6	7	0	1
ja	起こそう	verb	6	7	0	1
ja	８千	noun	6	7	0	1
ja	シークレット	noun	6	7	0	1
ja	ファウスト	noun	6	7	0	1
ja	抱腹	noun	6	7	0	1
ja	低速	noun	6	7	0	1
ja	ワンワン	adverb	6	7	0	1
ja	ジャブジャブ	adverb	6	7	0	1
ja	滑らす	verb	6	7	0	1
ja	喘ぐ	verb	6	7	0	1
ja	エンターテインメント	noun	6	7	0	1
ja	トモコ	noun	6	7	0	1
ja	特筆	noun	6	7	0	1
ja	ナチュラル	noun	6	7	0	1
ja	発がん	noun	6	7	0	1
ja	忍ばせ	verb	6	7	0	1
ja	魔導	noun	6	7	0	1
ja	印紙	noun	6	7	0	1
ja	来社	noun	6	7	0	1
ja	揉め	verb	6	7	0	1
ja	混ぜ合わせる	verb	6	7	0	1
ja	有明	noun	6	7	0	1
ja	盛田	noun	6	7	0	1
ja	止むなく	adjective	6	7	0	1
ja	茶っぱ	noun	6	7	0	1
ja	本管	noun	6	7	0	1
ja	願いごと	noun	6	7	0	1
ja	同点	noun	6	7	0	1
ja	ベンダー	noun	6	7	0	1
ja	酔払い	verb	6	7	0	1
ja	雨あし	noun	6	7	0	1
ja	マサコ	noun	6	7	0	1
ja	むち	noun	6	7	0	1
ja	波羅蜜	noun	6	7	0	1
ja	生き延びよう	verb	6	7	0	1
ja	毒入り	noun	6	7	0	1
ja	寝首	noun	6	7	0	1
ja	まねき	noun	6	7	0	1
ja	温故	noun	6	7	0	1
ja	ベイ	noun	6	7	0	1
ja	未踏	noun	6	7	0	1
ja	寸劇	noun	6	7	0	1
ja	敬老	noun	6	7	0	1
ja	素数	noun	6	7	0	1
ja	ヤドカリ	noun	6	7	0	1
ja	舛添	noun	6	7	0	1
ja	港内	noun	6	7	0	1
ja	巣箱	noun	6	7	0	1
ja	クラブハウス	noun	6	7	0	1
ja	読み取ら	verb	6	7	0	1
ja	バリウム	noun	6	7	0	1
ja	秒読み	noun	6	7	0	1
ja	放し飼い	noun	6	7	0	1
ja	刀匠	noun	6	7	0	1
ja	なつっこく	adjective	6	7	0	1
ja	懐柔	noun	6	7	0	1
ja	盛りつけ	verb	6	7	0	1
ja	書き表す	verb	6	7	0	1
ja	ショルダー	noun	6	7	0	1
ja	花道	noun	6	7	0	1
ja	左藤	noun	6	7	0	1
ja	市価	noun	6	7	0	1
ja	かぎ爪	noun	6	7	0	1
ja	眩い	adjective	6	7	0	1
ja	奥まっ	verb	6	7	0	1
ja	すべからく	adverb	6	7	0	1
ja	うたたね	noun	6	7	0	1
ja	タケノコ	noun	6	7	0	1
ja	ふみきっ	verb	6	7	0	1
ja	しけっ	verb	6	7	0	1
ja	パベル	noun	6	7	0	1
ja	芳男	noun	6	7	0	1
ja	酵素	noun	6	7	0	1
ja	うえつけ	verb	6	7	0	1
ja	久夫	noun	6	7	0	1
ja	タクヤ	noun	6	7	0	1
ja	ピョンヤン	noun	6	7	0	1
ja	ブロードウェイ	noun	6	7	0	1
ja	溶け合っ	verb	6	7	0	1
ja	いやらしく	adjective	6	7	0	1
ja	三叉	noun	6	7	0	1
ja	差し障り	verb	6	7	0	1
ja	かすめる	verb	6	7	0	1
ja	地団太	noun	6	7	0	1
ja	ほれぼれ	adverb	6	7	0	1
ja	引離す	verb	6	7	0	1
ja	たぐり寄せる	verb	6	7	0	1
ja	改作	noun	6	7	0	1
ja	ケピ	noun	6	7	0	1
ja	カーネギー	noun	6	7	0	1
ja	ドライブウェイ	noun	6	7	0	1
ja	グッスリ	adverb	6	7	0	1
ja	口伝え	noun	6	7	0	1
ja	網棚	noun	6	7	0	1
ja	オタオタ	adverb	6	7	0	1
ja	子ギツネ	noun	6	7	0	1
ja	カメルーン	noun	6	7	0	1
ja	ゲーリー	noun	6	7	0	1
ja	大書	noun	6	7	0	1
ja	折り合え	verb	6	7	0	1
ja	論じ合おう	verb	6	7	0	1
ja	浮き浮き	adverb	6	7	0	1
ja	海部	noun	6	7	0	1
ja	ロジェ	noun	6	7	0	1
ja	パウエル	noun	6	7	0	1
ja	オリ	noun	6	7	0	1
ja	ものさし	noun	6	7	0	1
ja	上目	noun	6	7	0	1
ja	歪め	verb	6	7	0	1
ja	コンベアー	noun	6	7	0	1
ja	プー	noun	6	7	0	1
ja	歯止め	noun	6	7	0	1
ja	なじみ深い	adjective	6	7	0	1
ja	射ん	verb	6	7	0	1
ja	滞留	noun	6	7	0	1
ja	下働き	noun	6	7	0	1
ja	サンゴ	noun	6	7	0	1
ja	不評	noun	6	7	0	1
ja	美奈子	noun	6	7	0	1
ja	ろか	noun	6	7	0	1
ja	すんなり	adverb	6	7	0	1
ja	差し止め	noun	6	7	0	1
ja	触手	noun	6	7	0	1
ja	おちあう	verb	6	7	0	1
ja	山すそ	noun	6	7	0	1
ja	洋	noun	6	7	0	1
ja	張れ	verb	6	7	0	1
ja	交じり合っ	verb	6	7	0	1
ja	歩兵	noun	6	7	0	1
ja	殴り殺し	verb	6	7	0	1
ja	暦	noun	6	7	0	1
ja	気位	noun	6	7	0	1
ja	ぬっ	verb	6	7	0	1
ja	寒し	adjective	6	7	0	1
ja	ナルキッソス	noun	6	7	0	1
ja	ミキ	noun	6	7	0	1
ja	油井	noun	6	7	0	1
ja	抱えこま	verb	6	7	0	1
ja	ウィ	noun	6	7	0	1
ja	思い起こす	verb	6	7	0	1
ja	顧みる	verb	6	7	0	1
ja	ＦＥＮ	noun	6	7	0	1
ja	メルセデス	noun	6	7	0	1
ja	特待	noun	6	7	0	1
ja	追い込み	verb	6	7	0	1
ja	バンク	noun	6	7	0	1
ja	特務	noun	6	7	0	1
ja	移ろい	noun	6	7	0	1
ja	和名	noun	6	7	0	1
ja	アームストロング	noun	6	7	0	1
ja	ヒラメ	noun	6	7	0	1
ja	オクラホマ	noun	6	7	0	1
ja	わらび	noun	6	7	0	1
ja	マーチン	noun	6	7	0	1
ja	述べ立て	verb	6	7	0	1
ja	ぎょうてん	noun	6	7	0	1
ja	惹きつけ	verb	6	7	0	1
ja	太初	noun	6	7	0	1
ja	バサッ	adverb	6	7	0	1
ja	コナーズ	noun	6	7	0	1
ja	ノシ	noun	6	7	0	1
ja	縫い合わせ	verb	6	7	0	1
ja	漢文	noun	6	7	0	1
ja	閉め出し	verb	6	7	0	1
ja	甘言	noun	6	7	0	1
ja	ヴェスヴィオ	noun	6	7	0	1
ja	ひと手間	noun	6	7	0	1
ja	ＳＥ	noun	6	7	0	1
ja	テーラー	noun	6	7	0	1
ja	たらい	noun	6	7	0	1
ja	リナ	noun	6	7	0	1
ja	夜長	noun	6	7	0	1
ja	塗し	verb	6	7	0	1
ja	惹きつける	verb	6	7	0	1
ja	さきだち	verb	6	7	0	1
ja	おもいださ	verb	6	7	0	1
ja	酢酸	noun	6	7	0	1
ja	ばっ	verb	6	7	0	1
ja	想い起こす	verb	6	7	0	1
ja	あます	verb	6	7	0	1
ja	余興	noun	6	7	0	1
ja	宿敵	noun	6	7	0	1
ja	シュンシュン	adverb	6	7	0	1
ja	地主	noun	6	7	0	1
ja	ミサト	noun	6	7	0	1
ja	呼び名	noun	6	7	0	1
ja	引き出	noun	6	7	0	1
ja	東奔	noun	6	7	0	1
ja	生焼け	noun	6	7	0	1
ja	廃校	noun	6	7	0	1
ja	怪しみ	verb	6	7	0	1
ja	短評	noun	6	7	0	1
ja	図柄	noun	6	7	0	1
ja	軈て	adverb	6	7	0	1
ja	艦隊	noun	6	7	0	1
ja	たちこめる	verb	6	7	0	1
ja	たれさがっ	verb	6	7	0	1
ja	駿	noun	6	7	0	1
ja	変わん	verb	6	7	0	1
ja	持ち去る	verb	6	7	0	1
ja	木下	noun	6	7	0	1
ja	ひなたぼっこ	noun	6	7	0	1
ja	メゾソプラノ	noun	6	7	0	1
ja	肉汁	noun	6	7	0	1
ja	生き残り	noun	6	7	0	1
ja	中英	noun	6	7	0	1
ja	ジュピター	noun	6	7	0	1
ja	練り直し	verb	6	7	0	1
ja	擁立	noun	6	7	0	1
ja	ショウブ	noun	6	7	0	1
ja	大垣	noun	6	7	0	1
ja	でかけれ	verb	6	7	0	1
ja	払いのけ	verb	6	7	0	1
ja	釣瓶	noun	6	7	0	1
ja	数検	noun	6	7	0	1
ja	くしくも	adverb	6	7	0	1
ja	ベイスギ	noun	6	7	0	1
ja	ブロードウェー	noun	6	7	0	1
ja	神神	noun	6	7	0	1
ja	つぎつぎ	adverb	6	7	0	1
ja	態と	adverb	6	7	0	1
ja	テニソン	noun	6	7	0	1
ja	創業	noun	6	7	0	1
ja	びゅうびゅう	adverb	6	7	0	1
ja	頑張り	noun	6	7	0	1
ja	たたき	noun	6	7	0	1
ja	恭子	noun	6	7	0	1
ja	粗相	noun	6	7	0	1
ja	待ち伏せ	noun	6	7	0	1
ja	ヒッター	noun	6	7	0	1
ja	ヴェルヌ	noun	6	7	0	1
ja	腹ばい	noun	6	7	0	1
ja	メイラー	noun	6	7	0	1
ja	アングロ	noun	6	7	0	1
ja	とりかえ	verb	6	7	0	1
ja	ささっ	adverb	6	7	0	1
ja	裁決	noun	6	7	0	1
ja	工藤	noun	6	7	0	1
ja	冷や冷や	adverb	6	7	0	1
ja	ヤリマン	noun	6	7	0	1
ja	ポピー	noun	6	7	0	1
ja	ペコペコ	adverb	6	7	0	1
ja	抉じ開け	verb	6	7	0	1
ja	果肉	noun	6	7	0	1
ja	メッカ	noun	6	7	0	1
ja	バーナード	noun	6	7	0	1
ja	スペクトル	noun	6	7	0	1
ja	不純	noun	6	7	0	1
ja	もろ	adjective	6	7	0	1
ja	冒そう	verb	6	7	0	1
ja	ブレーブス	noun	6	7	0	1
ja	トローチ	noun	6	7	0	1
ja	届け出	verb	6	7	0	1
ja	忍び寄ら	verb	6	7	0	1
ja	面疔	noun	6	7	0	1
ja	輝かし	verb	6	7	0	1
ja	ゆかい	noun	6	7	0	1
ja	剥ぐ	verb	6	7	0	1
ja	残額	noun	6	7	0	1
ja	フューシャ	noun	6	7	0	1
ja	定形	noun	6	7	0	1
ja	公人	noun	6	7	0	1
ja	マッコウ	noun	6	7	0	1
ja	手渡さ	verb	6	7	0	1
ja	粘着	noun	6	7	0	1
ja	脚韻	noun	6	7	0	1
ja	もくもく	adverb	6	7	0	1
ja	のろけ	verb	6	7	0	1
ja	辛子	noun	6	7	0	1
ja	甘ったるく	adjective	6	7	0	1
ja	ウィッチ	noun	6	7	0	1
ja	銃弾	noun	6	7	0	1
ja	新版	noun	6	7	0	1
ja	うらやむ	verb	6	7	0	1
ja	投げよう	verb	6	7	0	1
ja	項羽	noun	6	7	0	1
ja	木かげ	noun	6	7	0	1
ja	あすか	noun	6	7	0	1
ja	斑点	noun	6	7	0	1
ja	合おう	verb	6	7	0	1
ja	パピルス	noun	6	7	0	1
ja	入れ子	noun	6	7	0	1
ja	カーラ	noun	6	7	0	1
ja	からすみ	noun	6	7	0	1
ja	ことわる	verb	6	7	0	1
ja	ニット	noun	6	7	0	1
ja	近付き	verb	6	7	0	1
ja	理系	noun	6	7	0	1
ja	階乗	noun	6	7	0	1
ja	大いばり	noun	6	7	0	1
ja	破れ去っ	verb	6	7	0	1
ja	ニューヨーカー	noun	6	7	0	1
ja	気鋭	noun	6	7	0	1
ja	落ちろ	verb	6	7	0	1
ja	てくてく	adverb	6	7	0	1
ja	店子	noun	6	7	0	1
ja	博学	noun	6	7	0	1
ja	イカし	verb	6	7	0	1
ja	レトロ	noun	6	7	0	1
ja	祝辞	noun	6	7	0	1
ja	瀉	noun	6	7	0	1
ja	ふし	noun	6	7	0	1
ja	あっせん	noun	6	7	0	1
ja	見のがし	verb	6	7	0	1
ja	スカパー	noun	6	7	0	1
ja	三味	noun	6	7	0	1
ja	跳び越す	verb	6	7	0	1
ja	シロアリ	noun	6	7	0	1
ja	図ろう	verb	6	7	0	1
ja	賑わう	verb	6	7	0	1
ja	氷水	noun	6	7	0	1
ja	とっぷり	adverb	6	7	0	1
ja	マスカルポーネ	noun	6	7	0	1
ja	ゆるす	verb	6	7	0	1
ja	追い払う	verb	6	7	0	1
ja	フィッシャー	noun	6	7	0	1
ja	兵員	noun	6	7	0	1
ja	粘度	noun	6	7	0	1
ja	アウグスタ	noun	6	7	0	1
ja	フェリペ	noun	6	7	0	1
ja	パリス	noun	6	7	0	1
ja	バーバリ	noun	6	7	0	1
ja	ペッ	adverb	6	7	0	1
ja	グーテンベルグ	noun	6	7	0	1
ja	ゲラ	noun	6	7	0	1
ja	懐っこく	adjective	6	7	0	1
ja	仕立てる	verb	6	7	0	1
ja	働き口	noun	6	7	0	1
ja	胸くそ	noun	6	7	0	1
ja	船中	noun	6	7	0	1
ja	取り上げよう	verb	6	7	0	1
ja	励む	verb	6	7	0	1
ja	笛吹き	noun	6	7	0	1
ja	ダンプ	noun	6	7	0	1
ja	受診	noun	6	7	0	1
ja	かえり道	noun	6	7	0	1
ja	もめん	noun	6	7	0	1
ja	じかけ	noun	6	7	0	1
ja	食い荒らさ	verb	6	7	0	1
ja	鞍馬	noun	6	7	0	1
ja	封じ込め	verb	6	7	0	1
ja	入り交じっ	verb	6	7	0	1
ja	怪しん	verb	6	7	0	1
ja	たび	compounds	6	7	0	1
ja	各文	noun	6	7	0	1
ja	呼び戻せ	verb	6	7	0	1
ja	どくどく	adverb	6	7	0	1
ja	手慣れ	verb	6	7	0	1
ja	ひずみ	noun	6	7	0	1
ja	為し	verb	6	7	0	1
ja	呪術	noun	6	7	0	1
ja	ぺっ	adverb	6	7	0	1
ja	よし	adverb	6	7	0	1
ja	生みだす	verb	6	7	0	1
ja	提督	noun	6	7	0	1
ja	炒めもの	noun	6	7	0	1
ja	ヴァレンシア	noun	6	7	0	1
ja	突き刺さり	verb	6	7	0	1
ja	ヘラヘラ	adverb	6	7	0	1
ja	品評	noun	6	7	0	1
ja	饒舌	noun	6	7	0	1
ja	アリー	noun	6	7	0	1
ja	カタルーニャ	noun	6	7	0	1
ja	山地	noun	6	7	0	1
ja	捻っ	verb	6	7	0	1
ja	ピタカ	noun	6	7	0	1
ja	甲府	noun	6	7	0	1
ja	ウエイ	noun	6	7	0	1
ja	ライラック	noun	6	7	0	1
ja	浪漫	noun	6	7	0	1
ja	食い縛る	verb	6	7	0	1
ja	木曽	noun	6	7	0	1
ja	擁する	verb	6	7	0	1
ja	謳い	verb	6	7	0	1
ja	指折り	noun	6	7	0	1
ja	かしわ	noun	6	7	0	1
ja	ドレッサー	noun	6	7	0	1
ja	鼯鼠	noun	6	7	0	1
ja	ポロポロ	adverb	6	7	0	1
ja	悪漢	noun	6	7	0	1
ja	ウインカー	noun	6	7	0	1
ja	沸き立ち	verb	6	7	0	1
ja	グルーヴ	noun	6	7	0	1
ja	行え	verb	6	7	0	1
ja	金科	noun	6	7	0	1
ja	泡風呂	noun	6	7	0	1
ja	爆熱	noun	6	7	0	1
ja	コケコッコー	adverb	6	7	0	1
ja	纏っ	verb	6	7	0	1
ja	出会える	verb	6	7	0	1
ja	前部	noun	6	7	0	1
ja	わり込ん	verb	6	7	0	1
ja	売り出す	verb	6	7	0	1
ja	タジタジ	adverb	6	7	0	1
ja	タチ	noun	6	7	0	1
ja	気軽	adjective	6	7	0	1
ja	縞柄	noun	6	7	0	1
ja	射っ	verb	6	7	0	1
ja	和製	noun	6	7	0	1
ja	写本	noun	6	7	0	1
ja	生じれ	verb	6	7	0	1
ja	調べれ	verb	6	7	0	1
ja	巻物	noun	6	7	0	1
ja	寄せ集め	verb	6	7	0	1
ja	適性	noun	6	7	0	1
ja	肝炎	noun	6	7	0	1
ja	当たり外れ	noun	6	7	0	1
ja	エズラ	noun	6	7	0	1
ja	アレンジメント	noun	6	7	0	1
ja	降り止み	verb	6	7	0	1
ja	人恋しく	adjective	6	7	0	1
ja	周航	noun	6	7	0	1
ja	脱糞	noun	6	7	0	1
ja	閉園	noun	6	7	0	1
ja	節分	noun	6	7	0	1
ja	反吐	noun	6	7	0	1
ja	シロクマ	noun	6	7	0	1
ja	散らさ	verb	6	7	0	1
ja	負け惜しみ	noun	6	7	0	1
ja	製薬	noun	6	7	0	1
ja	持ち上がっ	verb	6	7	0	1
ja	放り出し	verb	6	7	0	1
ja	上階	noun	6	7	0	1
ja	ラックス	noun	6	7	0	1
ja	締めくくっ	verb	6	7	0	1
ja	ノコギリ	noun	6	7	0	1
ja	スクリャービン	noun	6	7	0	1
ja	穢れる	verb	6	7	0	1
ja	墓石	noun	6	7	0	1
ja	円柱	noun	6	7	0	1
ja	けがす	verb	6	7	0	1
ja	パッパ	adverb	6	7	0	1
ja	俯瞰	noun	6	7	0	1
ja	コイ	noun	6	7	0	1
ja	女人	noun	6	7	0	1
ja	蓄音	noun	6	7	0	1
ja	汚れ落ち	noun	6	7	0	1
ja	長煩い	noun	6	7	0	1
ja	ハバロフスク	noun	6	7	0	1
ja	鍛えよう	verb	6	7	0	1
ja	取り皿	noun	6	7	0	1
ja	二三十	noun	6	7	0	1
ja	米酢	noun	6	7	0	1
ja	偽証	noun	6	7	0	1
ja	尻込み	noun	6	7	0	1
ja	月払い	noun	6	7	0	1
ja	検	noun	6	7	0	1
ja	割り振っ	verb	6	7	0	1
ja	キト	noun	6	7	0	1
ja	あじ	noun	6	7	0	1
ja	ひしめき合っ	verb	6	7	0	1
ja	誰何	noun	6	7	0	1
ja	主宰	noun	6	7	0	1
ja	ローズヒップ	noun	6	7	0	1
ja	七転	noun	6	7	0	1
ja	ゆがめる	verb	6	7	0	1
ja	回教	noun	6	7	0	1
ja	駅長	noun	6	7	0	1
ja	組み手	noun	6	7	0	1
ja	立ち上げよう	verb	6	7	0	1
ja	トング	noun	6	7	0	1
ja	阿婆擦れ	noun	6	7	0	1
ja	討とう	verb	6	7	0	1
ja	マンパワー	noun	6	7	0	1
ja	剥離	noun	6	7	0	1
ja	無様	noun	6	7	0	1
ja	組み入れ	verb	6	7	0	1
ja	シガー	noun	6	7	0	1
ja	切り抜けよう	verb	6	7	0	1
ja	はき違え	verb	6	7	0	1
ja	ぽいっ	adverb	6	7	0	1
ja	モルヒネ	noun	6	7	0	1
ja	たちあがっ	verb	6	7	0	1
ja	都道府県名	noun	6	7	0	1
ja	協奏	noun	6	7	0	1
ja	エアポート	noun	6	7	0	1
ja	トランクス	noun	6	7	0	1
ja	両軍	noun	6	7	0	1
ja	実益	noun	6	7	0	1
ja	岡目	noun	6	7	0	1
ja	健太郎	noun	6	7	0	1
ja	ろうあ	noun	6	7	0	1
ja	とりあおう	verb	6	7	0	1
ja	色艶	noun	6	7	0	1
ja	延ばせる	verb	6	7	0	1
ja	アキ	noun	6	7	0	1
ja	ポテンシャル	noun	6	7	0	1
ja	ふらっ	adverb	6	7	0	1
ja	飛び込み	verb	6	7	0	1
ja	台本	noun	6	7	0	1
ja	眼窩	noun	6	7	0	1
ja	転部	noun	6	7	0	1
ja	自叙	noun	6	7	0	1
ja	地軸	noun	6	7	0	1
ja	ペナルティー	noun	6	7	0	1
ja	おきよう	verb	6	7	0	1
ja	サテライト	noun	6	7	0	1
ja	南方	noun	6	7	0	1
ja	すき通っ	verb	6	7	0	1
ja	ケバ	noun	6	7	0	1
ja	越えれ	verb	6	7	0	1
ja	当ら	verb	6	7	0	1
ja	剣士	noun	6	7	0	1
ja	保母	noun	6	7	0	1
ja	くい止めよう	verb	6	7	0	1
ja	くみ取る	verb	6	7	0	1
ja	ゆずろう	verb	6	7	0	1
ja	ぱらつき	verb	6	7	0	1
ja	働かす	verb	6	7	0	1
ja	坂崎	noun	6	7	0	1
ja	都内	noun	6	7	0	1
ja	レジスタ	noun	6	7	0	1
ja	三輪	noun	6	7	0	1
ja	スティービー	noun	6	7	0	1
ja	ケープ	noun	6	7	0	1
ja	しめくくり	verb	6	7	0	1
ja	根絶やし	noun	6	7	0	1
ja	チャリティー	noun	6	7	0	1
ja	キリギリス	noun	6	7	0	1
ja	石碑	noun	6	7	0	1
ja	読み取る	verb	6	7	0	1
ja	中書	noun	6	7	0	1
ja	エナメル	noun	6	7	0	1
ja	つかい	noun	6	7	0	1
ja	バイト代	noun	6	7	0	1
ja	てて	noun	6	7	0	1
ja	嵯峨	noun	6	7	0	1
ja	ピアリー	noun	6	7	0	1
ja	申し付け	verb	6	7	0	1
ja	物ねだり	noun	6	7	0	1
ja	張り切っ	verb	6	7	0	1
ja	こじつけ	noun	6	7	0	1
ja	垂線	noun	6	7	0	1
ja	クレーン	noun	6	7	0	1
ja	嵌合	noun	6	7	0	1
ja	ぐちょぐちょ	adverb	6	7	0	1
ja	カダフィ	noun	6	7	0	1
ja	回しかけれ	verb	6	7	0	1
ja	シャキーラ	noun	6	7	0	1
ja	イミテーション	noun	6	7	0	1
ja	ＩＭＦ	noun	6	7	0	1
ja	皆人	noun	6	7	0	1
ja	探し当て	verb	6	7	0	1
ja	ヘルマン	noun	6	7	0	1
ja	アッラー	noun	6	7	0	1
ja	ブリーチ	noun	6	7	0	1
ja	おちおち	adverb	6	7	0	1
ja	私服	noun	6	7	0	1
ja	忙しかろう	adjective	6	7	0	1
ja	将	noun	6	7	0	1
ja	安逸	noun	6	7	0	1
ja	カシュー	noun	6	7	0	1
ja	抗う	verb	6	7	0	1
ja	全会	noun	6	7	0	1
ja	探しあて	verb	6	7	0	1
ja	シティー	noun	6	7	0	1
ja	前橋	noun	6	7	0	1
ja	先の日	noun	6	7	0	1
ja	プレイング	noun	6	7	0	1
ja	切ろう	verb	6	7	0	1
ja	ロ	noun	6	7	0	1
ja	うろ覚え	noun	6	7	0	1
ja	掻き分け	verb	6	7	0	1
ja	取り合える	verb	6	7	0	1
ja	用向き	noun	6	7	0	1
ja	挙げよう	verb	6	7	0	1
ja	計器	noun	6	7	0	1
ja	混ざっ	verb	6	7	0	1
ja	いそがし	adjective	6	7	0	1
ja	コーンフレーク	noun	6	7	0	1
ja	めかし	noun	6	7	0	1
ja	さくっ	adverb	6	7	0	1
ja	うなぎ屋	noun	6	7	0	1
ja	デカ	adjective	6	7	0	1
ja	鰻上り	noun	6	7	0	1
ja	外面	noun	6	7	0	1
ja	想	noun	6	7	0	1
ja	戸惑わ	verb	6	7	0	1
ja	キーッ	adverb	6	7	0	1
ja	代わるがわる	adverb	6	7	0	1
ja	としより	verb	6	7	0	1
ja	ポツリ	adverb	6	7	0	1
ja	ゴースト	noun	6	7	0	1
ja	鎮める	verb	6	7	0	1
ja	びと	noun	6	7	0	1
ja	勃ち	verb	6	7	0	1
ja	ひきたて	noun	6	7	0	1
ja	平仄	noun	6	7	0	1
ja	ろう	noun	6	7	0	1
ja	網膜	noun	6	7	0	1
ja	屍姦	noun	6	7	0	1
ja	奮迅	noun	6	7	0	1
ja	ふるい落とさ	verb	6	7	0	1
ja	道すがら	adverb	6	7	0	1
ja	クオーター	noun	6	7	0	1
ja	東急	noun	6	7	0	1
ja	書き付けよう	verb	6	7	0	1
ja	トゲトゲしい	adjective	6	7	0	1
ja	ＮＢＣ	noun	6	7	0	1
ja	眼底	noun	6	7	0	1
ja	恩返し	noun	6	7	0	1
ja	凍土	noun	6	7	0	1
ja	チェダー	noun	6	7	0	1
ja	バリバリ	adverb	6	7	0	1
ja	野苺	noun	6	7	0	1
ja	くらむ	verb	6	7	0	1
ja	関口	noun	6	7	0	1
ja	こぎつけ	verb	6	7	0	1
ja	本教	noun	6	7	0	1
ja	語感	noun	6	7	0	1
ja	パリ	adverb	6	7	0	1
ja	大方	noun	6	7	0	1
ja	ホムペ	noun	6	7	0	1
ja	橋げた	noun	6	7	0	1
ja	ササっ	adverb	6	7	0	1
ja	皮袋	noun	6	7	0	1
ja	及ぼそう	verb	6	7	0	1
ja	打ち砕く	verb	6	7	0	1
ja	番手	noun	6	7	0	1
ja	原生	noun	6	7	0	1
ja	ゆらめい	verb	6	7	0	1
ja	な	adjective	6	7	0	1
ja	投げ捨てる	verb	6	7	0	1
ja	絞りこもう	verb	6	7	0	1
ja	売り払わ	verb	6	7	0	1
ja	並べ直し	verb	6	7	0	1
ja	端書き	noun	6	7	0	1
ja	繁昌	noun	6	7	0	1
ja	ルノワール	noun	6	7	0	1
ja	梟	noun	6	7	0	1
ja	好色	noun	6	7	0	1
ja	言いつける	verb	6	7	0	1
ja	分け合わ	verb	6	7	0	1
ja	帝政	noun	6	7	0	1
ja	ボケッと	adverb	6	7	0	1
ja	宇都宮	noun	6	7	0	1
ja	稿	noun	6	7	0	1
ja	もろとも	noun	6	7	0	1
ja	日葵	noun	6	7	0	1
ja	亨	noun	6	7	0	1
ja	蹴りあげ	verb	6	7	0	1
ja	約数	noun	6	7	0	1
ja	常夏	noun	6	7	0	1
ja	アドレナリン	noun	6	7	0	1
ja	麗し	adjective	6	7	0	1
ja	アスファルト	noun	6	7	0	1
ja	楷書	noun	6	7	0	1
ja	売り込もう	verb	6	7	0	1
ja	帳面	noun	6	7	0	1
ja	いれもの	noun	6	7	0	1
ja	岩手	noun	6	7	0	1
ja	ルーニー	noun	6	7	0	1
ja	クープ	noun	6	7	0	1
ja	鉄壁	noun	6	7	0	1
ja	打席	noun	6	7	0	1
ja	隷従	noun	6	7	0	1
ja	教え込ま	verb	6	7	0	1
ja	ひるま	verb	6	7	0	1
ja	スウィート	noun	6	7	0	1
ja	奪い取る	verb	6	7	0	1
ja	痺れる	verb	6	7	0	1
ja	松野	noun	6	7	0	1
ja	言い表わす	verb	6	7	0	1
ja	ちりばめ	verb	6	7	0	1
ja	ワンピ	noun	6	7	0	1
ja	サモサ	noun	6	7	0	1
ja	いたる所	noun	6	7	0	1
ja	にっぽん	noun	6	7	0	1
ja	ランボルギーニ	noun	6	7	0	1
ja	凍てつい	verb	6	7	0	1
ja	頼りなく	adjective	6	7	0	1
ja	イオウ	noun	6	7	0	1
ja	うで	noun	6	7	0	1
ja	せんべい	noun	6	7	0	1
ja	赤城	noun	6	7	0	1
ja	慌ただしく	adjective	6	7	0	1
ja	随一	noun	6	7	0	1
ja	切り開く	verb	6	7	0	1
ja	靜子	noun	6	7	0	1
ja	モフモフ	adverb	6	7	0	1
ja	当たり	noun	6	7	0	1
ja	構え	noun	6	7	0	1
ja	薄汚い	adjective	6	7	0	1
ja	堅苦し	adjective	6	7	0	1
ja	関ら	verb	6	7	0	1
ja	うさ	noun	6	7	0	1
ja	同書	noun	6	7	0	1
ja	逃げ帰っ	verb	6	7	0	1
ja	出願	noun	6	7	0	1
ja	胃の腑	noun	6	7	0	1
ja	チェルノブイリ	noun	6	7	0	1
ja	合否	noun	6	7	0	1
ja	フランシーヌ	noun	6	7	0	1
ja	揺籃	noun	6	7	0	1
ja	勝機	noun	6	7	0	1
ja	アルス	noun	6	7	0	1
ja	申し上げれ	verb	6	7	0	1
ja	ゼッタイ	noun	6	7	0	1
ja	かけぬけ	verb	6	7	0	1
ja	つづき	noun	6	7	0	1
ja	ウベア	noun	6	7	0	1
ja	下達	noun	6	7	0	1
ja	摂れる	verb	6	7	0	1
ja	入れ違い	noun	6	7	0	1
ja	バッテン	noun	6	7	0	1
ja	モツァレラ	noun	6	7	0	1
ja	いけれ	verb	6	7	0	1
ja	てこ	adverb	6	7	0	1
ja	助け出さ	verb	6	7	0	1
ja	漁っ	verb	6	7	0	1
ja	四つ角	noun	6	7	0	1
ja	隠者	noun	6	7	0	1
ja	腹いせ	noun	6	7	0	1
ja	ひやっ	adverb	6	7	0	1
ja	簡	noun	6	7	0	1
ja	エクスペリエンス	noun	6	7	0	1
ja	システィナ	noun	6	7	0	1
ja	スケルトン	noun	6	7	0	1
ja	かんがみ	verb	6	7	0	1
ja	助けあっ	verb	6	7	0	1
ja	バーベル	noun	6	7	0	1
ja	金玉	noun	6	7	0	1
ja	とくと	adverb	6	7	0	1
ja	驚かす	verb	6	7	0	1
ja	臭う	adjective	6	7	0	1
ja	切り抜き	noun	6	7	0	1
ja	モバイル	noun	6	7	0	1
ja	麝香	noun	6	7	0	1
ja	はめ込ま	verb	6	7	0	1
ja	水生	noun	6	7	0	1
ja	ずらさ	verb	6	7	0	1
ja	取り巻か	verb	6	7	0	1
ja	まなざし	noun	6	7	0	1
ja	格幅	noun	6	7	0	1
ja	習わさ	verb	6	7	0	1
ja	ペイストリー	noun	6	7	0	1
ja	あてこん	verb	6	7	0	1
ja	吸音	noun	6	7	0	1
ja	あおい	noun	6	7	0	1
ja	シルヴァ	noun	6	7	0	1
ja	ジリジリ	adverb	6	7	0	1
ja	やましく	adjective	6	7	0	1
ja	女史	noun	6	7	0	1
ja	使い古す	verb	6	7	0	1
ja	引っこん	verb	6	7	0	1
ja	グレ	verb	6	7	0	1
ja	グレイハウンド	noun	6	7	0	1
ja	緩み	noun	6	7	0	1
ja	負	noun	6	7	0	1
ja	切らさ	verb	6	7	0	1
ja	正念	noun	6	7	0	1
ja	玉ネギ	noun	6	7	0	1
ja	す	noun	6	7	0	1
ja	醍醐	noun	6	7	0	1
ja	太陰	noun	6	7	0	1
ja	訊く	verb	6	7	0	1
ja	２塁	noun	6	7	0	1
ja	慣れよ	verb	6	7	0	1
ja	救い出さ	verb	6	7	0	1
ja	ふざけ	noun	6	7	0	1
ja	ブイヤベース	noun	6	7	0	1
ja	リリ	noun	6	7	0	1
ja	たどれ	verb	6	7	0	1
ja	風切	noun	6	7	0	1
ja	あ	verb	6	7	0	1
ja	ドンドン	adverb	6	7	0	1
ja	ヒンディー	noun	6	7	0	1
ja	赤旗	noun	6	7	0	1
ja	茜	noun	6	7	0	1
ja	千切り	verb	6	7	0	1
ja	調度	noun	6	7	0	1
ja	霊安	noun	6	7	0	1
ja	勝ち取ろう	verb	6	7	0	1
ja	銀歯	noun	6	7	0	1
ja	悪用	noun	6	7	0	1
ja	発給	noun	6	7	0	1
ja	旧暦	noun	6	7	0	1
ja	ふざけあっ	verb	6	7	0	1
ja	信販	noun	6	7	0	1
ja	内股	noun	6	7	0	1
ja	シラバス	noun	6	7	0	1
ja	フォーチュン	noun	6	7	0	1
ja	決まり悪い	adjective	6	7	0	1
ja	代打	noun	6	7	0	1
ja	みずみずしい	adjective	6	7	0	1
ja	コリー	noun	6	7	0	1
ja	赤門	noun	6	7	0	1
ja	ゴーレム	noun	6	7	0	1
ja	ジェンダー	noun	6	7	0	1
ja	どんちゃん	adverb	6	7	0	1
ja	張りつめ	verb	6	7	0	1
ja	通じあっ	verb	6	7	0	1
ja	玉条	noun	6	7	0	1
ja	九谷	noun	6	7	0	1
ja	私生	noun	6	7	0	1
ja	養老	noun	6	7	0	1
ja	そー	adverb	6	7	0	1
ja	リビエラ	noun	6	7	0	1
ja	鑿	noun	6	7	0	1
ja	サウサンプトン	noun	6	7	0	1
ja	ソレイユ	noun	6	7	0	1
ja	岩壁	noun	6	7	0	1
ja	鷹派	noun	6	7	0	1
ja	防ごう	verb	6	7	0	1
ja	市中	noun	6	7	0	1
ja	趨勢	noun	6	7	0	1
ja	ぜいぜい	adverb	6	7	0	1
ja	独行	noun	6	7	0	1
ja	ぜんぶ	noun	6	7	0	1
ja	綴り字	noun	6	7	0	1
ja	とりまく	verb	6	7	0	1
ja	ぶち壊そう	verb	6	7	0	1
ja	行き当たっ	verb	6	7	0	1
ja	中空	noun	6	7	0	1
ja	葉山	noun	6	7	0	1
ja	同業	noun	6	7	0	1
ja	ツーン	adverb	6	7	0	1
ja	白兎	noun	6	7	0	1
ja	リベリア	noun	6	7	0	1
ja	打ち明けろ	verb	6	7	0	1
ja	そつと	adverb	6	7	0	1
ja	司書	noun	6	7	0	1
ja	勲	noun	6	7	0	1
ja	ジャージ	noun	6	7	0	1
ja	わらじ	noun	6	7	0	1
ja	スモーク	noun	6	7	0	1
ja	ペアリー	noun	6	7	0	1
ja	トロール	noun	6	7	0	1
ja	書き上げる	verb	6	7	0	1
ja	キュリロス	noun	6	7	0	1
ja	選集	noun	6	7	0	1
ja	ペトロ	noun	6	7	0	1
ja	ふとる	verb	6	7	0	1
ja	ソリ	noun	6	7	0	1
ja	殴り倒す	verb	6	7	0	1
ja	行き当り	noun	6	7	0	1
ja	企てる	verb	6	7	0	1
ja	きんぴら	noun	6	7	0	1
ja	手巻き	noun	6	7	0	1
ja	ヘッセ	noun	6	7	0	1
ja	和也	noun	6	7	0	1
ja	助け舟	noun	6	7	0	1
ja	のぞん	verb	6	7	0	1
ja	混み合う	verb	6	7	0	1
ja	使いこま	verb	6	7	0	1
ja	空地	noun	6	7	0	1
ja	ばね	noun	6	7	0	1
ja	鴨川	noun	6	7	0	1
ja	マドリッド	noun	6	7	0	1
ja	便せん	noun	6	7	0	1
ja	サクソン	noun	6	7	0	1
ja	本体	noun	6	7	0	1
ja	張り出さ	verb	6	7	0	1
ja	整地	noun	6	7	0	1
ja	信二	noun	6	7	0	1
ja	カンファレンス	noun	6	7	0	1
ja	手後れ	noun	6	7	0	1
ja	引き渡せる	verb	6	7	0	1
ja	幸之助	noun	6	7	0	1
ja	出掛けよう	verb	6	7	0	1
ja	借りれる	verb	6	7	0	1
ja	睦まじけれ	adjective	6	7	0	1
ja	申しこん	verb	6	7	0	1
ja	にょっきり	adverb	6	7	0	1
ja	癖毛	noun	6	7	0	1
ja	側近	noun	6	7	0	1
ja	ひろい	verb	6	7	0	1
ja	散らし	verb	6	7	0	1
ja	胸やけ	noun	6	7	0	1
ja	母体	noun	6	7	0	1
ja	喧噪	noun	6	7	0	1
ja	言伝	noun	6	7	0	1
ja	初学	noun	6	7	0	1
ja	ボルシチ	noun	6	7	0	1
ja	競い合う	verb	6	7	0	1
ja	野ねずみ	noun	6	7	0	1
ja	譲り渡す	verb	6	7	0	1
ja	ＮＡＳＡ	noun	6	7	0	1
ja	字句	noun	6	7	0	1
ja	ビバーク	noun	6	7	0	1
ja	燕魚	noun	6	7	0	1
ja	遣り場	noun	6	7	0	1
ja	ハーバー	noun	6	7	0	1
ja	コンソール	noun	6	7	0	1
ja	ムササビ	noun	6	7	0	1
ja	ツレ	noun	6	7	0	1
ja	来場	noun	6	7	0	1
ja	請負	noun	6	7	0	1
ja	訳そう	verb	6	7	0	1
ja	クジ	noun	6	7	0	1
ja	骨壷	noun	6	7	0	1
ja	買い替える	verb	6	7	0	1
ja	うるま	verb	6	7	0	1
ja	禅僧	noun	6	7	0	1
ja	ぼちゃぼちゃ	adverb	6	7	0	1
ja	受けつい	verb	6	7	0	1
ja	黒こげ	noun	6	7	0	1
ja	ポチっ	adverb	6	7	0	1
ja	直紀	noun	6	7	0	1
ja	ぼおっと	adverb	6	7	0	1
ja	かかえる	verb	6	7	0	1
ja	おぞましい	adjective	6	7	0	1
ja	潔し	adjective	6	7	0	1
ja	プリマ	noun	6	7	0	1
ja	南緯	noun	6	7	0	1
ja	悪法	noun	6	7	0	1
ja	ヴィチェンツァ	noun	6	7	0	1
ja	ファクトリー	noun	6	7	0	1
ja	飽き足ら	verb	6	7	0	1
ja	目だし	noun	6	7	0	1
ja	低木	noun	6	7	0	1
ja	ピッタリ	adverb	6	7	0	1
ja	赤球	noun	6	7	0	1
ja	掘り起こす	verb	6	7	0	1
ja	リヴァプール	noun	6	7	0	1
ja	南瓜	noun	6	7	0	1
ja	寝こん	verb	6	7	0	1
ja	チャン	noun	6	7	0	1
ja	喜寿	noun	6	7	0	1
ja	スロープ	noun	6	7	0	1
ja	低けれ	adjective	6	7	0	1
ja	盛り場	noun	6	7	0	1
ja	船田	noun	6	7	0	1
ja	しまいこん	verb	6	7	0	1
ja	両岸	noun	6	7	0	1
ja	カサ	noun	6	7	0	1
ja	クルマ	noun	6	7	0	1
ja	総画	noun	6	7	0	1
ja	ニャン	noun	6	7	0	1
ja	亡くす	verb	6	7	0	1
ja	ヲタ	noun	6	7	0	1
ja	フィボナッチ	noun	6	7	0	1
ja	ふくらみ	verb	6	7	0	1
ja	奢り	noun	6	7	0	1
ja	気どっ	verb	6	7	0	1
ja	佇む	verb	6	7	0	1
ja	ＡＢ	noun	6	7	0	1
ja	ディロン	noun	6	7	0	1
ja	海パン	noun	6	7	0	1
ja	ブリッグス	noun	6	7	0	1
ja	はら	noun	6	7	0	1
ja	ウィット	noun	6	7	0	1
ja	裏切れ	verb	6	7	0	1
ja	根幹	noun	6	7	0	1
ja	執り行い	verb	6	7	0	1
ja	ｕｐ	noun	6	7	0	1
ja	木苺	noun	6	7	0	1
ja	差し上げる	verb	6	7	0	1
ja	眠り込む	verb	6	7	0	1
ja	煮込み	verb	6	7	0	1
ja	精製	noun	6	7	0	1
ja	晩婚	noun	6	7	0	1
ja	生皮	noun	6	7	0	1
ja	ともこ	noun	6	7	0	1
ja	右ひざ	noun	6	7	0	1
ja	しあげる	verb	6	7	0	1
ja	天津	noun	6	7	0	1
ja	レンダリング	noun	6	7	0	1
ja	跳び降り	verb	6	7	0	1
ja	ゆこう	verb	6	7	0	1
ja	先願	noun	6	7	0	1
ja	フォスター	noun	6	7	0	1
ja	にわか仕込み	noun	6	7	0	1
ja	育てれ	verb	6	7	0	1
ja	切上げ	verb	6	7	0	1
ja	探り出し	verb	6	7	0	1
ja	言いよどん	verb	6	7	0	1
ja	がく	noun	6	7	0	1
ja	ダヴィンチ	noun	6	7	0	1
ja	つみとっ	verb	6	7	0	1
ja	ホレーショー	noun	6	7	0	1
ja	カンヌ	noun	6	7	0	1
ja	ひねり	noun	6	7	0	1
ja	逸見	noun	6	7	0	1
ja	空きっ腹	noun	6	7	0	1
ja	実父	noun	6	7	0	1
ja	家並	noun	6	7	0	1
ja	アツアツ	noun	6	7	0	1
ja	ひょこっ	adverb	6	7	0	1
ja	歌唱	noun	6	7	0	1
ja	すそ	noun	6	7	0	1
ja	重厚	noun	6	7	0	1
ja	帯出	noun	6	7	0	1
ja	押しつぶし	verb	6	7	0	1
ja	錆付い	verb	6	7	0	1
ja	ウイニング	noun	6	7	0	1
ja	吹っとん	verb	6	7	0	1
ja	品定め	noun	6	7	0	1
ja	あかつき	noun	6	7	0	1
ja	訓示	noun	6	7	0	1
ja	あてはめる	verb	6	7	0	1
ja	コンセンサス	noun	6	7	0	1
ja	暴論	noun	6	7	0	1
ja	遜色	noun	6	7	0	1
ja	離着陸	noun	6	7	0	1
ja	つましい	adjective	6	7	0	1
ja	徹尾	noun	6	7	0	1
ja	カト	noun	6	7	0	1
ja	群馬	noun	6	7	0	1
ja	散弾	noun	6	7	0	1
ja	呼び出す	verb	6	7	0	1
ja	綾乃	noun	6	7	0	1
ja	菱形	noun	6	7	0	1
ja	ぺちゃくちゃ	adverb	6	7	0	1
ja	色刷り	noun	6	7	0	1
ja	コネチカット	noun	6	7	0	1
ja	各章	noun	6	7	0	1
ja	遺灰	noun	6	7	0	1
ja	セクシャル	noun	6	7	0	1
ja	あしらえ	verb	6	7	0	1
ja	戒厳	noun	6	7	0	1
ja	目配せ	noun	6	7	0	1
ja	かかせる	verb	6	7	0	1
ja	アザ	noun	6	7	0	1
ja	皆無	noun	6	7	0	1
ja	ぽつりぽつり	adverb	6	7	0	1
ja	終値	noun	6	7	0	1
ja	溜めよう	verb	6	7	0	1
ja	可否	noun	6	7	0	1
ja	ドラ	noun	6	7	0	1
ja	卸	noun	6	7	0	1
ja	切れれ	verb	6	7	0	1
ja	はりあげ	verb	6	7	0	1
ja	突き落とさ	verb	6	7	0	1
ja	なだれ	noun	6	7	0	1
ja	けつ	noun	6	7	0	1
ja	探れ	verb	6	7	0	1
ja	点々	noun	6	7	0	1
ja	プテラノドン	noun	6	7	0	1
ja	読話	noun	6	7	0	1
ja	休刊	noun	6	7	0	1
ja	ムアン	noun	6	7	0	1
ja	粗筋	noun	6	7	0	1
ja	繁み	noun	6	7	0	1
ja	なぐり倒す	verb	6	7	0	1
ja	揺れ動く	verb	6	7	0	1
ja	聞き返す	verb	6	7	0	1
ja	臥薪	noun	6	7	0	1
ja	破りすて	verb	6	7	0	1
ja	アトム	noun	6	7	0	1
ja	万有	noun	6	7	0	1
ja	文部	noun	6	7	0	1
ja	しがらみ	noun	6	7	0	1
ja	梅毒	noun	6	7	0	1
ja	健作	noun	6	7	0	1
ja	つと	adverb	6	7	0	1
ja	そそり立っ	verb	6	7	0	1
ja	思いだす	verb	6	7	0	1
ja	ばて	verb	6	7	0	1
ja	岡っ引き	noun	6	7	0	1
ja	言いかえれ	verb	6	7	0	1
ja	金目	noun	6	7	0	1
ja	グミ	noun	6	7	0	1
ja	乱視	noun	6	7	0	1
ja	土壁	noun	6	7	0	1
ja	淡路	noun	6	7	0	1
ja	失敬	noun	6	7	0	1
ja	ひな菊	noun	6	7	0	1
ja	汲み上げ	verb	6	7	0	1
ja	さく	verb	6	7	0	1
ja	駐在	noun	6	7	0	1
ja	いあわせ	verb	6	7	0	1
ja	朝刊	noun	6	7	0	1
ja	アキ子	noun	6	7	0	1
ja	雨傘	noun	6	7	0	1
ja	のめ	verb	6	7	0	1
ja	新党	noun	6	7	0	1
ja	歩み去っ	verb	6	7	0	1
ja	グレープ	noun	6	7	0	1
ja	ハヤシ	noun	6	7	0	1
ja	特	noun	6	7	0	1
ja	チャート	noun	6	7	0	1
ja	あやなす	verb	6	7	0	1
ja	指さ	verb	6	7	0	1
ja	大小	noun	6	7	0	1
ja	天啓	noun	6	7	0	1
ja	賭け金	noun	6	7	0	1
ja	優美子	noun	6	7	0	1
ja	ぶらり	adverb	6	7	0	1
ja	取りつい	verb	6	7	0	1
ja	ながめる	verb	6	7	0	1
ja	大形	noun	6	7	0	1
ja	多雨	noun	6	7	0	1
ja	見過ごす	verb	6	7	0	1
ja	野村	noun	6	7	0	1
ja	集配	noun	6	7	0	1
ja	くずし字	noun	6	7	0	1
ja	レーサー	noun	6	7	0	1
ja	抗する	verb	6	7	0	1
ja	蹴飛ばす	verb	6	7	0	1
ja	おころう	verb	6	7	0	1
ja	原画	noun	6	7	0	1
ja	洒落	noun	6	7	0	1
ja	派	noun	6	7	0	1
ja	平屋	noun	6	7	0	1
ja	麦藁	noun	6	7	0	1
ja	絡まり	verb	6	7	0	1
ja	辰雄	noun	6	7	0	1
ja	入りびたる	verb	6	7	0	1
ja	朋	noun	6	7	0	1
ja	ミズーリ	noun	6	7	0	1
ja	とり戻す	verb	6	7	0	1
ja	着倒れ	noun	6	7	0	1
ja	ピリッ	adverb	6	7	0	1
ja	キュッキュッ	adverb	6	7	0	1
ja	ビビり	verb	6	7	0	1
ja	登りつめ	verb	6	7	0	1
ja	クロケット	noun	6	7	0	1
ja	きめる	verb	6	7	0	1
ja	ひきださ	verb	6	7	0	1
ja	ブリス	noun	6	7	0	1
ja	田舎もん	noun	6	7	0	1
ja	ひとしきり	adverb	6	7	0	1
ja	ケチら	verb	6	7	0	1
ja	トナカイ	noun	6	7	0	1
ja	貸し手	noun	6	7	0	1
ja	ちょこ	noun	6	7	0	1
ja	査察	noun	6	7	0	1
ja	みわける	verb	6	7	0	1
ja	イサオ	noun	6	7	0	1
ja	およそ	compounds	6	7	0	1
ja	マグネット	noun	6	7	0	1
ja	八千	noun	6	7	0	1
ja	ミンミン	adverb	6	7	0	1
ja	座り直し	verb	6	7	0	1
ja	リチャーズ	noun	6	7	0	1
ja	練達	noun	6	7	0	1
ja	販促	noun	6	7	0	1
ja	鳴り止ま	verb	6	7	0	1
ja	ボチボチ	adverb	6	7	0	1
ja	えてして	adverb	6	7	0	1
ja	鎖国	noun	6	7	0	1
ja	割りきっ	verb	6	7	0	1
ja	儀	noun	6	7	0	1
ja	入りかけ	verb	6	7	0	1
ja	こうへい	noun	6	7	0	1
ja	引き出せ	verb	6	7	0	1
ja	とびあがっ	verb	6	7	0	1
ja	コテージ	noun	6	7	0	1
ja	立ち至っ	verb	6	7	0	1
ja	ロージー	noun	6	7	0	1
ja	このまえ	compounds	6	7	0	1
ja	墨	noun	6	7	0	1
ja	スラ	noun	6	7	0	1
ja	ほりかえし	verb	6	7	0	1
ja	ぜんまい	noun	6	7	0	1
ja	レインジャー	noun	6	7	0	1
ja	惜しけれ	adjective	6	7	0	1
ja	景品	noun	6	7	0	1
ja	取り揃え	verb	6	7	0	1
ja	画布	noun	6	7	0	1
ja	ワイルド	noun	6	7	0	1
ja	シェイク	noun	6	7	0	1
ja	がっつか	verb	6	7	0	1
ja	掛かり合い	noun	6	7	0	1
ja	レーベル	noun	6	7	0	1
ja	新風	noun	6	7	0	1
ja	腹立ち	noun	6	7	0	1
ja	形体	noun	6	7	0	1
ja	ごきぶり	noun	6	7	0	1
ja	白バラ	noun	6	7	0	1
ja	フツー	noun	6	7	0	1
ja	なかよく	adverb	6	7	0	1
ja	富み	verb	6	7	0	1
ja	割り込ま	verb	6	7	0	1
ja	まきあげる	verb	6	7	0	1
ja	デコ	noun	6	7	0	1
ja	火種	noun	6	7	0	1
ja	パフィー	noun	6	7	0	1
ja	煮つめ	verb	6	7	0	1
ja	齧り	noun	6	7	0	1
ja	届け	noun	6	7	0	1
ja	イブニング	noun	6	7	0	1
ja	ふっかける	verb	6	7	0	1
ja	取り越し	verb	6	7	0	1
ja	もぐる	verb	6	7	0	1
ja	じらさ	verb	6	7	0	1
ja	あらい	noun	6	7	0	1
ja	みえ	noun	6	7	0	1
ja	蕎麦	noun	6	7	0	1
ja	ベントレー	noun	6	7	0	1
ja	べらべら	adverb	6	7	0	1
ja	ジプシー	noun	6	7	0	1
ja	タジク	noun	6	7	0	1
ja	かたかた	adverb	6	7	0	1
ja	ゴーヤ	noun	6	7	0	1
ja	ぱたぱた	adverb	6	7	0	1
ja	凍え死ん	verb	6	7	0	1
ja	勝率	noun	6	7	0	1
ja	あしらい	noun	6	7	0	1
ja	はた	adverb	6	7	0	1
ja	わたろう	verb	6	7	0	1
ja	鳥捕り	noun	6	7	0	1
ja	封じ込めれ	verb	6	7	0	1
ja	水道橋	noun	6	7	0	1
ja	かばおう	verb	6	7	0	1
ja	老朽	noun	6	7	0	1
ja	前払	noun	6	7	0	1
ja	洗い流そう	verb	6	7	0	1
ja	切りあげ	verb	6	7	0	1
ja	原水爆	noun	6	7	0	1
ja	エージェンシー	noun	6	7	0	1
ja	湧きあがる	verb	6	7	0	1
ja	職歴	noun	6	7	0	1
ja	ねれ	verb	6	7	0	1
ja	偽る	verb	6	7	0	1
ja	ずり	adverb	6	7	0	1
ja	重罰	noun	6	7	0	1
ja	田舎町	noun	6	7	0	1
ja	大喜利	noun	6	7	0	1
ja	虚勢	noun	6	7	0	1
ja	礼服	noun	6	7	0	1
ja	水はけ	noun	6	7	0	1
ja	解き明かそう	verb	6	7	0	1
ja	立聞き	noun	6	7	0	1
ja	一眠り	noun	6	7	0	1
ja	ごっそり	adverb	6	7	0	1
ja	すっぱ	adjective	6	7	0	1
ja	磔	noun	6	7	0	1
ja	明示	noun	6	7	0	1
ja	良雄	noun	6	7	0	1
ja	封切り	noun	6	7	0	1
ja	ブルマー	noun	6	7	0	1
ja	松川	noun	6	7	0	1
ja	素養	noun	6	7	0	1
ja	荒っぽい	adjective	6	7	0	1
ja	ふとん	noun	6	7	0	1
ja	デーブ	noun	6	7	0	1
ja	つかり	verb	6	7	0	1
ja	あたたまる	verb	6	7	0	1
ja	しのぶ	noun	6	7	0	1
ja	ヒクソン	noun	6	7	0	1
ja	ギセル	noun	6	7	0	1
ja	一溜まり	noun	6	7	0	1
ja	ナカ	noun	6	7	0	1
ja	北東	noun	6	7	0	1
ja	ここち	noun	6	7	0	1
ja	花蜜	noun	6	7	0	1
ja	那覇	noun	6	7	0	1
ja	余震	noun	6	7	0	1
ja	断腸	noun	6	7	0	1
ja	エンパイア	noun	6	7	0	1
ja	飯店	noun	6	7	0	1
ja	見わたせる	verb	6	7	0	1
ja	主眼	noun	6	7	0	1
ja	たたむ	verb	6	7	0	1
ja	卸売	noun	6	7	0	1
ja	立方	noun	6	7	0	1
ja	グリニッジ	noun	6	7	0	1
ja	草むら	noun	6	7	0	1
ja	ダブる	verb	6	7	0	1
ja	受け手	noun	6	7	0	1
ja	せじ	noun	6	7	0	1
ja	菜	noun	6	7	0	1
ja	福沢	noun	6	7	0	1
ja	わかれる	verb	6	7	0	1
ja	生噛り	noun	6	7	0	1
ja	荀子	noun	6	7	0	1
ja	オルガ	noun	6	7	0	1
ja	コスタリカ	noun	6	7	0	1
ja	三顧	noun	6	7	0	1
ja	ベーム	noun	6	7	0	1
ja	燃えさかる	verb	6	7	0	1
ja	納まり	verb	6	7	0	1
ja	干し柿	noun	6	7	0	1
ja	ニッサン	noun	6	7	0	1
ja	落とし入れよう	verb	6	7	0	1
ja	血色	noun	6	7	0	1
ja	増益	noun	6	7	0	1
ja	雌鶏	noun	6	7	0	1
ja	たそがれ	noun	6	7	0	1
ja	読み込ま	verb	6	7	0	1
ja	いやす	verb	6	7	0	1
ja	ロスター	noun	6	7	0	1
ja	取り除こう	verb	6	7	0	1
ja	車道	noun	6	7	0	1
ja	四千	noun	6	7	0	1
ja	練り直せ	verb	6	7	0	1
ja	引っかか	verb	6	7	0	1
ja	罷免	noun	6	7	0	1
ja	ジャカルタ	noun	6	7	0	1
ja	伊万里	noun	6	7	0	1
ja	町内	noun	6	7	0	1
ja	むごい	adjective	6	7	0	1
ja	睨み	noun	6	7	0	1
ja	増収	noun	6	7	0	1
ja	かちとら	verb	6	7	0	1
ja	子離れ	noun	6	7	0	1
ja	高波	noun	6	7	0	1
ja	ｙｏｕ	noun	6	7	0	1
ja	ハッキング	noun	6	7	0	1
ja	ハッシュ	noun	6	7	0	1
ja	次いで	adverb	6	7	0	1
ja	有徳	noun	6	7	0	1
ja	ポエム	noun	6	7	0	1
ja	うろ	noun	6	7	0	1
ja	屍体	noun	6	7	0	1
ja	持ち込む	verb	6	7	0	1
ja	嘗胆	noun	6	7	0	1
ja	シャーレ	noun	6	7	0	1
ja	バレット	noun	6	7	0	1
ja	語り草	noun	6	7	0	1
ja	重き	adjective	6	7	0	1
ja	物取り	noun	6	7	0	1
ja	悩まし	adjective	6	7	0	1
ja	桶屋	noun	6	7	0	1
ja	マリナー	noun	6	7	0	1
ja	尚更	adverb	6	7	0	1
ja	断罪	noun	6	7	0	1
ja	買い換え	verb	6	7	0	1
ja	ぞうきん	noun	6	7	0	1
ja	用いれ	verb	6	7	0	1
ja	インポ	noun	6	7	0	1
ja	見込める	verb	6	7	0	1
ja	グレイシー	noun	6	7	0	1
ja	放り出す	verb	6	7	0	1
ja	交配	noun	6	7	0	1
ja	もみじ	noun	6	7	0	1
ja	図解	noun	6	7	0	1
ja	水揚げ	noun	6	7	0	1
ja	取れれ	verb	6	7	0	1
ja	留美子	noun	6	7	0	1
ja	コフ	noun	6	7	0	1
ja	ピー	adverb	6	7	0	1
ja	盛りあがる	verb	6	7	0	1
ja	羽ばたき	noun	6	7	0	1
ja	アンドレアス	noun	6	7	0	1
ja	天与	noun	6	7	0	1
ja	紛らそう	verb	6	7	0	1
ja	よく年	noun	6	7	0	1
ja	待ちあわせ	noun	6	7	0	1
ja	大なり	noun	6	7	0	1
ja	後宮	noun	6	7	0	1
ja	丸腰	noun	6	7	0	1
ja	私道	noun	6	7	0	1
ja	趣き	noun	6	7	0	1
ja	アルファ・ロメオ	noun	6	7	0	1
ja	テントウ	noun	6	7	0	1
ja	秘教	noun	6	7	0	1
ja	ナット	noun	6	7	0	1
ja	破廉恥	noun	6	7	0	1
ja	山なみ	noun	6	7	0	1
ja	めずらしい	adjective	6	7	0	1
ja	浮き袋	noun	6	7	0	1
ja	モモ肉	noun	6	7	0	1
ja	額面	noun	6	7	0	1
ja	グレネード	noun	6	7	0	1
ja	ホールデン	noun	6	7	0	1
ja	ブラッシング	noun	6	7	0	1
ja	はなせる	verb	6	7	0	1
ja	せりあがっ	verb	6	7	0	1
ja	元手	noun	6	7	0	1
ja	のびのび	noun	6	7	0	1
ja	産経	noun	6	7	0	1
ja	荻窪	noun	6	7	0	1
ja	侵犯	noun	6	7	0	1
ja	若木	noun	6	7	0	1
ja	諦	noun	6	7	0	1
ja	剣歯	noun	6	7	0	1
ja	ソレノイド	noun	6	7	0	1
ja	敢行	noun	6	7	0	1
ja	検眼	noun	6	7	0	1
ja	注ぎこむ	verb	6	7	0	1
ja	紙巻	noun	6	7	0	1
ja	法務	noun	6	7	0	1
ja	リコ	noun	6	7	0	1
ja	疑心	noun	6	7	0	1
ja	隷属	noun	6	7	0	1
ja	コーポレート	noun	6	7	0	1
ja	駆けこん	verb	6	7	0	1
ja	舞い込ん	verb	6	7	0	1
ja	姦淫	noun	6	7	0	1
ja	振り子	noun	6	7	0	1
ja	ＤＯＳ	noun	6	7	0	1
ja	浦和	noun	6	7	0	1
ja	口ごもり	verb	6	7	0	1
ja	併せ	verb	6	7	0	1
ja	跳ね上げ	verb	6	7	0	1
ja	ユーミン	noun	6	7	0	1
ja	ふきん	noun	6	7	0	1
ja	抗菌	noun	6	7	0	1
ja	わんわん	adverb	6	7	0	1
ja	小象	noun	6	7	0	1
ja	仏壇	noun	6	7	0	1
ja	ミケランジェロ	noun	6	7	0	1
ja	降りそそぐ	verb	6	7	0	1
ja	フケ	noun	6	7	0	1
ja	嘶き	verb	6	7	0	1
ja	やどる	verb	6	7	0	1
ja	叩きつける	verb	6	7	0	1
ja	治まる	verb	6	7	0	1
ja	老母	noun	6	7	0	1
ja	携わり	verb	6	7	0	1
ja	後屈	noun	6	7	0	1
ja	背信	noun	6	7	0	1
ja	頸がん	noun	6	7	0	1
ja	のみこめ	verb	6	7	0	1
ja	ネコババ	noun	6	7	0	1
ja	サティ	noun	6	7	0	1
ja	慰謝	noun	6	7	0	1
ja	怪しま	verb	6	7	0	1
ja	ミッチェル	noun	6	7	0	1
ja	牛車	noun	6	7	0	1
ja	寄りそっ	verb	6	7	0	1
ja	隠喩	noun	6	7	0	1
ja	ホステル	noun	6	7	0	1
ja	取り消し	noun	6	7	0	1
ja	ぐらっ	adverb	6	7	0	1
ja	かけあがっ	verb	6	7	0	1
ja	ひらき	noun	6	7	0	1
ja	喚い	verb	6	7	0	1
ja	帆柱	noun	6	7	0	1
ja	セキュリティー	noun	6	7	0	1
ja	川村	noun	6	7	0	1
ja	謁見	noun	6	7	0	1
ja	いらくさ	noun	6	7	0	1
ja	前後ろ	noun	6	7	0	1
ja	ズブズブ	adverb	6	7	0	1
ja	真向い	noun	6	7	0	1
ja	様態	noun	6	7	0	1
ja	切り取り	verb	6	7	0	1
ja	泳ぎ回っ	verb	6	7	0	1
ja	おん	verb	6	7	0	1
ja	山国	noun	6	7	0	1
ja	取り巻く	verb	6	7	0	1
ja	ウンウン	adverb	6	7	0	1
ja	バンガロー	noun	6	7	0	1
ja	サブマリン	noun	6	7	0	1
ja	急かし	verb	6	7	0	1
ja	べったり	adverb	6	7	0	1
ja	総轄	noun	6	7	0	1
ja	ペーパーバック	noun	6	7	0	1
ja	ステート	noun	6	7	0	1
ja	フェデラル	noun	6	7	0	1
ja	とど	adverb	6	7	0	1
ja	表われ	verb	6	7	0	1
ja	ピューマ	noun	6	7	0	1
ja	ぷっ	adverb	6	7	0	1
ja	飼犬	noun	6	7	0	1
ja	油っこい	adjective	6	7	0	1
ja	チンタラ	adverb	6	7	0	1
ja	耐震	noun	6	7	0	1
ja	口任せ	noun	6	7	0	1
ja	進み出	verb	6	7	0	1
ja	とまどっ	verb	6	7	0	1
ja	船内	noun	6	7	0	1
ja	ストーカー	noun	6	7	0	1
ja	コラボレーション	noun	6	7	0	1
ja	継父	noun	6	7	0	1
ja	軟水	noun	6	7	0	1
ja	全社	noun	6	7	0	1
ja	辿りつい	verb	6	7	0	1
ja	左胸	noun	6	7	0	1
ja	うた	noun	6	7	0	1
ja	染物	noun	6	7	0	1
ja	早漏	noun	6	7	0	1
ja	構っ	verb	6	7	0	1
ja	はこう	verb	6	7	0	1
ja	けばい	adjective	6	7	0	1
ja	出任せ	noun	6	7	0	1
ja	アブミ	noun	6	7	0	1
ja	ぼうし	noun	6	7	0	1
ja	ガウェイン	noun	6	7	0	1
ja	錠前	noun	6	7	0	1
ja	ウォルコット	noun	6	7	0	1
ja	引っ掛から	verb	6	7	0	1
ja	オントロジー	noun	6	7	0	1
ja	猫なで	noun	6	7	0	1
ja	追い越し	noun	6	7	0	1
ja	キツい	adjective	6	7	0	1
ja	がらり	adverb	6	7	0	1
ja	決め	noun	6	7	0	1
ja	拭う	verb	6	7	0	1
ja	名詩	noun	6	7	0	1
ja	丸一	noun	6	7	0	1
ja	かぶりつい	verb	6	7	0	1
ja	ヴィレッジ	noun	6	7	0	1
ja	ジンクス	noun	6	7	0	1
ja	いく	adjective	6	7	0	1
ja	黒紫	noun	6	7	0	1
ja	愛鳥	noun	6	7	0	1
ja	申し出れ	verb	6	7	0	1
ja	名乗り出る	verb	6	7	0	1
ja	ベール	noun	6	7	0	1
ja	たいまつ	noun	6	7	0	1
ja	ケイン	noun	6	7	0	1
ja	カッパ	noun	6	7	0	1
ja	コイル	noun	6	7	0	1
ja	アクロバット	noun	6	7	0	1
ja	辿り着こう	verb	6	7	0	1
ja	一動	noun	6	7	0	1
ja	ショウガ	noun	6	7	0	1
ja	新しけれ	adjective	6	7	0	1
ja	苦く	adjective	6	7	0	1
ja	座標	noun	6	7	0	1
ja	かき集めよう	verb	6	7	0	1
ja	ぼやき	noun	6	7	0	1
ja	一夫	noun	6	7	0	1
ja	閉め出す	verb	6	7	0	1
ja	縛ろう	verb	6	7	0	1
ja	キラー	noun	6	7	0	1
ja	圧巻	noun	6	7	0	1
ja	ストレッチャー	noun	6	7	0	1
ja	リアクション	noun	6	7	0	1
ja	廷臣	noun	6	7	0	1
ja	棒切れ	noun	6	7	0	1
ja	吸殻	noun	6	7	0	1
ja	メチャ	adverb	6	7	0	1
ja	みぎ	noun	6	7	0	1
ja	見取っ	verb	6	7	0	1
ja	三流	noun	6	7	0	1
ja	ひ	verb	6	7	0	1
ja	津山	noun	6	7	0	1
ja	完走	noun	6	7	0	1
ja	薄氷	noun	6	7	0	1
ja	新歓	noun	6	7	0	1
ja	戦火	noun	6	7	0	1
ja	溺れ死	noun	6	7	0	1
ja	グロリア	noun	6	7	0	1
ja	飛び上がら	verb	6	7	0	1
ja	ノエマ	noun	6	7	0	1
ja	採寸	noun	6	7	0	1
ja	伝わ	verb	6	7	0	1
ja	ひさし	adjective	6	7	0	1
ja	滋賀	noun	6	7	0	1
ja	助け出す	verb	6	7	0	1
ja	すすり	verb	6	7	0	1
ja	アルセスト	noun	6	7	0	1
ja	雌豚	noun	6	7	0	1
ja	ぼろくそ	noun	6	7	0	1
ja	和洋	noun	6	7	0	1
ja	善く	adverb	6	7	0	1
ja	なんぴと	noun	6	7	0	1
ja	見返り	noun	6	7	0	1
ja	うすく	adjective	6	7	0	1
ja	埋もれる	verb	6	7	0	1
ja	冷え込み	noun	6	7	0	1
ja	しずめよう	verb	6	7	0	1
ja	ちらつく	verb	6	7	0	1
ja	赤貧	noun	6	7	0	1
ja	投げつける	verb	6	7	0	1
ja	ギックリ腰	noun	6	7	0	1
ja	いきいき	adverb	6	7	0	1
ja	つまづか	verb	6	7	0	1
ja	エビ入り	noun	6	7	0	1
ja	つづり方	noun	6	7	0	1
ja	初々し	adjective	6	7	0	1
ja	レクサス	noun	6	7	0	1
ja	あきら	noun	6	7	0	1
ja	有理子	noun	6	7	0	1
ja	カチン	noun	6	7	0	1
ja	百合子	noun	6	7	0	1
ja	浮力	noun	6	7	0	1
ja	見下ろせる	verb	6	7	0	1
ja	欲深く	adjective	6	7	0	1
ja	揺らす	verb	6	7	0	1
ja	完膚	noun	6	7	0	1
ja	茶の間	noun	6	7	0	1
ja	おいおい	adverb	6	7	0	1
ja	不届き	noun	6	7	0	1
ja	カイコ	noun	6	7	0	1
ja	時効	noun	6	7	0	1
ja	ピョン	adverb	6	7	0	1
ja	ヨークシャー	noun	6	7	0	1
ja	押し上げる	verb	6	7	0	1
ja	膝蓋	noun	6	7	0	1
ja	上がり込ん	verb	6	7	0	1
ja	委せる	verb	6	7	0	1
ja	入り乱れ	verb	6	7	0	1
ja	コサージュ	noun	6	7	0	1
ja	豚汁	noun	6	7	0	1
ja	タスマニア	noun	6	7	0	1
ja	ジュー	noun	6	7	0	1
ja	上履き	noun	6	7	0	1
ja	折りたためる	verb	6	7	0	1
ja	ダグラス	noun	6	7	0	1
ja	デカ	noun	6	7	0	1
ja	已む	verb	6	7	0	1
ja	ぶっ飛ん	verb	6	7	0	1
ja	ひっぱっ	verb	6	7	0	1
ja	通じ合っ	verb	6	7	0	1
ja	小鼻	noun	6	7	0	1
ja	サウス	noun	6	7	0	1
ja	差し	noun	6	7	0	1
ja	音調	noun	6	7	0	1
ja	書き付け	verb	6	7	0	1
ja	廿	noun	6	7	0	1
ja	幼時	noun	6	7	0	1
ja	払いのける	verb	6	7	0	1
ja	神輿	noun	6	7	0	1
ja	言葉尻	noun	6	7	0	1
ja	ぱ	noun	6	7	0	1
ja	しろうと	noun	6	7	0	1
ja	よから	adjective	6	7	0	1
ja	にょろり	adverb	6	7	0	1
ja	ベンツ	noun	6	7	0	1
ja	居残る	verb	6	7	0	1
ja	冬作	noun	6	7	0	1
ja	真砂	noun	6	7	0	1
ja	とりだし	verb	6	7	0	1
ja	切下げ	noun	6	7	0	1
ja	連ドラ	noun	6	7	0	1
ja	終り	noun	6	7	0	1
ja	届け出	noun	6	7	0	1
ja	思い起こせ	verb	6	7	0	1
ja	公団	noun	6	7	0	1
ja	無駄話	noun	6	7	0	1
ja	ウジウジ	adverb	6	7	0	1
ja	はなれる	verb	6	7	0	1
ja	チャブ台	noun	6	7	0	1
ja	横ぎっ	verb	6	7	0	1
ja	もめ事	noun	6	7	0	1
ja	グリム	noun	6	7	0	1
ja	華麗	noun	6	7	0	1
ja	やけ食い	noun	6	7	0	1
ja	杉本	noun	6	7	0	1
ja	よす	verb	6	7	0	1
ja	ポタポタ	adverb	6	7	0	1
ja	ひっくり返り	verb	6	7	0	1
ja	置きかえ	verb	6	7	0	1
ja	まわし	noun	6	7	0	1
ja	樹氷	noun	6	7	0	1
ja	ちまた	noun	6	7	0	1
ja	侘びしく	adjective	6	7	0	1
ja	けん引	noun	6	7	0	1
ja	暗鬼	noun	6	7	0	1
ja	住もう	verb	6	7	0	1
ja	笑気	noun	6	7	0	1
ja	忍び寄ろう	verb	6	7	0	1
ja	下さら	verb	6	7	0	1
ja	べつだん	adverb	6	7	0	1
ja	凡	noun	6	7	0	1
ja	適者	noun	6	7	0	1
ja	おうじ	noun	6	7	0	1
ja	牌	noun	6	7	0	1
ja	チョモランマ	noun	6	7	0	1
ja	岩穴	noun	6	7	0	1
ja	求む	verb	6	7	0	1
ja	待望	noun	6	7	0	1
ja	ピカ一	noun	6	7	0	1
ja	ゴブリン	noun	6	7	0	1
ja	寝ころがっ	verb	6	7	0	1
ja	いた	adjective	6	7	0	1
ja	辛苦	noun	6	7	0	1
ja	タンゴ	noun	6	7	0	1
ja	なだめすかす	verb	6	7	0	1
ja	当てこん	verb	6	7	0	1
ja	眈々	noun	6	7	0	1
ja	不買	noun	6	7	0	1
ja	数独	noun	6	7	0	1
ja	猛り狂う	verb	6	7	0	1
ja	改姓	noun	6	7	0	1
ja	潜り	noun	6	7	0	1
ja	手形	noun	6	7	0	1
ja	ヨルゲン	noun	6	7	0	1
ja	トランス	noun	6	7	0	1
ja	いなし	verb	6	7	0	1
ja	ほこら	noun	6	7	0	1
ja	うがい薬	noun	6	7	0	1
ja	晩さん	noun	6	7	0	1
ja	入市	noun	6	7	0	1
ja	ブレード	noun	6	7	0	1
ja	阿部	noun	6	7	0	1
ja	多妻	noun	6	7	0	1
ja	えぐっ	verb	6	7	0	1
ja	わり	verb	6	7	0	1
ja	査証	noun	6	7	0	1
ja	美羽	noun	6	7	0	1
ja	新書	noun	6	7	0	1
ja	補修	noun	6	7	0	1
ja	リハ	noun	6	7	0	1
ja	リミッター	noun	6	7	0	1
ja	ホイッスル	noun	6	7	0	1
ja	とびつき	verb	6	7	0	1
ja	ツケ	noun	6	7	0	1
ja	掲揚	noun	6	7	0	1
ja	メソアメリカ	noun	6	7	0	1
ja	丘陵	noun	6	7	0	1
ja	はかく	noun	6	7	0	1
ja	死に絶えれ	verb	6	7	0	1
ja	かっこう	noun	6	7	0	1
ja	免責	noun	6	7	0	1
ja	オープナー	noun	6	7	0	1
ja	右回り	noun	6	7	0	1
ja	精白	noun	6	7	0	1
ja	なぜ	compounds	6	7	0	1
ja	干天	noun	6	7	0	1
ja	寝っ転がっ	verb	6	7	0	1
ja	けばけばしく	adjective	6	7	0	1
ja	大修	noun	6	7	0	1
ja	むしり取る	verb	6	7	0	1
ja	さび	verb	6	7	0	1
ja	ダイバーズ	noun	6	7	0	1
ja	志村	noun	6	7	0	1
ja	かち合っ	verb	6	7	0	1
ja	手っ取り	noun	6	7	0	1
ja	メディナ	noun	6	7	0	1
ja	ワーカホリック	noun	6	7	0	1
ja	跳びつい	verb	6	7	0	1
ja	手はず	noun	6	7	0	1
ja	名残惜しい	adjective	6	7	0	1
ja	みすぼらしかろう	adjective	6	7	0	1
ja	セガ	noun	6	7	0	1
ja	値動き	noun	6	7	0	1
ja	トラファルガー	noun	6	7	0	1
ja	コーヒ	noun	6	7	0	1
ja	おもくるしく	adjective	6	7	0	1
ja	横たわり	verb	6	7	0	1
ja	朝靄	noun	6	7	0	1
ja	決まり事	noun	6	7	0	1
ja	分	verb	6	7	0	1
ja	受け皿	noun	6	7	0	1
ja	ドイチュラント	noun	6	7	0	1
ja	男やもめ	noun	6	7	0	1
ja	あかぎれ	noun	6	7	0	1
ja	ニール	noun	6	7	0	1
ja	公使	noun	6	7	0	1
ja	でぶっちょ	noun	6	7	0	1
ja	ハル	noun	6	7	0	1
ja	中島	noun	6	7	0	1
ja	最期	noun	6	7	0	1
ja	刈	noun	6	7	0	1
ja	受難	noun	6	7	0	1
ja	傷つけよっ	verb	6	7	0	1
ja	ふりしぼっ	verb	6	7	0	1
ja	伝え合う	verb	6	7	0	1
ja	イロカノ	noun	6	7	0	1
ja	おもい出し	verb	6	7	0	1
ja	蒙っ	verb	6	7	0	1
ja	猫かぶり	noun	6	7	0	1
ja	褒め称え	verb	6	7	0	1
ja	捕れる	verb	6	7	0	1
ja	育ち盛り	noun	6	7	0	1
ja	グレッグ	noun	6	7	0	1
ja	ぼうけ	noun	6	7	0	1
ja	ひき殺さ	verb	6	7	0	1
ja	シーリア	noun	6	7	0	1
ja	もたれかけ	verb	6	7	0	1
ja	ラトビア	noun	6	7	0	1
ja	応分	noun	6	7	0	1
ja	学会	noun	6	7	0	1
ja	ポリ	noun	6	7	0	1
ja	アバンチュール	noun	6	7	0	1
ja	オットリ	adverb	6	7	0	1
ja	費やそう	verb	6	7	0	1
ja	もれ	noun	6	7	0	1
ja	参政	noun	6	7	0	1
ja	薄明かり	noun	6	7	0	1
ja	やつれ	noun	6	7	0	1
ja	滋養	noun	6	7	0	1
ja	腹ばい	verb	6	7	0	1
ja	巧拙	noun	6	7	0	1
ja	トネ	noun	6	7	0	1
ja	もうしあげ	verb	6	7	0	1
ja	イエロー	noun	6	7	0	1
ja	だる	adjective	6	7	0	1
ja	死し	verb	6	7	0	1
ja	降りそそい	verb	6	7	0	1
ja	裏町	noun	6	7	0	1
ja	音韻	noun	6	7	0	1
ja	法令	noun	6	7	0	1
ja	すりきり	verb	6	7	0	1
ja	挙句	noun	6	7	0	1
ja	吸湿	noun	6	7	0	1
ja	各紙	noun	6	7	0	1
ja	ダロウェイ	noun	6	7	0	1
ja	生え抜き	noun	6	7	0	1
ja	建雄	noun	6	7	0	1
ja	こよ	verb	6	7	0	1
ja	水晶	noun	6	7	0	1
ja	しゃくし	noun	6	7	0	1
ja	違える	verb	6	7	0	1
ja	新兵	noun	6	7	0	1
ja	達也	noun	6	7	0	1
ja	つかし	verb	6	7	0	1
ja	針小	noun	6	7	0	1
ja	牡蛎	noun	6	7	0	1
ja	祝い事	noun	6	7	0	1
ja	巡り合っ	verb	6	7	0	1
ja	ぶっこん	verb	6	7	0	1
ja	語気	noun	6	7	0	1
ja	引き揚げ	verb	6	7	0	1
ja	後ろ指	noun	6	7	0	1
ja	ごくごく	adverb	6	7	0	1
ja	這う	verb	6	7	0	1
ja	画壇	noun	6	7	0	1
ja	貼りつけ	verb	6	7	0	1
ja	興じる	verb	6	7	0	1
ja	テラ	noun	6	7	0	1
ja	専ら	adverb	6	7	0	1
ja	変顔	noun	6	7	0	1
ja	香料	noun	6	7	0	1
ja	向かい合う	verb	6	7	0	1
ja	梅沢	noun	6	7	0	1
ja	打ち出し	noun	6	7	0	1
ja	ヒーティング	noun	6	7	0	1
ja	錬磨	noun	6	7	0	1
ja	さる	verb	6	7	0	1
ja	からし	noun	6	7	0	1
ja	つくり	noun	6	7	0	1
ja	引っ越せる	verb	6	7	0	1
ja	閉め出そう	verb	6	7	0	1
ja	長文	noun	6	7	0	1
ja	快調	noun	6	7	0	1
ja	ヤシ	noun	6	7	0	1
ja	マジソン	noun	6	7	0	1
ja	ゼネラル	noun	6	7	0	1
ja	ちゃらけ	verb	6	7	0	1
ja	カロライナ	noun	6	7	0	1
ja	築け	verb	6	7	0	1
ja	ヴァルナ	noun	6	7	0	1
ja	おびやかす	verb	6	7	0	1
ja	つう	compounds	6	7	0	1
ja	のりづけ	noun	6	7	0	1
ja	毎秒	noun	6	7	0	1
ja	通ずる	verb	6	7	0	1
ja	腐植	noun	6	7	0	1
ja	差し出	noun	6	7	0	1
ja	西岡	noun	6	7	0	1
ja	吠え掛かる	verb	6	7	0	1
ja	栃木	noun	6	7	0	1
ja	えんえん	adverb	6	7	0	1
ja	妥結	noun	6	7	0	1
ja	平仮名	noun	6	7	0	1
ja	溜め息	noun	6	7	0	1
ja	ぬかるむ	verb	6	7	0	1
ja	朝風	noun	6	7	0	1
ja	かくまおう	verb	6	7	0	1
ja	イタ	noun	6	7	0	1
ja	アヒル口	noun	6	7	0	1
ja	しあっ	verb	6	7	0	1
ja	めかし	verb	6	7	0	1
ja	アクシデント	noun	6	7	0	1
ja	訳あり	noun	6	7	0	1
ja	駐輪	noun	6	7	0	1
ja	信管	noun	6	7	0	1
ja	仕入れ	noun	6	7	0	1
ja	なか	verb	6	7	0	1
ja	和文	noun	6	7	0	1
ja	筆使い	noun	6	7	0	1
ja	ホゼ	noun	6	7	0	1
ja	治そう	verb	6	7	0	1
ja	虎視	noun	6	7	0	1
ja	出待ち	noun	6	7	0	1
ja	レフリー	noun	6	7	0	1
ja	恨めしい	adjective	6	7	0	1
ja	海兵	noun	6	7	0	1
ja	八倒	noun	6	7	0	1
ja	毛羽立ち	verb	6	7	0	1
ja	練り	verb	6	7	0	1
ja	おし進める	verb	6	7	0	1
ja	片仮名	noun	6	7	0	1
ja	ラボラトリー	noun	6	7	0	1
ja	たば	noun	6	7	0	1
ja	き損	noun	6	7	0	1
ja	小ぢんまり	adverb	6	7	0	1
ja	校閲	noun	6	7	0	1
ja	激マズ	noun	6	7	0	1
ja	年取る	verb	6	7	0	1
ja	やつし	verb	6	7	0	1
ja	芳しく	adjective	6	7	0	1
ja	露伴	noun	6	7	0	1
ja	折衷	noun	6	7	0	1
ja	パンティー	noun	6	7	0	1
ja	山中湖	noun	6	7	0	1
ja	オレゴン	noun	6	7	0	1
ja	勝ちとっ	verb	6	7	0	1
ja	まくし立て	verb	6	7	0	1
ja	イージー	noun	6	7	0	1
ja	はためき	verb	6	7	0	1
ja	平価	noun	6	7	0	1
ja	くすぐったかっ	adjective	6	7	0	1
ja	居れ	verb	6	7	0	1
ja	引継	noun	6	7	0	1
ja	まさる	noun	6	7	0	1
ja	製糖	noun	6	7	0	1
ja	思いだせ	verb	6	7	0	1
ja	とび起き	verb	6	7	0	1
ja	割りこん	verb	6	7	0	1
ja	活き造り	noun	6	7	0	1
ja	さとし	verb	6	7	0	1
ja	宿帳	noun	6	7	0	1
ja	ごそっと	adverb	6	7	0	1
ja	僅差	noun	6	7	0	1
ja	捌き	verb	6	7	0	1
ja	血統	noun	6	7	0	1
ja	観葉	noun	6	7	0	1
ja	見込	noun	6	7	0	1
ja	無痛	noun	6	7	0	1
ja	あしかれ	adjective	6	7	0	1
ja	種種	noun	6	7	0	1
ja	式服	noun	6	7	0	1
ja	ペリスコープ	noun	6	7	0	1
ja	貴い	adjective	6	7	0	1
ja	ツムジ	noun	6	7	0	1
ja	インベーダー	noun	6	7	0	1
ja	プラカード	noun	6	7	0	1
ja	ランカスター	noun	6	7	0	1
ja	谷本	noun	6	7	0	1
ja	今期	noun	6	7	0	1
ja	すがる	verb	6	7	0	1
ja	ブルドッグ	noun	6	7	0	1
ja	霧笛	noun	6	7	0	1
ja	持ち込み	verb	6	7	0	1
ja	罪状	noun	6	7	0	1
ja	齧歯	noun	6	7	0	1
ja	切り取ろう	verb	6	7	0	1
ja	深深	adverb	6	7	0	1
ja	短詩	noun	6	7	0	1
ja	ノロ	noun	6	7	0	1
ja	見守れる	verb	6	7	0	1
ja	駿馬	noun	6	7	0	1
ja	隅っこ	noun	6	7	0	1
ja	慌しい	adjective	6	7	0	1
ja	擦り剥か	verb	6	7	0	1
ja	古ぼけ	verb	6	7	0	1
ja	染みこみ	verb	6	7	0	1
ja	振幅	noun	6	7	0	1
ja	数多	noun	6	7	0	1
ja	フッター	noun	6	7	0	1
ja	同舟	noun	6	7	0	1
ja	山路	noun	6	7	0	1
ja	ゆれ	noun	6	7	0	1
ja	すくおう	verb	6	7	0	1
ja	ウエリントン	noun	6	7	0	1
ja	つくりだし	verb	6	7	0	1
ja	荒くれ	verb	6	7	0	1
ja	痩せこけ	verb	6	7	0	1
ja	詣で	noun	6	7	0	1
ja	幸二	noun	6	7	0	1
ja	上あご	noun	6	7	0	1
ja	月初	noun	6	7	0	1
ja	江南	noun	6	7	0	1
ja	いない	noun	6	7	0	1
ja	繰り越し	noun	6	7	0	1
ja	席替え	noun	6	7	0	1
ja	酷暑	noun	6	7	0	1
ja	貰	verb	6	7	0	1
ja	飛び石	noun	6	7	0	1
ja	開祖	noun	6	7	0	1
ja	ポリポリ	adverb	6	7	0	1
ja	ざんまい	noun	6	7	0	1
ja	エッセンス	noun	6	7	0	1
ja	フリーター	noun	6	7	0	1
ja	正論	noun	6	7	0	1
ja	積荷	noun	6	7	0	1
ja	エキストラ	noun	6	7	0	1
ja	被食	noun	6	7	0	1
ja	チルドレン	noun	6	7	0	1
ja	勝ち得る	verb	6	7	0	1
ja	ワイルダー	noun	6	7	0	1
ja	押し隠す	verb	6	7	0	1
ja	鉄鎖	noun	6	7	0	1
ja	牝馬	noun	6	7	0	1
ja	朝顔	noun	6	7	0	1
ja	エス	noun	6	7	0	1
ja	追い払おう	verb	6	7	0	1
ja	家財	noun	6	7	0	1
ja	胆石	noun	6	7	0	1
ja	唸り声	noun	6	7	0	1
ja	ふりがな	noun	6	7	0	1
ja	カッカ	adverb	6	7	0	1
ja	缶詰め	noun	6	7	0	1
ja	受領	noun	6	7	0	1
ja	うから	verb	6	7	0	1
ja	理路	noun	6	7	0	1
ja	息吹	noun	6	7	0	1
ja	科料	noun	6	7	0	1
ja	レジュメ	noun	6	7	0	1
ja	心根	noun	6	7	0	1
ja	マルチング	noun	6	7	0	1
ja	すり切ら	verb	6	7	0	1
ja	メープル	noun	6	7	0	1
ja	ながめ	noun	6	7	0	1
ja	パシフィック	noun	6	7	0	1
ja	百花	noun	6	7	0	1
ja	落成	noun	6	7	0	1
ja	工面	noun	6	7	0	1
ja	肉付き	noun	6	7	0	1
ja	もとづく	verb	6	7	0	1
ja	書名	noun	6	7	0	1
ja	多重	noun	6	7	0	1
ja	ちだ	noun	6	7	0	1
ja	惚れ惚れ	adverb	6	7	0	1
ja	白眉	noun	6	7	0	1
ja	ネヴィル	noun	6	7	0	1
ja	ハリス	noun	6	7	0	1
ja	ジュラシック	noun	6	7	0	1
ja	はい出し	verb	6	7	0	1
ja	大橋	noun	6	7	0	1
ja	宥め賺し	verb	6	7	0	1
ja	テカリ	noun	6	7	0	1
ja	豊島	noun	6	7	0	1
ja	泣きさけん	verb	6	7	0	1
ja	生温かい	adjective	6	7	0	1
ja	薩摩	noun	6	7	0	1
ja	はかれ	verb	6	7	0	1
ja	居座り	verb	6	7	0	1
ja	美由紀	noun	6	7	0	1
ja	空しい	adjective	6	7	0	1
ja	引きこま	verb	6	7	0	1
ja	チンチン	adverb	6	7	0	1
ja	あめ	noun	6	7	0	1
ja	森田	noun	6	7	0	1
ja	晴らす	verb	6	7	0	1
ja	巻き起こす	verb	6	7	0	1
ja	受けいれ	verb	6	7	0	1
ja	テレフォン	noun	6	7	0	1
ja	後姿	noun	6	7	0	1
ja	溢れる	verb	6	7	0	1
ja	六甲	noun	6	7	0	1
ja	きまり悪い	adjective	6	7	0	1
ja	ロレンス	noun	6	7	0	1
ja	エドナ	noun	6	7	0	1
ja	一先ず	adverb	6	7	0	1
ja	騙し取ら	verb	6	7	0	1
ja	送り	noun	6	7	0	1
ja	終る	verb	6	7	0	1
ja	櫛	noun	6	7	0	1
ja	大穴	noun	6	7	0	1
ja	恵美	noun	6	7	0	1
ja	むさぼり食っ	verb	6	7	0	1
ja	こそ泥	noun	6	7	0	1
ja	運び入れ	verb	6	7	0	1
ja	声調	noun	6	7	0	1
ja	水飲み	noun	6	7	0	1
ja	モエ	noun	6	7	0	1
ja	言い伝え	verb	6	7	0	1
ja	レフェリー	noun	6	7	0	1
ja	チョンガー	noun	6	7	0	1
ja	私有	noun	6	7	0	1
ja	抜きん出	verb	6	7	0	1
ja	巣造り	noun	6	7	0	1
ja	藤	noun	6	7	0	1
ja	分かり合おう	verb	6	7	0	1
ja	カレッジ	noun	6	7	0	1
ja	踏み分け	verb	6	7	0	1
ja	とり入っ	verb	6	7	0	1
ja	床入り	noun	6	7	0	1
ja	デッサン	noun	6	7	0	1
ja	鯵	noun	6	7	0	1
ja	グラフィックス	noun	6	7	0	1
ja	チュニジア	noun	6	7	0	1
ja	筆致	noun	6	7	0	1
ja	紋章	noun	6	7	0	1
ja	ヨシオ	noun	6	7	0	1
ja	サマセット	noun	6	7	0	1
ja	渡そう	verb	6	7	0	1
ja	カヴァー	noun	6	7	0	1
ja	真っ白い	adjective	6	7	0	1
ja	開塾	noun	6	7	0	1
ja	麗華	noun	6	7	0	1
ja	ヤンマ	noun	6	7	0	1
ja	放た	verb	6	7	0	1
ja	呉越	noun	6	7	0	1
ja	ゼミ	noun	6	7	0	1
ja	ならす	verb	6	7	0	1
ja	癒し	noun	6	7	0	1
ja	表れる	verb	6	7	0	1
ja	チェンバレン	noun	6	7	0	1
ja	あたためる	verb	6	7	0	1
ja	ララミー	noun	6	7	0	1
ja	道義	noun	6	7	0	1
ja	爪切り	noun	6	7	0	1
ja	柔らか	adjective	6	7	0	1
ja	ユース	noun	6	7	0	1
ja	ぐずつい	verb	6	7	0	1
ja	麻原	noun	6	7	0	1
ja	コントラスト	noun	6	7	0	1
ja	口説く	verb	6	7	0	1
ja	チューナー	noun	6	7	0	1
ja	生き永らえる	verb	6	7	0	1
ja	魔除け	noun	6	7	0	1
ja	振り向か	verb	6	7	0	1
ja	色調	noun	6	7	0	1
ja	焦がさ	verb	6	7	0	1
ja	暴徒	noun	6	7	0	1
ja	バーラ	noun	6	7	0	1
ja	州税	noun	6	7	0	1
ja	くびき	noun	6	7	0	1
ja	対日	noun	6	7	0	1
ja	降り立つ	verb	6	7	0	1
ja	なつかしむ	verb	6	7	0	1
ja	ジージャン	noun	6	7	0	1
ja	兇器	noun	6	7	0	1
ja	百戦	noun	6	7	0	1
ja	こざっぱり	noun	6	7	0	1
ja	益虫	noun	6	7	0	1
ja	織りなす	verb	6	7	0	1
ja	思い当たり	verb	6	7	0	1
ja	成り上がり	noun	6	7	0	1
ja	マイト	noun	6	7	0	1
ja	磯野	noun	6	7	0	1
ja	悶着	noun	6	7	0	1
ja	タッソー	noun	6	7	0	1
ja	ひっくりかえさ	verb	6	7	0	1
ja	煎餅	noun	6	7	0	1
ja	取り出そう	verb	6	7	0	1
ja	殺っ	verb	6	7	0	1
ja	柱廊	noun	6	7	0	1
ja	ブブカ	noun	6	7	0	1
ja	すかっ	adverb	6	7	0	1
ja	停まっ	verb	6	7	0	1
ja	関わりあい	verb	6	7	0	1
ja	ワロ	verb	6	7	0	1
ja	メンド	noun	6	7	0	1
ja	ちらかし	verb	6	7	0	1
ja	独り歩き	noun	6	7	0	1
ja	証印	noun	6	7	0	1
ja	先物	noun	6	7	0	1
ja	機首	noun	6	7	0	1
ja	置き傘	noun	6	7	0	1
ja	括り	noun	6	7	0	1
ja	人後	noun	6	7	0	1
ja	伸縮	noun	6	7	0	1
ja	ねじる	verb	6	7	0	1
ja	たい焼き	noun	6	7	0	1
ja	子豚	noun	6	7	0	1
ja	フィオナ	noun	6	7	0	1
ja	駆けだし	verb	6	7	0	1
ja	すじ	noun	6	7	0	1
ja	引け目	noun	6	7	0	1
ja	一夏	noun	6	7	0	1
ja	どたどた	adverb	6	7	0	1
ja	日ごろ	noun	6	7	0	1
ja	吉報	noun	6	7	0	1
ja	今日日	noun	6	7	0	1
ja	吹き払う	verb	6	7	0	1
ja	ベニヤ	noun	6	7	0	1
ja	掘り出そう	verb	6	7	0	1
ja	書きかえ	verb	6	7	0	1
ja	ぐさ	noun	6	7	0	1
ja	詰め腹	noun	6	7	0	1
ja	舞姫	noun	6	7	0	1
ja	分かち合っ	verb	6	7	0	1
ja	売り値	noun	6	7	0	1
ja	送り状	noun	6	7	0	1
ja	網戸	noun	6	7	0	1
ja	シンディー	noun	6	7	0	1
ja	またもや	adverb	6	7	0	1
ja	とろ火	noun	6	7	0	1
ja	見透かさ	verb	6	7	0	1
ja	場末	noun	6	7	0	1
ja	川添	noun	6	7	0	1
ja	醜けれ	adjective	6	7	0	1
ja	手ま	noun	6	7	0	1
ja	祝おう	verb	6	7	0	1
ja	宮城	noun	6	7	0	1
ja	デカイ	adjective	6	7	0	1
ja	廃物	noun	6	7	0	1
ja	ゲアリー	noun	6	7	0	1
ja	辞去	noun	6	7	0	1
ja	ググれ	verb	6	7	0	1
ja	編み込み	verb	6	7	0	1
ja	累計	noun	6	7	0	1
ja	音大	noun	6	7	0	1
ja	冬季	noun	6	7	0	1
ja	入浸っ	verb	6	7	0	1
ja	スゴい	adjective	6	7	0	1
ja	姦通	noun	6	7	0	1
ja	巻き	verb	6	7	0	1
ja	クーパーズタウン	noun	6	7	0	1
ja	ゲップ	noun	6	7	0	1
ja	後ろ暗い	adjective	6	7	0	1
ja	周波	noun	6	7	0	1
ja	隅田	noun	6	7	0	1
ja	類義	noun	6	7	0	1
ja	いへい	noun	6	7	0	1
ja	加法	noun	6	7	0	1
ja	さかな	noun	6	7	0	1
ja	チャーチ	noun	6	7	0	1
ja	喚き散らし	verb	6	7	0	1
ja	レーカー	noun	6	7	0	1
ja	前庭	noun	6	7	0	1
ja	熱風	noun	6	7	0	1
ja	あやしい	adjective	6	7	0	1
ja	茶柱	noun	6	7	0	1
ja	トム	noun	8	9	4	994
ja	時	noun	8	9	18	903
ja	くれ	verb	8	9	6	801
ja	家	noun	8	9	3	575
ja	仕事	noun	8	9	8	526
ja	本	noun	8	9	11	390
ja	日	noun	8	9	8	352
ja	問題	noun	8	9	21	347
ja	そう	adverb	8	9	12	295
ja	どこ	compounds	8	9	5	270
ja	しよう	verb	8	9	10	266
ja	どう	adverb	8	9	7	264
ja	方	noun	8	9	8	254
ja	話	noun	8	9	21	204
ja	男	noun	8	9	4	198
ja	良い	adjective	8	9	12	188
ja	場所	noun	8	9	14	178
ja	行く	verb	8	9	17	174
ja	電話	noun	8	9	16	172
ja	悪い	adjective	8	9	12	165
ja	結婚	noun	8	9	13	163
ja	長い	adjective	8	9	2	160
ja	高い	adjective	8	9	12	153
ja	来る	verb	8	9	18	144
ja	本当	noun	8	9	10	142
ja	まま	noun	8	9	16	139
ja	もらっ	verb	8	9	16	129
ja	いっ	verb	8	9	20	122
ja	す	verb	8	9	12	115
ja	話す	verb	8	9	14	110
ja	始め	verb	8	9	20	108
ja	美しい	adjective	8	9	5	89
ja	食べる	verb	8	9	15	88
ja	使っ	verb	8	9	15	85
ja	生き	verb	8	9	15	79
ja	深い	adjective	8	9	3	76
ja	幸せ	noun	8	9	13	74
ja	歩い	verb	8	9	11	74
ja	過ぎ	verb	8	9	14	72
ja	見る	verb	8	9	17	69
ja	言え	verb	8	9	17	68
ja	作っ	verb	8	9	14	67
ja	出し	verb	8	9	10	63
ja	不足	noun	8	9	3	63
ja	難しい	adjective	8	9	18	62
ja	困っ	verb	8	9	10	62
ja	忘れ	verb	8	9	13	58
ja	ありがとう	compounds	8	9	16	57
ja	つい	verb	8	9	20	56
ja	死ん	verb	8	9	13	56
ja	生まれ	verb	8	9	13	56
ja	気分	noun	8	9	7	56
ja	無理	noun	8	9	12	55
ja	遅れ	verb	8	9	12	55
ja	反対	noun	8	9	13	54
ja	帰っ	verb	8	9	9	54
ja	間違っ	verb	8	9	8	54
ja	急い	verb	8	9	2	54
ja	座っ	verb	8	9	16	53
ja	使い	verb	8	9	13	53
ja	元気	noun	8	9	3	53
ja	感じ	noun	8	9	18	51
ja	面白い	adjective	8	9	4	51
ja	行き	verb	8	9	14	50
ja	大きい	adjective	8	9	10	50
ja	疲れ	verb	8	9	9	50
ja	間違い	noun	8	9	6	50
ja	バプテスト	noun	8	9	0	50
ja	をめぐる	compounds	8	9	0	49
ja	失敗	noun	8	9	9	48
ja	欲しい	adjective	8	9	5	48
ja	聞き	verb	8	9	16	47
ja	待っ	verb	8	9	10	47
ja	やり	verb	8	9	10	47
ja	乗っ	verb	8	9	6	47
ja	助け	verb	8	9	17	46
ja	とっ	verb	8	9	15	46
ja	違う	verb	8	9	10	46
ja	きれい	compounds	8	9	4	46
ja	会い	verb	8	9	3	46
ja	呼ば	verb	8	9	17	45
ja	起き	verb	8	9	13	45
ja	散歩	noun	8	9	9	45
ja	着	verb	8	9	9	45
ja	変え	verb	8	9	19	44
ja	わかり	verb	8	9	18	44
ja	取っ	verb	8	9	9	44
ja	増え	verb	8	9	25	43
ja	送っ	verb	8	9	20	43
ja	感じ	verb	8	9	18	43
ja	分から	verb	8	9	11	43
ja	飲み	verb	8	9	8	43
ja	馬鹿	noun	8	9	8	43
ja	予約	noun	8	9	6	43
ja	見つけ	verb	8	9	14	42
ja	落ち	verb	8	9	14	42
ja	終わら	verb	8	9	13	42
ja	わかる	verb	8	9	20	40
ja	働い	verb	8	9	13	40
ja	なくなっ	verb	8	9	13	40
ja	立っ	verb	8	9	12	40
ja	置い	verb	8	9	20	39
ja	失っ	verb	8	9	13	39
ja	入り	verb	8	9	9	39
ja	切っ	verb	8	9	9	38
ja	驚い	verb	8	9	16	37
ja	感謝	noun	8	9	13	37
ja	終わっ	verb	8	9	11	37
ja	行か	verb	8	9	10	37
ja	置き	verb	8	9	6	37
ja	着い	verb	8	9	3	37
ja	始まっ	verb	8	9	15	36
ja	怒っ	verb	8	9	10	36
ja	話せる	verb	8	9	7	36
ja	心配	noun	8	9	10	35
ja	会っ	verb	8	9	9	35
ja	満足	noun	8	9	4	35
ja	覇権	noun	8	9	0	35
ja	作ら	verb	8	9	17	34
ja	休ん	verb	8	9	13	33
ja	行け	verb	8	9	12	33
ja	つき	verb	8	9	11	33
ja	嫌い	noun	8	9	10	33
ja	現れ	verb	8	9	16	32
ja	売っ	verb	8	9	13	32
ja	買い	verb	8	9	9	32
ja	忙しい	adjective	8	9	6	32
ja	立て	verb	8	9	14	31
ja	分かる	verb	8	9	14	31
ja	答え	verb	8	9	13	31
ja	読み	verb	8	9	12	31
ja	眠っ	verb	8	9	12	31
ja	戻っ	verb	8	9	10	31
ja	負け	verb	8	9	8	31
ja	行わ	verb	8	9	14	30
ja	相談	noun	8	9	11	30
ja	得意	noun	8	9	8	30
ja	上げ	verb	8	9	5	30
ja	借り	verb	8	9	8	29
ja	試し	verb	8	9	8	29
ja	ルカ	noun	8	9	0	29
ja	聞こえ	verb	8	9	22	28
ja	発明	noun	8	9	1	28
ja	ディプロマシー	noun	8	9	0	28
ja	ヴィタ	noun	8	9	0	28
ja	求め	verb	8	9	12	27
ja	書き	verb	8	9	11	27
ja	手伝っ	verb	8	9	9	27
ja	もたらし	verb	8	9	21	26
ja	同意	noun	8	9	14	26
ja	起こし	verb	8	9	14	26
ja	決め	verb	8	9	14	26
ja	消え	verb	8	9	14	26
ja	よかっ	adjective	8	9	12	26
ja	変わっ	verb	8	9	12	26
ja	楽しん	verb	8	9	11	26
ja	黙っ	verb	8	9	6	26
ja	起こっ	verb	8	9	5	26
ja	なくし	verb	8	9	4	26
ja	願い	verb	8	9	15	25
ja	作り	verb	8	9	11	25
ja	鳴っ	verb	8	9	9	25
ja	楽しい	adjective	8	9	8	25
ja	提出	noun	8	9	4	25
ja	許し	verb	8	9	17	24
ja	直し	verb	8	9	10	24
ja	話せ	verb	8	9	7	24
ja	アナキスト	noun	8	9	1	24
ja	プロテスタント	noun	8	9	0	24
ja	帰結	noun	8	9	0	24
ja	正教	noun	8	9	0	24
ja	賛成	noun	8	9	11	23
ja	つか	verb	8	9	11	23
ja	だめ	noun	8	9	9	23
ja	使え	verb	8	9	6	23
ja	探究	noun	8	9	2	23
ja	聴い	verb	8	9	9	22
ja	見せ	verb	8	9	7	22
ja	訪れ	verb	8	9	7	22
ja	開い	verb	8	9	7	22
ja	浮き彫り	noun	8	9	0	22
ja	探し	verb	8	9	8	21
ja	伝え	verb	8	9	15	20
ja	待ち	verb	8	9	15	20
ja	知り	verb	8	9	10	20
ja	分かり	verb	8	9	7	20
ja	走っ	verb	8	9	7	20
ja	ヘーゲル	noun	8	9	0	20
ja	うれしい	adjective	8	9	12	19
ja	亡くなっ	verb	8	9	7	19
ja	笑っ	verb	8	9	6	19
ja	認め	verb	8	9	6	19
ja	愛し	verb	8	9	3	19
ja	ラーナー	noun	8	9	0	19
ja	止め	verb	8	9	7	18
ja	払っ	verb	8	9	7	18
ja	歩き	verb	8	9	3	18
ja	たずね	verb	8	9	14	17
ja	ござい	verb	8	9	8	17
ja	足り	verb	8	9	7	17
ja	開け	verb	8	9	4	16
ja	流れ	verb	8	9	11	15
ja	うんざり	adverb	8	9	11	15
ja	守ら	verb	8	9	7	15
ja	聞か	verb	8	9	3	15
ja	個々	noun	8	9	0	15
ja	虚無	noun	8	9	0	15
ja	経典	noun	8	9	0	15
ja	タルカ	noun	8	9	0	14
ja	嬉しい	adjective	8	9	5	13
ja	集落	noun	8	9	0	13
ja	覆わ	verb	8	9	8	12
ja	暮らし	verb	8	9	2	12
ja	還元	noun	8	9	0	12
ja	ベンサム	noun	8	9	0	12
ja	眠れ	verb	8	9	5	11
ja	安置	noun	8	9	1	11
ja	主流	noun	8	9	1	11
ja	一路	noun	8	9	0	11
ja	フーコー	noun	8	9	0	11
ja	ヴィタル	noun	8	9	0	11
ja	来歴	noun	8	9	0	11
ja	プラットフォーム	noun	8	9	0	11
ja	一環	noun	8	9	0	11
ja	ルーサー	noun	8	9	0	11
ja	ルソー	noun	8	9	0	11
ja	ジレンマ	noun	8	9	0	11
ja	分布	noun	8	9	3	10
ja	フリードリヒ	noun	8	9	0	10
ja	ストロース	noun	8	9	0	10
ja	終止	noun	8	9	0	10
ja	レヴィ	noun	8	9	0	10
ja	効用	noun	8	9	0	10
ja	同国	noun	8	9	0	10
ja	裏付け	verb	8	9	8	9
ja	策定	noun	8	9	7	9
ja	捉える	verb	8	9	3	9
ja	模倣	noun	8	9	2	9
ja	力学	noun	8	9	1	9
ja	バチカン	noun	8	9	0	9
ja	類型	noun	8	9	0	9
ja	シリア	noun	8	9	0	9
ja	デューイ	noun	8	9	0	9
ja	ホッブズ	noun	8	9	0	9
ja	デカルト	noun	8	9	0	9
ja	スチュアート	noun	8	9	0	9
ja	繰り広げ	verb	8	9	0	9
ja	よろしい	adjective	8	9	5	8
ja	消し	verb	8	9	3	8
ja	埋もれ	verb	8	9	2	8
ja	量子	noun	8	9	1	8
ja	耽美	noun	8	9	0	8
ja	ジュニア	noun	8	9	0	8
ja	格	noun	8	9	0	8
ja	抑止	noun	8	9	0	8
ja	ローティ	noun	8	9	0	8
ja	アクィナス	noun	8	9	0	8
ja	演習	noun	8	9	0	8
ja	好例	noun	8	9	7	7
ja	冷却	noun	8	9	2	7
ja	現れ	noun	8	9	1	7
ja	祭殿	noun	8	9	0	7
ja	ジェレミー	noun	8	9	0	7
ja	テイン	noun	8	9	0	7
ja	マー	noun	8	9	0	7
ja	定数	noun	8	9	0	7
ja	輪廻	noun	8	9	0	7
ja	神道	noun	8	9	0	7
ja	変態	noun	8	9	0	7
ja	旨	noun	8	9	0	7
ja	葬	noun	8	9	0	7
ja	ニコマコス	noun	8	9	0	7
ja	放出	noun	8	9	6	6
ja	教わり	verb	8	9	6	6
ja	補強	noun	8	9	3	6
ja	拠点	noun	8	9	2	6
ja	一新	noun	8	9	2	6
ja	学際	noun	8	9	0	6
ja	アナーキスト	noun	8	9	0	6
ja	ヒューム	noun	8	9	0	6
ja	命法	noun	8	9	0	6
ja	組み合わせる	verb	8	9	0	6
ja	セネカ	noun	8	9	0	6
ja	黙示	noun	8	9	0	6
ja	記し	verb	8	9	0	6
ja	双極	noun	8	9	0	6
ja	命題	noun	8	9	0	6
ja	伝承	noun	8	9	0	6
ja	白書	noun	8	9	0	6
ja	排出	noun	8	9	0	6
ja	本書	noun	8	9	0	6
ja	知見	noun	8	9	0	6
ja	ユング	noun	8	9	0	6
ja	定言	noun	8	9	0	6
ja	内在	noun	8	9	0	6
ja	マフィア	noun	8	9	0	6
ja	誤謬	noun	8	9	0	6
ja	コア	noun	8	9	0	6
ja	吟味	noun	8	9	2	5
ja	締結	noun	8	9	2	5
ja	染める	verb	8	9	2	5
ja	やり取り	noun	8	9	1	5
ja	変遷	noun	8	9	1	5
ja	混在	noun	8	9	1	5
ja	容認	noun	8	9	1	5
ja	拝領	noun	8	9	0	5
ja	比率	noun	8	9	0	5
ja	呼称	noun	8	9	0	5
ja	列強	noun	8	9	0	5
ja	靖国	noun	8	9	0	5
ja	スチーム	noun	8	9	0	5
ja	実態	noun	8	9	0	5
ja	再臨	noun	8	9	0	5
ja	主格	noun	8	9	0	5
ja	深淵	noun	8	9	0	5
ja	機密	noun	8	9	0	5
ja	グラフィック	noun	8	9	0	5
ja	摩耗	noun	8	9	0	5
ja	ダルマ	noun	8	9	0	5
ja	回帰	noun	8	9	0	5
ja	修飾	noun	8	9	0	5
ja	タカシ	noun	8	9	0	5
ja	火器	noun	8	9	0	5
ja	コンセプト	noun	8	9	0	5
ja	プロパガンダ	noun	8	9	0	5
ja	ミード	noun	8	9	0	5
ja	パラドックス	noun	8	9	0	5
ja	ゐ	verb	8	9	0	5
ja	リコール	noun	8	9	0	5
ja	炉	noun	8	9	0	5
ja	人骨	noun	8	9	0	5
ja	英日	noun	8	9	0	5
ja	ダイ	noun	8	9	0	5
ja	ハーバート	noun	8	9	0	5
ja	壁画	noun	8	9	0	5
ja	年率	noun	8	9	0	5
ja	変身	noun	8	9	0	5
ja	サプライ	noun	8	9	0	5
ja	光年	noun	8	9	0	5
ja	落ち込み	noun	8	9	0	5
ja	龍太郎	noun	8	9	0	5
ja	サンダース	noun	8	9	0	5
ja	パネル	noun	8	9	0	5
ja	ルチアーノ	noun	8	9	0	5
ja	ヤスパース	noun	8	9	0	5
ja	下層	noun	8	9	0	5
ja	負荷	noun	8	9	0	5
ja	取り付ける	verb	8	9	0	5
ja	検出	noun	8	9	4	4
ja	製本	noun	8	9	4	4
ja	持ち腐れ	noun	8	9	3	4
ja	出土	noun	8	9	3	4
ja	生れる	verb	8	9	2	4
ja	減食	noun	8	9	2	4
ja	補完	noun	8	9	2	4
ja	絡ん	verb	8	9	2	4
ja	シミュレーション	noun	8	9	1	4
ja	袴	noun	8	9	1	4
ja	ヤクザ	noun	8	9	1	4
ja	テーゼ	noun	8	9	0	4
ja	供え物	noun	8	9	0	4
ja	キャッシュ	noun	8	9	0	4
ja	コンコルディア	noun	8	9	0	4
ja	体積	noun	8	9	0	4
ja	供物	noun	8	9	0	4
ja	ランダー	noun	8	9	0	4
ja	イニシアチブ	noun	8	9	0	4
ja	滞り	noun	8	9	0	4
ja	泣く泣く	adverb	8	9	0	4
ja	らち	noun	8	9	0	4
ja	ライフ	noun	8	9	0	4
ja	東欧	noun	8	9	0	4
ja	エンゲルス	noun	8	9	0	4
ja	雑言	noun	8	9	0	4
ja	粉末	noun	8	9	0	4
ja	密教	noun	8	9	0	4
ja	随伴	noun	8	9	0	4
ja	体勢	noun	8	9	0	4
ja	御供	noun	8	9	0	4
ja	利権	noun	8	9	0	4
ja	引きずり	verb	8	9	0	4
ja	教区	noun	8	9	0	4
ja	ライプニッツ	noun	8	9	0	4
ja	オッカム	noun	8	9	0	4
ja	他殺	noun	8	9	0	4
ja	ホッブス	noun	8	9	0	4
ja	仏法	noun	8	9	0	4
ja	次ぎ	verb	8	9	0	4
ja	共稼ぎ	noun	8	9	0	4
ja	一線	noun	8	9	0	4
ja	恥じらう	verb	8	9	0	4
ja	試飲	noun	8	9	0	4
ja	呼びかけ	noun	8	9	0	4
ja	モーセ	noun	8	9	0	4
ja	シモンズ	noun	8	9	0	4
ja	厚生	noun	8	9	0	4
ja	流入	noun	8	9	0	4
ja	啓示	noun	8	9	0	4
ja	軽快	noun	8	9	0	4
ja	パーリ	noun	8	9	0	4
ja	安倍	noun	8	9	0	4
ja	ベネズエラ	noun	8	9	0	4
ja	偽造	noun	8	9	0	4
ja	アイコン	noun	8	9	0	4
ja	誤認	noun	8	9	0	4
ja	トン	adverb	8	9	0	4
ja	グラフ	noun	8	9	0	4
ja	ＩＴ	noun	8	9	0	4
ja	遊具	noun	8	9	0	4
ja	敵国	noun	8	9	0	4
ja	半径	noun	8	9	0	4
ja	集権	noun	8	9	0	4
ja	ケ	noun	8	9	0	4
ja	分詞	noun	8	9	0	4
ja	ハーバーマス	noun	8	9	0	4
ja	プラクティス	noun	8	9	0	4
ja	ガタン	adverb	8	9	0	4
ja	ソン	noun	8	9	0	4
ja	公理	noun	8	9	0	4
ja	探査	noun	8	9	0	4
ja	無垢	noun	8	9	0	4
ja	ぼかし	verb	8	9	0	4
ja	ボーイング	noun	8	9	0	4
ja	納期	noun	8	9	0	4
ja	英知	noun	8	9	0	4
ja	米軍	noun	8	9	0	4
ja	触媒	noun	8	9	0	4
ja	郷愁	noun	8	9	0	4
ja	デイヴィッド	noun	8	9	0	4
ja	自社	noun	8	9	0	4
ja	ハッカー	noun	8	9	0	4
ja	根付か	verb	8	9	0	4
ja	いふ	verb	8	9	0	4
ja	たどり着ける	verb	8	9	0	4
ja	マイン	noun	8	9	0	4
ja	携わる	verb	8	9	0	4
ja	勉	noun	8	9	0	4
ja	事物	noun	8	9	0	4
ja	糖	noun	8	9	0	4
ja	担ぐ	verb	8	9	3	3
ja	損ない	verb	8	9	3	3
ja	再送	noun	8	9	3	3
ja	うつらうつら	adverb	8	9	3	3
ja	空爆	noun	8	9	3	3
ja	定理	noun	8	9	2	3
ja	なかり	adjective	8	9	2	3
ja	伝授	noun	8	9	2	3
ja	酌量	noun	8	9	2	3
ja	築か	verb	8	9	2	3
ja	エージェント	noun	8	9	2	3
ja	理知	noun	8	9	2	3
ja	発動	noun	8	9	2	3
ja	目茶苦茶	noun	8	9	2	3
ja	先送り	noun	8	9	1	3
ja	育ま	verb	8	9	1	3
ja	議決	noun	8	9	1	3
ja	ｋｍ	noun	8	9	1	3
ja	辞さ	verb	8	9	1	3
ja	爲	noun	8	9	1	3
ja	塗布	noun	8	9	1	3
ja	想い	verb	8	9	1	3
ja	リサーチ	noun	8	9	1	3
ja	判別	noun	8	9	1	3
ja	創る	verb	8	9	1	3
ja	臨み	verb	8	9	1	3
ja	光源	noun	8	9	1	3
ja	偏っ	verb	8	9	1	3
ja	連ね	verb	8	9	1	3
ja	造物	noun	8	9	1	3
ja	ピッキング	noun	8	9	1	3
ja	即	adverb	8	9	0	3
ja	すとん	adverb	8	9	0	3
ja	ＣＦ	noun	8	9	0	3
ja	頭韻	noun	8	9	0	3
ja	宮参り	noun	8	9	0	3
ja	元利	noun	8	9	0	3
ja	健脚	noun	8	9	0	3
ja	さっくり	adverb	8	9	0	3
ja	北西	noun	8	9	0	3
ja	偽り	verb	8	9	0	3
ja	先験	noun	8	9	0	3
ja	フッ	adverb	8	9	0	3
ja	ベット	noun	8	9	0	3
ja	オク	noun	8	9	0	3
ja	戦力	noun	8	9	0	3
ja	ステーション	noun	8	9	0	3
ja	コーパス	noun	8	9	0	3
ja	たゆま	verb	8	9	0	3
ja	鰹節	noun	8	9	0	3
ja	奥深く	adjective	8	9	0	3
ja	ぴょんぴょん	adverb	8	9	0	3
ja	暫定	noun	8	9	0	3
ja	助詞	noun	8	9	0	3
ja	抗うつ	noun	8	9	0	3
ja	売りさばい	verb	8	9	0	3
ja	韓流	noun	8	9	0	3
ja	ニコラス	noun	8	9	0	3
ja	たたきのめさ	verb	8	9	0	3
ja	シェリング	noun	8	9	0	3
ja	即決	noun	8	9	0	3
ja	加担	noun	8	9	0	3
ja	とんかつ	noun	8	9	0	3
ja	縁台	noun	8	9	0	3
ja	ドップラー	noun	8	9	0	3
ja	臣民	noun	8	9	0	3
ja	初鰹	noun	8	9	0	3
ja	初頭	noun	8	9	0	3
ja	松島	noun	8	9	0	3
ja	ボット	noun	8	9	0	3
ja	敏	noun	8	9	0	3
ja	際し	verb	8	9	0	3
ja	血友	noun	8	9	0	3
ja	社屋	noun	8	9	0	3
ja	ノーシス	noun	8	9	0	3
ja	六百	noun	8	9	0	3
ja	分散	noun	8	9	0	3
ja	やるせ	noun	8	9	0	3
ja	極道	noun	8	9	0	3
ja	書庫	noun	8	9	0	3
ja	公証	noun	8	9	0	3
ja	レイノルズ	noun	8	9	0	3
ja	減退	noun	8	9	0	3
ja	ルドルフ	noun	8	9	0	3
ja	ハリファ	noun	8	9	0	3
ja	スキーマ	noun	8	9	0	3
ja	再入	noun	8	9	0	3
ja	会得	noun	8	9	0	3
ja	肥っ	verb	8	9	0	3
ja	溜まる	verb	8	9	0	3
ja	カステラ	noun	8	9	0	3
ja	曰く	noun	8	9	0	3
ja	やり直せる	verb	8	9	0	3
ja	時どき	noun	8	9	0	3
ja	リプル	noun	8	9	0	3
ja	電磁	noun	8	9	0	3
ja	コソボ	noun	8	9	0	3
ja	快感	noun	8	9	0	3
ja	言ひ	verb	8	9	0	3
ja	献金	noun	8	9	0	3
ja	濃縮	noun	8	9	0	3
ja	アンダー	noun	8	9	0	3
ja	門戸	noun	8	9	0	3
ja	付箋	noun	8	9	0	3
ja	飛び出る	verb	8	9	0	3
ja	嵩張る	verb	8	9	0	3
ja	自足	noun	8	9	0	3
ja	グルグル	adverb	8	9	0	3
ja	ジェイソン	noun	8	9	0	3
ja	赦し	verb	8	9	0	3
ja	鳴り物	noun	8	9	0	3
ja	素性	noun	8	9	0	3
ja	難波	noun	8	9	0	3
ja	コミック	noun	8	9	0	3
ja	上方	noun	8	9	0	3
ja	タール	noun	8	9	0	3
ja	アシスト	noun	8	9	0	3
ja	辻	noun	8	9	0	3
ja	レジーム	noun	8	9	0	3
ja	のぞけ	verb	8	9	0	3
ja	やらかす	verb	8	9	0	3
ja	折りたたみ	verb	8	9	0	3
ja	部室	noun	8	9	0	3
ja	メルロ	noun	8	9	0	3
ja	躁病	noun	8	9	0	3
ja	乗員	noun	8	9	0	3
ja	アリーナ	noun	8	9	0	3
ja	給ふ	verb	8	9	0	3
ja	ルター	noun	8	9	0	3
ja	浴場	noun	8	9	0	3
ja	エンサー	noun	8	9	0	3
ja	女だてら	noun	8	9	0	3
ja	きぬ	noun	8	9	0	3
ja	併用	noun	8	9	0	3
ja	宝飾	noun	8	9	0	3
ja	黒ずん	verb	8	9	0	3
ja	永劫	noun	8	9	0	3
ja	ハンセン	noun	8	9	0	3
ja	かけ離れ	verb	8	9	0	3
ja	ドクロ	noun	8	9	0	3
ja	乗り切ろう	verb	8	9	0	3
ja	金網	noun	8	9	0	3
ja	狭め	verb	8	9	0	3
ja	好い	adjective	8	9	0	3
ja	学芸	noun	8	9	0	3
ja	いちぢく	noun	8	9	0	3
ja	容積	noun	8	9	0	3
ja	触発	noun	8	9	0	3
ja	ソナチネ	noun	8	9	0	3
ja	テル	noun	8	9	0	3
ja	政情	noun	8	9	0	3
ja	バイオ	noun	8	9	0	3
ja	当意	noun	8	9	0	3
ja	欺瞞	noun	8	9	0	3
ja	綱引き	noun	8	9	0	3
ja	半角	noun	8	9	0	3
ja	きびしく	adjective	8	9	0	3
ja	ぱちり	adverb	8	9	0	3
ja	バークレー	noun	8	9	0	3
ja	きまり	verb	8	9	0	3
ja	ら抜き	noun	8	9	0	3
ja	すし詰め	noun	8	9	0	3
ja	ローザ	noun	8	9	0	3
ja	使いもの	noun	8	9	0	3
ja	バートランド	noun	8	9	0	3
ja	ゲオルク	noun	8	9	0	3
ja	賛辞	noun	8	9	0	3
ja	威勢	noun	8	9	0	3
ja	苗木	noun	8	9	0	3
ja	興ざめ	noun	8	9	0	3
ja	客層	noun	8	9	0	3
ja	米中	noun	8	9	0	3
ja	高次	noun	8	9	0	3
ja	グッズ	noun	8	9	0	3
ja	示威	noun	8	9	0	3
ja	屈指	noun	8	9	0	3
ja	半音	noun	8	9	0	3
ja	エグゼクティブ	noun	8	9	0	3
ja	少く	adjective	8	9	0	3
ja	堅牢	noun	8	9	0	3
ja	幼少	noun	8	9	0	3
ja	ヒスイ	noun	8	9	0	3
ja	ハメ	noun	8	9	0	3
ja	大島	noun	8	9	0	3
ja	書きもの	noun	8	9	0	3
ja	ふところ	noun	8	9	0	3
ja	さや	noun	8	9	0	3
ja	ミリ	noun	8	9	0	3
ja	宮廷	noun	8	9	0	3
ja	軽躁	noun	8	9	0	3
ja	クリミア	noun	8	9	0	3
ja	陰る	verb	8	9	0	3
ja	三脚	noun	8	9	0	3
ja	あいのこ	noun	8	9	0	3
ja	ゼノン	noun	8	9	0	3
ja	即妙	noun	8	9	0	3
ja	タツノオトシゴ	noun	8	9	0	3
ja	舶来	noun	8	9	0	3
ja	フジ	noun	8	9	0	3
ja	空しく	adjective	8	9	0	3
ja	助祭	noun	8	9	0	3
ja	ロゴス	noun	8	9	0	3
ja	ストラテジー	noun	8	9	0	3
ja	原	noun	8	9	0	3
ja	灌漑	noun	8	9	0	3
ja	戒告	noun	8	9	0	3
ja	ウインドウズ	noun	8	9	0	3
ja	病室	noun	8	9	0	3
ja	結びつく	verb	8	9	0	3
ja	パークス	noun	8	9	0	3
ja	晋三	noun	8	9	0	3
ja	保温	noun	8	9	0	3
ja	始業	noun	8	9	0	3
ja	営み	noun	8	9	0	3
ja	リクルート	noun	8	9	0	3
ja	たゆみ	verb	8	9	0	3
ja	尿瓶	noun	8	9	0	3
ja	シンメトリー	noun	8	9	0	3
ja	リバタリアニズム	noun	8	9	0	3
ja	記法	noun	8	9	0	3
ja	ショベル	noun	8	9	0	3
ja	シュレーディンガー	noun	8	9	0	3
ja	寝ころん	verb	8	9	0	3
ja	甘酒	noun	8	9	0	3
ja	失調	noun	8	9	0	3
ja	凛	noun	8	9	0	3
ja	ブルトマン	noun	8	9	0	3
ja	しぶとい	adjective	8	9	0	3
ja	オリエント	noun	8	9	0	3
ja	教団	noun	8	9	0	3
ja	ガーター	noun	8	9	0	3
ja	聖火	noun	8	9	0	3
ja	敢然	adverb	8	9	0	3
ja	原語	noun	8	9	0	3
ja	荷ほどき	noun	8	9	0	3
ja	ギア	noun	8	9	0	3
ja	重なり合っ	verb	8	9	0	3
ja	独断	noun	8	9	0	3
ja	自給	noun	8	9	0	3
ja	内省	noun	8	9	0	3
ja	運送	noun	8	9	0	3
ja	チューリッヒ	noun	8	9	0	3
ja	強迫	noun	8	9	0	3
ja	ルック	noun	8	9	0	3
ja	もてれ	verb	8	9	2	2
ja	ムラムラ	adverb	8	9	2	2
ja	減給	noun	8	9	2	2
ja	そだっ	verb	8	9	2	2
ja	大詰め	noun	8	9	2	2
ja	決る	verb	8	9	2	2
ja	かんかん	adverb	8	9	2	2
ja	櫻	noun	8	9	2	2
ja	渦巻い	verb	8	9	2	2
ja	いぶかる	verb	8	9	2	2
ja	もつ	noun	8	9	2	2
ja	危惧	noun	8	9	2	2
ja	護っ	verb	8	9	2	2
ja	ガックリ	adverb	8	9	2	2
ja	ぐちぐち	adverb	8	9	2	2
ja	かわす	verb	8	9	2	2
ja	腹積もり	noun	8	9	2	2
ja	浮上	noun	8	9	2	2
ja	ふくれ	verb	8	9	2	2
ja	あったかかっ	adjective	8	9	2	2
ja	珍しかっ	adjective	8	9	2	2
ja	くらわせ	verb	8	9	2	2
ja	断裂	noun	8	9	2	2
ja	つかわし	verb	8	9	2	2
ja	ひっくりかえし	verb	8	9	2	2
ja	天引き	noun	8	9	2	2
ja	同道	noun	8	9	2	2
ja	適中	noun	8	9	2	2
ja	ぬすん	verb	8	9	2	2
ja	減免	noun	8	9	2	2
ja	霧消	noun	8	9	2	2
ja	留めよ	verb	8	9	2	2
ja	翳ん	verb	8	9	2	2
ja	傍受	noun	8	9	2	2
ja	かざっ	verb	8	9	2	2
ja	まわら	verb	8	9	2	2
ja	ウリ	noun	8	9	2	2
ja	赴い	verb	8	9	2	2
ja	量産	noun	8	9	2	2
ja	拠っ	verb	8	9	2	2
ja	食し	verb	8	9	2	2
ja	点火	noun	8	9	2	2
ja	ブッキング	noun	8	9	2	2
ja	つまぐっ	verb	8	9	2	2
ja	蛋白	noun	8	9	2	2
ja	滅び	verb	8	9	2	2
ja	つかえる	verb	8	9	2	2
ja	波及	noun	8	9	1	2
ja	メロドラマ	noun	8	9	1	2
ja	絞める	verb	8	9	1	2
ja	盗み食い	noun	8	9	1	2
ja	こぐ	verb	8	9	1	2
ja	眉唾	noun	8	9	1	2
ja	誇っ	verb	8	9	1	2
ja	滅茶苦茶	adverb	8	9	1	2
ja	鎹	noun	8	9	1	2
ja	揶揄	noun	8	9	1	2
ja	インポート	noun	8	9	1	2
ja	オーバーラップ	noun	8	9	1	2
ja	留意	noun	8	9	1	2
ja	太り	noun	8	9	1	2
ja	覗く	verb	8	9	1	2
ja	ラブホ	noun	8	9	1	2
ja	行える	verb	8	9	1	2
ja	無策	noun	8	9	1	2
ja	込む	verb	8	9	1	2
ja	無さ	adjective	8	9	1	2
ja	カツラ	noun	8	9	1	2
ja	やば	adjective	8	9	1	2
ja	山車	noun	8	9	0	2
ja	ゲラゲラ	adverb	8	9	0	2
ja	マケイン	noun	8	9	0	2
ja	感傷	noun	8	9	0	2
ja	協和	noun	8	9	0	2
ja	近場	noun	8	9	0	2
ja	民法	noun	8	9	0	2
ja	放ち	verb	8	9	0	2
ja	哀愁	noun	8	9	0	2
ja	來たる	verb	8	9	0	2
ja	タイムリー	noun	8	9	0	2
ja	仮託	noun	8	9	0	2
ja	早	noun	8	9	0	2
ja	媚	noun	8	9	0	2
ja	にげる	verb	8	9	0	2
ja	新芽	noun	8	9	0	2
ja	きつかっ	adjective	8	9	0	2
ja	毎夕	noun	8	9	0	2
ja	杖道	noun	8	9	0	2
ja	ステイ	noun	8	9	0	2
ja	随想	noun	8	9	0	2
ja	ぬるぬる	adverb	8	9	0	2
ja	臭み	noun	8	9	0	2
ja	レスポンス	noun	8	9	0	2
ja	陰影	noun	8	9	0	2
ja	ジャンスキー	noun	8	9	0	2
ja	萌え出	verb	8	9	0	2
ja	レム	noun	8	9	0	2
ja	一隅	noun	8	9	0	2
ja	飛び魚	noun	8	9	0	2
ja	ひざ掛け	noun	8	9	0	2
ja	くろ	noun	8	9	0	2
ja	白ウサギ	noun	8	9	0	2
ja	上肢	noun	8	9	0	2
ja	ニム	noun	8	9	0	2
ja	とみに	adverb	8	9	0	2
ja	給付	noun	8	9	0	2
ja	ひきずっ	verb	8	9	0	2
ja	ダンゴ	noun	8	9	0	2
ja	燭台	noun	8	9	0	2
ja	東電	noun	8	9	0	2
ja	両眼	noun	8	9	0	2
ja	生き延びる	verb	8	9	0	2
ja	思ひ出	noun	8	9	0	2
ja	カシミール	noun	8	9	0	2
ja	ゼウス	noun	8	9	0	2
ja	押し出さ	verb	8	9	0	2
ja	じたばた	adverb	8	9	0	2
ja	オニ	noun	8	9	0	2
ja	古株	noun	8	9	0	2
ja	キヨスク	noun	8	9	0	2
ja	葉子	noun	8	9	0	2
ja	ホルクハイマー	noun	8	9	0	2
ja	偏光	noun	8	9	0	2
ja	ストーキング	noun	8	9	0	2
ja	肩身	noun	8	9	0	2
ja	ゴトン	adverb	8	9	0	2
ja	フィリピ	noun	8	9	0	2
ja	セシウム	noun	8	9	0	2
ja	王手	noun	8	9	0	2
ja	ＭＩＴ	noun	8	9	0	2
ja	クローン	noun	8	9	0	2
ja	成	noun	8	9	0	2
ja	バッチ	noun	8	9	0	2
ja	受取ら	verb	8	9	0	2
ja	ルチア	noun	8	9	0	2
ja	引き裂こう	verb	8	9	0	2
ja	済済	noun	8	9	0	2
ja	むしゃむしゃ	adverb	8	9	0	2
ja	合一	noun	8	9	0	2
ja	慎ま	verb	8	9	0	2
ja	よれっ	adverb	8	9	0	2
ja	ボサボサ	adverb	8	9	0	2
ja	かんむり	noun	8	9	0	2
ja	ヴァンクーヴァー	noun	8	9	0	2
ja	即位	noun	8	9	0	2
ja	握りしめる	verb	8	9	0	2
ja	ぼやっ	adverb	8	9	0	2
ja	かすみ	noun	8	9	0	2
ja	サカ	noun	8	9	0	2
ja	ハルミ	noun	8	9	0	2
ja	チューン	noun	8	9	0	2
ja	電解	noun	8	9	0	2
ja	胆のう	noun	8	9	0	2
ja	しのび	verb	8	9	0	2
ja	フィリッピン	noun	8	9	0	2
ja	忌憚	noun	8	9	0	2
ja	挿げ替えよう	verb	8	9	0	2
ja	滅私	noun	8	9	0	2
ja	なつ	noun	8	9	0	2
ja	沁む	verb	8	9	0	2
ja	光量	noun	8	9	0	2
ja	行き帰り	noun	8	9	0	2
ja	時雄	noun	8	9	0	2
ja	南洋	noun	8	9	0	2
ja	一際	adverb	8	9	0	2
ja	アサ	noun	8	9	0	2
ja	風呂桶	noun	8	9	0	2
ja	思い悩ま	verb	8	9	0	2
ja	赤井	noun	8	9	0	2
ja	祇園	noun	8	9	0	2
ja	スカイライナー	noun	8	9	0	2
ja	袱紗	noun	8	9	0	2
ja	しがみつこう	verb	8	9	0	2
ja	売り払え	verb	8	9	0	2
ja	煮魚	noun	8	9	0	2
ja	ほお紅	noun	8	9	0	2
ja	書きこむ	verb	8	9	0	2
ja	打ち破る	verb	8	9	0	2
ja	心霊	noun	8	9	0	2
ja	隣り合わせ	verb	8	9	0	2
ja	ごり押し	noun	8	9	0	2
ja	値うち	noun	8	9	0	2
ja	サバンナ	noun	8	9	0	2
ja	きわだっ	verb	8	9	0	2
ja	公僕	noun	8	9	0	2
ja	べちゃっ	adverb	8	9	0	2
ja	刺し傷	noun	8	9	0	2
ja	考えこん	verb	8	9	0	2
ja	放り	verb	8	9	0	2
ja	国交	noun	8	9	0	2
ja	啓せ	verb	8	9	0	2
ja	テクノ	noun	8	9	0	2
ja	箔	noun	8	9	0	2
ja	月歩	noun	8	9	0	2
ja	解析	noun	8	9	0	2
ja	メンデル	noun	8	9	0	2
ja	株券	noun	8	9	0	2
ja	ＣＩＯ	noun	8	9	0	2
ja	軽	noun	8	9	0	2
ja	そびえ立っ	verb	8	9	0	2
ja	ろう者	noun	8	9	0	2
ja	寿	noun	8	9	0	2
ja	サイコ	noun	8	9	0	2
ja	ガラッ	adverb	8	9	0	2
ja	佳作	noun	8	9	0	2
ja	化合	noun	8	9	0	2
ja	病犬	noun	8	9	0	2
ja	舌ざわり	noun	8	9	0	2
ja	物まね	noun	8	9	0	2
ja	コピ	noun	8	9	0	2
ja	さま	noun	8	9	0	2
ja	雨上り	noun	8	9	0	2
ja	たきぎ	noun	8	9	0	2
ja	岩角	noun	8	9	0	2
ja	ナルシシズム	noun	8	9	0	2
ja	手さげ	noun	8	9	0	2
ja	枠組	noun	8	9	0	2
ja	アメンホテプ	noun	8	9	0	2
ja	除菌	noun	8	9	0	2
ja	エゾ	noun	8	9	0	2
ja	胎	noun	8	9	0	2
ja	罵詈	noun	8	9	0	2
ja	止み	noun	8	9	0	2
ja	ギョッと	adverb	8	9	0	2
ja	学びとろう	verb	8	9	0	2
ja	ホワイトニング	noun	8	9	0	2
ja	主神	noun	8	9	0	2
ja	ゆみこ	noun	8	9	0	2
ja	だに	noun	8	9	0	2
ja	セロトニン	noun	8	9	0	2
ja	えび	compounds	8	9	0	2
ja	伝聞	noun	8	9	0	2
ja	華美	noun	8	9	0	2
ja	ふき	noun	8	9	0	2
ja	アヴリル	noun	8	9	0	2
ja	訳読	noun	8	9	0	2
ja	注ぎ足す	verb	8	9	0	2
ja	コンコード	noun	8	9	0	2
ja	挑発	noun	8	9	0	2
ja	結束	noun	8	9	0	2
ja	傑物	noun	8	9	0	2
ja	剣闘	noun	8	9	0	2
ja	逆さ言葉	noun	8	9	0	2
ja	ボガート	noun	8	9	0	2
ja	受け流す	verb	8	9	0	2
ja	フレーゲ	noun	8	9	0	2
ja	挑もう	verb	8	9	0	2
ja	ミクシィ	noun	8	9	0	2
ja	アナログ	noun	8	9	0	2
ja	翌月	noun	8	9	0	2
ja	黒崎	noun	8	9	0	2
ja	黒鯛	noun	8	9	0	2
ja	リヴァイアサン	noun	8	9	0	2
ja	トフル	noun	8	9	0	2
ja	英二	noun	8	9	0	2
ja	雲散	noun	8	9	0	2
ja	再編	noun	8	9	0	2
ja	奧	noun	8	9	0	2
ja	浄土	noun	8	9	0	2
ja	割り	noun	8	9	0	2
ja	マーティ	noun	8	9	0	2
ja	県民	noun	8	9	0	2
ja	波乗り	noun	8	9	0	2
ja	おとさ	verb	8	9	0	2
ja	上段	noun	8	9	0	2
ja	かたち	noun	8	9	0	2
ja	伊達	noun	8	9	0	2
ja	拡充	noun	8	9	0	2
ja	仏頂	noun	8	9	0	2
ja	取付け	verb	8	9	0	2
ja	ガオ	noun	8	9	0	2
ja	ソーヤー	noun	8	9	0	2
ja	コンガリ	adverb	8	9	0	2
ja	ケルト	noun	8	9	0	2
ja	杏奈	noun	8	9	0	2
ja	くい	noun	8	9	0	2
ja	飾りつけ	noun	8	9	0	2
ja	まがり	verb	8	9	0	2
ja	スパイクマン	noun	8	9	0	2
ja	てら	noun	8	9	0	2
ja	鉾	noun	8	9	0	2
ja	ネル	noun	8	9	0	2
ja	洋ナシ	noun	8	9	0	2
ja	更迭	noun	8	9	0	2
ja	ガヤガヤ	adverb	8	9	0	2
ja	染めれ	verb	8	9	0	2
ja	垢	noun	8	9	0	2
ja	出回る	verb	8	9	0	2
ja	渋く	adjective	8	9	0	2
ja	ピチピチ	adverb	8	9	0	2
ja	安手	noun	8	9	0	2
ja	プルードン	noun	8	9	0	2
ja	講談	noun	8	9	0	2
ja	軒並み	noun	8	9	0	2
ja	殉教	noun	8	9	0	2
ja	酔っ払い	verb	8	9	0	2
ja	ナッタ	noun	8	9	0	2
ja	大人しい	adjective	8	9	0	2
ja	孤軍	noun	8	9	0	2
ja	アングル	noun	8	9	0	2
ja	高き	adjective	8	9	0	2
ja	愁傷	noun	8	9	0	2
ja	横槍	noun	8	9	0	2
ja	慰霊	noun	8	9	0	2
ja	冥王	noun	8	9	0	2
ja	院政	noun	8	9	0	2
ja	石像	noun	8	9	0	2
ja	借款	noun	8	9	0	2
ja	シルヴィオ	noun	8	9	0	2
ja	異動	noun	8	9	0	2
ja	絡み合う	verb	8	9	0	2
ja	サマンサ	noun	8	9	0	2
ja	同種	noun	8	9	0	2
ja	緊縮	noun	8	9	0	2
ja	ひっさげ	verb	8	9	0	2
ja	復路	noun	8	9	0	2
ja	大麻	noun	8	9	0	2
ja	ちょろちょろ	adverb	8	9	0	2
ja	フーズ	noun	8	9	0	2
ja	奪取	noun	8	9	0	2
ja	系	noun	8	9	0	2
ja	セイジ	noun	8	9	0	2
ja	天パ	noun	8	9	0	2
ja	ルールブック	noun	8	9	0	2
ja	リベラリズム	noun	8	9	0	2
ja	ウズラ	noun	8	9	0	2
ja	類語	noun	8	9	0	2
ja	ヴィヴァルディ	noun	8	9	0	2
ja	乗り切れる	verb	8	9	0	2
ja	哀しみ	noun	8	9	0	2
ja	三隅	noun	8	9	0	2
ja	ずんずん	adverb	8	9	0	2
ja	大坂	noun	8	9	0	2
ja	めそめそ	adverb	8	9	0	2
ja	捜し回っ	verb	8	9	0	2
ja	雪まつり	noun	8	9	0	2
ja	振る舞わさ	verb	8	9	0	2
ja	見据え	verb	8	9	0	2
ja	こなそう	verb	8	9	0	2
ja	殲滅	noun	8	9	0	2
ja	もどかしく	adjective	8	9	0	2
ja	返球	noun	8	9	0	2
ja	日月	noun	8	9	0	2
ja	ハエたたき	noun	8	9	0	2
ja	ディッケンズ	noun	8	9	0	2
ja	パラダイム	noun	8	9	0	2
ja	詠み	verb	8	9	0	2
ja	伯仲	noun	8	9	0	2
ja	１人１人	noun	8	9	0	2
ja	兼ねる	verb	8	9	0	2
ja	咥え	verb	8	9	0	2
ja	コンポート	noun	8	9	0	2
ja	与格	noun	8	9	0	2
ja	バイアス	noun	8	9	0	2
ja	相	noun	8	9	0	2
ja	ブート	noun	8	9	0	2
ja	試論	noun	8	9	0	2
ja	たんこぶ	noun	8	9	0	2
ja	少額	noun	8	9	0	2
ja	水墨	noun	8	9	0	2
ja	おそれ	compounds	8	9	0	2
ja	言いつかっ	verb	8	9	0	2
ja	受	noun	8	9	0	2
ja	以っ	verb	8	9	0	2
ja	説き伏せよう	verb	8	9	0	2
ja	Ａｌｔ	noun	8	9	0	2
ja	ならびに	compounds	8	9	0	2
ja	Ｃｔｒｌ	noun	8	9	0	2
ja	おびただしく	adjective	8	9	0	2
ja	飛び散り	verb	8	9	0	2
ja	ヘクタール	noun	8	9	0	2
ja	養成	noun	8	9	0	2
ja	義和	noun	8	9	0	2
ja	師弟	noun	8	9	0	2
ja	おとなし	adjective	8	9	0	2
ja	岩層	noun	8	9	0	2
ja	愛心	noun	8	9	0	2
ja	薄幸	noun	8	9	0	2
ja	抑えろ	verb	8	9	0	2
ja	描き出し	verb	8	9	0	2
ja	花鳥	noun	8	9	0	2
ja	馬子	noun	8	9	0	2
ja	フォルダー	noun	8	9	0	2
ja	書き言葉	noun	8	9	0	2
ja	熾烈	noun	8	9	0	2
ja	ゲージ	noun	8	9	0	2
ja	サルマン	noun	8	9	0	2
ja	接ぐ	verb	8	9	0	2
ja	遠海	noun	8	9	0	2
ja	上げ下げ	noun	8	9	0	2
ja	聖化	noun	8	9	0	2
ja	いち早く	adverb	8	9	0	2
ja	ＳＴ	noun	8	9	0	2
ja	戯画	noun	8	9	0	2
ja	カルナップ	noun	8	9	0	2
ja	クシュ	noun	8	9	0	2
ja	見いだそう	verb	8	9	0	2
ja	収めよう	verb	8	9	0	2
ja	スプートニク	noun	8	9	0	2
ja	小作	noun	8	9	0	2
ja	電場	noun	8	9	0	2
ja	対格	noun	8	9	0	2
ja	特段	noun	8	9	0	2
ja	聞きだす	verb	8	9	0	2
ja	羽織	noun	8	9	0	2
ja	大翔	noun	8	9	0	2
ja	苦肉	noun	8	9	0	2
ja	顕現	noun	8	9	0	2
ja	受精	noun	8	9	0	2
ja	あんどう	noun	8	9	0	2
ja	奈津	noun	8	9	0	2
ja	旧交	noun	8	9	0	2
ja	叢書	noun	8	9	0	2
ja	俗受け	noun	8	9	0	2
ja	電化	noun	8	9	0	2
ja	ぼけっと	adverb	8	9	0	2
ja	残そう	verb	8	9	0	2
ja	周作	noun	8	9	0	2
ja	アロハ	noun	8	9	0	2
ja	歌謡	noun	8	9	0	2
ja	持ち込ん	verb	8	9	0	2
ja	３百	noun	8	9	0	2
ja	遊弋	noun	8	9	0	2
ja	包め	verb	8	9	0	2
ja	駆け巡っ	verb	8	9	0	2
ja	波立ち	verb	8	9	0	2
ja	地べた	noun	8	9	0	2
ja	くい止め	verb	8	9	0	2
ja	ウェイン	noun	8	9	0	2
ja	たとえ話	noun	8	9	0	2
ja	復せ	verb	8	9	0	2
ja	貶めよう	verb	8	9	0	2
ja	ムキムキ	adverb	8	9	0	2
ja	まっしぐら	noun	8	9	0	2
ja	六千	noun	8	9	0	2
ja	楊貴	noun	8	9	0	2
ja	山盛り	noun	8	9	0	2
ja	有難く	adjective	8	9	0	2
ja	ふりむける	verb	8	9	0	2
ja	ケイタイ	noun	8	9	0	2
ja	海千	noun	8	9	0	2
ja	打ち水	noun	8	9	0	2
ja	木刀	noun	8	9	0	2
ja	バートン	noun	8	9	0	2
ja	塩素	noun	8	9	0	2
ja	イカ墨	noun	8	9	0	2
ja	衆寡	noun	8	9	0	2
ja	鋼鉄	noun	8	9	0	2
ja	アレテー	noun	8	9	0	2
ja	歯抜け	noun	8	9	0	2
ja	黴	noun	8	9	0	2
ja	ヒヤシンス	noun	8	9	0	2
ja	地肩	noun	8	9	0	2
ja	とけ込め	verb	8	9	0	2
ja	会わす	verb	8	9	0	2
ja	競う	verb	8	9	0	2
ja	見張らす	verb	8	9	0	2
ja	オラクル	noun	8	9	0	2
ja	万札	noun	8	9	0	2
ja	旅路	noun	8	9	0	2
ja	潔	adjective	8	9	0	2
ja	気づけ	verb	8	9	0	2
ja	霊力	noun	8	9	0	2
ja	アロイ	noun	8	9	0	2
ja	下りる	verb	8	9	0	2
ja	調	noun	8	9	0	2
ja	基部	noun	8	9	0	2
ja	入り込む	verb	8	9	0	2
ja	単元	noun	8	9	0	2
ja	入江	noun	8	9	0	2
ja	尊	adjective	8	9	0	2
ja	ジェント	noun	8	9	0	2
ja	アノニマス	noun	8	9	0	2
ja	こたつ	noun	8	9	0	2
ja	如何	adverb	8	9	0	2
ja	アーミッシュ	noun	8	9	0	2
ja	女嫌い	noun	8	9	0	2
ja	失墜	noun	8	9	0	2
ja	力点	noun	8	9	0	2
ja	管弦	noun	8	9	0	2
ja	即応	noun	8	9	0	2
ja	拘っ	verb	8	9	0	2
ja	暮改	noun	8	9	0	2
ja	デブリ	noun	8	9	0	2
ja	ＩＰ	noun	8	9	0	2
ja	盗み癖	noun	8	9	0	2
ja	アコギ	noun	8	9	0	2
ja	ハリソン	noun	8	9	0	2
ja	尻もち	noun	8	9	0	2
ja	なおかつ	adverb	8	9	0	2
ja	機織り	noun	8	9	0	2
ja	還俗	noun	8	9	0	2
ja	取り崩そう	verb	8	9	0	2
ja	コンプレックス	noun	8	9	0	2
ja	カルテ	noun	8	9	0	2
ja	パレット	noun	8	9	0	2
ja	怯える	verb	8	9	0	2
ja	累進	noun	8	9	0	2
ja	軍拡	noun	8	9	0	2
ja	オーバーヒート	noun	8	9	0	2
ja	ＤＴＡ	noun	8	9	0	2
ja	囁く	verb	8	9	0	2
ja	なし崩し	noun	8	9	0	2
ja	祓い	noun	8	9	0	2
ja	追い抜く	verb	8	9	0	2
ja	あくせく	adverb	8	9	0	2
ja	スパッツ	noun	8	9	0	2
ja	賑わす	verb	8	9	0	2
ja	境涯	noun	8	9	0	2
ja	アーレン	noun	8	9	0	2
ja	滅公	noun	8	9	0	2
ja	オムニバス	noun	8	9	0	2
ja	いいよる	verb	8	9	0	2
ja	凶弾	noun	8	9	0	2
ja	貶める	verb	8	9	0	2
ja	疑似	noun	8	9	0	2
ja	分冊	noun	8	9	0	2
ja	民放	noun	8	9	0	2
ja	語形	noun	8	9	0	2
ja	ラスボス	noun	8	9	0	2
ja	ぷりぷり	adverb	8	9	0	2
ja	チャールストン	noun	8	9	0	2
ja	隠れ	noun	8	9	0	2
ja	血相	noun	8	9	0	2
ja	査べ	verb	8	9	0	2
ja	ロジック	noun	8	9	0	2
ja	因子	noun	8	9	0	2
ja	魂魄	noun	8	9	0	2
ja	アンソロジー	noun	8	9	0	2
ja	アルマ	noun	8	9	0	2
ja	ツンデレ	noun	8	9	0	2
ja	はしゃが	verb	8	9	0	2
ja	三遷	noun	8	9	0	2
ja	敷布	noun	8	9	0	2
ja	発癌	noun	8	9	0	2
ja	声音	noun	8	9	0	2
ja	凌	noun	8	9	0	2
ja	卑猥	noun	8	9	0	2
ja	篇	noun	8	9	0	2
ja	接尾	noun	8	9	0	2
ja	度重なる	verb	8	9	0	2
ja	起き抜け	noun	8	9	0	2
ja	よつ	verb	8	9	0	2
ja	剃刀	noun	8	9	0	2
ja	ルイン	noun	8	9	0	2
ja	エミール	noun	8	9	0	2
ja	遊女	noun	8	9	0	2
ja	官話	noun	8	9	0	2
ja	引き倒す	verb	8	9	0	2
ja	王朝	noun	8	9	0	2
ja	のろい	verb	8	9	0	2
ja	いれれ	verb	8	9	0	2
ja	一巡り	noun	8	9	0	2
ja	グーテンベルク	noun	8	9	0	2
ja	ヤン	noun	8	9	0	2
ja	動員	noun	8	9	0	2
ja	乗り切り	verb	8	9	0	2
ja	達せ	verb	8	9	0	2
ja	茂平	noun	8	9	0	2
ja	アントレ	noun	8	9	0	2
ja	架す	verb	8	9	0	2
ja	赤味	noun	8	9	0	2
ja	かくて	adverb	8	9	0	2
ja	ニコ	adverb	8	9	0	2
ja	回心	noun	8	9	0	2
ja	ウィトゲンシュタイン	noun	8	9	0	2
ja	温とい	adjective	8	9	0	2
ja	カシャ	noun	8	9	0	2
ja	補える	verb	8	9	0	2
ja	ひくく	adjective	8	9	0	2
ja	野牛	noun	8	9	0	2
ja	教わら	verb	8	9	0	2
ja	とりあげる	verb	8	9	0	2
ja	のっとっ	verb	8	9	0	2
ja	かおり	noun	8	9	0	2
ja	断トツ	noun	8	9	0	2
ja	光速	noun	8	9	0	2
ja	溢れだし	verb	8	9	0	2
ja	きみ	noun	8	9	0	2
ja	如何に	adverb	8	9	0	2
ja	平面	noun	8	9	0	2
ja	あさひ	noun	8	9	0	2
ja	いまいち	compounds	8	9	0	2
ja	プラント	noun	8	9	0	2
ja	不等	noun	8	9	0	2
ja	ｂｅ	noun	8	9	0	2
ja	ＭＹ	noun	8	9	0	2
ja	高吟	noun	8	9	0	2
ja	カタール	noun	8	9	0	2
ja	買い付け	verb	8	9	0	2
ja	大玉	noun	8	9	0	2
ja	ころがりこん	verb	8	9	0	2
ja	山千	noun	8	9	0	2
ja	手綱	noun	8	9	0	2
ja	捜し求める	verb	8	9	0	2
ja	赤	adjective	8	9	0	2
ja	緩急	noun	8	9	0	2
ja	曲っ	verb	8	9	0	2
ja	眼科	noun	8	9	0	2
ja	侮り	verb	8	9	0	2
ja	山里	noun	8	9	0	2
ja	反故	noun	8	9	0	2
ja	白石	noun	8	9	0	2
ja	邦夫	noun	8	9	0	2
ja	せむし	noun	8	9	0	2
ja	まいにち	noun	8	9	0	2
ja	オーバーコート	noun	8	9	0	2
ja	示そう	verb	8	9	0	2
ja	冬型	noun	8	9	0	2
ja	発汗	noun	8	9	0	2
ja	ベイリー	noun	8	9	0	2
ja	舞い降り	verb	8	9	0	2
ja	メルトダウン	noun	8	9	0	2
ja	靭帯	noun	8	9	0	2
ja	基板	noun	8	9	0	2
ja	マーシー	noun	8	9	0	2
ja	歩み入る	verb	8	9	0	2
ja	半泣き	noun	8	9	0	2
ja	日産	noun	8	9	0	2
ja	運休	noun	8	9	0	2
ja	仕立てあげよう	verb	8	9	0	2
ja	感知	noun	8	9	0	2
ja	叙任	noun	8	9	0	2
ja	ルワンダ	noun	8	9	0	2
ja	ブースター	noun	8	9	0	2
ja	トサカ	noun	8	9	0	2
ja	ボロい	adjective	8	9	0	2
ja	大蛇	noun	8	9	0	2
ja	聞き取っ	verb	8	9	0	2
ja	モル	noun	8	9	0	2
ja	カタ	adverb	8	9	0	2
ja	ヘイト	noun	8	9	0	2
ja	頭巾	noun	8	9	0	2
ja	かきね	noun	8	9	0	2
ja	態	noun	8	9	0	2
ja	ひろみ	noun	8	9	0	2
ja	アニ	noun	8	9	0	2
ja	結びつき	verb	8	9	0	2
ja	酒豪	noun	8	9	0	2
ja	引き合い	noun	8	9	0	2
ja	ハイドン	noun	8	9	0	2
ja	急逝	noun	8	9	0	2
ja	財界	noun	8	9	0	2
ja	ニシン	noun	8	9	0	2
ja	ガクッ	adverb	8	9	0	2
ja	窪ん	verb	8	9	0	2
ja	博愛	noun	8	9	0	2
ja	ハリエット	noun	8	9	0	2
ja	出ずる	verb	8	9	0	2
ja	昇段	noun	8	9	0	2
ja	父娘	noun	8	9	0	2
ja	チーク	noun	8	9	0	2
ja	予行	noun	8	9	0	2
ja	ヒンドゥー	noun	8	9	0	2
ja	がり勉	noun	8	9	0	2
ja	しずめる	verb	8	9	0	2
ja	心象	noun	8	9	0	2
ja	客席	noun	8	9	0	2
ja	木目	noun	8	9	0	2
ja	突き立て	verb	8	9	0	2
ja	コミュ	noun	8	9	0	2
ja	デリカテッセン	noun	8	9	0	2
ja	ぶっつけ	noun	8	9	0	2
ja	保冷	noun	8	9	0	2
ja	ライチョウ	noun	8	9	0	2
ja	のこ	verb	8	9	0	2
ja	四、五	noun	8	9	0	2
ja	セクター	noun	8	9	0	2
ja	万次郎	noun	8	9	0	2
ja	奪い去る	verb	8	9	0	2
ja	盗用	noun	8	9	0	2
ja	千秋	noun	8	9	0	2
ja	サダム	noun	8	9	0	2
ja	立錐	noun	8	9	0	2
ja	ビキ	noun	8	9	0	2
ja	ブーイング	noun	8	9	0	2
ja	南島	noun	8	9	0	2
ja	悪路	noun	8	9	0	2
ja	クルクル	adverb	8	9	0	2
ja	とりあい	verb	8	9	0	2
ja	砲撃	noun	8	9	0	2
ja	キュレーター	noun	8	9	0	2
ja	国益	noun	8	9	0	2
ja	決め込ん	verb	8	9	0	2
ja	アウン・サン・スー・チー	noun	8	9	0	2
ja	一点	noun	8	9	0	2
ja	ポツリポツリ	adverb	8	9	0	2
ja	ちょっくら	adverb	8	9	0	2
ja	原付	noun	8	9	0	2
ja	クローズ	noun	8	9	0	2
ja	編み	noun	8	9	0	2
ja	乾坤	noun	8	9	0	2
ja	オリゲネス	noun	8	9	0	2
ja	投げ下ろせ	verb	8	9	0	2
ja	とたん	compounds	8	9	0	2
ja	眼光	noun	8	9	0	2
ja	係長	noun	8	9	0	2
ja	エルベ	noun	8	9	0	2
ja	かわいけれ	adjective	8	9	0	2
ja	オードブル	noun	8	9	0	2
ja	手動	noun	8	9	0	2
ja	ベルルスコーニ	noun	8	9	0	2
ja	アナライザ	noun	8	9	0	2
ja	涼む	verb	8	9	0	2
ja	チャ	noun	8	9	0	2
ja	実年	noun	8	9	0	2
ja	中火	noun	8	9	0	2
ja	湾曲	noun	8	9	0	2
ja	ミズキ	noun	8	9	0	2
ja	アドルノ	noun	8	9	0	2
ja	布教	noun	8	9	0	2
ja	ウェストファリア	noun	8	9	0	2
ja	セー	noun	8	9	0	2
ja	補填	noun	8	9	0	2
ja	坂東	noun	8	9	0	2
ja	はねあがっ	verb	8	9	0	2
ja	ターニャ	noun	8	9	0	2
ja	帯域	noun	8	9	0	2
ja	差し掛かっ	verb	8	9	0	2
ja	カツカツ	adverb	8	9	0	2
ja	とにもかくにも	adverb	8	9	0	2
ja	本稿	noun	8	9	0	2
ja	ｎａｍｅ	noun	8	9	0	2
ja	漆黒	noun	8	9	0	2
ja	埋め合わす	verb	8	9	0	2
ja	在校	noun	8	9	0	2
ja	斜め読み	noun	8	9	0	2
ja	ダンベル	noun	8	9	0	2
ja	乾き	noun	8	9	0	2
ja	精霊	noun	8	9	0	2
ja	追っ手	noun	8	9	0	2
ja	洗い流す	verb	8	9	0	2
ja	女狐	noun	8	9	0	2
ja	ゆる	verb	8	9	0	2
ja	ブランク	noun	8	9	0	2
ja	交わり	noun	8	9	0	2
ja	環	noun	8	9	0	2
ja	初歩	noun	8	9	0	2
ja	振る舞おう	verb	8	9	0	2
ja	川原	noun	8	9	0	2
ja	ツンツン	adverb	8	9	0	2
ja	棒きれ	noun	8	9	0	2
ja	スパン	noun	8	9	0	2
ja	相補	noun	8	9	0	2
ja	凄惨	noun	8	9	0	2
ja	本編	noun	8	9	0	2
ja	船舶	noun	8	9	0	2
ja	反ら	verb	8	9	0	2
ja	熾し	verb	8	9	0	2
ja	バックハンド	noun	8	9	0	2
ja	津軽	noun	8	9	0	2
ja	さめる	verb	8	9	0	2
ja	ツマミ	noun	8	9	0	2
ja	クアラルンプール	noun	8	9	0	2
ja	健介	noun	8	9	0	2
ja	なにぶん	noun	8	9	0	2
ja	渡り鳥	noun	8	9	0	2
ja	凄かっ	adjective	8	9	0	2
ja	座りこむ	verb	8	9	0	2
ja	イエール	noun	8	9	0	2
ja	エバンス	noun	8	9	0	2
ja	侵攻	noun	8	9	0	2
ja	贋作	noun	8	9	0	2
ja	黒服	noun	8	9	0	2
ja	まじない	noun	8	9	0	2
ja	ふるい	verb	8	9	0	2
ja	りい	noun	8	9	0	2
ja	糸鋸	noun	8	9	0	2
ja	思い付く	verb	8	9	0	2
ja	郷土	noun	8	9	0	2
ja	岩場	noun	8	9	0	2
ja	産	noun	8	9	0	2
ja	振袖	noun	8	9	0	2
ja	エバン	noun	8	9	0	2
ja	濁し	verb	8	9	0	2
ja	孟母	noun	8	9	0	2
ja	矢継ぎ	noun	8	9	0	2
ja	水溜	noun	8	9	0	2
ja	ウォシュレット	noun	8	9	0	2
ja	ずい分	adverb	8	9	0	2
ja	出処	noun	8	9	0	2
ja	よし子	noun	8	9	0	2
ja	９千	noun	8	9	0	2
ja	アメ色	noun	8	9	0	2
ja	バーナーズ	noun	8	9	0	2
ja	イヤイヤ	noun	8	9	0	2
ja	伝導	noun	8	9	0	2
ja	申し込ま	verb	8	9	0	2
ja	多士	noun	8	9	0	2
ja	あわせる	verb	8	9	0	2
ja	ミッテラン	noun	8	9	0	2
ja	ベレー	noun	8	9	0	2
ja	裏山	noun	8	9	0	2
ja	大人し	adjective	8	9	0	2
ja	空海	noun	8	9	0	2
ja	ひっこん	verb	8	9	0	2
ja	涙もろく	adjective	8	9	0	2
ja	トート	noun	8	9	0	2
ja	海中	noun	8	9	0	2
ja	人中	noun	8	9	0	2
ja	ｗｅｒｅ	noun	8	9	0	2
ja	正す	verb	8	9	0	2
ja	歴代	noun	8	9	0	2
ja	ジャイルズ	noun	8	9	0	2
ja	廃村	noun	8	9	0	2
ja	抱え込み	verb	8	9	0	2
ja	もふもふ	adverb	8	9	0	2
ja	人力	noun	8	9	0	2
ja	目茶苦茶	adverb	8	9	0	2
ja	騎馬	noun	8	9	0	2
ja	ハーゲンダッツ	noun	8	9	0	2
ja	馳せ参じ	verb	8	9	0	2
ja	ウィニペグ	noun	8	9	0	2
ja	遊び倒し	verb	8	9	0	2
ja	朝令	noun	8	9	0	2
ja	立ち並ん	verb	8	9	0	2
ja	愛でる	verb	8	9	0	2
ja	わびる	verb	8	9	0	2
ja	こうき	noun	8	9	0	2
ja	異名	noun	8	9	0	2
ja	狩る	verb	8	9	0	2
ja	多動	noun	8	9	0	2
ja	取り分け	adverb	8	9	0	2
ja	丼	noun	8	9	0	2
ja	姿かたち	noun	8	9	0	2
ja	奉私	noun	8	9	0	2
ja	隠	noun	8	9	0	2
ja	球形	noun	8	9	0	2
ja	ニコラ	noun	8	9	0	2
ja	差し挟ん	verb	8	9	0	2
ja	てこ入れ	noun	8	9	0	2
ja	たんぱく	noun	8	9	0	2
ja	直	noun	8	9	0	2
ja	東映	noun	8	9	0	2
ja	恵	noun	8	9	0	2
ja	口下手	noun	8	9	0	2
ja	ワ	noun	8	9	0	2
ja	鋭利	noun	8	9	0	2
ja	簡便	noun	8	9	0	2
ja	祝杯	noun	8	9	0	2
ja	下表	noun	8	9	0	2
ja	引き抜き	noun	8	9	0	2
ja	中高	noun	8	9	0	2
ja	四球	noun	8	9	0	2
ja	晒す	verb	8	9	0	2
ja	買いもの	noun	8	9	0	2
ja	述語	noun	8	9	0	2
ja	まじい	adjective	8	9	0	2
ja	義認	noun	8	9	0	2
ja	日英	noun	8	9	0	2
ja	ウーシア	noun	8	9	0	2
ja	のぞか	verb	8	9	0	2
ja	法貨	noun	8	9	0	2
ja	キビシイ	adjective	8	9	0	2
ja	下肢	noun	8	9	0	2
ja	立ち向かい	verb	8	9	0	2
ja	へたり込ん	verb	8	9	0	2
ja	ラシュディ	noun	8	9	0	2
ja	言わさ	verb	8	9	0	2
ja	ガーッ	adverb	8	9	0	2
ja	帰納	noun	8	9	0	2
ja	乱	noun	8	9	0	2
ja	腹背	noun	8	9	0	2
ja	定まる	verb	8	9	0	2
ja	ぎこちなかっ	adjective	8	9	0	2
ja	口説きおとす	verb	8	9	0	2
ja	便乗	noun	8	9	0	2
ja	生ま	verb	8	9	0	2
ja	スタック	noun	8	9	0	2
ja	浅学	noun	8	9	0	2
ja	懇意	noun	8	9	0	2
ja	とびきり	noun	8	9	0	2
ja	手ぬぐい	noun	8	9	0	2
ja	量り	verb	8	9	0	2
ja	ライザ	noun	8	9	0	2
ja	楔形	noun	8	9	0	2
ja	ＰＤＡ	noun	8	9	0	2
ja	アビラ	noun	8	9	0	2
ja	アジェンダ	noun	8	9	0	2
ja	ウォーム	noun	8	9	0	2
ja	たゞ	adverb	8	9	0	2
ja	買い換える	verb	8	9	0	2
ja	聞き入る	verb	8	9	0	2
ja	オラトリオ	noun	8	9	0	2
ja	ヴェニス	noun	8	9	0	2
ja	ゆずる	verb	8	9	0	2
ja	クライム	noun	8	9	0	2
ja	長引け	verb	8	9	0	2
ja	疳	noun	8	9	0	2
ja	貼り付い	verb	8	9	0	2
ja	諸々	noun	8	9	0	2
ja	享有	noun	8	9	0	2
ja	銘板	noun	8	9	0	2
ja	迫り	verb	8	9	0	2
ja	ボク	noun	8	9	0	2
ja	どろんこ	noun	8	9	0	2
ja	クロッキー	noun	8	9	0	2
ja	縫い上げる	verb	8	9	0	2
ja	ウォール	noun	8	9	0	2
ja	ケプラー	noun	8	9	0	2
ja	地熱	noun	8	9	0	2
ja	物心	noun	8	9	0	2
ja	ヒリつく	verb	8	9	0	2
ja	屈む	verb	8	9	0	2
ja	抵触	noun	8	9	0	2
ja	パプアニューギニア	noun	8	9	0	2
ja	相姦	noun	8	9	0	2
ja	丹治	noun	8	9	0	2
ja	ワイキキ	noun	8	9	0	2
ja	書き下ろし	verb	8	9	0	2
ja	ともなわ	verb	8	9	0	2
ja	身柄	noun	8	9	0	2
ja	そこない	noun	8	9	0	2
ja	気配り	noun	8	9	0	2
ja	公案	noun	8	9	0	2
ja	冬期	noun	8	9	0	2
ja	表札	noun	8	9	0	2
ja	敬い	verb	8	9	0	2
ja	韻律	noun	8	9	0	2
ja	つら	noun	8	9	0	2
ja	総て	noun	8	9	0	2
ja	コモンズ	noun	8	9	0	2
ja	フォークナー	noun	8	9	0	2
ja	ドーバー	noun	8	9	0	2
ja	スパ	noun	8	9	0	2
ja	強いて	adverb	8	9	0	2
ja	寝付く	verb	8	9	0	2
ja	和らげれ	verb	8	9	0	2
ja	マズい	adjective	8	9	0	2
ja	ありか	noun	8	9	0	2
ja	そんじょ	noun	8	9	0	2
ja	金品	noun	8	9	0	2
ja	ハヤ	noun	8	9	0	2
ja	風月	noun	8	9	0	2
ja	どもっ	verb	8	9	0	2
ja	マリコ	noun	8	9	0	2
ja	差しのべ	verb	8	9	0	2
ja	新法	noun	8	9	0	2
ja	見通す	verb	8	9	0	2
ja	放りこん	verb	8	9	0	2
ja	みち	verb	8	9	0	2
ja	破傷	noun	8	9	0	2
ja	聞き分け	verb	8	9	0	2
ja	天道	noun	8	9	0	2
ja	幼虫	noun	8	9	0	2
ja	放歌	noun	8	9	0	2
ja	ハズれ	verb	8	9	0	2
ja	静め	verb	8	9	0	2
ja	打ち消す	verb	8	9	0	2
ja	アドバイザー	noun	8	9	0	2
ja	混戦	noun	8	9	0	2
ja	聞き込み	noun	8	9	0	2
ja	ガシッ	adverb	8	9	0	2
ja	注ぎ込ま	verb	8	9	0	2
ja	告ぐ	verb	8	9	0	2
ja	仮令	adverb	8	9	0	2
ja	冶金	noun	8	9	0	2
ja	是正	noun	8	9	0	2
ja	常備	noun	8	9	0	2
ja	マシーン	noun	8	9	0	2
ja	ゆゑ	noun	8	9	0	2
ja	面従	noun	8	9	0	2
ja	院内	noun	8	9	0	2
ja	教えあい	verb	8	9	0	2
ja	一堂	noun	8	9	0	2
ja	打ち込む	verb	8	9	0	2
ja	風波	noun	8	9	0	2
ja	日進	noun	8	9	0	2
ja	物憂	adjective	8	9	0	2
ja	海綿	noun	8	9	0	2
ja	全巻	noun	8	9	0	2
ja	是非	noun	8	9	0	2
ja	一擲	noun	8	9	0	2
ja	合成	noun	8	9	0	2
ja	懐かしむ	verb	8	9	1	1
ja	越せる	verb	8	9	1	1
ja	上まわっ	verb	8	9	1	1
ja	すっぽかさ	verb	8	9	1	1
ja	なくっ	adjective	8	9	1	1
ja	侮れ	verb	8	9	1	1
ja	馴れ馴れしい	adjective	8	9	1	1
ja	悟り	verb	8	9	1	1
ja	聞ける	verb	8	9	1	1
ja	格下げ	noun	8	9	1	1
ja	ロリコン	noun	8	9	1	1
ja	古墳	noun	8	9	1	1
ja	啼い	verb	8	9	1	1
ja	にらま	verb	8	9	1	1
ja	止まり	noun	8	9	1	1
ja	いえよう	verb	8	9	1	1
ja	推挙	noun	8	9	1	1
ja	緩む	verb	8	9	1	1
ja	物語ら	verb	8	9	1	1
ja	いたむ	verb	8	9	1	1
ja	居城	noun	8	9	1	1
ja	国是	noun	8	9	1	1
ja	納まら	verb	8	9	1	1
ja	苦悶	noun	8	9	1	1
ja	衰微	noun	8	9	1	1
ja	崇め	verb	8	9	1	1
ja	乾き	verb	8	9	1	1
ja	ベンチャー	noun	8	9	1	1
ja	散見	noun	8	9	1	1
ja	祭っ	verb	8	9	1	1
ja	明記	noun	8	9	1	1
ja	科す	verb	8	9	1	1
ja	むせび泣き	verb	8	9	1	1
ja	陥れる	verb	8	9	1	1
ja	憚ら	verb	8	9	1	1
ja	充当	noun	8	9	1	1
ja	求むる	verb	8	9	1	1
ja	先発	noun	8	9	1	1
ja	ネンネ	noun	8	9	1	1
ja	推し	verb	8	9	1	1
ja	臨ん	verb	8	9	1	1
ja	しょぼん	adverb	8	9	1	1
ja	カツオドリ	noun	8	9	1	1
ja	転院	noun	8	9	1	1
ja	あきあき	noun	8	9	1	1
ja	円墳	noun	8	9	1	1
ja	烈し	adjective	8	9	1	1
ja	響	noun	8	9	1	1
ja	たしなん	verb	8	9	1	1
ja	もくろん	verb	8	9	1	1
ja	あぜ道	noun	8	9	1	1
ja	オランウータン	noun	8	9	1	1
ja	めぐら	verb	8	9	1	1
ja	撃墜	noun	8	9	1	1
ja	せしめ	verb	8	9	1	1
ja	廃業	noun	8	9	1	1
ja	事欠く	verb	8	9	1	1
ja	差し入れ	noun	8	9	1	1
ja	一望	noun	8	9	1	1
ja	ウズウズ	adverb	8	9	1	1
ja	ちょろまかし	verb	8	9	1	1
ja	辿る	verb	8	9	1	1
ja	仕切り直し	noun	8	9	1	1
ja	ノーブラ	noun	8	9	1	1
ja	来り	verb	8	9	1	1
ja	逆走	noun	8	9	1	1
ja	流し読み	noun	8	9	1	1
ja	きづか	verb	8	9	1	1
ja	殺げ	verb	8	9	1	1
ja	主著	noun	8	9	1	1
ja	じまん	noun	8	9	1	1
ja	授かり	verb	8	9	1	1
ja	帰休	noun	8	9	1	1
ja	弱る	verb	8	9	1	1
ja	アングリ	adverb	8	9	1	1
ja	治める	verb	8	9	1	1
ja	続けよ	verb	8	9	1	1
ja	終わらさ	verb	8	9	1	1
ja	疵	noun	8	9	1	1
ja	つまづく	verb	8	9	1	1
ja	題材	noun	8	9	1	1
ja	歓談	noun	8	9	1	1
ja	とちっ	verb	8	9	1	1
ja	有し	verb	8	9	1	1
ja	凹み	verb	8	9	1	1
ja	ほぐし	verb	8	9	1	1
ja	必定	noun	8	9	1	1
ja	漬け	verb	8	9	1	1
ja	虻	noun	8	9	1	1
ja	捌け	verb	8	9	1	1
ja	はしょる	verb	8	9	1	1
ja	隔たっ	verb	8	9	1	1
ja	灯さ	verb	8	9	1	1
ja	ウカウカ	adverb	8	9	1	1
ja	力作	noun	8	9	1	1
ja	なれよう	verb	8	9	1	1
ja	掛けれ	verb	8	9	1	1
ja	行水	noun	8	9	1	1
ja	へらさ	verb	8	9	1	1
ja	欠かし	verb	8	9	1	1
ja	鰻登り	noun	8	9	1	1
ja	伸ばさ	verb	8	9	1	1
ja	推察	noun	8	9	1	1
ja	優れもの	noun	8	9	1	1
ja	血判	noun	8	9	1	1
ja	送受信	noun	8	9	1	1
ja	入園	noun	8	9	1	1
ja	右翼	noun	8	9	1	1
ja	ダサ	adjective	8	9	1	1
ja	緩ん	verb	8	9	1	1
ja	水練	noun	8	9	1	1
ja	へたばっ	verb	8	9	1	1
ja	おとずれる	verb	8	9	1	1
ja	拝読	noun	8	9	1	1
ja	延べ払い	noun	8	9	1	1
ja	てんてこ舞い	noun	8	9	1	1
ja	目立た	verb	8	9	1	1
ja	散在	noun	8	9	1	1
ja	オブジェ	noun	8	9	1	1
ja	迎合	noun	8	9	1	1
ja	立ちづめ	noun	8	9	1	1
ja	漬かっ	verb	8	9	1	1
ja	のける	verb	8	9	1	1
ja	はたき	verb	8	9	1	1
ja	まさぐっ	verb	8	9	1	1
ja	さぶい	adjective	8	9	1	1
ja	エキサイト	noun	8	9	1	1
ja	あざむく	verb	8	9	1	1
ja	低まり	verb	8	9	1	1
ja	沈ま	verb	8	9	1	1
ja	浮かばれ	verb	8	9	1	1
ja	底面	noun	8	9	1	1
ja	換える	verb	8	9	1	1
ja	発案	noun	8	9	1	1
ja	みせびらかし	verb	8	9	1	1
ja	負かせ	verb	8	9	1	1
ja	釣瓶落とし	noun	8	9	1	1
ja	応召	noun	8	9	1	1
ja	あしらわ	verb	8	9	1	1
ja	改まり	verb	8	9	1	1
ja	気まずかっ	adjective	8	9	1	1
ja	特注	noun	8	9	1	1
ja	戸惑い	verb	8	9	1	1
ja	きら	adverb	8	9	1	1
ja	ひやかさ	verb	8	9	1	1
ja	ゆがん	verb	8	9	1	1
ja	丸かっ	adjective	8	9	1	1
ja	殺風景	noun	8	9	1	1
ja	むさぼり	verb	8	9	1	1
ja	速める	verb	8	9	1	1
ja	およぼさ	verb	8	9	1	1
ja	いぶかしま	verb	8	9	1	1
ja	聞かし	verb	8	9	1	1
ja	つぶそっ	verb	8	9	1	1
ja	奨め	verb	8	9	1	1
ja	徹す	verb	8	9	1	1
ja	狙い	verb	8	9	1	1
ja	割愛	noun	8	9	1	1
ja	常道	noun	8	9	1	1
ja	こだわろう	verb	8	9	1	1
ja	静置	noun	8	9	1	1
ja	ガマン	noun	8	9	1	1
ja	再見	noun	8	9	1	1
ja	和訳	noun	8	9	1	1
ja	うごかし	verb	8	9	1	1
ja	客引き	noun	8	9	1	1
ja	よそもの	noun	8	9	0	1
ja	もうけ話	noun	8	9	0	1
ja	のみ込む	verb	8	9	0	1
ja	蹴り上げ	verb	8	9	0	1
ja	だだっ広い	adjective	8	9	0	1
ja	当て込ん	verb	8	9	0	1
ja	ケレー	noun	8	9	0	1
ja	石棺	noun	8	9	0	1
ja	句読	noun	8	9	0	1
ja	しゃしゃり出	verb	8	9	0	1
ja	えり分け	verb	8	9	0	1
ja	建国	noun	8	9	0	1
ja	線香	noun	8	9	0	1
ja	士	noun	8	9	0	1
ja	飲まし	verb	8	9	0	1
ja	懐炉	noun	8	9	0	1
ja	変わり映え	noun	8	9	0	1
ja	里奈	noun	8	9	0	1
ja	跳ね返っ	verb	8	9	0	1
ja	もちだし	verb	8	9	0	1
ja	丑	noun	8	9	0	1
ja	デオキシリボ	noun	8	9	0	1
ja	ＮＨＬ	noun	8	9	0	1
ja	笑覧	noun	8	9	0	1
ja	ぎらつい	verb	8	9	0	1
ja	シルビア	noun	8	9	0	1
ja	ＩＤ	noun	8	9	0	1
ja	着せる	verb	8	9	0	1
ja	拾い	verb	8	9	0	1
ja	欠品	noun	8	9	0	1
ja	モタモタ	adverb	8	9	0	1
ja	喪っ	verb	8	9	0	1
ja	貧窮	noun	8	9	0	1
ja	沈める	verb	8	9	0	1
ja	通り掛かり	noun	8	9	0	1
ja	読みとれる	verb	8	9	0	1
ja	くわしく	adjective	8	9	0	1
ja	長足	noun	8	9	0	1
ja	女体	noun	8	9	0	1
ja	グラ	noun	8	9	0	1
ja	産品	noun	8	9	0	1
ja	けけ	adverb	8	9	0	1
ja	パンタロン	noun	8	9	0	1
ja	重ね合わせる	verb	8	9	0	1
ja	気勢	noun	8	9	0	1
ja	貴乃花	noun	8	9	0	1
ja	取り締まっ	verb	8	9	0	1
ja	片鱗	noun	8	9	0	1
ja	くらべれ	verb	8	9	0	1
ja	よんどころ	noun	8	9	0	1
ja	がやがや	adverb	8	9	0	1
ja	稻葉	noun	8	9	0	1
ja	肌身	noun	8	9	0	1
ja	増やそう	verb	8	9	0	1
ja	途切れる	verb	8	9	0	1
ja	やくし	verb	8	9	0	1
ja	和夫	noun	8	9	0	1
ja	くわしい	adjective	8	9	0	1
ja	手荒く	adjective	8	9	0	1
ja	女郎花	noun	8	9	0	1
ja	するする	adverb	8	9	0	1
ja	着眼	noun	8	9	0	1
ja	ぶっこわし	verb	8	9	0	1
ja	優	noun	8	9	0	1
ja	エロス	noun	8	9	0	1
ja	襟巻き	noun	8	9	0	1
ja	即断	noun	8	9	0	1
ja	夏至	noun	8	9	0	1
ja	我欲	noun	8	9	0	1
ja	燃え尽きる	verb	8	9	0	1
ja	ギャラ	noun	8	9	0	1
ja	晴耕	noun	8	9	0	1
ja	決別	noun	8	9	0	1
ja	たま	adverb	8	9	0	1
ja	下火	noun	8	9	0	1
ja	戦中	noun	8	9	0	1
ja	うまれる	verb	8	9	0	1
ja	見栄っ張り	noun	8	9	0	1
ja	望ましく	adjective	8	9	0	1
ja	切り取る	verb	8	9	0	1
ja	反核	noun	8	9	0	1
ja	輩	noun	8	9	0	1
ja	酒癖	noun	8	9	0	1
ja	憎たらしい	adjective	8	9	0	1
ja	フラマン	noun	8	9	0	1
ja	過密	noun	8	9	0	1
ja	玉手	noun	8	9	0	1
ja	共済	noun	8	9	0	1
ja	美質	noun	8	9	0	1
ja	バシレイオス	noun	8	9	0	1
ja	出そろう	verb	8	9	0	1
ja	つぎこん	verb	8	9	0	1
ja	越え	noun	8	9	0	1
ja	隈	noun	8	9	0	1
ja	卵巣	noun	8	9	0	1
ja	プロブレム	noun	8	9	0	1
ja	附	noun	8	9	0	1
ja	満車	noun	8	9	0	1
ja	沿おう	verb	8	9	0	1
ja	間事	noun	8	9	0	1
ja	覇気	noun	8	9	0	1
ja	エマニュエル	noun	8	9	0	1
ja	属格	noun	8	9	0	1
ja	吹きつのっ	verb	8	9	0	1
ja	かがみこま	verb	8	9	0	1
ja	つむり	verb	8	9	0	1
ja	平部	noun	8	9	0	1
ja	ハリントン	noun	8	9	0	1
ja	培え	verb	8	9	0	1
ja	防塵	noun	8	9	0	1
ja	とまら	verb	8	9	0	1
ja	殿下	noun	8	9	0	1
ja	守	noun	8	9	0	1
ja	教典	noun	8	9	0	1
ja	高配	noun	8	9	0	1
ja	ガツン	adverb	8	9	0	1
ja	論じ合う	verb	8	9	0	1
ja	内接	noun	8	9	0	1
ja	いっき	noun	8	9	0	1
ja	よう	noun	8	9	0	1
ja	アトラクション	noun	8	9	0	1
ja	他所	noun	8	9	0	1
ja	そこらへん	compounds	8	9	0	1
ja	ホルヘ	noun	8	9	0	1
ja	対向	noun	8	9	0	1
ja	グツグツ	adverb	8	9	0	1
ja	がたつく	verb	8	9	0	1
ja	れっき	noun	8	9	0	1
ja	吹きこん	verb	8	9	0	1
ja	剃毛	noun	8	9	0	1
ja	目蓋	noun	8	9	0	1
ja	完治	noun	8	9	0	1
ja	豊田	noun	8	9	0	1
ja	沿い	verb	8	9	0	1
ja	手根	noun	8	9	0	1
ja	なかば	noun	8	9	0	1
ja	隋	noun	8	9	0	1
ja	オナホール	noun	8	9	0	1
ja	おかま	noun	8	9	0	1
ja	満ち潮	noun	8	9	0	1
ja	フランクフルト	noun	8	9	0	1
ja	権	noun	8	9	0	1
ja	縫物	noun	8	9	0	1
ja	ねたま	verb	8	9	0	1
ja	大輝	noun	8	9	0	1
ja	やりなおす	verb	8	9	0	1
ja	げっそり	adverb	8	9	0	1
ja	並び	noun	8	9	0	1
ja	恋仲	noun	8	9	0	1
ja	未然	noun	8	9	0	1
ja	友理子	noun	8	9	0	1
ja	燃えろ	verb	8	9	0	1
ja	たたきこん	verb	8	9	0	1
ja	攻める	verb	8	9	0	1
ja	月額	noun	8	9	0	1
ja	売り渡す	verb	8	9	0	1
ja	集積	noun	8	9	0	1
ja	ウラノス	noun	8	9	0	1
ja	誉めそやす	verb	8	9	0	1
ja	尾崎	noun	8	9	0	1
ja	なさけない	adjective	8	9	0	1
ja	牽引	noun	8	9	0	1
ja	前巻	noun	8	9	0	1
ja	すぎれ	verb	8	9	0	1
ja	バンプ	noun	8	9	0	1
ja	斬首	noun	8	9	0	1
ja	晃	noun	8	9	0	1
ja	エキスポ	noun	8	9	0	1
ja	遠心	noun	8	9	0	1
ja	鋼材	noun	8	9	0	1
ja	防毒	noun	8	9	0	1
ja	窯	noun	8	9	0	1
ja	一子	noun	8	9	0	1
ja	ソーラー	noun	8	9	0	1
ja	トマ	noun	8	9	0	1
ja	感化	noun	8	9	0	1
ja	キャンパー	noun	8	9	0	1
ja	走	noun	8	9	0	1
ja	がら	noun	8	9	0	1
ja	凝らさ	verb	8	9	0	1
ja	フロネ	noun	8	9	0	1
ja	電算	noun	8	9	0	1
ja	目の玉	noun	8	9	0	1
ja	ビア	noun	8	9	0	1
ja	愛煙	noun	8	9	0	1
ja	精舎	noun	8	9	0	1
ja	コンコーダンス	noun	8	9	0	1
ja	描き分ける	verb	8	9	0	1
ja	ウダツ	noun	8	9	0	1
ja	別状	noun	8	9	0	1
ja	ムジナ	noun	8	9	0	1
ja	ズシッ	adverb	8	9	0	1
ja	聞き出す	verb	8	9	0	1
ja	オークス	noun	8	9	0	1
ja	黒田	noun	8	9	0	1
ja	はしり	verb	8	9	0	1
ja	パメラ	noun	8	9	0	1
ja	欠損	noun	8	9	0	1
ja	ｃｏｍ	noun	8	9	0	1
ja	マインスイーパ	noun	8	9	0	1
ja	とり戻さ	verb	8	9	0	1
ja	初婚	noun	8	9	0	1
ja	づれ	verb	8	9	0	1
ja	ゆうに	adverb	8	9	0	1
ja	フィルハーモニー	noun	8	9	0	1
ja	満座	noun	8	9	0	1
ja	ジグ	noun	8	9	0	1
ja	メ	noun	8	9	0	1
ja	空室	noun	8	9	0	1
ja	キルビー	noun	8	9	0	1
ja	ホイップ	noun	8	9	0	1
ja	ぽっくり	adverb	8	9	0	1
ja	更々	adverb	8	9	0	1
ja	絵柄	noun	8	9	0	1
ja	重し	noun	8	9	0	1
ja	切り付け	verb	8	9	0	1
ja	直下	noun	8	9	0	1
ja	無塩	noun	8	9	0	1
ja	悩みぬい	verb	8	9	0	1
ja	のぼせ上がっ	verb	8	9	0	1
ja	食餌	noun	8	9	0	1
ja	忠犬	noun	8	9	0	1
ja	聴取	noun	8	9	0	1
ja	球拾い	noun	8	9	0	1
ja	登板	noun	8	9	0	1
ja	聴講	noun	8	9	0	1
ja	よごし	noun	8	9	0	1
ja	スパニッシュ	noun	8	9	0	1
ja	長嶋	noun	8	9	0	1
ja	クロポトキン	noun	8	9	0	1
ja	基督	noun	8	9	0	1
ja	ラジカセ	noun	8	9	0	1
ja	成金	noun	8	9	0	1
ja	倉敷	noun	8	9	0	1
ja	ＵＳＢ	noun	8	9	0	1
ja	コンテキスト	noun	8	9	0	1
ja	ジャニーズ	noun	8	9	0	1
ja	ひっくり返す	verb	8	9	0	1
ja	プリセット	noun	8	9	0	1
ja	ちち	adverb	8	9	0	1
ja	語用	noun	8	9	0	1
ja	罪深	adjective	8	9	0	1
ja	人騒がせ	noun	8	9	0	1
ja	新手	noun	8	9	0	1
ja	外れ	noun	8	9	0	1
ja	上層	noun	8	9	0	1
ja	わめき立てる	verb	8	9	0	1
ja	逃げ回っ	verb	8	9	0	1
ja	しもべ	noun	8	9	0	1
ja	濁さ	verb	8	9	0	1
ja	粘膜	noun	8	9	0	1
ja	流行る	verb	8	9	0	1
ja	のろかっ	adjective	8	9	0	1
ja	さそふ	verb	8	9	0	1
ja	浸礼	noun	8	9	0	1
ja	ユウジ	noun	8	9	0	1
ja	愚連	noun	8	9	0	1
ja	雨読	noun	8	9	0	1
ja	出入国	noun	8	9	0	1
ja	替え玉	noun	8	9	0	1
ja	迷宮	noun	8	9	0	1
ja	女湯	noun	8	9	0	1
ja	コロンビア	noun	8	9	0	1
ja	万象	noun	8	9	0	1
ja	余談	noun	8	9	0	1
ja	果てる	verb	8	9	0	1
ja	海事	noun	8	9	0	1
ja	滞る	verb	8	9	0	1
ja	大しけ	noun	8	9	0	1
ja	ちんちん	adverb	8	9	0	1
ja	傾けよう	verb	8	9	0	1
ja	ショボショボ	adverb	8	9	0	1
ja	浦々	noun	8	9	0	1
ja	辿り着き	verb	8	9	0	1
ja	碑銘	noun	8	9	0	1
ja	春田	noun	8	9	0	1
ja	刈り残し	verb	8	9	0	1
ja	ドー	adverb	8	9	0	1
ja	はじか	verb	8	9	0	1
ja	逆撫で	noun	8	9	0	1
ja	ハイド	noun	8	9	0	1
ja	張り合う	verb	8	9	0	1
ja	悔恨	noun	8	9	0	1
ja	御の字	noun	8	9	0	1
ja	本職	noun	8	9	0	1
ja	う	verb	8	9	0	1
ja	寒空	noun	8	9	0	1
ja	チリチリ	adverb	8	9	0	1
ja	末日	noun	8	9	0	1
ja	引き連れ	verb	8	9	0	1
ja	燃え盛る	verb	8	9	0	1
ja	チクッ	adverb	8	9	0	1
ja	戸別	noun	8	9	0	1
ja	デッチ上げ	verb	8	9	0	1
ja	訓令	noun	8	9	0	1
ja	返り血	noun	8	9	0	1
ja	練り粉	noun	8	9	0	1
ja	ラリー	noun	8	9	0	1
ja	敷ける	verb	8	9	0	1
ja	店先	noun	8	9	0	1
ja	飛び移っ	verb	8	9	0	1
ja	ｍｅｄｉａ	noun	8	9	0	1
ja	早ね	noun	8	9	0	1
ja	なが	adjective	8	9	0	1
ja	バルボア	noun	8	9	0	1
ja	エンブレム	noun	8	9	0	1
ja	両州	noun	8	9	0	1
ja	粥	noun	8	9	0	1
ja	盛りあげる	verb	8	9	0	1
ja	退路	noun	8	9	0	1
ja	ときめか	verb	8	9	0	1
ja	シン	noun	8	9	0	1
ja	ひと泡	noun	8	9	0	1
ja	端末	noun	8	9	0	1
ja	電機	noun	8	9	0	1
ja	ギャップ	noun	8	9	0	1
ja	デュオ	noun	8	9	0	1
ja	フォーカル	noun	8	9	0	1
ja	天網	noun	8	9	0	1
ja	寝つき	noun	8	9	0	1
ja	シャネラー	noun	8	9	0	1
ja	汚水	noun	8	9	0	1
ja	バナ	noun	8	9	0	1
ja	むくろじ	noun	8	9	0	1
ja	延び延び	noun	8	9	0	1
ja	茂雄	noun	8	9	0	1
ja	病魔	noun	8	9	0	1
ja	禁忌	noun	8	9	0	1
ja	強面	noun	8	9	0	1
ja	折衝	noun	8	9	0	1
ja	２人乗り	noun	8	9	0	1
ja	清め	noun	8	9	0	1
ja	厚かっ	adjective	8	9	0	1
ja	宿り	verb	8	9	0	1
ja	ウオーン	adverb	8	9	0	1
ja	流し込ん	verb	8	9	0	1
ja	ハチ公	noun	8	9	0	1
ja	冬山	noun	8	9	0	1
ja	持ち直し	verb	8	9	0	1
ja	かきくれ	verb	8	9	0	1
ja	呼気	noun	8	9	0	1
ja	放り込ん	verb	8	9	0	1
ja	朝霧	noun	8	9	0	1
ja	巨石	noun	8	9	0	1
ja	メールボックス	noun	8	9	0	1
ja	ＮＥＣ	noun	8	9	0	1
ja	退去	noun	8	9	0	1
ja	生なましい	adjective	8	9	0	1
ja	ミスド	noun	8	9	0	1
ja	持ち去っ	verb	8	9	0	1
ja	トロい	adjective	8	9	0	1
ja	超訳	noun	8	9	0	1
ja	ヤマネコ	noun	8	9	0	1
ja	昔むかし	noun	8	9	0	1
ja	共振	noun	8	9	0	1
ja	始まれ	verb	8	9	0	1
ja	てんとう	noun	8	9	0	1
ja	クロム	noun	8	9	0	1
ja	飼え	verb	8	9	0	1
ja	ぬぐう	verb	8	9	0	1
ja	披露目	noun	8	9	0	1
ja	ウエスタン	noun	8	9	0	1
ja	基底	noun	8	9	0	1
ja	玉石	noun	8	9	0	1
ja	ウエ	noun	8	9	0	1
ja	香辛	noun	8	9	0	1
ja	江本	noun	8	9	0	1
ja	えらん	verb	8	9	0	1
ja	インターホン	noun	8	9	0	1
ja	アルベルト	noun	8	9	0	1
ja	愚論	noun	8	9	0	1
ja	画帳	noun	8	9	0	1
ja	頼める	verb	8	9	0	1
ja	瑣事	noun	8	9	0	1
ja	筏	noun	8	9	0	1
ja	おもむく	verb	8	9	0	1
ja	しのびよっ	verb	8	9	0	1
ja	専属	noun	8	9	0	1
ja	とおりすぎ	verb	8	9	0	1
ja	引継ぐ	verb	8	9	0	1
ja	級	noun	8	9	0	1
ja	門田	noun	8	9	0	1
ja	転用	noun	8	9	0	1
ja	テン	noun	8	9	0	1
ja	朝明	noun	8	9	0	1
ja	貸し渋り	noun	8	9	0	1
ja	水遣り	noun	8	9	0	1
ja	他意	noun	8	9	0	1
ja	空性	noun	8	9	0	1
ja	声色	noun	8	9	0	1
ja	問いかけ	verb	8	9	0	1
ja	走りこん	verb	8	9	0	1
ja	内申	noun	8	9	0	1
ja	殴り倒さ	verb	8	9	0	1
ja	照射	noun	8	9	0	1
ja	ペーズリー	noun	8	9	0	1
ja	台座	noun	8	9	0	1
ja	敗者	noun	8	9	0	1
ja	ライフセーバー	noun	8	9	0	1
ja	ファミコン	noun	8	9	0	1
ja	絵馬	noun	8	9	0	1
ja	とど	noun	8	9	0	1
ja	漕げ	verb	8	9	0	1
ja	累積	noun	8	9	0	1
ja	ひいひい	adverb	8	9	0	1
ja	両々	noun	8	9	0	1
ja	ビアン	noun	8	9	0	1
ja	暴れる	verb	8	9	0	1
ja	拠出	noun	8	9	0	1
ja	そこない	verb	8	9	0	1
ja	当塾	noun	8	9	0	1
ja	吹き込ま	verb	8	9	0	1
ja	そっと	compounds	8	9	0	1
ja	言い返し	verb	8	9	0	1
ja	本年	noun	8	9	0	1
ja	インタラクティブ	noun	8	9	0	1
ja	ざわめき	verb	8	9	0	1
ja	赤恥	noun	8	9	0	1
ja	戦歴	noun	8	9	0	1
ja	腱炎	noun	8	9	0	1
ja	通気	noun	8	9	0	1
ja	車体	noun	8	9	0	1
ja	代返	noun	8	9	0	1
ja	東亜	noun	8	9	0	1
ja	すき間	noun	8	9	0	1
ja	醜男	noun	8	9	0	1
ja	そば粉	noun	8	9	0	1
ja	ハイネケン	noun	8	9	0	1
ja	ラ行	noun	8	9	0	1
ja	アカペラ	noun	8	9	0	1
ja	敷く	verb	8	9	0	1
ja	生米	noun	8	9	0	1
ja	内膜	noun	8	9	0	1
ja	くちゃくちゃ	adverb	8	9	0	1
ja	ぐじぐじ	adverb	8	9	0	1
ja	圧し	verb	8	9	0	1
ja	ルイーザ	noun	8	9	0	1
ja	臓物	noun	8	9	0	1
ja	各隊	noun	8	9	0	1
ja	ブクブク	adverb	8	9	0	1
ja	優遇	noun	8	9	0	1
ja	土用	noun	8	9	0	1
ja	直結	noun	8	9	0	1
ja	下手クソ	noun	8	9	0	1
ja	生き恥	noun	8	9	0	1
ja	クジャク	noun	8	9	0	1
ja	挫い	verb	8	9	0	1
ja	諸行	noun	8	9	0	1
ja	有識	noun	8	9	0	1
ja	聡い	adjective	8	9	0	1
ja	弾き語り	noun	8	9	0	1
ja	小中学	noun	8	9	0	1
ja	逢瀬	noun	8	9	0	1
ja	造り出す	verb	8	9	0	1
ja	遊説	noun	8	9	0	1
ja	昇華	noun	8	9	0	1
ja	チャム	noun	8	9	0	1
ja	ふてぶてしい	adjective	8	9	0	1
ja	似姿	noun	8	9	0	1
ja	襦袢	noun	8	9	0	1
ja	アルツハイマー	noun	8	9	0	1
ja	盛り付ける	verb	8	9	0	1
ja	寄宿	noun	8	9	0	1
ja	飼いならさ	verb	8	9	0	1
ja	修養	noun	8	9	0	1
ja	打ちとけ	verb	8	9	0	1
ja	悪政	noun	8	9	0	1
ja	慎み深	adjective	8	9	0	1
ja	跳躍	noun	8	9	0	1
ja	手分け	noun	8	9	0	1
ja	カッパドキア	noun	8	9	0	1
ja	石灰	noun	8	9	0	1
ja	寧	noun	8	9	0	1
ja	重体	noun	8	9	0	1
ja	バレル	noun	8	9	0	1
ja	白湯	noun	8	9	0	1
ja	弁別	noun	8	9	0	1
ja	造成	noun	8	9	0	1
ja	スッタニパータ	noun	8	9	0	1
ja	短剣	noun	8	9	0	1
ja	偏差	noun	8	9	0	1
ja	如来	noun	8	9	0	1
ja	あたたか	adjective	8	9	0	1
ja	まかない	verb	8	9	0	1
ja	スクーナー	noun	8	9	0	1
ja	アウトライン	noun	8	9	0	1
ja	そんなこんな	compounds	8	9	0	1
ja	やっつけよう	verb	8	9	0	1
ja	黒塗り	noun	8	9	0	1
ja	東邦	noun	8	9	0	1
ja	アンリエット	noun	8	9	0	1
ja	こそっ	adverb	8	9	0	1
ja	NHK	compounds	8	9	0	1
ja	こし	noun	8	9	0	1
ja	エッセー	noun	8	9	0	1
ja	相伝	noun	8	9	0	1
ja	半面	noun	8	9	0	1
ja	底辺	noun	8	9	0	1
ja	河田	noun	8	9	0	1
ja	レミ	noun	8	9	0	1
ja	唐	noun	8	9	0	1
ja	呼びこもう	verb	8	9	0	1
ja	田畑	noun	8	9	0	1
ja	カバレッジ	noun	8	9	0	1
ja	つなげれ	verb	8	9	0	1
ja	モットー	noun	8	9	0	1
ja	タンザニア	noun	8	9	0	1
ja	ヴィルヘルム	noun	8	9	0	1
ja	ブービー	noun	8	9	0	1
ja	引き取る	verb	8	9	0	1
ja	執念	noun	8	9	0	1
ja	あやとり	noun	8	9	0	1
ja	腹這い	noun	8	9	0	1
ja	直り	verb	8	9	0	1
ja	ローンダリング	noun	8	9	0	1
ja	期し	verb	8	9	0	1
ja	せり	noun	8	9	0	1
ja	働き手	noun	8	9	0	1
ja	コンバインド	noun	8	9	0	1
ja	ほほ笑み	verb	8	9	0	1
ja	みくびる	verb	8	9	0	1
ja	おおきく	adjective	8	9	0	1
ja	米ソ	noun	8	9	0	1
ja	任天	noun	8	9	0	1
ja	捕鯨	noun	8	9	0	1
ja	えっちらおっちら	adverb	8	9	0	1
ja	言い残す	verb	8	9	0	1
ja	カンザス	noun	8	9	0	1
ja	乗り回し	verb	8	9	0	1
ja	背任	noun	8	9	0	1
ja	田舎育ち	noun	8	9	0	1
ja	吹き	noun	8	9	0	1
ja	塚	noun	8	9	0	1
ja	起す	verb	8	9	0	1
ja	寝入れ	verb	8	9	0	1
ja	田森	noun	8	9	0	1
ja	ペンテコステ	noun	8	9	0	1
ja	愚息	noun	8	9	0	1
ja	食える	verb	8	9	0	1
ja	中海	noun	8	9	0	1
ja	パケット	noun	8	9	0	1
ja	濡れ	noun	8	9	0	1
ja	大道	noun	8	9	0	1
ja	パチパチ	adverb	8	9	0	1
ja	俗	noun	8	9	0	1
ja	カーヴァー	noun	8	9	0	1
ja	やり口	noun	8	9	0	1
ja	ｇｅｔ	noun	8	9	0	1
ja	バーリン	noun	8	9	0	1
ja	こらし	verb	8	9	0	1
ja	しゃちほこ	noun	8	9	0	1
ja	アセ	noun	8	9	0	1
ja	異教	noun	8	9	0	1
ja	升	noun	8	9	0	1
ja	くど	adjective	8	9	0	1
ja	及び腰	noun	8	9	0	1
ja	煙っ	verb	8	9	0	1
ja	ほろ	adverb	8	9	0	1
ja	精鋭	noun	8	9	0	1
ja	クリーナー	noun	8	9	0	1
ja	アウトバーン	noun	8	9	0	1
ja	河原	noun	8	9	0	1
ja	穢す	verb	8	9	0	1
ja	こみ	noun	8	9	0	1
ja	にょきっ	adverb	8	9	0	1
ja	全曲	noun	8	9	0	1
ja	まわり	verb	8	9	0	1
ja	涙ぐましい	adjective	8	9	0	1
ja	配属	noun	8	9	0	1
ja	永い	adjective	8	9	0	1
ja	ボリ	noun	8	9	0	1
ja	浸食	noun	8	9	0	1
ja	たちのか	verb	8	9	0	1
ja	翳	noun	8	9	0	1
ja	ｔｏ	noun	8	9	0	1
ja	絶後	noun	8	9	0	1
ja	全知	noun	8	9	0	1
ja	におわす	verb	8	9	0	1
ja	洗える	verb	8	9	0	1
ja	津々	noun	8	9	0	1
ja	水流	noun	8	9	0	1
ja	じゃが	noun	8	9	0	1
ja	題する	verb	8	9	0	1
ja	素描	noun	8	9	0	1
ja	タイガー	noun	8	9	0	1
ja	東名	noun	8	9	0	1
ja	終わり値	noun	8	9	0	1
ja	述部	noun	8	9	0	1
ja	船級	noun	8	9	0	1
ja	ちんこ	noun	8	9	0	1
ja	雪花	noun	8	9	0	1
ja	受像	noun	8	9	0	1
ja	陳腐	noun	8	9	0	1
ja	下段	noun	8	9	0	1
ja	機数	noun	8	9	0	1
ja	竹取	noun	8	9	0	1
ja	拾い集める	verb	8	9	0	1
ja	ウネウネ	adverb	8	9	0	1
ja	逐一	adverb	8	9	0	1
ja	よそおっ	verb	8	9	0	1
ja	はたち	noun	8	9	0	1
ja	焚書	noun	8	9	0	1
ja	やばく	adjective	8	9	0	1
ja	コロセウム	noun	8	9	0	1
ja	ケシ	noun	8	9	0	1
ja	薬箱	noun	8	9	0	1
ja	書きこみ	noun	8	9	0	1
ja	結美	noun	8	9	0	1
ja	毀損	noun	8	9	0	1
ja	ハイヤー	noun	8	9	0	1
ja	スキップ	noun	8	9	0	1
ja	取り持っ	verb	8	9	0	1
ja	件名	noun	8	9	0	1
ja	鉄片	noun	8	9	0	1
ja	清廉	noun	8	9	0	1
ja	ドレスデン	noun	8	9	0	1
ja	丸み	noun	8	9	0	1
ja	おさない	adjective	8	9	0	1
ja	詰まり	adverb	8	9	0	1
ja	マウンド	noun	8	9	0	1
ja	リール	noun	8	9	0	1
ja	石段	noun	8	9	0	1
ja	褐色	noun	8	9	0	1
ja	御飯	noun	8	9	0	1
ja	客体	noun	8	9	0	1
ja	検察	noun	8	9	0	1
ja	胸筋	noun	8	9	0	1
ja	はみ出	verb	8	9	0	1
ja	流行ら	verb	8	9	0	1
ja	一ぱい	adverb	8	9	0	1
ja	赤らめる	verb	8	9	0	1
ja	どっしり	adverb	8	9	0	1
ja	かたむけれ	verb	8	9	0	1
ja	くれん	verb	8	9	0	1
ja	ユーザーズ	noun	8	9	0	1
ja	マギー	noun	8	9	0	1
ja	巻き起こっ	verb	8	9	0	1
ja	利得	noun	8	9	0	1
ja	英米	noun	8	9	0	1
ja	浮きぼり	noun	8	9	0	1
ja	ロケ	noun	8	9	0	1
ja	落ちつけよう	verb	8	9	0	1
ja	山奥	noun	8	9	0	1
ja	晴朗	noun	8	9	0	1
ja	設けよう	verb	8	9	0	1
ja	ほうぼう	noun	8	9	0	1
ja	坂本	noun	8	9	0	1
ja	とりなおし	verb	8	9	0	1
ja	諮問	noun	8	9	0	1
ja	読解	noun	8	9	0	1
ja	嘘泣き	noun	8	9	0	1
ja	荒れ	noun	8	9	0	1
ja	うすうす	adverb	8	9	0	1
ja	税収	noun	8	9	0	1
ja	明らめ	verb	8	9	0	1
ja	恢恢	noun	8	9	0	1
ja	水仕事	noun	8	9	0	1
ja	足先	noun	8	9	0	1
ja	生やす	verb	8	9	0	1
ja	リアス	noun	8	9	0	1
ja	見回す	verb	8	9	0	1
ja	下見	noun	8	9	0	1
ja	プレト	noun	8	9	0	1
ja	駆け付け	verb	8	9	0	1
ja	マッピング	noun	8	9	0	1
ja	デイビス	noun	8	9	0	1
ja	見ちがえる	verb	8	9	0	1
ja	区割り	noun	8	9	0	1
ja	胃酸	noun	8	9	0	1
ja	子取り	noun	8	9	0	1
ja	バーナ	noun	8	9	0	1
ja	担ぎ込ま	verb	8	9	0	1
ja	ガサッ	adverb	8	9	0	1
ja	初級	noun	8	9	0	1
ja	サザエ	noun	8	9	0	1
ja	ガマ口	noun	8	9	0	1
ja	持ち株	noun	8	9	0	1
ja	ひき逃げ	noun	8	9	0	1
ja	祓う	verb	8	9	0	1
ja	いとおしく	adjective	8	9	0	1
ja	効き	noun	8	9	0	1
ja	けたたましい	adjective	8	9	0	1
ja	マーサー	noun	8	9	0	1
ja	丸焼け	noun	8	9	0	1
ja	佇み	verb	8	9	0	1
ja	たち直っ	verb	8	9	0	1
ja	みず	noun	8	9	0	1
ja	ほとばしる	verb	8	9	0	1
ja	西高	noun	8	9	0	1
ja	敗残	noun	8	9	0	1
ja	早歩き	noun	8	9	0	1
ja	編みあげ	verb	8	9	0	1
ja	春菊	noun	8	9	0	1
ja	ヤタ	noun	8	9	0	1
ja	エスプリ	noun	8	9	0	1
ja	アルフォンス	noun	8	9	0	1
ja	いじり	verb	8	9	0	1
ja	かめ	verb	8	9	0	1
ja	合える	verb	8	9	0	1
ja	辿り着く	verb	8	9	0	1
ja	シシュポス	noun	8	9	0	1
ja	通じ合え	verb	8	9	0	1
ja	空理	noun	8	9	0	1
ja	指使い	noun	8	9	0	1
ja	使役	noun	8	9	0	1
ja	幼かっ	adjective	8	9	0	1
ja	取りしきれ	verb	8	9	0	1
ja	五臓	noun	8	9	0	1
ja	ナップザック	noun	8	9	0	1
ja	すくま	verb	8	9	0	1
ja	割り箸	noun	8	9	0	1
ja	ひやひや	adverb	8	9	0	1
ja	手がける	verb	8	9	0	1
ja	泣き喚い	verb	8	9	0	1
ja	くぼ	noun	8	9	0	1
ja	傷つか	verb	8	9	0	1
ja	キモ	noun	8	9	0	1
ja	後場	noun	8	9	0	1
ja	信徒	noun	8	9	0	1
ja	スク	noun	8	9	0	1
ja	抗酸	noun	8	9	0	1
ja	ろく	noun	8	9	0	1
ja	血なまぐさい	adjective	8	9	0	1
ja	統べ	verb	8	9	0	1
ja	厚紙	noun	8	9	0	1
ja	土石	noun	8	9	0	1
ja	しらばっくれる	verb	8	9	0	1
ja	セイリング	noun	8	9	0	1
ja	いっしょくた	noun	8	9	0	1
ja	白骨	noun	8	9	0	1
ja	成形	noun	8	9	0	1
ja	遊び歩い	verb	8	9	0	1
ja	親分	noun	8	9	0	1
ja	ずばり	adverb	8	9	0	1
ja	比肩	noun	8	9	0	1
ja	曽	noun	8	9	0	1
ja	慶び	noun	8	9	0	1
ja	イタズラ	noun	8	9	0	1
ja	ヴルフ	noun	8	9	0	1
ja	ドス	noun	8	9	0	1
ja	トコ	noun	8	9	0	1
ja	在れ	verb	8	9	0	1
ja	熟慮	noun	8	9	0	1
ja	混ぜ物	noun	8	9	0	1
ja	キャブレター	noun	8	9	0	1
ja	ボッ	adverb	8	9	0	1
ja	促音	noun	8	9	0	1
ja	与野党	noun	8	9	0	1
ja	麗しく	adjective	8	9	0	1
ja	シロウト	noun	8	9	0	1
ja	イザイア	noun	8	9	0	1
ja	スキャナー	noun	8	9	0	1
ja	盲信	noun	8	9	0	1
ja	捌く	verb	8	9	0	1
ja	ＣＯ２	noun	8	9	0	1
ja	立	verb	8	9	0	1
ja	熊手	noun	8	9	0	1
ja	克巳	noun	8	9	0	1
ja	おもしろみ	noun	8	9	0	1
ja	ブランディ	noun	8	9	0	1
ja	掠れ	verb	8	9	0	1
ja	安眠	noun	8	9	0	1
ja	色物	noun	8	9	0	1
ja	ぐら	adverb	8	9	0	1
ja	木漏れ日	noun	8	9	0	1
ja	ツルハシ	noun	8	9	0	1
ja	メトロ	noun	8	9	0	1
ja	各色	noun	8	9	0	1
ja	動かせる	verb	8	9	0	1
ja	呼び捨て	noun	8	9	0	1
ja	血流	noun	8	9	0	1
ja	争点	noun	8	9	0	1
ja	山勘	noun	8	9	0	1
ja	ポーン	noun	8	9	0	1
ja	畑仕事	noun	8	9	0	1
ja	送り込ん	verb	8	9	0	1
ja	踏み込み	verb	8	9	0	1
ja	アルミニウム	noun	8	9	0	1
ja	引きこもり	noun	8	9	0	1
ja	ムワンザ	noun	8	9	0	1
ja	推戴	noun	8	9	0	1
ja	当期	noun	8	9	0	1
ja	ゲテモノ	noun	8	9	0	1
ja	傷物	noun	8	9	0	1
ja	出向き	verb	8	9	0	1
ja	差し向かい	noun	8	9	0	1
ja	アンモニア	noun	8	9	0	1
ja	日立	noun	8	9	0	1
ja	そぉっと	adverb	8	9	0	1
ja	ヒラヒラ	adverb	8	9	0	1
ja	受け賜り	verb	8	9	0	1
ja	振り替え	verb	8	9	0	1
ja	バッファ	noun	8	9	0	1
ja	攻守	noun	8	9	0	1
ja	タケ	noun	8	9	0	1
ja	あつらえる	verb	8	9	0	1
ja	あきよし	noun	8	9	0	1
ja	迷い込ん	verb	8	9	0	1
ja	サンダー	noun	8	9	0	1
ja	あまねく	adverb	8	9	0	1
ja	野田	noun	8	9	0	1
ja	水銀	noun	8	9	0	1
ja	陸生	noun	8	9	0	1
ja	スースー	adverb	8	9	0	1
ja	受け取れる	verb	8	9	0	1
ja	持ち運べ	verb	8	9	0	1
ja	穂木	noun	8	9	0	1
ja	両肩	noun	8	9	0	1
ja	帰化	noun	8	9	0	1
ja	羽ばたか	verb	8	9	0	1
ja	婚家	noun	8	9	0	1
ja	インターン	noun	8	9	0	1
ja	自爆	noun	8	9	0	1
ja	国内外	noun	8	9	0	1
ja	スティック	noun	8	9	0	1
ja	リバース	noun	8	9	0	1
ja	判り	verb	8	9	0	1
ja	埋没	noun	8	9	0	1
ja	ウナギ	noun	8	9	0	1
ja	谷沿い	noun	8	9	0	1
ja	七百	noun	8	9	0	1
ja	ナル	noun	8	9	0	1
ja	発情	noun	8	9	0	1
ja	閃き	noun	8	9	0	1
ja	ＡＳＥＡＮ	noun	8	9	0	1
ja	きゅっ	adverb	8	9	0	1
ja	凝視	noun	8	9	0	1
ja	一太郎	noun	8	9	0	1
ja	真昼	noun	8	9	0	1
ja	マロン	noun	8	9	0	1
ja	失いかけ	verb	8	9	0	1
ja	生麦	noun	8	9	0	1
ja	ウガンダ	noun	8	9	0	1
ja	目視	noun	8	9	0	1
ja	遠のく	verb	8	9	0	1
ja	許しあう	verb	8	9	0	1
ja	ロドリゴ	noun	8	9	0	1
ja	補習	noun	8	9	0	1
ja	跫音	noun	8	9	0	1
ja	アフィリエイト	noun	8	9	0	1
ja	助け出し	verb	8	9	0	1
ja	焼き	noun	8	9	0	1
ja	ダンマパダ	noun	8	9	0	1
ja	きわみ	noun	8	9	0	1
ja	錫	noun	8	9	0	1
ja	任地	noun	8	9	0	1
ja	ビバリーヒルズ	noun	8	9	0	1
ja	遠浅	noun	8	9	0	1
ja	ＴＧＶ	noun	8	9	0	1
ja	引きとる	verb	8	9	0	1
ja	ふれこみ	noun	8	9	0	1
ja	励まし合う	verb	8	9	0	1
ja	摘み取ら	verb	8	9	0	1
ja	ひとり親	noun	8	9	0	1
ja	追い返し	verb	8	9	0	1
ja	ホピ	noun	8	9	0	1
ja	叙階	noun	8	9	0	1
ja	滅裂	noun	8	9	0	1
ja	モリス	noun	8	9	0	1
ja	ポストモダニズム	noun	8	9	0	1
ja	降り注ぐ	verb	8	9	0	1
ja	唯心	noun	8	9	0	1
ja	虚数	noun	8	9	0	1
ja	物凄く	adjective	8	9	0	1
ja	だじゃれ	noun	8	9	0	1
ja	枡	noun	8	9	0	1
ja	懐かしき	adjective	8	9	0	1
ja	オクラ	noun	8	9	0	1
ja	明日香	noun	8	9	0	1
ja	インテリ	noun	8	9	0	1
ja	シーケンス	noun	8	9	0	1
ja	中米	noun	8	9	0	1
ja	三四郎	noun	8	9	0	1
ja	手荒れ	noun	8	9	0	1
ja	府中	noun	8	9	0	1
ja	寺子	noun	8	9	0	1
ja	ししゅう	noun	8	9	0	1
ja	転がり出	verb	8	9	0	1
ja	夜な夜な	adverb	8	9	0	1
ja	やじ	noun	8	9	0	1
ja	アメダス	noun	8	9	0	1
ja	口上	noun	8	9	0	1
ja	回し	noun	8	9	0	1
ja	中高年	noun	8	9	0	1
ja	めんこ	noun	8	9	0	1
ja	龍之介	noun	8	9	0	1
ja	想い起こさ	verb	8	9	0	1
ja	中農	noun	8	9	0	1
ja	重ね着	noun	8	9	0	1
ja	フレッチャー	noun	8	9	0	1
ja	溲瓶	noun	8	9	0	1
ja	青痣	noun	8	9	0	1
ja	射し込ん	verb	8	9	0	1
ja	ブリュッセル	noun	8	9	0	1
ja	間断	noun	8	9	0	1
ja	しるべ	noun	8	9	0	1
ja	笠雲	noun	8	9	0	1
ja	さしのべよう	verb	8	9	0	1
ja	ゲイツ	noun	8	9	0	1
ja	境内	noun	8	9	0	1
ja	燕尾	noun	8	9	0	1
ja	所管	noun	8	9	0	1
ja	すくめる	verb	8	9	0	1
ja	すて	verb	8	9	0	1
ja	かち	noun	8	9	0	1
ja	招き	noun	8	9	0	1
ja	サボッ	verb	8	9	0	1
ja	ＩＮＦ	noun	8	9	0	1
ja	飽和	noun	8	9	0	1
ja	デックス	noun	8	9	0	1
ja	泣きやむ	verb	8	9	0	1
ja	グチョグチョ	adverb	8	9	0	1
ja	両耳	noun	8	9	0	1
ja	スコップ	noun	8	9	0	1
ja	みよ	verb	8	9	0	1
ja	荒み	verb	8	9	0	1
ja	勝ち取れる	verb	8	9	0	1
ja	瓢箪	noun	8	9	0	1
ja	テレマーケティング	noun	8	9	0	1
ja	軍団	noun	8	9	0	1
ja	視る	verb	8	9	0	1
ja	いん石	noun	8	9	0	1
ja	立ち止まる	verb	8	9	0	1
ja	英学	noun	8	9	0	1
ja	飛び交う	verb	8	9	0	1
ja	潰す	verb	8	9	0	1
ja	物産	noun	8	9	0	1
ja	スターリン	noun	8	9	0	1
ja	声価	noun	8	9	0	1
ja	息災	noun	8	9	0	1
ja	ぶり返し	verb	8	9	0	1
ja	ＵＣ	noun	8	9	0	1
ja	エイプ	noun	8	9	0	1
ja	盛り上がり	verb	8	9	0	1
ja	中目黒	noun	8	9	0	1
ja	アット	noun	8	9	0	1
ja	恭平	noun	8	9	0	1
ja	点ける	verb	8	9	0	1
ja	関わり合う	verb	8	9	0	1
ja	とおく	adjective	8	9	0	1
ja	藤田	noun	8	9	0	1
ja	しじま	noun	8	9	0	1
ja	剥き出し	noun	8	9	0	1
ja	塗りかえる	verb	8	9	0	1
ja	気骨	noun	8	9	0	1
ja	ひでお	noun	8	9	0	1
ja	云え	verb	8	9	0	1
ja	コラプション	noun	8	9	0	1
ja	アセスメント	noun	8	9	0	1
ja	政略	noun	8	9	0	1
ja	重軽傷	noun	8	9	0	1
ja	ロレックス	noun	8	9	0	1
ja	見どり	noun	8	9	0	1
ja	鶯	noun	8	9	0	1
ja	隆鼻	noun	8	9	0	1
ja	コーガン	noun	8	9	0	1
ja	マラドーナ	noun	8	9	0	1
ja	タツヤ	noun	8	9	0	1
ja	芳香	noun	8	9	0	1
ja	ＳＯＨＯ	noun	8	9	0	1
ja	不倶	noun	8	9	0	1
ja	ダラム	noun	8	9	0	1
ja	呼び合う	verb	8	9	0	1
ja	拗音	noun	8	9	0	1
ja	日航	noun	8	9	0	1
ja	粘り強	adjective	8	9	0	1
ja	律儀	noun	8	9	0	1
ja	サシ	noun	8	9	0	1
ja	タペストリー	noun	8	9	0	1
ja	きらめく	verb	8	9	0	1
ja	内角	noun	8	9	0	1
ja	伏目	noun	8	9	0	1
ja	行きつく	verb	8	9	0	1
ja	貞潔	noun	8	9	0	1
ja	アンカー	noun	8	9	0	1
ja	クレオ	noun	8	9	0	1
ja	沖合	noun	8	9	0	1
ja	サムネイル	noun	8	9	0	1
ja	取り付け	noun	8	9	0	1
ja	下側	noun	8	9	0	1
ja	取っ払う	verb	8	9	0	1
ja	行脚	noun	8	9	0	1
ja	追い出そう	verb	8	9	0	1
ja	反り	verb	8	9	0	1
ja	口径	noun	8	9	0	1
ja	右寄り	noun	8	9	0	1
ja	あわてる	verb	8	9	0	1
ja	繁茂	noun	8	9	0	1
ja	丸焼き	noun	8	9	0	1
ja	ワロン	noun	8	9	0	1
ja	動き回れる	verb	8	9	0	1
ja	日直	noun	8	9	0	1
ja	壁面	noun	8	9	0	1
ja	見聞き	noun	8	9	0	1
ja	付け合う	verb	8	9	0	1
ja	静まる	verb	8	9	0	1
ja	イサコフ	noun	8	9	0	1
ja	赧く	adjective	8	9	0	1
ja	つきあたり	verb	8	9	0	1
ja	イタリヤ	noun	8	9	0	1
ja	飛び乗り	verb	8	9	0	1
ja	成そう	verb	8	9	0	1
ja	いじくっ	verb	8	9	0	1
ja	映り	noun	8	9	0	1
ja	言い張り	verb	8	9	0	1
ja	立ち帰る	verb	8	9	0	1
ja	冷肉	noun	8	9	0	1
ja	ハーツ	noun	8	9	0	1
ja	コントリビューション	noun	8	9	0	1
ja	アストゥリアス	noun	8	9	0	1
ja	怒れ	verb	8	9	0	1
ja	プライム	noun	8	9	0	1
ja	レッテル	noun	8	9	0	1
ja	こじらせ	verb	8	9	0	1
ja	局長	noun	8	9	0	1
ja	バブ	noun	8	9	0	1
ja	初太刀	noun	8	9	0	1
ja	とらわれる	verb	8	9	0	1
ja	キャバクラ	noun	8	9	0	1
ja	覗き	verb	8	9	0	1
ja	ミット	noun	8	9	0	1
ja	ＬＡ	noun	8	9	0	1
ja	高卒	noun	8	9	0	1
ja	弱小	noun	8	9	0	1
ja	祝詞	noun	8	9	0	1
ja	極小	noun	8	9	0	1
ja	シス	noun	8	9	0	1
ja	ガシャッ	adverb	8	9	0	1
ja	落度	noun	8	9	0	1
ja	ラッフルズ	noun	8	9	0	1
ja	ＮＡＴＯ	noun	8	9	0	1
ja	榊	noun	8	9	0	1
ja	ボッタクリ	noun	8	9	0	1
ja	寒帯	noun	8	9	0	1
ja	しんしゃく	noun	8	9	0	1
ja	言い換え	noun	8	9	0	1
ja	チャカ	noun	8	9	0	1
ja	せびる	verb	8	9	0	1
ja	愛憎	noun	8	9	0	1
ja	ウジャウジャ	adverb	8	9	0	1
ja	シュバイツァー	noun	8	9	0	1
ja	デレ	noun	8	9	0	1
ja	匍匐	noun	8	9	0	1
ja	生みださ	verb	8	9	0	1
ja	ペアー	noun	8	9	0	1
ja	和書	noun	8	9	0	1
ja	衆生	noun	8	9	0	1
ja	エディプス	noun	8	9	0	1
ja	防除	noun	8	9	0	1
ja	ぞろぞろ	adverb	8	9	0	1
ja	村々	noun	8	9	0	1
ja	買い漁っ	verb	8	9	0	1
ja	見落とす	verb	8	9	0	1
ja	排斥	noun	8	9	0	1
ja	紙背	noun	8	9	0	1
ja	よじ登り	verb	8	9	0	1
ja	ようかい	noun	8	9	0	1
ja	アラカルト	noun	8	9	0	1
ja	叫ぼう	verb	8	9	0	1
ja	食い潰す	verb	8	9	0	1
ja	威張ら	verb	8	9	0	1
ja	むつかしい	adjective	8	9	0	1
ja	レディース	noun	8	9	0	1
ja	ながい	adjective	8	9	0	1
ja	キレ	noun	8	9	0	1
ja	罹患	noun	8	9	0	1
ja	インターナショナル	noun	8	9	0	1
ja	民謡	noun	8	9	0	1
ja	たまーに	adverb	8	9	0	1
ja	絵描き	noun	8	9	0	1
ja	人肉	noun	8	9	0	1
ja	剰余	noun	8	9	0	1
ja	クロード	noun	8	9	0	1
ja	弘美	noun	8	9	0	1
ja	谷崎	noun	8	9	0	1
ja	真田	noun	8	9	0	1
ja	奪える	verb	8	9	0	1
ja	結愛	noun	8	9	0	1
ja	貯水	noun	8	9	0	1
ja	よける	verb	8	9	0	1
ja	謝恩	noun	8	9	0	1
ja	くらし	verb	8	9	0	1
ja	粘る	verb	8	9	0	1
ja	あがい	verb	8	9	0	1
ja	くり返し	verb	8	9	0	1
ja	ニジマス	noun	8	9	0	1
ja	ハイウェー	noun	8	9	0	1
ja	レンタサイクル	noun	8	9	0	1
ja	片手間	noun	8	9	0	1
ja	ウッカリ	noun	8	9	0	1
ja	次官	noun	8	9	0	1
ja	年の瀬	noun	8	9	0	1
ja	グデングデン	noun	8	9	0	1
ja	クレカ	noun	8	9	0	1
ja	エボラ	noun	8	9	0	1
ja	小津	noun	8	9	0	1
ja	やりかけ	verb	8	9	0	1
ja	持ちこみ	verb	8	9	0	1
ja	ヴィラ	noun	8	9	0	1
ja	ゲン	noun	8	9	0	1
ja	治虫	noun	8	9	0	1
ja	廃液	noun	8	9	0	1
ja	付随	noun	8	9	0	1
ja	ちょっとぉ	adverb	8	9	0	1
ja	灰汁	noun	8	9	0	1
ja	カチューシャ	noun	8	9	0	1
ja	身だしなみ	noun	8	9	0	1
ja	非情	noun	8	9	0	1
ja	古巣	noun	8	9	0	1
ja	家の子	noun	8	9	0	1
ja	親近	noun	8	9	0	1
ja	べろんべろん	adverb	8	9	0	1
ja	光輝く	verb	8	9	0	1
ja	忌々し	adjective	8	9	0	1
ja	しゃぶり	verb	8	9	0	1
ja	三ノ宮	noun	8	9	0	1
ja	とんかち	noun	8	9	0	1
ja	発火	noun	8	9	0	1
ja	年頭	noun	8	9	0	1
ja	被写	noun	8	9	0	1
ja	赤紙	noun	8	9	0	1
ja	上戸	noun	8	9	0	1
ja	ポニー	noun	8	9	0	1
ja	後見	noun	8	9	0	1
ja	同衾	noun	8	9	0	1
ja	別種	noun	8	9	0	1
ja	欺か	verb	8	9	0	1
ja	オカピ	noun	8	9	0	1
ja	是々	noun	8	9	0	1
ja	思ひ出せ	verb	8	9	0	1
ja	唸り	verb	8	9	0	1
ja	とおざけよう	verb	8	9	0	1
ja	ルビコン	noun	8	9	0	1
ja	抹殺	noun	8	9	0	1
ja	鉄筋	noun	8	9	0	1
ja	侃々	noun	8	9	0	1
ja	取りこん	verb	8	9	0	1
ja	考えだそう	verb	8	9	0	1
ja	かなてこ	noun	8	9	0	1
ja	カブス	noun	8	9	0	1
ja	抄本	noun	8	9	0	1
ja	つかつか	adverb	8	9	0	1
ja	ひげそり	noun	8	9	0	1
ja	マルセル	noun	8	9	0	1
ja	いさぎよく	adjective	8	9	0	1
ja	ちかづか	verb	8	9	0	1
ja	目通り	noun	8	9	0	1
ja	ため口	noun	8	9	0	1
ja	剥製	noun	8	9	0	1
ja	グレゴリウス	noun	8	9	0	1
ja	色分け	noun	8	9	0	1
ja	立上っ	verb	8	9	0	1
ja	端午	noun	8	9	0	1
ja	南ア	noun	8	9	0	1
ja	巻きこん	verb	8	9	0	1
ja	横付け	noun	8	9	0	1
ja	透ける	verb	8	9	0	1
ja	署長	noun	8	9	0	1
ja	筋腫	noun	8	9	0	1
ja	フィーリング	noun	8	9	0	1
ja	積み替え	verb	8	9	0	1
ja	いもうと	noun	8	9	0	1
ja	名義	noun	8	9	0	1
ja	ブロンディ	noun	8	9	0	1
ja	卸売り	noun	8	9	0	1
ja	凡例	noun	8	9	0	1
ja	空冷	noun	8	9	0	1
ja	眩む	verb	8	9	0	1
ja	原点	noun	8	9	0	1
ja	浦	noun	8	9	0	1
ja	テンプレート	noun	8	9	0	1
ja	医薬	noun	8	9	0	1
ja	しゃがむ	verb	8	9	0	1
ja	ぶん	noun	8	9	0	1
ja	すさん	verb	8	9	0	1
ja	泡立ち	noun	8	9	0	1
ja	題目	noun	8	9	0	1
ja	呼びとめ	verb	8	9	0	1
ja	か条	noun	8	9	0	1
ja	絶壁	noun	8	9	0	1
ja	なにとぞ	adverb	8	9	0	1
ja	手くび	noun	8	9	0	1
ja	プランク	noun	8	9	0	1
ja	噴射	noun	8	9	0	1
ja	受け入れよ	verb	8	9	0	1
ja	木彫り	noun	8	9	0	1
ja	副葬	noun	8	9	0	1
ja	ドーピング	noun	8	9	0	1
ja	ナイキ	noun	8	9	0	1
ja	アパテイア	noun	8	9	0	1
ja	清	noun	8	9	0	1
ja	干さ	verb	8	9	0	1
ja	皮脂	noun	8	9	0	1
ja	組み直し	verb	8	9	0	1
ja	番人	noun	8	9	0	1
ja	巣食う	verb	8	9	0	1
ja	非業	noun	8	9	0	1
ja	言い足り	verb	8	9	0	1
ja	あおり	noun	8	9	0	1
ja	こばん	verb	8	9	0	1
ja	ピング	noun	8	9	0	1
ja	極み	noun	8	9	0	1
ja	あおう	verb	8	9	0	1
ja	立ち並ぶ	verb	8	9	0	1
ja	羽織ら	verb	8	9	0	1
ja	ダンピング	noun	8	9	0	1
ja	いて	verb	8	9	0	1
ja	混交	noun	8	9	0	1
ja	核酸	noun	8	9	0	1
ja	飛鳥	noun	8	9	0	1
ja	ぶちまけ	verb	8	9	0	1
ja	締め	noun	8	9	0	1
ja	ぐつ	noun	8	9	0	1
ja	総じて	adverb	8	9	0	1
ja	老け込み	verb	8	9	0	1
ja	貴国	noun	8	9	0	1
ja	叫べ	verb	8	9	0	1
ja	溜まれ	verb	8	9	0	1
ja	クスリ	noun	8	9	0	1
ja	とんちんかん	noun	8	9	0	1
ja	武雄	noun	8	9	0	1
ja	苫屋	noun	8	9	0	1
ja	コロンボ	noun	8	9	0	1
ja	てあて	noun	8	9	0	1
ja	ふき出し	verb	8	9	0	1
ja	春奈	noun	8	9	0	1
ja	トータル	noun	8	9	0	1
ja	ひたひた	adverb	8	9	0	1
ja	荒天	noun	8	9	0	1
ja	取り調べる	verb	8	9	0	1
ja	社債	noun	8	9	0	1
ja	エウセビオス	noun	8	9	0	1
ja	所轄	noun	8	9	0	1
ja	山嶺	noun	8	9	0	1
ja	ボスニア	noun	8	9	0	1
ja	でんでん虫	noun	8	9	0	1
ja	初秋	noun	8	9	0	1
ja	大助	noun	8	9	0	1
ja	ビーナス	noun	8	9	0	1
ja	小供	noun	8	9	0	1
ja	佐	noun	8	9	0	1
ja	教鞭	noun	8	9	0	1
ja	読み直そう	verb	8	9	0	1
ja	飛田	noun	8	9	0	1
ja	運搬	noun	8	9	0	1
ja	一丸	noun	8	9	0	1
ja	客足	noun	8	9	0	1
ja	丹精	noun	8	9	0	1
ja	小回り	noun	8	9	0	1
ja	不真面目	noun	8	9	0	1
ja	鋼製	noun	8	9	0	1
ja	請け負う	verb	8	9	0	1
ja	駆ける	verb	8	9	0	1
ja	数１００	noun	8	9	0	1
ja	性慾	noun	8	9	0	1
ja	にゅうめん	noun	8	9	0	1
ja	オベリスク	noun	8	9	0	1
ja	兼子	noun	8	9	0	1
ja	凄腕	noun	8	9	0	1
ja	ヅチ	noun	8	9	0	1
ja	新期	noun	8	9	0	1
ja	メンフィス	noun	8	9	0	1
ja	アッタマ	noun	8	9	0	1
ja	ギュッ	adverb	8	9	0	1
ja	擬人	noun	8	9	0	1
ja	離れ業	noun	8	9	0	1
ja	カーラー	noun	8	9	0	1
ja	伝心	noun	8	9	0	1
ja	ハブ	noun	8	9	0	1
ja	再々	noun	8	9	0	1
ja	六腑	noun	8	9	0	1
ja	陰っ	verb	8	9	0	1
ja	民営	noun	8	9	0	1
ja	国元	noun	8	9	0	1
ja	常套	noun	8	9	0	1
ja	阿呆	noun	8	9	0	1
ja	羽化	noun	8	9	0	1
ja	誘い込む	verb	8	9	0	1
ja	運ぼう	verb	8	9	0	1
ja	パーソナル	noun	8	9	0	1
ja	クリオール	noun	8	9	0	1
ja	養豚	noun	8	9	0	1
ja	デュー	noun	8	9	0	1
ja	大敗	noun	8	9	0	1
ja	擬声	noun	8	9	0	1
ja	漁り	verb	8	9	0	1
ja	ＳＴＥＰ	noun	8	9	0	1
ja	にかわ	noun	8	9	0	1
ja	古参	noun	8	9	0	1
ja	だいいち	adverb	8	9	0	1
ja	あいて	noun	8	9	0	1
ja	自軍	noun	8	9	0	1
ja	前足	noun	8	9	0	1
ja	入り込み	verb	8	9	0	1
ja	ウブ	noun	8	9	0	1
ja	踏分け	verb	8	9	0	1
ja	新味	noun	8	9	0	1
ja	忍	noun	8	9	0	1
ja	看守	noun	8	9	0	1
ja	受け持ち	noun	8	9	0	1
ja	大正	noun	8	9	0	1
ja	公債	noun	8	9	0	1
ja	だら	noun	8	9	0	1
ja	人頭	noun	8	9	0	1
ja	さからっ	verb	8	9	0	1
ja	中々	adverb	8	9	0	1
ja	明君	noun	8	9	0	1
ja	参院	noun	8	9	0	1
ja	シリコン	noun	8	9	0	1
ja	シアラ	noun	8	9	0	1
ja	汚し	noun	8	9	0	1
ja	森羅	noun	8	9	0	1
ja	棒引き	noun	8	9	0	1
ja	ベットリ	adverb	8	9	0	1
ja	車上	noun	8	9	0	1
ja	ブレント	noun	8	9	0	1
ja	傾倒	noun	8	9	0	1
ja	いちゃいちゃ	adverb	8	9	0	1
ja	ぶら下がる	verb	8	9	0	1
ja	糖質	noun	8	9	0	1
ja	一善	noun	8	9	0	1
ja	ション	noun	8	9	0	1
ja	略図	noun	8	9	0	1
ja	しゃれ	noun	8	9	0	1
ja	見合わせる	verb	8	9	0	1
ja	検視	noun	8	9	0	1
ja	課さ	verb	8	9	0	1
ja	にぶる	verb	8	9	0	1
ja	ヌード	noun	8	9	0	1
ja	丸々	adverb	8	9	0	1
ja	戴天	noun	8	9	0	1
ja	位格	noun	8	9	0	1
ja	交点	noun	8	9	0	1
ja	ＤＶＤ	noun	8	9	0	1
ja	ブラックス	noun	8	9	0	1
ja	遠視	noun	8	9	0	1
ja	いど	noun	8	9	0	1
ja	繕う	verb	8	9	0	1
ja	炉辺	noun	8	9	0	1
ja	しま	noun	8	9	0	1
ja	似顔	noun	8	9	0	1
ja	つぎ込み	verb	8	9	0	1
ja	殺りく	noun	8	9	0	1
ja	充てれ	verb	8	9	0	1
ja	返上	noun	8	9	0	1
ja	取扱い	noun	8	9	0	1
ja	とりこん	verb	8	9	0	1
ja	胴	noun	8	9	0	1
ja	懲罰	noun	8	9	0	1
ja	母系	noun	8	9	0	1
ja	亡者	noun	8	9	0	1
ja	縮図	noun	8	9	0	1
ja	ピアース	noun	8	9	0	1
ja	立ち回っ	verb	8	9	0	1
ja	中大	noun	8	9	0	1
ja	捨てれ	verb	8	9	0	1
ja	屡々	adverb	8	9	0	1
ja	松下	noun	8	9	0	1
ja	辻褄	noun	8	9	0	1
ja	悪しから	adjective	8	9	0	1
ja	侃侃	noun	8	9	0	1
ja	呼び込む	verb	8	9	0	1
ja	サルモネラ	noun	8	9	0	1
ja	惜しみない	adjective	8	9	0	1
ja	緒方	noun	8	9	0	1
ja	つつじ	noun	8	9	0	1
ja	歓楽	noun	8	9	0	1
ja	競り合い	noun	8	9	0	1
ja	能書き	noun	8	9	0	1
ja	ＦＴＰ	noun	8	9	0	1
ja	無尽	noun	8	9	0	1
ja	飲み食い	noun	8	9	0	1
ja	酒税	noun	8	9	0	1
ja	バレンシア	noun	8	9	0	1
ja	ユニオン	noun	8	9	0	1
ja	あがれ	verb	8	9	0	1
ja	綱要	noun	8	9	0	1
ja	シャキシャキ	adverb	8	9	0	1
ja	運び出さ	verb	8	9	0	1
ja	町並み	noun	8	9	0	1
ja	読み聞かせ	verb	8	9	0	1
ja	本会	noun	8	9	0	1
ja	囚われ	verb	8	9	0	1
ja	婿	noun	8	9	0	1
ja	縮める	verb	8	9	0	1
ja	ドラエモン	noun	8	9	0	1
ja	岩登り	noun	8	9	0	1
ja	歓心	noun	8	9	0	1
ja	ゲーデル	noun	8	9	0	1
ja	抱き枕	noun	8	9	0	1
ja	愛護	noun	8	9	0	1
ja	弧	noun	8	9	0	1
ja	わかし	verb	8	9	0	1
ja	バイアグラ	noun	8	9	0	1
ja	値切っ	verb	8	9	0	1
ja	くり	noun	8	9	0	1
ja	從ひ	verb	8	9	0	1
ja	北国	noun	8	9	0	1
ja	トピックス	noun	8	9	0	1
ja	威張り散らそう	verb	8	9	0	1
ja	イブプロフェン	noun	8	9	0	1
ja	太もも	noun	8	9	0	1
ja	ＤＴＰ	noun	8	9	0	1
ja	メクラ	noun	8	9	0	1
ja	雲仙	noun	8	9	0	1
ja	裸眼	noun	8	9	0	1
ja	煌き	verb	8	9	0	1
ja	フィリップス	noun	8	9	0	1
ja	ぬか	noun	8	9	0	1
ja	空襲	noun	8	9	0	1
ja	巻き尺	noun	8	9	0	1
ja	全能	noun	8	9	0	1
ja	聞き逃す	verb	8	9	0	1
ja	神化	noun	8	9	0	1
ja	シューティング	noun	8	9	0	1
ja	悠真	noun	8	9	0	1
ja	デリジェンス	noun	8	9	0	1
ja	羽子板	noun	8	9	0	1
ja	貧相	noun	8	9	0	1
ja	思ひ出さう	verb	8	9	0	1
ja	禁猟	noun	8	9	0	1
ja	石片	noun	8	9	0	1
ja	ドベ	noun	8	9	0	1
ja	イリノイ	noun	8	9	0	1
ja	立食	noun	8	9	0	1
ja	忠順	noun	8	9	0	1
ja	貢い	verb	8	9	0	1
ja	ミハイル	noun	8	9	0	1
ja	励まし合い	verb	8	9	0	1
ja	日野	noun	8	9	0	1
ja	バラク	noun	8	9	0	1
ja	仙人掌	noun	8	9	0	1
ja	はこ	noun	8	9	0	1
ja	とうと	adverb	8	9	0	1
ja	空輸	noun	8	9	0	1
ja	ごねる	verb	8	9	0	1
ja	港湾	noun	8	9	0	1
ja	活け	verb	8	9	0	1
ja	横入り	noun	8	9	0	1
ja	高圧	noun	8	9	0	1
ja	ＤＳ	noun	8	9	0	1
ja	身罷っ	verb	8	9	0	1
ja	目途	noun	8	9	0	1
ja	残り香	noun	8	9	0	1
ja	語れ	verb	8	9	0	1
ja	極	adverb	8	9	0	1
ja	ばあ	adverb	8	9	0	1
ja	同位	noun	8	9	0	1
ja	へきれき	noun	8	9	0	1
ja	あらためよう	verb	8	9	0	1
ja	がんがん	adverb	8	9	0	1
ja	採録	noun	8	9	0	1
ja	ファインダー	noun	8	9	0	1
ja	前世	noun	8	9	0	1
ja	行じ	verb	8	9	0	1
ja	戦禍	noun	8	9	0	1
ja	ぽろぽろ	adverb	8	9	0	1
ja	ぼた雪	noun	8	9	0	1
ja	呵成	noun	8	9	0	1
ja	タカコ	noun	8	9	0	1
ja	非々	noun	8	9	0	1
ja	在勤	noun	8	9	0	1
ja	行き道	noun	8	9	0	1
ja	悲願	noun	8	9	0	1
ja	アイリーン	noun	8	9	0	1
ja	ぶっ壊れ	verb	8	9	0	1
ja	石組み	noun	8	9	0	1
ja	スタント	noun	8	9	0	1
ja	訳せれ	verb	8	9	0	1
ja	生殺	noun	8	9	0	1
ja	あやかっ	verb	8	9	0	1
ja	乾か	verb	8	9	0	1
ja	芸風	noun	8	9	0	1
ja	昔気質	noun	8	9	0	1
ja	ドック	noun	8	9	0	1
ja	自滅	noun	8	9	0	1
ja	スポイル	noun	8	9	0	1
ja	コレクター	noun	8	9	0	1
ja	スエード	noun	8	9	0	1
ja	押えつけ	verb	8	9	0	1
ja	アニミズム	noun	8	9	0	1
ja	イジイジ	adverb	8	9	0	1
ja	逝去	noun	8	9	0	1
ja	クラ	noun	8	9	0	1
ja	おもい	noun	8	9	0	1
ja	振り切っ	verb	8	9	0	1
ja	茶請け	noun	8	9	0	1
ja	真帆	noun	8	9	0	1
ja	暴虐	noun	8	9	0	1
ja	チコリ	noun	8	9	0	1
ja	ミシェル	noun	8	9	0	1
ja	わめき	verb	8	9	0	1
ja	たたけ	verb	8	9	0	1
ja	レーン	noun	8	9	0	1
ja	予鈴	noun	8	9	0	1
ja	ヘタクソ	noun	8	9	0	1
ja	江崎	noun	8	9	0	1
ja	低俗	noun	8	9	0	1
ja	わかい	adjective	8	9	0	1
ja	掘削	noun	8	9	0	1
ja	すわりこん	verb	8	9	0	1
ja	古けれ	adjective	8	9	0	1
ja	しらふ	noun	8	9	0	1
ja	コン	noun	8	9	0	1
ja	ダイアリー	noun	8	9	0	1
ja	ジョディ	noun	8	9	0	1
ja	薄汚れ	verb	8	9	0	1
ja	弾ま	verb	8	9	0	1
ja	飛びつき	verb	8	9	0	1
ja	論考	noun	8	9	0	1
ja	国技	noun	8	9	0	1
ja	シェパード	noun	8	9	0	1
ja	荒れ狂う	verb	8	9	0	1
ja	パララックス	noun	8	9	0	1
ja	仏家	noun	8	9	0	1
ja	モチ	noun	8	9	0	1
ja	ユニセフ	noun	8	9	0	1
ja	読み返す	verb	8	9	0	1
ja	ウィンストン	noun	8	9	0	1
ja	過多	noun	8	9	0	1
ja	サニー	noun	8	9	0	1
ja	下級	noun	8	9	0	1
ja	甘えん坊	noun	8	9	0	1
ja	築きあげる	verb	8	9	0	1
ja	貸し切り	verb	8	9	0	1
ja	テオドシウス	noun	8	9	0	1
ja	Ｗｏｒｄ	noun	8	9	0	1
ja	立ち上げる	verb	8	9	0	1
ja	視床	noun	8	9	0	1
ja	漁	noun	8	9	0	1
ja	歪む	verb	8	9	0	1
ja	土岐	noun	8	9	0	1
ja	駆りたてる	verb	8	9	0	1
ja	よろ	adverb	8	9	0	1
ja	さっぽろ	noun	8	9	0	1
ja	急ごしらえ	noun	8	9	0	1
ja	京成	noun	8	9	0	1
ja	追っかけ	noun	8	9	0	1
ja	殉職	noun	8	9	0	1
ja	百恵	noun	8	9	0	1
ja	フランクス	noun	8	9	0	1
ja	安らい	verb	8	9	0	1
ja	任せ	noun	8	9	0	1
ja	つきつけ	verb	8	9	0	1
ja	堅実	noun	8	9	0	1
ja	しろい	adjective	8	9	0	1
ja	美禰子	noun	8	9	0	1
ja	ポタージュ	noun	8	9	0	1
ja	ウェディング	noun	8	9	0	1
ja	ヨーコ	noun	8	9	0	1
ja	下請け	noun	8	9	0	1
ja	貸し出す	verb	8	9	0	1
ja	弥生	noun	8	9	0	1
ja	共立	noun	8	9	0	1
ja	分校	noun	8	9	0	1
ja	おけ	noun	8	9	0	1
ja	ヨーダ	noun	8	9	0	1
ja	至善	noun	8	9	0	1
ja	出歯	noun	8	9	0	1
ja	ジョット	noun	8	9	0	1
ja	扁桃	noun	8	9	0	1
ja	常温	noun	8	9	0	1
ja	饑饉	noun	8	9	0	1
ja	擦る	verb	8	9	0	1
ja	莫連	noun	8	9	0	1
ja	つり上げ	verb	8	9	0	1
ja	厳に	adverb	8	9	0	1
ja	ストロンチウム	noun	8	9	0	1
ja	近著	noun	8	9	0	1
ja	ぶっ通し	noun	8	9	0	1
ja	浦島	noun	8	9	0	1
ja	モリモリ	adverb	8	9	0	1
ja	棕櫚	noun	8	9	0	1
ja	換えよう	verb	8	9	0	1
ja	気胸	noun	8	9	0	1
ja	袋小路	noun	8	9	0	1
ja	以心	noun	8	9	0	1
ja	取調べ	noun	8	9	0	1
ja	さぼら	verb	8	9	0	1
ja	なま	noun	8	9	0	1
ja	低調	noun	8	9	0	1
ja	雪山	noun	8	9	0	1
ja	乙姫	noun	8	9	0	1
ja	当たり障り	noun	8	9	0	1
ja	凹ん	verb	8	9	0	1
ja	変えろ	verb	8	9	0	1
ja	吼え	verb	8	9	0	1
ja	曇天	noun	8	9	0	1
ja	冗漫	noun	8	9	0	1
ja	割れ物	noun	8	9	0	1
ja	与奪	noun	8	9	0	1
ja	任じ	verb	8	9	0	1
ja	シャドーイング	noun	8	9	0	1
ja	終日	adverb	8	9	0	1
ja	半殺し	noun	8	9	0	1
ja	セル	noun	8	9	0	1
ja	抜け駆け	noun	8	9	0	1
ja	程々	noun	8	9	0	1
ja	スマイル	noun	8	9	0	1
ja	転写	noun	8	9	0	1
ja	迷彩	noun	8	9	0	1
ja	共働き	noun	8	9	0	1
ja	ヤマ	noun	8	9	0	1
ja	ビデオカセット	noun	8	9	0	1
ja	セイフティ	noun	8	9	0	1
ja	もの悲しい	adjective	8	9	0	1
ja	表する	verb	8	9	0	1
ja	胸元	noun	8	9	0	1
ja	本元	noun	8	9	0	1
ja	ハイデルベルク	noun	8	9	0	1
ja	差し控え	verb	8	9	0	1
ja	明らむ	verb	8	9	0	1
ja	軍手	noun	8	9	0	1
ja	美紀	noun	8	9	0	1
ja	どろどろ	adverb	8	9	0	1
ja	居丈	noun	8	9	0	1
ja	そろわ	verb	8	9	0	1
ja	ＦＡＱ	noun	8	9	0	1
ja	群がる	verb	8	9	0	1
ja	しょうぶ	noun	8	9	0	1
ja	手塚	noun	8	9	0	1
ja	奏	noun	8	9	0	1
ja	カミナリ	noun	8	9	0	1
ja	務所	noun	8	9	0	1
ja	貞子	noun	8	9	0	1
ja	後続	noun	8	9	0	1
ja	いこっ	verb	8	9	0	1
ja	佩刀	noun	8	9	0	1
ja	差し当たっ	verb	8	9	0	1
ja	から揚げ	noun	8	9	0	1
ja	減速	noun	8	9	0	1
ja	むこう側	noun	8	9	0	1
ja	城内	noun	8	9	0	1
ja	衆院	noun	8	9	0	1
ja	孤高	noun	8	9	0	1
ja	来たる	verb	8	9	0	1
ja	うちとけ	verb	8	9	0	1
ja	オーバーラン	noun	8	9	0	1
ja	延べ	noun	8	9	0	1
ja	受け止める	verb	8	9	0	1
ja	支離	noun	8	9	0	1
ja	射る	verb	8	9	0	1
ja	気心	noun	8	9	0	1
ja	オメオメ	noun	8	9	0	1
ja	かっこん	verb	8	9	0	1
ja	膨らし粉	noun	8	9	0	1
ja	光束	noun	8	9	0	1
ja	シャネル	noun	8	9	0	1
ja	よそよそし	adjective	8	9	0	1
ja	アゴ	noun	8	9	0	1
ja	オリジナリティー	noun	8	9	0	1
ja	騙そう	verb	8	9	0	1
ja	ガタピシ	adverb	8	9	0	1
ja	芳子	noun	8	9	0	1
ja	死骸	noun	8	9	0	1
ja	シュン	noun	8	9	0	1
ja	掘っ建て	noun	8	9	0	1
ja	分極	noun	8	9	0	1
ja	直帰	noun	8	9	0	1
ja	イラつか	verb	8	9	0	1
ja	グレゴリオス	noun	8	9	0	1
ja	日岡	noun	8	9	0	1
ja	無給	noun	8	9	0	1
ja	出撃	noun	8	9	0	1
ja	生まれ変われ	verb	8	9	0	1
ja	かたづけ	noun	8	9	0	1
ja	ズバッ	adverb	8	9	0	1
ja	呼	noun	8	9	0	1
ja	益する	verb	8	9	0	1
ja	食い止めよう	verb	8	9	0	1
ja	儒教	noun	8	9	0	1
ja	正戦	noun	8	9	0	1
ja	食いっぱぐれ	noun	8	9	0	1
ja	溢れかえっ	verb	8	9	0	1
ja	しげく	adverb	8	9	0	1
ja	西遊	noun	8	9	0	1
ja	引き立た	verb	8	9	0	1
ja	あへん	noun	8	9	0	1
ja	穿い	verb	8	9	0	1
ja	本業	noun	8	9	0	1
ja	エイレナイオス	noun	8	9	0	1
ja	心棒	noun	8	9	0	1
ja	翻案	noun	8	9	0	1
ja	暗譜	noun	8	9	0	1
ja	こんなん	noun	8	9	0	1
ja	椅	noun	8	9	0	1
ja	振舞	noun	8	9	0	1
ja	アパートメント	noun	8	9	0	1
ja	アーキテクト	noun	8	9	0	1
ja	蹴散らし	verb	8	9	0	1
ja	ペッグ	noun	8	9	0	1
ja	Ｍａｃ	noun	8	9	0	1
ja	小用	noun	8	9	0	1
ja	公論	noun	8	9	0	1
ja	儘	noun	8	9	0	1
ja	ナビ	noun	8	9	0	1
ja	キルケゴール	noun	8	9	0	1
ja	クサクサ	adverb	8	9	0	1
ja	悔み	noun	8	9	0	1
ja	ＢＧＭ	noun	8	9	0	1
ja	深更	noun	8	9	0	1
ja	押し上げ	verb	8	9	0	1
ja	分乗	noun	8	9	0	1
ja	宮澤	noun	8	9	0	1
ja	ハンブルク	noun	8	9	0	1
ja	フローレンス	noun	8	9	0	1
ja	切り落とす	verb	8	9	0	1
ja	メラネシア	noun	8	9	0	1
ja	易者	noun	8	9	0	1
ja	隆昌	noun	8	9	0	1
ja	さ	verb	10	20	17	805
ja	する	verb	10	20	11	657
ja	人	noun	10	20	9	506
ja	き	verb	10	20	9	283
ja	こと	noun	10	20	18	232
ja	理解	noun	10	20	20	195
ja	し	verb	10	20	10	163
ja	できる	verb	10	20	8	154
ja	い	verb	10	20	3	138
ja	あっ	verb	10	20	15	123
ja	でき	verb	10	20	10	106
ja	必要	noun	10	20	10	99
ja	見	verb	10	20	11	92
ja	持っ	verb	10	20	14	88
ja	ない	adjective	10	20	12	82
ja	続け	verb	10	20	14	65
ja	ある	verb	10	20	13	60
ja	説明	noun	10	20	11	57
ja	言う	verb	10	20	9	57
ja	よい	adjective	10	20	8	57
ja	注意	noun	10	20	7	55
ja	知っ	verb	10	20	10	54
ja	勉強	noun	10	20	5	51
ja	かけ	verb	10	20	6	50
ja	やっ	verb	10	20	6	48
ja	言わ	verb	10	20	17	46
ja	入れ	verb	10	20	14	46
ja	なかっ	adjective	10	20	3	46
ja	出	verb	10	20	13	45
ja	いい	adjective	10	20	10	45
ja	来	verb	10	20	7	45
ja	行っ	verb	10	20	14	44
ja	入っ	verb	10	20	3	44
ja	なら	verb	10	20	8	43
ja	話し	verb	10	20	13	42
ja	言い	verb	10	20	13	41
ja	あり	verb	10	20	10	40
ja	受け	verb	10	20	14	39
ja	成功	noun	10	20	8	38
ja	与え	verb	10	20	14	37
ja	書い	verb	10	20	9	37
ja	知ら	verb	10	20	9	36
ja	もの	noun	10	20	8	35
ja	出来	verb	10	20	10	34
ja	いる	verb	10	20	9	34
ja	食べ	verb	10	20	8	34
ja	思わ	verb	10	20	10	33
ja	聞い	verb	10	20	4	33
ja	事	noun	10	20	8	31
ja	なっ	verb	10	20	10	30
ja	つもり	noun	10	20	9	30
ja	買っ	verb	10	20	5	30
ja	つけ	verb	10	20	10	28
ja	分かっ	verb	10	20	10	27
ja	かかっ	verb	10	20	9	26
ja	見える	verb	10	20	5	26
ja	見え	verb	10	20	9	25
ja	飲ん	verb	10	20	8	25
ja	思っ	verb	10	20	6	25
ja	言っ	verb	10	20	2	25
ja	教え	verb	10	20	7	24
ja	なり	verb	10	20	9	23
ja	寝	verb	10	20	5	23
ja	思い	verb	10	20	13	22
ja	わかっ	verb	10	20	11	21
ja	わから	verb	10	20	11	20
ja	考え	verb	10	20	8	20
ja	はず	noun	10	20	9	19
ja	思う	verb	10	20	8	18
ja	なる	verb	10	20	3	17
ja	住ん	verb	10	20	1	17
ja	なれ	verb	10	20	6	16
ja	あげ	verb	10	20	5	16
ja	やめ	verb	10	20	4	16
ja	信じ	verb	10	20	12	15
ja	覚え	verb	10	20	6	15
ja	果たし	verb	10	20	6	12
ja	相関	noun	10	20	1	8
ja	かかり	verb	10	20	5	7
ja	多い	adjective	10	20	4	7
ja	アトリエ	noun	10	20	0	6
ja	プレゼンス	noun	10	20	0	6
ja	スーフィー	noun	10	20	0	6
ja	フィヒテ	noun	10	20	0	5
ja	なつ	verb	10	20	2	4
ja	レン	noun	10	20	0	4
ja	年輪	noun	10	20	0	4
ja	創発	noun	10	20	0	4
ja	煩わしかっ	adjective	10	20	0	4
ja	ロールズ	noun	10	20	0	4
ja	植生	noun	10	20	0	4
ja	批准	noun	10	20	3	3
ja	例示	noun	10	20	2	3
ja	促す	verb	10	20	1	3
ja	論駁	noun	10	20	1	3
ja	揮発	noun	10	20	0	3
ja	ネイティヴ	noun	10	20	0	3
ja	ノージック	noun	10	20	0	3
ja	覆す	verb	10	20	0	3
ja	没入	noun	10	20	0	3
ja	実戦	noun	10	20	0	3
ja	隠蔽	noun	10	20	0	3
ja	性器	noun	10	20	0	3
ja	口承	noun	10	20	0	3
ja	逸脱	noun	10	20	0	3
ja	定式	noun	10	20	0	3
ja	ルーツ	noun	10	20	0	3
ja	親善	noun	10	20	0	3
ja	ガタリ	noun	10	20	0	3
ja	エコロジー	noun	10	20	0	3
ja	フィールドワーク	noun	10	20	0	3
ja	リオタール	noun	10	20	0	3
ja	ショーペンハウアー	noun	10	20	0	3
ja	ギザギザ	noun	10	20	0	3
ja	雑踏	noun	10	20	0	3
ja	トラフィック	noun	10	20	0	3
ja	イシュー	noun	10	20	0	3
ja	ドゥルーズ	noun	10	20	0	3
ja	コーネル	noun	10	20	0	3
ja	血縁	noun	10	20	0	3
ja	促さ	verb	10	20	2	2
ja	露呈	noun	10	20	2	2
ja	駐まり	verb	10	20	2	2
ja	担う	verb	10	20	1	2
ja	ナレッジ	noun	10	20	1	2
ja	参入	noun	10	20	1	2
ja	依拠	noun	10	20	1	2
ja	役立てる	verb	10	20	1	2
ja	ヴィトゲンシュタイン	noun	10	20	0	2
ja	踏まえ	verb	10	20	0	2
ja	別件	noun	10	20	0	2
ja	農耕	noun	10	20	0	2
ja	動態	noun	10	20	0	2
ja	繁雑	noun	10	20	0	2
ja	図鑑	noun	10	20	0	2
ja	芳情	noun	10	20	0	2
ja	生長	noun	10	20	0	2
ja	脱却	noun	10	20	0	2
ja	路ばた	noun	10	20	0	2
ja	蒲鉾	noun	10	20	0	2
ja	不発	noun	10	20	0	2
ja	実習	noun	10	20	0	2
ja	氷原	noun	10	20	0	2
ja	見積もる	verb	10	20	0	2
ja	雌熊	noun	10	20	0	2
ja	分科	noun	10	20	0	2
ja	喧騒	noun	10	20	0	2
ja	相乗	noun	10	20	0	2
ja	躍動	noun	10	20	0	2
ja	包含	noun	10	20	0	2
ja	セラミック	noun	10	20	0	2
ja	教論	noun	10	20	0	2
ja	真贋	noun	10	20	0	2
ja	思は	verb	10	20	0	2
ja	ずかずか	adverb	10	20	0	2
ja	湖沼	noun	10	20	0	2
ja	含める	verb	10	20	0	2
ja	とり入る	verb	10	20	0	2
ja	うじうじ	adverb	10	20	0	2
ja	リンケージ	noun	10	20	0	2
ja	パッカー	noun	10	20	0	2
ja	侮蔑	noun	10	20	0	2
ja	鴉	noun	10	20	0	2
ja	凡そ	adverb	10	20	0	2
ja	深化	noun	10	20	0	2
ja	一騎	noun	10	20	0	2
ja	縛り付ける	verb	10	20	0	2
ja	こてんぱん	adverb	10	20	0	2
ja	さっ	adverb	10	20	0	2
ja	先立ち	verb	10	20	0	2
ja	道教	noun	10	20	0	2
ja	アポストロフィ	noun	10	20	0	2
ja	処	noun	10	20	0	2
ja	がしがし	adverb	10	20	0	2
ja	エッセイスト	noun	10	20	0	2
ja	直営	noun	10	20	0	2
ja	相槌	noun	10	20	0	2
ja	カラッ	adverb	10	20	0	2
ja	彫り物	noun	10	20	0	2
ja	凌駕	noun	10	20	0	2
ja	互	noun	10	20	0	2
ja	アナルコ	noun	10	20	0	2
ja	公職	noun	10	20	0	2
ja	概観	noun	10	20	0	2
ja	見受け	verb	10	20	0	2
ja	軍国	noun	10	20	0	2
ja	非婚	noun	10	20	0	2
ja	忘却	noun	10	20	0	2
ja	入	noun	10	20	0	2
ja	シナイ	noun	10	20	0	2
ja	千歳	noun	10	20	0	2
ja	乖離	noun	10	20	0	2
ja	嫌味	noun	10	20	0	2
ja	押さえつけよう	verb	10	20	0	2
ja	ふわり	adverb	10	20	0	2
ja	機制	noun	10	20	0	2
ja	アドリブ	noun	10	20	0	2
ja	アントニオ	noun	10	20	0	2
ja	小遣	noun	10	20	0	2
ja	たんび	noun	10	20	0	2
ja	ジューサー	noun	10	20	0	2
ja	動植物	noun	10	20	0	2
ja	適量	noun	10	20	0	2
ja	ちかく	adjective	10	20	0	2
ja	学寮	noun	10	20	0	2
ja	渇愛	noun	10	20	0	2
ja	死肉	noun	10	20	0	2
ja	トーテム	noun	10	20	0	2
ja	拘ら	verb	10	20	0	2
ja	視よ	verb	10	20	0	2
ja	行へ	verb	10	20	0	2
ja	王政	noun	10	20	0	2
ja	ケネス	noun	10	20	0	2
ja	ぱっぱ	adverb	10	20	0	2
ja	分光	noun	10	20	0	2
ja	オピニオン	noun	10	20	0	2
ja	新教	noun	10	20	0	2
ja	インセンティブ	noun	10	20	0	2
ja	効能	noun	10	20	0	2
ja	シンナー	noun	10	20	0	2
ja	宙	noun	10	20	0	2
ja	飛散	noun	10	20	0	2
ja	スプロール	noun	10	20	0	2
ja	宛て	verb	10	20	0	2
ja	中近東	noun	10	20	0	2
ja	留め	noun	10	20	0	2
ja	ベーリング	noun	10	20	0	2
ja	あげく	noun	10	20	0	2
ja	是	noun	10	20	0	2
ja	入れ替え	noun	10	20	0	2
ja	何しろ	adverb	10	20	0	2
ja	アーサー	noun	10	20	0	2
ja	晩節	noun	10	20	0	2
ja	室町	noun	10	20	0	2
ja	シリンダー	noun	10	20	0	2
ja	や	noun	10	20	0	2
ja	相殺	noun	10	20	0	2
ja	傍目	noun	10	20	0	2
ja	見境	noun	10	20	0	2
ja	モジュール	noun	10	20	0	2
ja	浄化	noun	10	20	0	2
ja	マシマロ	noun	10	20	0	2
ja	詩行	noun	10	20	0	2
ja	律法	noun	10	20	0	2
ja	洋上	noun	10	20	0	2
ja	村落	noun	10	20	0	2
ja	パラメータ	noun	10	20	0	2
ja	イオン	noun	10	20	0	2
ja	踏み切れ	verb	10	20	0	2
ja	ゴリゴリ	adverb	10	20	0	2
ja	嘗て	adverb	10	20	0	2
ja	閑古	noun	10	20	0	2
ja	ルートヴィヒ	noun	10	20	0	2
ja	放牧	noun	10	20	0	2
ja	マリオット	noun	10	20	0	2
ja	連鎖	noun	10	20	0	2
ja	防げる	verb	10	20	0	2
ja	安寧	noun	10	20	0	2
ja	混ざり合っ	verb	10	20	0	2
ja	行ふ	verb	10	20	0	2
ja	少子	noun	10	20	0	2
ja	フェティシズム	noun	10	20	0	2
ja	当千	noun	10	20	0	2
ja	ボッブ	noun	10	20	0	2
ja	つくり出す	verb	10	20	0	2
ja	首切り	noun	10	20	0	2
ja	在留	noun	10	20	0	2
ja	ポストモダン	noun	10	20	0	2
ja	走り込ん	verb	10	20	0	2
ja	てんてこまい	noun	10	20	1	1
ja	週日	noun	10	20	1	1
ja	毀れ	verb	10	20	1	1
ja	検挙	noun	10	20	1	1
ja	あらわれ	noun	10	20	1	1
ja	神獣	noun	10	20	1	1
ja	たまもの	noun	10	20	1	1
ja	興っ	verb	10	20	1	1
ja	役立とう	verb	10	20	1	1
ja	腰掛ける	verb	10	20	1	1
ja	水くさい	adjective	10	20	1	1
ja	抜かさ	verb	10	20	1	1
ja	対極	noun	10	20	1	1
ja	応報	noun	10	20	1	1
ja	うちわ	noun	10	20	1	1
ja	湧か	verb	10	20	1	1
ja	ひざまづく	verb	10	20	1	1
ja	愛誦	noun	10	20	1	1
ja	焚く	verb	10	20	1	1
ja	あっちい	adjective	10	20	1	1
ja	醸し	verb	10	20	1	1
ja	来院	noun	10	20	1	1
ja	波動	noun	10	20	1	1
ja	ととのえ	verb	10	20	1	1
ja	ぎくしゃく	adverb	10	20	1	1
ja	慰む	verb	10	20	1	1
ja	勾引	noun	10	20	1	1
ja	イーグル	noun	10	20	1	1
ja	僻み	noun	10	20	1	1
ja	炊ける	verb	10	20	1	1
ja	うかがえ	verb	10	20	1	1
ja	帰さ	verb	10	20	1	1
ja	呈さ	verb	10	20	1	1
ja	打刻	noun	10	20	1	1
ja	気付かさ	verb	10	20	1	1
ja	ワケ	noun	10	20	1	1
ja	ひったくり	noun	10	20	1	1
ja	刀法	noun	10	20	1	1
ja	霧中	noun	10	20	1	1
ja	必至	noun	10	20	1	1
ja	別れよう	verb	10	20	1	1
ja	保てる	verb	10	20	1	1
ja	柔らげる	verb	10	20	1	1
ja	あたい	noun	10	20	1	1
ja	花開き	verb	10	20	1	1
ja	喜べ	verb	10	20	1	1
ja	帰せ	verb	10	20	1	1
ja	志さ	verb	10	20	1	1
ja	シミュレート	noun	10	20	1	1
ja	ぬくぬく	adverb	10	20	1	1
ja	鉢合わせ	noun	10	20	1	1
ja	始めろ	verb	10	20	1	1
ja	とほせ	verb	10	20	1	1
ja	つじつま合わせ	noun	10	20	1	1
ja	慮っ	verb	10	20	1	1
ja	表わさ	verb	10	20	1	1
ja	えがか	verb	10	20	1	1
ja	堅持	noun	10	20	1	1
ja	滴下	noun	10	20	1	1
ja	俗称	noun	10	20	1	1
ja	ドヤ	noun	10	20	1	1
ja	聞き方	noun	10	20	1	1
ja	国賊	noun	10	20	1	1
ja	追従	noun	10	20	1	1
ja	挟撃	noun	10	20	1	1
ja	くわせ	verb	10	20	1	1
ja	やすま	verb	10	20	1	1
ja	食おう	verb	10	20	1	1
ja	仕留め	verb	10	20	1	1
ja	絶飲食	noun	10	20	1	1
ja	唖	noun	10	20	1	1
ja	往く	verb	10	20	1	1
ja	毛唐	noun	10	20	1	1
ja	御座り	verb	10	20	1	1
ja	瑕	noun	10	20	1	1
ja	丼もの	noun	10	20	1	1
ja	謳っ	verb	10	20	1	1
ja	ゆずり	verb	10	20	1	1
ja	寝かさ	verb	10	20	1	1
ja	しおらしい	adjective	10	20	1	1
ja	援用	noun	10	20	1	1
ja	任し	verb	10	20	1	1
ja	煽ら	verb	10	20	1	1
ja	たとえ	noun	10	20	1	1
ja	抗っ	verb	10	20	1	1
ja	ドボドボ	adverb	10	20	1	1
ja	みじかく	adjective	10	20	0	1
ja	ヨシヤ	noun	10	20	0	1
ja	乗りまわす	verb	10	20	0	1
ja	救い出せる	verb	10	20	0	1
ja	原動	noun	10	20	0	1
ja	造	noun	10	20	0	1
ja	洗い落とす	verb	10	20	0	1
ja	大義	noun	10	20	0	1
ja	くらいつく	verb	10	20	0	1
ja	名訳	noun	10	20	0	1
ja	はらす	verb	10	20	0	1
ja	つこう	verb	10	20	0	1
ja	證	noun	10	20	0	1
ja	老いらく	noun	10	20	0	1
ja	師団	noun	10	20	0	1
ja	塞がり	verb	10	20	0	1
ja	ベンヤミン	noun	10	20	0	1
ja	書院	noun	10	20	0	1
ja	接辞	noun	10	20	0	1
ja	注入	noun	10	20	0	1
ja	伊織	noun	10	20	0	1
ja	ベクター	noun	10	20	0	1
ja	けふ	noun	10	20	0	1
ja	クルン	adverb	10	20	0	1
ja	根掘り	noun	10	20	0	1
ja	詣り	noun	10	20	0	1
ja	縁結び	noun	10	20	0	1
ja	密約	noun	10	20	0	1
ja	カイ	noun	10	20	0	1
ja	上水	noun	10	20	0	1
ja	戦艦	noun	10	20	0	1
ja	ジャンヌ	noun	10	20	0	1
ja	工匠	noun	10	20	0	1
ja	横たわる	verb	10	20	0	1
ja	レオン	noun	10	20	0	1
ja	雪白	noun	10	20	0	1
ja	気宇	noun	10	20	0	1
ja	アウシュビッツ	noun	10	20	0	1
ja	ギシギシ	adverb	10	20	0	1
ja	美代子	noun	10	20	0	1
ja	結社	noun	10	20	0	1
ja	ていど	noun	10	20	0	1
ja	ボナパルト	noun	10	20	0	1
ja	生み	noun	10	20	0	1
ja	順次	adverb	10	20	0	1
ja	待ちぼうけ	noun	10	20	0	1
ja	百戒	noun	10	20	0	1
ja	むしゃくしゃ	adverb	10	20	0	1
ja	若菜	noun	10	20	0	1
ja	ピアソン	noun	10	20	0	1
ja	バラック	noun	10	20	0	1
ja	ボロブドゥール	noun	10	20	0	1
ja	バタ	adverb	10	20	0	1
ja	ほじっ	verb	10	20	0	1
ja	天変	noun	10	20	0	1
ja	五鬼上	noun	10	20	0	1
ja	タレス	noun	10	20	0	1
ja	委縮	noun	10	20	0	1
ja	まつわる	verb	10	20	0	1
ja	エンター	noun	10	20	0	1
ja	びー	adverb	10	20	0	1
ja	詣	noun	10	20	0	1
ja	ラクト	noun	10	20	0	1
ja	ロマネスク	noun	10	20	0	1
ja	突っつく	verb	10	20	0	1
ja	スタッドレス	noun	10	20	0	1
ja	マズロー	noun	10	20	0	1
ja	天路	noun	10	20	0	1
ja	法要	noun	10	20	0	1
ja	通関	noun	10	20	0	1
ja	里香	noun	10	20	0	1
ja	テンス	noun	10	20	0	1
ja	みむら	noun	10	20	0	1
ja	靴ずれ	noun	10	20	0	1
ja	解き明かす	verb	10	20	0	1
ja	兵衛	noun	10	20	0	1
ja	ひけ目	noun	10	20	0	1
ja	助平	noun	10	20	0	1
ja	開戦	noun	10	20	0	1
ja	エクボ	noun	10	20	0	1
ja	ベガス	noun	10	20	0	1
ja	堅信	noun	10	20	0	1
ja	すがた	noun	10	20	0	1
ja	どっかり	adverb	10	20	0	1
ja	スケッチブック	noun	10	20	0	1
ja	法身	noun	10	20	0	1
ja	巡航	noun	10	20	0	1
ja	速読	noun	10	20	0	1
ja	ビーム	noun	10	20	0	1
ja	羽音	noun	10	20	0	1
ja	周知	noun	10	20	0	1
ja	通い妻	noun	10	20	0	1
ja	乙女座	noun	10	20	0	1
ja	老子	noun	10	20	0	1
ja	偲ぶ	verb	10	20	0	1
ja	産婆	noun	10	20	0	1
ja	惡	noun	10	20	0	1
ja	つぎ	noun	10	20	0	1
ja	②	noun	10	20	0	1
ja	掴もう	verb	10	20	0	1
ja	ギイギイ	adverb	10	20	0	1
ja	かつおぶし	noun	10	20	0	1
ja	ベルナール	noun	10	20	0	1
ja	定量	noun	10	20	0	1
ja	プンプン	adverb	10	20	0	1
ja	こうじ	noun	10	20	0	1
ja	片刃	noun	10	20	0	1
ja	直言	noun	10	20	0	1
ja	主文	noun	10	20	0	1
ja	ヒス	noun	10	20	0	1
ja	筆写	noun	10	20	0	1
ja	赴く	verb	10	20	0	1
ja	フィルター	noun	10	20	0	1
ja	写る	verb	10	20	0	1
ja	船首	noun	10	20	0	1
ja	可愛らしく	adjective	10	20	0	1
ja	アウトプット	noun	10	20	0	1
ja	もやもや	noun	10	20	0	1
ja	国賓	noun	10	20	0	1
ja	末法	noun	10	20	0	1
ja	顰蹙	noun	10	20	0	1
ja	こんにち	noun	10	20	0	1
ja	テーピング	noun	10	20	0	1
ja	誤爆	noun	10	20	0	1
ja	ディアスポラ	noun	10	20	0	1
ja	ケロケロ	adverb	10	20	0	1
ja	ひつ	verb	10	20	0	1
ja	カエサル	noun	10	20	0	1
ja	ＭＬ	noun	10	20	0	1
ja	健太	noun	10	20	0	1
ja	絶縁	noun	10	20	0	1
ja	切り込む	verb	10	20	0	1
ja	処世	noun	10	20	0	1
ja	とけ込む	verb	10	20	0	1
ja	両輪	noun	10	20	0	1
ja	小走り	noun	10	20	0	1
ja	端麗	noun	10	20	0	1
ja	退廃	noun	10	20	0	1
ja	悪妻	noun	10	20	0	1
ja	吹聴	noun	10	20	0	1
ja	一縷	noun	10	20	0	1
ja	猫型	noun	10	20	0	1
ja	事象	noun	10	20	0	1
ja	カメムシ	noun	10	20	0	1
ja	セカンド	noun	10	20	0	1
ja	推す	verb	10	20	0	1
ja	サイエンティスト	noun	10	20	0	1
ja	中部	noun	10	20	0	1
ja	コンファレンス	noun	10	20	0	1
ja	山下	noun	10	20	0	1
ja	コーエン	noun	10	20	0	1
ja	濫用	noun	10	20	0	1
ja	テンシ	noun	10	20	0	1
ja	排撃	noun	10	20	0	1
ja	島村	noun	10	20	0	1
ja	赤ら顔	noun	10	20	0	1
ja	飛び回り	verb	10	20	0	1
ja	演題	noun	10	20	0	1
ja	皮切り	noun	10	20	0	1
ja	クセノフォン	noun	10	20	0	1
ja	踏み入れれ	verb	10	20	0	1
ja	揺らし	verb	10	20	0	1
ja	論陣	noun	10	20	0	1
ja	九九	noun	10	20	0	1
ja	培養	noun	10	20	0	1
ja	消し去っ	verb	10	20	0	1
ja	し向け	verb	10	20	0	1
ja	南会津	noun	10	20	0	1
ja	ビズ	noun	10	20	0	1
ja	ジダン	noun	10	20	0	1
ja	酪農	noun	10	20	0	1
ja	持ち運ぶ	verb	10	20	0	1
ja	見せよう	verb	10	20	0	1
ja	出し合っ	verb	10	20	0	1
ja	書生	noun	10	20	0	1
ja	焼き払っ	verb	10	20	0	1
ja	エーレンフェルス	noun	10	20	0	1
ja	童顔	noun	10	20	0	1
ja	問診	noun	10	20	0	1
ja	祀る	verb	10	20	0	1
ja	独りよがり	noun	10	20	0	1
ja	後代	noun	10	20	0	1
ja	ポピュリスト	noun	10	20	0	1
ja	書き換えよう	verb	10	20	0	1
ja	人型	noun	10	20	0	1
ja	史跡	noun	10	20	0	1
ja	酒造	noun	10	20	0	1
ja	アーレント	noun	10	20	0	1
ja	ラブラドール	noun	10	20	0	1
ja	ガダメス	noun	10	20	0	1
ja	仙人	noun	10	20	0	1
ja	買い揃え	verb	10	20	0	1
ja	不出来	noun	10	20	0	1
ja	騙し騙し	noun	10	20	0	1
ja	呼び分け	verb	10	20	0	1
ja	鳴らさ	verb	10	20	0	1
ja	頭突き	noun	10	20	0	1
ja	とりこわさ	verb	10	20	0	1
ja	枕代わり	noun	10	20	0	1
ja	フラストレーション	noun	10	20	0	1
ja	樽	noun	10	20	0	1
ja	振り絞ら	verb	10	20	0	1
ja	泣き言	noun	10	20	0	1
ja	金剛	noun	10	20	0	1
ja	棋譜	noun	10	20	0	1
ja	スケープゴート	noun	10	20	0	1
ja	風来	noun	10	20	0	1
ja	レイプ	noun	10	20	0	1
ja	弾道	noun	10	20	0	1
ja	ＭＭ	noun	10	20	0	1
ja	あふれかえっ	verb	10	20	0	1
ja	いじめ	compounds	10	20	0	1
ja	従前	noun	10	20	0	1
ja	のろけ話	noun	10	20	0	1
ja	凪	noun	10	20	0	1
ja	アンダルシア	noun	10	20	0	1
ja	霊性	noun	10	20	0	1
ja	貫こう	verb	10	20	0	1
ja	スキ	noun	10	20	0	1
ja	植込み	noun	10	20	0	1
ja	買い足す	verb	10	20	0	1
ja	歴程	noun	10	20	0	1
ja	変域	noun	10	20	0	1
ja	洋風	noun	10	20	0	1
ja	とさか	noun	10	20	0	1
ja	マルコフ	noun	10	20	0	1
ja	踏み出さ	verb	10	20	0	1
ja	近東	noun	10	20	0	1
ja	かりん	noun	10	20	0	1
ja	全戦	noun	10	20	0	1
ja	コタツ	noun	10	20	0	1
ja	守武	noun	10	20	0	1
ja	アサンガ	noun	10	20	0	1
ja	旨	adjective	10	20	0	1
ja	出雲	noun	10	20	0	1
ja	迂濶	noun	10	20	0	1
ja	チビチビ	adverb	10	20	0	1
ja	エレガンス	noun	10	20	0	1
ja	まがり	noun	10	20	0	1
ja	落ちこぼれ	noun	10	20	0	1
ja	合わさっ	verb	10	20	0	1
ja	妙法	noun	10	20	0	1
ja	懲悪	noun	10	20	0	1
ja	拠り所	noun	10	20	0	1
ja	民生	noun	10	20	0	1
ja	小太郎	noun	10	20	0	1
ja	エミコ	noun	10	20	0	1
ja	ピカッ	adverb	10	20	0	1
ja	間取り	noun	10	20	0	1
ja	ルパ	noun	10	20	0	1
ja	線量	noun	10	20	0	1
ja	ゆうき	noun	10	20	0	1
ja	独唱	noun	10	20	0	1
ja	ＨＡ	noun	10	20	0	1
ja	鷗外	noun	10	20	0	1
ja	中観	noun	10	20	0	1
ja	今一	noun	10	20	0	1
ja	一物	noun	10	20	0	1
ja	鍛え	noun	10	20	0	1
ja	聖戦	noun	10	20	0	1
ja	嗤い	noun	10	20	0	1
ja	手鏡	noun	10	20	0	1
ja	激減	noun	10	20	0	1
ja	ノンケ	noun	10	20	0	1
ja	川魚	noun	10	20	0	1
ja	仕手	noun	10	20	0	1
ja	無稽	noun	10	20	0	1
ja	外洋	noun	10	20	0	1
ja	艇長	noun	10	20	0	1
ja	入れ替える	verb	10	20	0	1
ja	自働	noun	10	20	0	1
ja	るね	noun	10	20	0	1
ja	在せ	verb	10	20	0	1
ja	なにせ	adverb	10	20	0	1
ja	画策	noun	10	20	0	1
ja	スカ	noun	10	20	0	1
ja	シアル	noun	10	20	0	1
ja	硝子	noun	10	20	0	1
ja	さつぱり	adverb	10	20	0	1
ja	憂国	noun	10	20	0	1
ja	笑い飛ばさ	verb	10	20	0	1
ja	目論む	verb	10	20	0	1
ja	さむく	adjective	10	20	0	1
ja	バラード	noun	10	20	0	1
ja	はなはだ	adverb	10	20	0	1
ja	すげえ	adjective	10	20	0	1
ja	切り捨て	verb	10	20	0	1
ja	宮里	noun	10	20	0	1
ja	独尊	noun	10	20	0	1
ja	グズ	noun	10	20	0	1
ja	進物	noun	10	20	0	1
ja	アスカ	noun	10	20	0	1
ja	エデン	noun	10	20	0	1
ja	流言	noun	10	20	0	1
ja	曇らさ	verb	10	20	0	1
ja	ウシ	noun	10	20	0	1
ja	備わる	verb	10	20	0	1
ja	來ら	verb	10	20	0	1
ja	横滑り	noun	10	20	0	1
ja	敬称	noun	10	20	0	1
ja	マージ	noun	10	20	0	1
ja	ハネ	noun	10	20	0	1
ja	利き酒	noun	10	20	0	1
ja	よたれ	verb	10	20	0	1
ja	オカリナ	noun	10	20	0	1
ja	見せ掛け	noun	10	20	0	1
ja	恩寵	noun	10	20	0	1
ja	通弊	noun	10	20	0	1
ja	丸写し	noun	10	20	0	1
ja	見廻し	verb	10	20	0	1
ja	ドンパチ	noun	10	20	0	1
ja	もく	noun	10	20	0	1
ja	抜きだし	verb	10	20	0	1
ja	酒杯	noun	10	20	0	1
ja	吸い殻	noun	10	20	0	1
ja	粟	noun	10	20	0	1
ja	独白	noun	10	20	0	1
ja	ウオ	noun	10	20	0	1
ja	まるく	adjective	10	20	0	1
ja	せがむ	verb	10	20	0	1
ja	アングラ	noun	10	20	0	1
ja	識り	verb	10	20	0	1
ja	泡立て	noun	10	20	0	1
ja	伝播	noun	10	20	0	1
ja	クレイステネス	noun	10	20	0	1
ja	まゆみ	noun	10	20	0	1
ja	法典	noun	10	20	0	1
ja	金環	noun	10	20	0	1
ja	しょせん	adverb	10	20	0	1
ja	端役	noun	10	20	0	1
ja	ヘリウム	noun	10	20	0	1
ja	はまり込ま	verb	10	20	0	1
ja	アバタ	noun	10	20	0	1
ja	栗田	noun	10	20	0	1
ja	倨傲	noun	10	20	0	1
ja	表出	noun	10	20	0	1
ja	いけす	noun	10	20	0	1
ja	まんちん	noun	10	20	0	1
ja	赤木	noun	10	20	0	1
ja	堅物	noun	10	20	0	1
ja	ウイーク	noun	10	20	0	1
ja	枢要	noun	10	20	0	1
ja	デイヴィド	noun	10	20	0	1
ja	こき下ろす	verb	10	20	0	1
ja	鬱憤	noun	10	20	0	1
ja	開示	noun	10	20	0	1
ja	利他	noun	10	20	0	1
ja	リコピン	noun	10	20	0	1
ja	みっともなく	adjective	10	20	0	1
ja	乗りかえる	verb	10	20	0	1
ja	日歯連	noun	10	20	0	1
ja	粗	adjective	10	20	0	1
ja	マクロ	noun	10	20	0	1
ja	ドヴォルザーク	noun	10	20	0	1
ja	儀礼	noun	10	20	0	1
ja	エスコート	noun	10	20	0	1
ja	動脈	noun	10	20	0	1
ja	読み解く	verb	10	20	0	1
ja	ファイアウォール	noun	10	20	0	1
ja	令嬢	noun	10	20	0	1
ja	地政	noun	10	20	0	1
ja	尾形	noun	10	20	0	1
ja	変種	noun	10	20	0	1
ja	下せる	verb	10	20	0	1
ja	かげり	noun	10	20	0	1
ja	リーチ	noun	10	20	0	1
ja	七夕祭り	noun	10	20	0	1
ja	苛立つ	verb	10	20	0	1
ja	ピー	noun	10	20	0	1
ja	切り替え	verb	10	20	0	1
ja	霍乱	noun	10	20	0	1
ja	タイマン	noun	10	20	0	1
ja	マニー	noun	10	20	0	1
ja	ヤスリ	noun	10	20	0	1
ja	エアーズ	noun	10	20	0	1
ja	低減	noun	10	20	0	1
ja	トランザクション	noun	10	20	0	1
ja	付け加える	verb	10	20	0	1
ja	阿弥陀	noun	10	20	0	1
ja	オルリー	noun	10	20	0	1
ja	怖れる	verb	10	20	0	1
ja	原型	noun	10	20	0	1
ja	秋晴れ	noun	10	20	0	1
ja	沼田	noun	10	20	0	1
ja	居宅	noun	10	20	0	1
ja	解法	noun	10	20	0	1
ja	並べ立て	verb	10	20	0	1
ja	おと	noun	10	20	0	1
ja	ほそぼそ	adverb	10	20	0	1
ja	昏倒	noun	10	20	0	1
ja	訳者	noun	10	20	0	1
ja	醸す	verb	10	20	0	1
ja	孝一	noun	10	20	0	1
ja	何とぞ	adverb	10	20	0	1
ja	故事	noun	10	20	0	1
ja	飛び回る	verb	10	20	0	1
ja	曳い	verb	10	20	0	1
ja	関	noun	10	20	0	1
ja	シンクロニシティ	noun	10	20	0	1
ja	結い直し	verb	10	20	0	1
ja	侘し	adjective	10	20	0	1
ja	インデックス	noun	10	20	0	1
ja	大和	noun	10	20	0	1
ja	言ふ	verb	10	20	0	1
ja	ロブソン	noun	10	20	0	1
ja	實	noun	10	20	0	1
ja	芳田	noun	10	20	0	1
ja	ギクッ	adverb	10	20	0	1
ja	迷ひ	noun	10	20	0	1
ja	近畿	noun	10	20	0	1
ja	くっ	verb	10	20	0	1
ja	ジョセフ	noun	10	20	0	1
ja	雑務	noun	10	20	0	1
ja	全損	noun	10	20	0	1
ja	毀そう	verb	10	20	0	1
ja	ひきずら	verb	10	20	0	1
ja	活性	noun	10	20	0	1
ja	ドーヴァー	noun	10	20	0	1
ja	ねたむ	verb	10	20	0	1
ja	隔世	noun	10	20	0	1
ja	ポッカリ	adverb	10	20	0	1
ja	セーレン	noun	10	20	0	1
ja	バッチシ	adverb	10	20	0	1
ja	さる	noun	10	20	0	1
ja	葉掘り	noun	10	20	0	1
ja	尊師	noun	10	20	0	1
ja	描きかけ	noun	10	20	0	1
ja	ボギー	noun	10	20	0	1
ja	スパート	noun	10	20	0	1
ja	シャラポア	noun	10	20	0	1
ja	モコ	noun	10	20	0	1
ja	曲げよう	verb	10	20	0	1
ja	やり過ごす	verb	10	20	0	1
ja	併設	noun	10	20	0	1
ja	衆	noun	10	20	0	1
ja	体躯	noun	10	20	0	1
ja	主教	noun	10	20	0	1
ja	すき者	noun	10	20	0	1
ja	クワガタ	noun	10	20	0	1
ja	杏子	noun	10	20	0	1
ja	従姉	noun	10	20	0	1
ja	頌歌	noun	10	20	0	1
ja	ポリマー	noun	10	20	0	1
ja	なぐら	verb	10	20	0	1
ja	フク	noun	10	20	0	1
ja	朝めし	noun	10	20	0	1
ja	下北沢	noun	10	20	0	1
ja	フッカー	noun	10	20	0	1
ja	女帝	noun	10	20	0	1
ja	見直せ	verb	10	20	0	1
ja	背反	noun	10	20	0	1
ja	神武	noun	10	20	0	1
ja	やすも	verb	10	20	0	1
ja	よろい	noun	10	20	0	1
ja	常務	noun	10	20	0	1
ja	立ち返っ	verb	10	20	0	1
ja	さしのべる	verb	10	20	0	1
ja	膵臓	noun	10	20	0	1
ja	ま	adverb	10	20	0	1
ja	惑わさ	verb	10	20	0	1
ja	汲み	verb	10	20	0	1
ja	うけいれる	verb	10	20	0	1
ja	タンドリー	noun	10	20	0	1
ja	教派	noun	10	20	0	1
ja	Ｍａｇｉｃ	noun	10	20	0	1
ja	成る可く	adverb	10	20	0	1
ja	インディアナ	noun	10	20	0	1
ja	美しゅう	adjective	10	20	0	1
ja	プリプリ	adverb	10	20	0	1
ja	ふるえ上っ	verb	10	20	0	1
ja	クチュール	noun	10	20	0	1
ja	バーチャル	noun	10	20	0	1
ja	中期	noun	10	20	0	1
ja	バンザイ	noun	10	20	0	1
ja	持ち越す	verb	10	20	0	1
ja	等式	noun	10	20	0	1
ja	盛り込ま	verb	10	20	0	1
ja	堤	noun	10	20	0	1
ja	ひとごと	noun	10	20	0	1
ja	アムネスティ	noun	10	20	0	1
ja	次女	noun	10	20	0	1
ja	パクリ	adverb	10	20	0	1
ja	茶の湯	noun	10	20	0	1
ja	そそ	noun	10	20	0	1
ja	居据わっ	verb	10	20	0	1
ja	立ち上っ	verb	10	20	0	1
ja	ユ	noun	10	20	0	1
ja	みずき	noun	10	20	0	1
ja	トレーサー	noun	10	20	0	1
ja	莟	noun	10	20	0	1
ja	リセッション	noun	10	20	0	1
ja	ずきん	adverb	10	20	0	1
ja	作り直さ	verb	10	20	0	1
ja	オイディプス	noun	10	20	0	1
ja	上げ	noun	10	20	0	1
ja	産毛	noun	10	20	0	1
ja	エヴァンズ	noun	10	20	0	1
ja	牛舎	noun	10	20	0	1
ja	マスターベーション	noun	10	20	0	1
ja	馬丁	noun	10	20	0	1
ja	セントヘレンズ	noun	10	20	0	1
ja	オクターブ	noun	10	20	0	1
ja	忌中	noun	10	20	0	1
ja	貫か	verb	10	20	0	1
ja	横棒	noun	10	20	0	1
ja	ふざけ合っ	verb	10	20	0	1
ja	ゴワゴワ	adverb	10	20	0	1
ja	読み合わせ	noun	10	20	0	1
ja	蛮カラ	noun	10	20	0	1
ja	ケオ	noun	10	20	0	1
ja	私心	noun	10	20	0	1
ja	生き埋め	noun	10	20	0	1
ja	エイヴォン	noun	10	20	0	1
ja	山巓	noun	10	20	0	1
ja	四宮	noun	10	20	0	1
ja	クズカゴ	noun	10	20	0	1
ja	ヒルベルト	noun	10	20	0	1
ja	近寄ろう	verb	10	20	0	1
ja	アジアン	noun	10	20	0	1
ja	かたがた	noun	10	20	0	1
ja	極く	adverb	10	20	0	1
ja	コーデックス	noun	10	20	0	1
ja	凡て	noun	10	20	0	1
ja	奧山	noun	10	20	0	1
ja	長調	noun	10	20	0	1
ja	情状	noun	10	20	0	1
ja	マンツ	noun	10	20	0	1
ja	ドイル	noun	10	20	0	1
ja	作り出さ	verb	10	20	0	1
ja	ゼミナール	noun	10	20	0	1
ja	あふる	verb	10	20	0	1
ja	植栽	noun	10	20	0	1
ja	受益	noun	10	20	0	1
ja	悪びれる	verb	10	20	0	1
ja	琢磨	noun	10	20	0	1
ja	怜悧	noun	10	20	0	1
ja	プレスリー	noun	10	20	0	1
ja	可及	noun	10	20	0	1
ja	あぶら	noun	10	20	0	1
ja	身命	noun	10	20	0	1
ja	グテーレス	noun	10	20	0	1
ja	飯田	noun	10	20	0	1
ja	単身	noun	10	20	0	1
ja	えら	noun	10	20	0	1
ja	平城	noun	10	20	0	1
ja	踏み鳴らす	verb	10	20	0	1
ja	願わく	verb	10	20	0	1
ja	画一	noun	10	20	0	1
ja	さぐれ	verb	10	20	0	1
ja	きわまる	verb	10	20	0	1
ja	声出し	noun	10	20	0	1
ja	ホブ	noun	10	20	0	1
ja	グンタイ	noun	10	20	0	1
ja	組長	noun	10	20	0	1
ja	後光	noun	10	20	0	1
ja	エルビス	noun	10	20	0	1
ja	下方	noun	10	20	0	1
ja	苦渋	noun	10	20	0	1
ja	阿含	noun	10	20	0	1
ja	連発	noun	10	20	0	1
ja	にくみ	verb	10	20	0	1
ja	干魃	noun	10	20	0	1
ja	夜盗	noun	10	20	0	1
ja	手並み	noun	10	20	0	1
ja	胎内	noun	10	20	0	1
ja	考えつく	verb	10	20	0	1
ja	ごん	noun	10	20	0	1
ja	導き出さ	verb	10	20	0	1
ja	不埒	noun	10	20	0	1
ja	腫れ上がっ	verb	10	20	0	1
ja	焦眉	noun	10	20	0	1
ja	十二指腸	noun	10	20	0	1
ja	仮名	noun	10	20	0	1
ja	ムラサキシキブ	noun	10	20	0	1
ja	内剛	noun	10	20	0	1
ja	くらべ	noun	10	20	0	1
ja	ＣＢＳ	noun	10	20	0	1
ja	エリカ	noun	10	20	0	1
ja	決め付ける	verb	10	20	0	1
ja	釣り	verb	10	20	0	1
ja	こうむり	verb	10	20	0	1
ja	保憲	noun	10	20	0	1
ja	除染	noun	10	20	0	1
ja	着せよう	verb	10	20	0	1
ja	アンドリュー	noun	10	20	0	1
ja	演壇	noun	10	20	0	1
ja	打ち出し	verb	10	20	0	1
ja	眼界	noun	10	20	0	1
ja	わざわい	noun	10	20	0	1
ja	売り歩く	verb	10	20	0	1
ja	CM	compounds	10	20	0	1
ja	落伍	noun	10	20	0	1
ja	ゲシュタルト	noun	10	20	0	1
ja	合切	noun	10	20	0	1
ja	ムーア	noun	10	20	0	1
ja	ガードナー	noun	10	20	0	1
ja	ピタッ	adverb	10	20	0	1
ja	大入り	noun	10	20	0	1
ja	南無	noun	10	20	0	1
ja	ストラット	noun	10	20	0	1
ja	白票	noun	10	20	0	1
ja	オーソドックス	noun	10	20	0	1
ja	半纏	noun	10	20	0	1
ja	ボツ	noun	10	20	0	1
ja	星祭	noun	10	20	0	1
ja	織り込む	verb	10	20	0	1
ja	運輸	noun	10	20	0	1
ja	からっ	adverb	10	20	0	1
ja	タリバン	noun	10	20	0	1
ja	丸穴	noun	10	20	0	1
ja	根強い	adjective	10	20	0	1
ja	前屈	noun	10	20	0	1
ja	露店	noun	10	20	0	1
ja	大寒	noun	10	20	0	1
ja	ゆめみ	verb	10	20	0	1
ja	福袋	noun	10	20	0	1
ja	立見	noun	10	20	0	1
ja	ルーブル	noun	10	20	0	1
ja	推計	noun	10	20	0	1
ja	センシング	noun	10	20	0	1
ja	受託	noun	10	20	0	1
ja	素因	noun	10	20	0	1
ja	蓄熱	noun	10	20	0	1
ja	数奇屋	noun	10	20	0	1
ja	過当	noun	10	20	0	1
ja	まぐれ	noun	10	20	0	1
ja	つぎはぎ	noun	10	20	0	1
ja	シャイレーンドラ	noun	10	20	0	1
ja	おくせ	verb	10	20	0	1
ja	シラー	noun	10	20	0	1
ja	内鍵	noun	10	20	0	1
ja	ぱったり	adverb	10	20	0	1
ja	まつ	verb	10	20	0	1
ja	まとい	verb	10	20	0	1
ja	やらせ	noun	10	20	0	1
ja	シームレス	noun	10	20	0	1
ja	たずさわる	verb	10	20	0	1
ja	コーディネーション	noun	10	20	0	1
ja	文壇	noun	10	20	0	1
ja	中山	noun	10	20	0	1
ja	くらし	noun	10	20	0	1
ja	とりまとめ	verb	10	20	0	1
ja	ジャンパー	noun	10	20	0	1
ja	延びる	verb	10	20	0	1
ja	なだれ込む	verb	10	20	0	1
ja	脚立	noun	10	20	0	1
ja	引く手	noun	10	20	0	1
ja	サンディカリズム	noun	10	20	0	1
ja	消えゆく	verb	10	20	0	1
ja	なく	verb	10	20	0	1
ja	プラモ	noun	10	20	0	1
ja	サンベルト	noun	10	20	0	1
ja	写実	noun	10	20	0	1
ja	廻っ	verb	10	20	0	1
ja	竜崎	noun	10	20	0	1
ja	結露	noun	10	20	0	1
ja	積もる	verb	10	20	0	1
ja	零れ	noun	10	20	0	1
ja	豚箱	noun	10	20	0	1
ja	迎撃	noun	10	20	0	1
ja	サバ	noun	10	20	0	1
ja	上ずっ	verb	10	20	0	1
ja	畏怖	noun	10	20	0	1
ja	オリンポス	noun	10	20	0	1
ja	鬼婆	noun	10	20	0	1
ja	麻疹	noun	10	20	0	1
ja	ぷかぷか	adverb	10	20	0	1
ja	おぼろ夜	noun	10	20	0	1
ja	つぎ込め	verb	10	20	0	1
ja	うばおう	verb	10	20	0	1
ja	だつ	verb	10	20	0	1
ja	遭おう	verb	10	20	0	1
ja	さもしい	adjective	10	20	0	1
ja	深大	noun	10	20	0	1
ja	ダトゥ	noun	10	20	0	1
ja	弱まる	verb	10	20	0	1
ja	釣り好き	noun	10	20	0	1
ja	竹島	noun	10	20	0	1
ja	粘り	noun	10	20	0	1
ja	代案	noun	10	20	0	1
ja	憎み	verb	10	20	0	1
ja	重々	adverb	10	20	0	1
ja	参謀	noun	10	20	0	1
ja	パル	noun	10	20	0	1
ja	ジャルダン	noun	10	20	0	1
ja	閉校	noun	10	20	0	1
ja	圭	noun	10	20	0	1
ja	ただなか	noun	10	20	0	1
ja	とけれ	verb	10	20	0	1
ja	ナイ	noun	10	20	0	1
ja	加筆	noun	10	20	0	1
ja	たいやき	noun	10	20	0	1
ja	すっぱり	adverb	10	20	0	1
ja	水遊び	noun	10	20	0	1
ja	ごも	verb	10	20	0	1
ja	牡羊	noun	10	20	0	1
ja	緑黄	noun	10	20	0	1
ja	汚らしい	adjective	10	20	0	1
ja	ディオゲネス	noun	10	20	0	1
ja	箸置き	noun	10	20	0	1
ja	兵十	noun	10	20	0	1
ja	ベルサイユ	noun	10	20	0	1
ja	終局	noun	10	20	0	1
ja	ロビイスト	noun	10	20	0	1
ja	代謝	noun	10	20	0	1
ja	コンラッド	noun	10	20	0	1
ja	挑む	verb	10	20	0	1
ja	遊山	noun	10	20	0	1
ja	ロンダリング	noun	10	20	0	1
ja	ドジ	noun	10	20	0	1
ja	卸業	noun	10	20	0	1
ja	パルメニデス	noun	10	20	0	1
ja	飛びはね	verb	10	20	0	1
ja	ミレニアム	noun	10	20	0	1
ja	ボルボ	noun	10	20	0	1
ja	花言葉	noun	10	20	0	1
ja	エディション	noun	10	20	0	1
ja	シーフ	noun	10	20	0	1
ja	ポートレート	noun	10	20	0	1
ja	難しけれ	adjective	10	20	0	1
ja	カタ	noun	10	20	0	1
ja	財閥	noun	10	20	0	1
ja	ビスマルク	noun	10	20	0	1
ja	トラベラー	noun	10	20	0	1
ja	置き換わっ	verb	10	20	0	1
ja	ひろく	adjective	10	20	0	1
ja	転身	noun	10	20	0	1
ja	黄砂	noun	10	20	0	1
ja	総	noun	10	20	0	1
ja	ハワード	noun	10	20	0	1
ja	ガリシア	noun	10	20	0	1
ja	スモック	noun	10	20	0	1
ja	クィア	noun	10	20	0	1
ja	日蓮	noun	10	20	0	1
ja	もんぺ姿	noun	10	20	0	1
ja	僭主	noun	10	20	0	1
ja	傾き	verb	10	20	0	1
ja	初霜	noun	10	20	0	1
ja	ショーケース	noun	10	20	0	1
ja	芳樹	noun	10	20	0	1
ja	岩絵	noun	10	20	0	1
ja	術策	noun	10	20	0	1
ja	ストラスブール	noun	10	20	0	1
ja	舞曲	noun	10	20	0	1
ja	外壁	noun	10	20	0	1
ja	探り	noun	10	20	0	1
ja	押入	noun	10	20	0	1
ja	ノミ	noun	10	20	0	1
ja	由希	noun	10	20	0	1
ja	ヘンダーソン	noun	10	20	0	1
ja	叩こう	verb	10	20	0	1
ja	サッパリ	adverb	10	20	0	1
ja	ゆき	noun	10	20	0	1
ja	マル秘	noun	10	20	0	1
ja	堪え忍ぶ	verb	10	20	0	1
ja	拭き取り	verb	10	20	0	1
ja	買	noun	10	20	0	1
ja	勝ち逃げ	noun	10	20	0	1
ja	物指し	noun	10	20	0	1
ja	倒置	noun	10	20	0	1
ja	アルノー	noun	10	20	0	1
ja	他邦	noun	10	20	0	1
ja	タッド	noun	10	20	0	1
ja	チョイス	noun	10	20	0	1
ja	重なり	noun	10	20	0	1
ja	寝息	noun	10	20	0	1
ja	ｏｆ	noun	10	20	0	1
ja	かん	adverb	10	20	0	1
ja	創意	noun	10	20	0	1
ja	ダーウィニズム	noun	10	20	0	1
ja	駐禁	noun	10	20	0	1
ja	垂範	noun	10	20	0	1
ja	柔毛	noun	10	20	0	1
ja	左派	noun	10	20	0	1
ja	受入れる	verb	10	20	0	1
ja	競り合っ	verb	10	20	0	1
ja	世捨て	noun	10	20	0	1
ja	尖っ	verb	10	20	0	1
ja	本命	noun	10	20	0	1
ja	満ち満ち	verb	10	20	0	1
ja	夏恵	noun	10	20	0	1
ja	はりきっ	verb	10	20	0	1
ja	飼える	verb	10	20	0	1
ja	どさどさ	adverb	10	20	0	1
ja	大原	noun	10	20	0	1
ja	極性	noun	10	20	0	1
ja	亙り	verb	10	20	0	1
ja	枝葉	noun	10	20	0	1
ja	ラスカル	noun	10	20	0	1
ja	陶片	noun	10	20	0	1
ja	ラダー	noun	10	20	0	1
ja	カルナ	noun	10	20	0	1
ja	二律	noun	10	20	0	1
ja	ヘルプ	noun	10	20	0	1
ja	多項	noun	10	20	0	1
ja	割当て	noun	10	20	0	1
ja	バイヤー	noun	10	20	0	1
ja	水域	noun	10	20	0	1
ja	受入れ	verb	10	20	0	1
ja	サンショウ	noun	10	20	0	1
ja	減じ	verb	10	20	0	1
ja	ぺらぺら	adverb	10	20	0	1
ja	脇息	noun	10	20	0	1
ja	ゼン	noun	10	20	0	1
ja	濡れ手	noun	10	20	0	1
ja	悪婆	noun	10	20	0	1
ja	フラッフィー	noun	10	20	0	1
ja	臨ま	verb	10	20	0	1
ja	油物	noun	10	20	0	1
ja	むさぼる	verb	10	20	0	1
ja	ＯＥＣＤ	noun	10	20	0	1
ja	チラ	adverb	10	20	0	1
ja	黒かろう	adjective	10	20	0	1
ja	従える	verb	10	20	0	1
ja	午	noun	10	20	0	1
ja	こみ合っ	verb	10	20	0	1
ja	さきざき	noun	10	20	0	1
ja	山深い	adjective	10	20	0	1
ja	アイデンティティー	noun	10	20	0	1
ja	氷結	noun	10	20	0	1
ja	収録	noun	10	20	0	1
ja	顕在	noun	10	20	0	1
ja	連年	noun	10	20	0	1
ja	縛り首	noun	10	20	0	1
ja	ウェッブ	noun	10	20	0	1
ja	年数	noun	10	20	0	1
ja	ディートリッヒ	noun	10	20	0	1
ja	穣	noun	10	20	0	1
ja	耕運	noun	10	20	0	1
ja	係数	noun	10	20	0	1
ja	ハーバル	noun	10	20	0	1
ja	非才	noun	10	20	0	1
ja	敢て	adverb	10	20	0	1
ja	座り込み	noun	10	20	0	1
ja	クスノキ	noun	10	20	0	1
ja	祖	noun	10	20	0	1
ja	消えさる	verb	10	20	0	1
ja	盗める	verb	10	20	0	1
ja	トリカブト	noun	10	20	0	1
ja	雄々しい	adjective	10	20	0	1
ja	駱駝	noun	10	20	0	1
ja	カツ	noun	10	20	0	1
ja	つて	noun	10	20	0	1
ja	ヨーダー	noun	10	20	0	1
ja	切磋	noun	10	20	0	1
ja	ブルーネット	noun	10	20	0	1
ja	セロリ	noun	10	20	0	1
ja	メンバーシップ	noun	10	20	0	1
ja	務まる	verb	10	20	0	1
ja	買い支える	verb	10	20	0	1
ja	諸般	noun	10	20	0	1
ja	英仏	noun	10	20	0	1
ja	決裁	noun	10	20	0	1
ja	しわ寄せ	noun	10	20	0	1
ja	ＰＤＦ	noun	10	20	0	1
ja	真っ黒	adjective	10	20	0	1
ja	薬学	noun	10	20	0	1
ja	びな	noun	10	20	0	1
ja	譲り合え	verb	10	20	0	1
ja	囲い込み	noun	10	20	0	1
ja	幹	noun	10	20	0	1
ja	原曲	noun	10	20	0	1
ja	増援	noun	10	20	0	1
ja	獰悪	noun	10	20	0	1
ja	預かり物	noun	10	20	0	1
ja	足あと	noun	10	20	0	1
ja	難読	noun	10	20	0	1
ja	コンメディア	noun	10	20	0	1
ja	Ｎｏ．	noun	10	20	0	1
ja	板戸	noun	10	20	0	1
ja	土釜	noun	10	20	0	1
ja	ハイウェイ	noun	10	20	0	1
ja	おじゃん	noun	10	20	0	1
ja	駐留	noun	10	20	0	1
ja	ヴィンス	noun	10	20	0	1
ja	ハンプ	noun	10	20	0	1
ja	瑪瑙	noun	10	20	0	1
ja	おしかけ	verb	10	20	0	1
ja	天下り	noun	10	20	0	1
ja	フィジー	noun	10	20	0	1
ja	復仇	noun	10	20	0	1
ja	コトコト	adverb	10	20	0	1
ja	淺	adjective	10	20	0	1
ja	アッ	noun	10	20	0	1
ja	エンデ	noun	10	20	0	1
ja	けむり	noun	10	20	0	1
ja	忌避	noun	10	20	0	1
ja	秘伝	noun	10	20	0	1
ja	出会わ	verb	10	20	0	1
ja	げに	adverb	10	20	0	1
ja	蠍座	noun	10	20	0	1
ja	天空	noun	10	20	0	1
ja	取り憑か	verb	10	20	0	1
ja	Ｙｏｕ	noun	10	20	0	1
ja	カバ	noun	10	20	0	1
ja	リミックス	noun	10	20	0	1
ja	お釈迦	noun	10	20	0	1
ja	斟酌	noun	10	20	0	1
ja	リザーブ	noun	10	20	0	1
ja	スクープ	noun	10	20	0	1
ja	肌理	noun	10	20	0	1
ja	軟禁	noun	10	20	0	1
ja	説く	verb	10	20	0	1
ja	テディー	noun	10	20	0	1
ja	切り紙	noun	10	20	0	1
ja	暗夜	noun	10	20	0	1
ja	行爲	noun	10	20	0	1
ja	ラッシー	noun	10	20	0	1
ja	心がけ	noun	10	20	0	1
ja	連れ去る	verb	10	20	0	1
ja	アドルフォ	noun	10	20	0	1
ja	入湯	noun	10	20	0	1
ja	ジェイムス	noun	10	20	0	1
ja	引き出せる	verb	10	20	0	1
ja	マドラサ	noun	10	20	0	1
ja	①	noun	10	20	0	1
ja	コムロ	noun	10	20	0	1
ja	薄れる	verb	10	20	0	1
ja	寄り添い	verb	10	20	0	1
ja	ソロモン	noun	10	20	0	1
ja	盗撮	noun	10	20	0	1
ja	手引き	noun	10	20	0	1
ja	ぽっこり	adverb	10	20	0	1
ja	見なせる	verb	10	20	0	1
ja	末筆	noun	10	20	0	1
ja	準ずる	verb	10	20	0	1
ja	居り	verb	10	20	0	1
ja	かぁ	noun	10	20	0	1
ja	任	noun	10	20	0	1
ja	箇月	noun	10	20	0	1
ja	女児	noun	10	20	0	1
ja	片寄っ	verb	10	20	0	1
ja	名残	noun	10	20	0	1
ja	エライ	adjective	10	20	0	1
ja	チ	noun	10	20	0	1
ja	鼓	noun	10	20	0	1
ja	保身	noun	10	20	0	1
ja	新駅	noun	10	20	0	1
ja	インディペンデント	noun	10	20	0	1
ja	保湿	noun	10	20	0	1
ja	窮鳥	noun	10	20	0	1
ja	地異	noun	10	20	0	1
ja	根城	noun	10	20	0	1
ja	石綿	noun	10	20	0	1
ja	ＳＩ	noun	10	20	0	1
ja	トルーマン	noun	10	20	0	1
ja	入道	noun	10	20	0	1
ja	フローリング	noun	10	20	0	1
ja	エキスパート	noun	10	20	0	1
ja	侘しい	adjective	10	20	0	1
ja	目つぶし	noun	10	20	0	1
ja	率いる	verb	10	20	0	1
ja	繰り	noun	10	20	0	1
ja	熱源	noun	10	20	0	1
ja	哨戒	noun	10	20	0	1
ja	魑魅	noun	10	20	0	1
ja	言辞	noun	10	20	0	1
ja	到る	verb	10	20	0	1
ja	清々しい	adjective	10	20	0	1
ja	帯びる	verb	10	20	0	1
ja	満更	adverb	10	20	0	1
ja	おとす	verb	10	20	0	1
ja	ミュンツァー	noun	10	20	0	1
ja	並べれ	verb	10	20	0	1
ja	振込み	noun	10	20	0	1
ja	ひわれ	verb	10	20	0	1
ja	いじめよう	verb	10	20	0	1
ja	追い求める	verb	10	20	0	1
ja	正人	noun	10	20	0	1
ja	犬猿	noun	10	20	0	1
ja	取り出せる	verb	10	20	0	1
ja	おおぜい	noun	10	20	0	1
ja	咎め	noun	10	20	0	1
ja	改選	noun	10	20	0	1
ja	神代	noun	10	20	0	1
ja	酷評	noun	10	20	0	1
ja	林間	noun	10	20	0	1
ja	ＲＶ	noun	10	20	0	1
ja	内発	noun	10	20	0	1
ja	あらいぐま	noun	10	20	0	1
ja	ゆずら	verb	10	20	0	1
ja	バイソン	noun	10	20	0	1
ja	内海	noun	10	20	0	1
ja	あゆむ	verb	10	20	0	1
ja	組み合わさ	verb	10	20	0	1
ja	奥深い	adjective	10	20	0	1
ja	ツルツル	adverb	10	20	0	1
ja	地場	noun	10	20	0	1
ja	モンキー	noun	10	20	0	1
ja	ごそごそ	adverb	10	20	0	1
ja	軋轢	noun	10	20	0	1
ja	停波	noun	10	20	0	1
ja	バラエティ	noun	10	20	0	1
ja	可塑	noun	10	20	0	1
ja	エンドルフィン	noun	10	20	0	1
ja	誘致	noun	10	20	0	1
ja	ノルマンディ	noun	10	20	0	1
ja	売上げ	noun	10	20	0	1
ja	トラベル	noun	10	20	0	1
ja	買い支え	noun	10	20	0	1
ja	ラーガ	noun	10	20	0	1
ja	ケジメ	noun	10	20	0	1
ja	転がり出る	verb	10	20	0	1
ja	ひろこ	noun	10	20	0	1
ja	尻取り	noun	10	20	0	1
ja	モンテカルロ	noun	10	20	0	1
ja	未明	noun	10	20	0	1
ja	等しけれ	adjective	10	20	0	1
ja	必携	noun	10	20	0	1
ja	刈り残さ	verb	10	20	0	1
ja	スタートアップ	noun	10	20	0	1
ja	造語	noun	10	20	0	1
ja	地界	noun	10	20	0	1
ja	能楽	noun	10	20	0	1
ja	跋扈	noun	10	20	0	1
ja	コロニー	noun	10	20	0	1
ja	給水	noun	10	20	0	1
ja	ヒツジ	noun	10	20	0	1
ja	味わおう	verb	10	20	0	1
ja	名分	noun	10	20	0	1
ja	治世	noun	10	20	0	1
ja	ローカライズ	noun	10	20	0	1
ja	アルマーニ	noun	10	20	0	1
ja	リヒター	noun	10	20	0	1
ja	鳥類	noun	10	20	0	1
ja	ヨセフ	noun	10	20	0	1
ja	ｍｙ	noun	10	20	0	1
ja	良俗	noun	10	20	0	1
ja	ゲーテ	noun	10	20	0	1
ja	則っ	verb	10	20	0	1
ja	ひいては	adverb	10	20	0	1
ja	只見	noun	10	20	0	1
ja	唯我	noun	10	20	0	1
ja	祭る	verb	10	20	0	1
ja	アヌビス	noun	10	20	0	1
ja	アルカイダ	noun	10	20	0	1
ja	キャピタリズム	noun	10	20	0	1
ja	行き詰まり	noun	10	20	0	1
ja	スケール	noun	10	20	0	1
ja	舞い降りる	verb	10	20	0	1
ja	歩める	verb	10	20	0	1
ja	国別	noun	10	20	0	1
ja	ロールス	noun	10	20	0	1
ja	考へ	verb	10	20	0	1
ja	バタリ	adverb	10	20	0	1
ja	新疆	noun	10	20	0	1
ja	消失	noun	10	20	0	1
ja	為め	noun	10	20	0	1
ja	出稼ぎ	noun	10	20	0	1
ja	実実	noun	10	20	0	1
ja	マイノリティー	noun	10	20	0	1
ja	揚羽	noun	10	20	0	1
ja	惡しき	adjective	10	20	0	1
ja	引っ切り	noun	10	20	0	1
ja	パレスチナ	noun	10	20	0	1
ja	いだく	verb	10	20	0	1
ja	デラルテ	noun	10	20	0	1
ja	神権	noun	10	20	0	1
ja	福神	noun	10	20	0	1
ja	アーキテクチャー	noun	10	20	0	1
ja	ひん死	noun	10	20	0	1
ja	ハイハイ	noun	10	20	0	1
ja	組み合わさっ	verb	10	20	0	1
ja	英英	noun	10	20	0	1
ja	死する	verb	10	20	0	1
ja	通じれ	verb	10	20	0	1
ja	特恵	noun	10	20	0	1
ja	洋館	noun	10	20	0	1
ja	セレブ	noun	10	20	0	1
ja	猪	noun	10	20	0	1
ja	岩戸	noun	10	20	0	1
ja	部内	noun	10	20	0	1
ja	悪だくみ	noun	10	20	0	1
ja	カチカチ	adverb	10	20	0	1
ja	防戦	noun	10	20	0	1
ja	タル	noun	10	20	0	1
ja	うかうか	adverb	10	20	0	1
ja	掻痒	noun	10	20	0	1
ja	驕ら	verb	10	20	0	1
ja	認めん	verb	10	20	0	1
ja	洩らす	verb	10	20	0	1
ja	狂風	noun	10	20	0	1
ja	直球	noun	10	20	0	1
ja	駆り立てる	verb	10	20	0	1
ja	まぎれこま	verb	10	20	0	1
ja	単体	noun	10	20	0	1
ja	ダルク	noun	10	20	0	1
ja	申し入れ	verb	10	20	0	1
ja	臆面	noun	10	20	0	1
ja	数合わせ	noun	10	20	0	1
ja	サンディ	noun	10	20	0	1
ja	崩御	noun	10	20	0	1
ja	権益	noun	10	20	0	1
ja	パーフェクト	noun	10	20	0	1
ja	ヒギンズ	noun	10	20	0	1
ja	言いはっ	verb	10	20	0	1
ja	勘案	noun	10	20	0	1
ja	オミナエシ	noun	10	20	0	1
ja	見做し	verb	10	20	0	1
ja	かつぎ込ま	verb	10	20	0	1
ja	御前	noun	10	20	0	1
ja	両脇	noun	10	20	0	1
ja	水爆	noun	10	20	0	1
ja	びらき	noun	10	20	0	1
ja	ギヤ	noun	10	20	0	1
ja	練れ	verb	10	20	0	1
ja	警棒	noun	10	20	0	1
ja	外在	noun	10	20	0	1
ja	魚雷	noun	10	20	0	1
ja	心細く	adjective	10	20	0	1
ja	蓮華	noun	10	20	0	1
ja	なり振り	noun	10	20	0	1
ja	不尽	noun	10	20	0	1
ja	さわり	noun	10	20	0	1
ja	物分り	noun	10	20	0	1
ja	逆らおう	verb	10	20	0	1
ja	グラムシ	noun	10	20	0	1
ja	長机	noun	10	20	0	1
ja	アクセラレーション	noun	10	20	0	1
ja	出向い	verb	10	20	0	1
ja	掴み取り	noun	10	20	0	1
ja	不党	noun	10	20	0	1
ja	復職	noun	10	20	0	1
ja	辷り込ん	verb	10	20	0	1
ja	ラーニング	noun	10	20	0	1
ja	吸い物	noun	10	20	0	1
ja	取り壊し	noun	10	20	0	1
ja	なすっ	verb	10	20	0	1
ja	呼び起こす	verb	10	20	0	1
ja	あわただしく	adjective	10	20	0	1
ja	ロイス	noun	10	20	0	1
ja	無形	noun	10	20	0	1
ja	対価	noun	10	20	0	1
ja	割こう	verb	10	20	0	1
ja	クラスター	noun	10	20	0	1
ja	日朗	noun	10	20	0	1
ja	良一	noun	10	20	0	1
ja	崖っ縁	noun	10	20	0	1
ja	さ	adverb	10	20	0	1
ja	伝書	noun	10	20	0	1
ja	平河	noun	10	20	0	1
ja	追い込む	verb	10	20	0	1
ja	おむつ	noun	10	20	0	1
ja	ＮＧ	noun	10	20	0	1
ja	アスレチック	noun	10	20	0	1
ja	幸治	noun	10	20	0	1
ja	こぼれ落ち	verb	10	20	0	1
ja	関門	noun	10	20	0	1
ja	接点	noun	10	20	0	1
ja	やす	noun	10	20	0	1
ja	野垂れ死に	noun	10	20	0	1
ja	燃え上がり	verb	10	20	0	1
ja	植林	noun	10	20	0	1
ja	釣果	noun	10	20	0	1
ja	塗りなおし	verb	10	20	0	1
ja	えりこ	noun	10	20	0	1
ja	酔態	noun	10	20	0	1
ja	甘露	noun	10	20	0	1
ja	ニジェール	noun	10	20	0	1
ja	県営	noun	10	20	0	1
ja	玲	noun	10	20	0	1
ja	ケンタッキー	noun	10	20	0	1
ja	所作	noun	10	20	0	1
ja	おどろかさ	verb	10	20	0	1
ja	アイン	noun	10	20	0	1
ja	木本	noun	10	20	0	1
ja	死のう	verb	10	20	0	1
ja	忿怒	noun	10	20	0	1
ja	はいろう	verb	10	20	0	1
ja	皐月	noun	10	20	0	1
ja	女郎	noun	10	20	0	1
ja	学びとれる	verb	10	20	0	1
ja	角質	noun	10	20	0	1
ja	ふ化	noun	10	20	0	1
ja	コント	noun	10	20	0	1
ja	ヨチヨチ	adverb	10	20	0	1
ja	軽薄	noun	10	20	0	1
ja	商務	noun	10	20	0	1
ja	合せれ	verb	10	20	0	1
ja	症例	noun	10	20	0	1
ja	ておる	compounds	10	20	0	1
ja	めど	noun	10	20	0	1
ja	でしゃばり	noun	10	20	0	1
ja	射精	noun	10	20	0	1
ja	言い伝え	noun	10	20	0	1
ja	炬燵	noun	10	20	0	1
ja	ギンザケ	noun	10	20	0	1
ja	押し付けよう	verb	10	20	0	1
ja	貴士	noun	10	20	0	1
ja	七輪	noun	10	20	0	1
ja	またぎ	noun	10	20	0	1
ja	巫女	noun	10	20	0	1
ja	白山	noun	10	20	0	1
ja	ｅｙｅ	noun	10	20	0	1
ja	大冊	noun	10	20	0	1
ja	海戦	noun	10	20	0	1
ja	休部	noun	10	20	0	1
ja	夏休	noun	10	20	0	1
ja	シオ	noun	10	20	0	1
ja	組み込む	verb	10	20	0	1
ja	並列	noun	10	20	0	1
ja	スレート	noun	10	20	0	1
ja	ダビデ	noun	10	20	0	1
ja	謀議	noun	10	20	0	1
ja	まみれ	verb	10	20	0	1
ja	余り物	noun	10	20	0	1
ja	偽名	noun	10	20	0	1
ja	ユークリッド	noun	10	20	0	1
ja	ひろがっ	verb	10	20	0	1
ja	至	noun	10	20	0	1
ja	野次	noun	10	20	0	1
ja	ひる	verb	10	20	0	1
ja	準拠	noun	10	20	0	1
ja	スタンプ	noun	10	20	0	1
ja	行路	noun	10	20	0	1
ja	創刊	noun	10	20	0	1
ja	地デジ	noun	10	20	0	1
ja	シナ	noun	10	20	0	1
ja	ホールド	noun	10	20	0	1
ja	う段	noun	10	20	0	1
ja	加湿	noun	10	20	0	1
ja	ふな	noun	10	20	0	1
ja	糞尿	noun	10	20	0	1
ja	草彅	noun	10	20	0	1
ja	デリバリー	noun	10	20	0	1
ja	有村	noun	10	20	0	1
ja	笞	noun	10	20	0	1
ja	先安	noun	10	20	0	1
ja	吸い上げ	verb	10	20	0	1
ja	フロー	noun	10	20	0	1
ja	子役	noun	10	20	0	1
ja	倣い	verb	10	20	0	1
ja	売り地	noun	10	20	0	1
ja	焼き捨て	verb	10	20	0	1
ja	離れよう	verb	10	20	0	1
ja	味わわ	verb	10	20	0	1
ja	ボイル	noun	10	20	0	1
ja	TV	compounds	10	20	0	1
ja	赦さ	verb	10	20	0	1
ja	両断	noun	10	20	0	1
ja	連弾	noun	10	20	0	1
ja	バニヤン	noun	10	20	0	1
ja	教えれ	verb	10	20	0	1
ja	寒暑	noun	10	20	0	1
ja	ヨブ	noun	10	20	0	1
ja	織りあげる	verb	10	20	0	1
ja	純一郎	noun	10	20	0	1
ja	表土	noun	10	20	0	1
ja	砲艦	noun	10	20	0	1
ja	エコ	noun	10	20	0	1
ja	主部	noun	10	20	0	1
ja	カンスト	noun	10	20	0	1
ja	中編	noun	10	20	0	1
ja	ｗｏｒｄ	noun	10	20	0	1
ja	蔑視	noun	10	20	0	1
ja	物色	noun	10	20	0	1
ja	啄む	verb	10	20	0	1
ja	プラズマ	noun	10	20	0	1
ja	間合い	noun	10	20	0	1
ja	横行	noun	10	20	0	1
ja	ラノベ	noun	10	20	0	1
ja	セイ	noun	10	20	0	1
ja	かえり	noun	10	20	0	1
ja	帳尻	noun	10	20	0	1
ja	おの	noun	10	20	0	1
ja	煮立ち	noun	10	20	0	1
ja	瞥見	noun	10	20	0	1
ja	ワイワイ	adverb	10	20	0	1
ja	たまふ	verb	10	20	0	1
ja	つなぎ合わせる	verb	10	20	0	1
ja	興隆	noun	10	20	0	1
ja	分かつ	verb	10	20	0	1
ja	でんぐり返し	noun	10	20	0	1
ja	行き交う	verb	10	20	0	1
ja	順子	noun	10	20	0	1
ja	キガリ	noun	10	20	0	1
ja	発句	noun	10	20	0	1
ja	４千	noun	10	20	0	1
ja	思い詰める	verb	10	20	0	1
ja	スチル	noun	10	20	0	1
ja	イチロウ	noun	10	20	0	1
ja	すたすた	adverb	10	20	0	1
ja	滑らし	verb	10	20	0	1
ja	スラスト	noun	10	20	0	1
ja	雅弘	noun	10	20	0	1
ja	近衛	noun	10	20	0	1
ja	管内	noun	10	20	0	1
ja	売りつける	verb	10	20	0	1
ja	パイン	noun	10	20	0	1
ja	去	verb	10	20	0	1
ja	ディープ	noun	10	20	0	1
ja	便数	noun	10	20	0	1
ja	スペクトラム	noun	10	20	0	1
ja	於け	verb	10	20	0	1
ja	刈れ	verb	10	20	0	1
ja	バヴァナ	noun	10	20	0	1
ja	対っ	verb	10	20	0	1
ja	ルーター	noun	10	20	0	1
ja	力動	noun	10	20	0	1
ja	溶融	noun	10	20	0	1
ja	締め付ける	verb	10	20	0	1
ja	陰翳	noun	10	20	0	1
ja	インテグレーション	noun	10	20	0	1
ja	勇姿	noun	10	20	0	1
ja	とおい	adjective	10	20	0	1
ja	箒	noun	10	20	0	1
ja	引き延ばさ	verb	10	20	0	1
ja	利根	noun	10	20	0	1
ja	端子	noun	10	20	0	1
ja	はらい	noun	10	20	0	1
ja	タクシン	noun	10	20	0	1
ja	チラっ	adverb	10	20	0	1
ja	ぐたっ	adverb	10	20	0	1
ja	御	noun	10	20	0	1
ja	総長	noun	10	20	0	1
ja	花祭り	noun	10	20	0	1
ja	有ろう	verb	10	20	0	1
ja	続投	noun	10	20	0	1
ja	世継ぎ	noun	10	20	0	1
ja	譬へ	noun	10	20	0	1
ja	割礼	noun	10	20	0	1
ja	かわる	verb	10	20	0	1
ja	斜	noun	10	20	0	1
ja	ヤナ	noun	10	20	0	1
ja	ファンド	noun	10	20	0	1
ja	バーディ	noun	10	20	0	1
ja	ビッド	noun	10	20	0	1
ja	杜仲	noun	10	20	0	1
ja	あてがわ	verb	10	20	0	1
ja	朝餉	noun	10	20	0	1
ja	画材	noun	10	20	0	1
ja	学び覚える	verb	10	20	0	1
ja	偶像	noun	10	20	0	1
ja	毛なみ	noun	10	20	0	1
ja	ず	noun	10	20	0	1
ja	ラッカー	noun	10	20	0	1
ja	越後	noun	10	20	0	1
ja	亜弓	noun	10	20	0	1
ja	富良野	noun	10	20	0	1
ja	横切り	verb	10	20	0	1
ja	踏み固め	verb	10	20	0	1
ja	ゆっ	verb	10	20	0	1
ja	エレクトリック	noun	10	20	0	1
ja	さして	adverb	10	20	0	1
ja	ギクリ	adverb	10	20	0	1
ja	チャーム	noun	10	20	0	1
ja	シーラーズ	noun	10	20	0	1
ja	ふらつく	verb	10	20	0	1
ja	新奇	noun	10	20	0	1
ja	海浜	noun	10	20	0	1
ja	先代	noun	10	20	0	1
ja	一罰	noun	10	20	0	1
ja	シリル	noun	10	20	0	1
ja	爆殺	noun	10	20	0	1
ja	花婿	noun	10	20	0	1
ja	勧告	noun	10	20	0	1
ja	ハイゼンベルク	noun	10	20	0	1
ja	巫山戯	verb	10	20	0	1
ja	きつつき	noun	10	20	0	1
ja	ウエア	noun	10	20	0	1
ja	雲泥	noun	10	20	0	1
ja	ヒバリ	noun	10	20	0	1
ja	景勝	noun	10	20	0	1
ja	中堅	noun	10	20	0	1
ja	本膳	noun	10	20	0	1
ja	ヘイン	noun	10	20	0	1
ja	図表	noun	10	20	0	1
ja	外柔	noun	10	20	0	1
ja	公序	noun	10	20	0	1
ja	モルジブ	noun	10	20	0	1
ja	行は	verb	10	20	0	1
ja	虚虚	noun	10	20	0	1
ja	魔族	noun	10	20	0	1
ja	マスゴミ	noun	10	20	0	1
ja	色素	noun	10	20	0	1
ja	取り下げる	verb	10	20	0	1
ja	テリトリー	noun	10	20	0	1
ja	カシオペア	noun	10	20	0	1
ja	寓意	noun	10	20	0	1
ja	ジェイル	noun	10	20	0	1
ja	権謀	noun	10	20	0	1
ja	慨世	noun	10	20	0	1
ja	鳴管	noun	10	20	0	1
ja	騙せる	verb	10	20	0	1
ja	トーク	noun	10	20	0	1
ja	赤土	noun	10	20	0	1
ja	広葉	noun	10	20	0	1
ja	開講	noun	10	20	0	1
ja	レビ	noun	10	20	0	1
ja	テレビジョン	noun	10	20	0	1
ja	節用	noun	10	20	0	1
ja	モーゲンソー	noun	10	20	0	1
ja	スゴク	adjective	10	20	0	1
ja	ウェーク	noun	10	20	0	1
ja	パブロフ	noun	10	20	0	1
ja	詰め込み	noun	10	20	0	1
ja	跳ね起き	verb	10	20	0	1
ja	いらう	verb	10	20	0	1
ja	ＢＬ	noun	10	20	0	1
ja	クルツ	noun	10	20	0	1
ja	旧態	noun	10	20	0	1
ja	ラビ	noun	10	20	0	1
ja	類し	verb	10	20	0	1
ja	ほど近い	adjective	10	20	0	1
ja	要員	noun	10	20	0	1
ja	叙述	noun	10	20	0	1
ja	振り切り	verb	10	20	0	1
ja	大顎	noun	10	20	0	1
ja	行き悩ん	verb	10	20	0	1
ja	泰之	noun	10	20	0	1
ja	メソメソ	adverb	10	20	0	1
ja	かくかく	adverb	10	20	0	1
ja	真綿	noun	10	20	0	1
ja	ひみつ	noun	10	20	0	1
ja	とおせる	verb	10	20	0	1
ja	鳴り響く	verb	10	20	0	1
ja	魍魎	noun	10	20	0	1
ja	フレスコ	noun	10	20	0	1
ja	伊部	noun	10	20	0	1
ja	各藩	noun	10	20	0	1
ja	少雨	noun	10	20	0	1
ja	哀歌	noun	10	20	0	1
ja	牛鍋	noun	10	20	0	1
ja	ひと息	noun	10	20	0	1
ja	寄れ	verb	10	20	0	1
ja	肩口	noun	10	20	0	1
ja	表向き	noun	10	20	0	1
ja	やすく	adjective	10	20	0	1
ja	驢馬	noun	10	20	0	1
ja	箸先	noun	10	20	0	1
ja	轢い	verb	10	20	0	1
ja	裏向き	noun	10	20	0	1
ja	倅	noun	10	20	0	1
ja	メントール	noun	10	20	0	1
ja	マイクロウエーブ	noun	10	20	0	1
ja	チャパティ	noun	10	20	0	1
ja	諸宗	noun	10	20	0	1
ja	萩原	noun	10	20	0	1
ja	引き出さ	verb	10	20	0	1
ja	包摂	noun	10	20	0	1
ja	三村	noun	10	20	0	1
ja	地虫	noun	10	20	0	1
ja	カペ	noun	10	20	0	1
ja	さげすむ	verb	10	20	0	1
ja	菜っ葉	noun	10	20	0	1
ja	畳め	verb	10	20	0	1
ja	ロッテリア	noun	10	20	0	1
ja	勧善	noun	10	20	0	1
ja	ターゲット	noun	10	20	0	1
ja	インテンシブ	noun	10	20	0	1
ja	ふみこむ	verb	10	20	0	1
ja	草本	noun	10	20	0	1
ja	リトマス	noun	10	20	0	1
ja	カヴァ	noun	10	20	0	1
ja	章典	noun	10	20	0	1
ja	アシ	noun	10	20	0	1
ja	カンパラ	noun	10	20	0	1
ja	コロニアル	noun	10	20	0	1
ja	そびえ立つ	verb	10	20	0	1
ja	長良	noun	10	20	0	1
ja	総省	noun	10	20	0	1
ja	取扱っ	verb	10	20	0	1
ja	リーディング	noun	10	20	0	1
ja	熱力	noun	10	20	0	1
ja	ｈａｖｅ	noun	10	20	0	1
ja	ジブ	noun	10	20	0	1
ja	膜	noun	10	20	0	1
ja	苛立ち	noun	10	20	0	1
ja	纏わりつい	verb	10	20	0	1
ja	急峻	noun	10	20	0	1
ja	前カノ	noun	10	20	0	1
ja	はずれる	verb	10	20	0	1
ja	川勝	noun	10	20	0	1
ja	雨樋	noun	10	20	0	1
ja	斡旋	noun	10	20	0	1
ja	グランドキャニオン	noun	10	20	0	1
ja	ディ	noun	10	20	0	1
ja	取り直す	verb	10	20	0	1
ja	年甲斐	noun	10	20	0	1
ja	ばなれ	noun	10	20	0	1
ja	禍害	noun	10	20	0	1
ja	発足	noun	10	20	0	1
ja	書学	noun	10	20	0	1
ja	大要	noun	10	20	0	1
ja	ソウ	adverb	10	20	0	1
ja	大盤	noun	10	20	0	1
ja	冬彦	noun	10	20	0	1
ja	乗合	noun	10	20	0	1
ja	初任	noun	10	20	0	1
ja	善戦	noun	10	20	0	1
ja	風当たり	noun	10	20	0	1
ja	肥厚	noun	10	20	0	1
ja	リターン	noun	10	20	0	1
ja	穂	noun	10	20	0	1
ja	エポック	noun	10	20	0	1
ja	文殊	noun	10	20	0	1
ja	隔靴	noun	10	20	0	1
ja	めざとく	adjective	10	20	0	1
ja	訓導	noun	10	20	0	1
ja	擬音	noun	10	20	0	1
ja	肝試し	noun	10	20	0	1
ja	深入り	noun	10	20	0	1
ja	白かろう	adjective	10	20	0	1
ja	正則	noun	10	20	0	1
ja	リウ	noun	10	20	0	1
ja	筵	noun	10	20	0	1
ja	かせぎ	verb	10	20	0	1
ja	乗っけ	verb	10	20	0	1
ja	鉄分	noun	10	20	0	1
ja	もたつい	verb	10	20	0	1
ja	啓介	noun	10	20	0	1
ja	ねらう	verb	10	20	0	1
ja	ゴールドマン	noun	10	20	0	1
ja	良樹	noun	10	20	0	1
ja	び	adverb	10	20	0	1
ja	ＯＦＦ	noun	10	20	0	1
ja	マテラッツィ	noun	10	20	0	1
ja	置きかえれ	verb	10	20	0	1
ja	躁	noun	10	20	0	1
ja	欺き	verb	10	20	0	1
ja	恭介	noun	10	20	0	1
ja	ＯＰＥＣ	noun	10	20	0	1
ja	和装	noun	10	20	0	1
ja	カウンシル	noun	10	20	0	1
ja	差し込ま	verb	10	20	0	1
ja	アウラ	noun	10	20	0	1
ja	イノシシ	noun	10	20	0	1
ja	北魏	noun	10	20	0	1
ja	ジーッと	adverb	10	20	0	1
ja	ピクサー	noun	10	20	0	1
ja	かわく	verb	10	20	0	1
ja	ポッパー	noun	10	20	0	1
ja	轟き	noun	10	20	0	1
ja	疾病	noun	10	20	0	1
ja	上人	noun	10	20	0	1
ja	ストリーム	noun	10	20	0	1
ja	さしずめ	adverb	10	20	0	1
ja	続柄	noun	10	20	0	1
ja	キェルケゴール	noun	10	20	0	1
ja	ジエチル	noun	10	20	0	1
ja	ベー	noun	10	20	0	1
ja	踏み入れよう	verb	10	20	0	1
ja	聞き取れる	verb	10	20	0	1
ja	廃部	noun	10	20	0	1
ja	経団連	noun	10	20	0	1
ja	警部	noun	10	20	0	1
ja	利休	noun	10	20	0	1
ja	ハズレ	verb	10	20	0	1
ja	青木	noun	10	20	0	1
ja	道沿い	noun	10	20	0	1
ja	すみか	noun	10	20	0	1
ja	一世	noun	10	20	0	1
ja	羅列	noun	10	20	0	1
ja	なぐりつけ	verb	10	20	0	1
ja	ビーズ	noun	10	20	0	1
ja	劃し	verb	10	20	0	1
ja	同県	noun	10	20	0	1
ja	椎	noun	10	20	0	1
ja	愁い	noun	10	20	0	1
ja	ヘッジ	noun	10	20	0	1
ja	男っ気	noun	10	20	0	1
ja	かりとら	verb	10	20	0	1
ja	押さえつける	verb	10	20	0	1
ja	積み上げる	verb	10	20	0	1
ja	流れだす	verb	10	20	0	1
ja	茶漬け	noun	10	20	0	1
ja	アンシャン	noun	10	20	0	1
ja	戦犯	noun	10	20	0	1
ja	署	noun	10	20	0	1
ja	グローリア	noun	10	20	0	1
ja	園	noun	10	20	0	1
ja	ディスプレイ	noun	10	20	0	1
ja	クレイトン	noun	10	20	0	1
ja	スラヴ	noun	10	20	0	1
ja	サンプリング	noun	10	20	0	1
ja	なしゃ	verb	10	20	0	1
ja	仕組ま	verb	10	20	0	1
ja	ディレクター	noun	10	20	0	1
ja	後発	noun	10	20	0	1
ja	飛語	noun	10	20	0	1
ja	誰彼	noun	10	20	0	1
ja	偏重	noun	10	20	0	1
ja	トレス	noun	10	20	0	1
ja	ダイアログ	noun	10	20	0	1
ja	およぼし	verb	10	20	0	1
ja	荒唐	noun	10	20	0	1
ja	バイト先	noun	10	20	0	1
ja	聞き手	noun	10	20	0	1
ja	黄道	noun	10	20	0	1
ja	ボーム	noun	10	20	0	1
ja	吸わさ	verb	10	20	0	1
ja	所以	noun	10	20	0	1
ja	望み薄	noun	10	20	0	1
ja	生み出そう	verb	10	20	0	1
ja	末節	noun	10	20	0	1
ja	ニ	noun	10	20	0	1
ja	エラスムス	noun	10	20	0	1
ja	ヨーク	noun	10	20	0	1
ja	ヴィル	noun	10	20	0	1
ja	規程	noun	10	20	0	1
ja	不偏	noun	10	20	0	1
ja	すり切れる	verb	10	20	0	1
ja	パノフスキー	noun	10	20	0	1
ja	軽量	noun	10	20	0	1
ja	マカ	noun	10	20	0	1
ja	逃	verb	10	20	0	1
ja	最前	noun	10	20	0	1
ja	バイキン	noun	10	20	0	1
ja	暫らく	adverb	10	20	0	1
ja	外発	noun	10	20	0	1
ja	全	noun	10	20	0	1
ja	パーソナリティ	noun	10	20	0	1
ja	外典	noun	10	20	0	1
ja	盂蘭盆	noun	10	20	0	1
ja	モジモジ	adverb	10	20	0	1
ja	半円	noun	10	20	0	1
ja	シンドローム	noun	10	20	0	1
ja	飽食	noun	10	20	0	1
ja	鰓	noun	10	20	0	1
ja	トナー	noun	10	20	0	1
ja	オルゴール	noun	10	20	0	1
ja	胎児	noun	10	20	0	1
ja	シーズナリティ	noun	10	20	0	1
ja	貼り紙	noun	10	20	0	1
ja	解脱	noun	10	20	0	1
ja	般若	noun	10	20	0	1
ja	寮生	noun	10	20	0	1
ja	修辞	noun	10	20	0	1
ja	荒っぽく	adjective	10	20	0	1
ja	光一	noun	10	20	0	1
ja	銘じる	verb	10	20	0	1
ja	称える	verb	10	20	0	1
ja	頭ごなし	noun	10	20	0	1
ja	離別	noun	10	20	0	1
ja	最早	adverb	10	20	0	1
ja	モウ	adverb	10	20	0	1
ja	拳固	noun	10	20	0	1
ja	切り売り	noun	10	20	0	1
ja	ダナ	noun	10	20	0	1
ja	長き	adjective	10	20	0	1
ja	組み込ん	verb	10	20	0	1
ja	竹製	noun	10	20	0	1
ja	アルベール	noun	10	20	0	1
ja	２百	noun	10	20	0	1
ja	オーシャン	noun	10	20	0	1
ja	申分	noun	10	20	0	1
ja	彰	noun	10	20	0	1
ja	ノドチンコ	noun	10	20	0	1
ja	ナウム	noun	10	20	0	1
ja	ムッと	adverb	10	20	0	1
ja	発令	noun	10	20	0	1
ja	押し包ん	verb	10	20	0	1
ja	ウォルマート	noun	10	20	0	1
ja	供養	noun	10	20	0	1
ja	尾ひれ	noun	10	20	0	1
ja	補正	noun	10	20	0	1
ja	見はら	verb	10	20	0	1
ja	ネグレクト	noun	10	20	0	1
ja	眞	noun	10	20	0	1
ja	コレクターズ	noun	10	20	0	1
ja	パンパン	noun	10	20	0	1
ja	珍	noun	10	20	0	1
ja	泰平	noun	10	20	0	1
ja	床の間	noun	10	20	0	1
ja	木像	noun	10	20	0	1
ja	アタリ	noun	10	20	0	1
ja	魔界	noun	10	20	0	1
ja	美々しい	adjective	10	20	0	1
ja	ヴュルツブルク	noun	10	20	0	1
ja	成層	noun	10	20	0	1
ja	ブルマ	noun	10	20	0	1
ja	思い返し	verb	10	20	0	1
ja	茶化し	verb	10	20	0	1
ja	稲刈り	noun	10	20	0	1
ja	砲弾	noun	10	20	0	1
ja	忠勤	noun	10	20	0	1
ja	サブセット	noun	10	20	0	1
ja	竹炭	noun	10	20	0	1
ja	石畳	noun	10	20	0	1
ja	ウォルツ	noun	10	20	0	1
ja	メルヘン	noun	10	20	0	1
ja	コバルト	noun	10	20	0	1
ja	着れる	verb	10	20	0	1
ja	ヨタ	noun	10	20	0	1
ja	バンデューラ	noun	10	20	0	1
ja	印字	noun	10	20	0	1
ja	ウラン	noun	10	20	0	1
ja	訳注	noun	10	20	0	1
ja	糠喜び	noun	10	20	0	1
ja	キノ	noun	10	20	0	1
ja	ハルカ	noun	10	20	0	1
ja	強めよう	verb	10	20	0	1
ja	生かせる	verb	10	20	0	1
ja	品々	noun	10	20	0	1
ja	ニー	noun	10	20	0	1
ja	更正	noun	10	20	0	1
ja	物見	noun	10	20	0	1
ja	いぜん	adverb	10	20	0	1
ja	現出	noun	10	20	0	1
ja	生え際	noun	10	20	0	1
ja	シンパ	noun	10	20	0	1
ja	光り	verb	10	20	0	1
ja	クリスティアン	noun	10	20	0	1
ja	匂へ	verb	10	20	0	1
ja	すごーい	adjective	10	20	0	1
ja	ローズマリー	noun	10	20	0	1
ja	ちり	verb	10	20	0	1
ja	遥	noun	10	20	0	1
ja	順路	noun	10	20	0	1
ja	至上	noun	10	20	0	1
ja	束の間	noun	10	20	0	1
ja	起っ	verb	10	20	0	1
ja	エジンバラ	noun	10	20	0	1
ja	がしら	noun	10	20	0	1
ja	座り込み	verb	10	20	0	1
ja	寝がえり	noun	10	20	0	1
ja	モモンガ	noun	10	20	0	1
ja	うゐ	noun	10	20	0	1
ja	針葉	noun	10	20	0	1
ja	秀麗	noun	10	20	0	1
ja	ざらん	adverb	10	20	0	1
ja	ほりかえす	verb	10	20	0	1
ja	会報	noun	10	20	0	1
ja	野暮ったい	adjective	10	20	0	1
ja	かう	adverb	10	20	0	1
ja	当てれ	verb	10	20	0	1
ja	ペニス	noun	10	20	0	1
ja	赴任	noun	10	20	0	1
ja	怨念	noun	10	20	0	1
ja	ＲＡＭ	noun	10	20	0	1
ja	師事	noun	10	20	0	1
ja	現職	noun	10	20	0	1
ja	仰ぎ	verb	10	20	0	1
ja	コテンパン	adverb	10	20	0	1
ja	早まる	verb	10	20	0	1
ja	遅滞	noun	10	20	0	1
ja	被子	noun	10	20	0	1
ja	背理	noun	10	20	0	1
ja	開け放た	verb	10	20	0	1
ja	すり鉢	noun	10	20	0	1
ja	おおかた	noun	10	20	0	1
ja	ほじくる	verb	10	20	0	1
ja	莫迦莫迦しい	adjective	10	20	0	1
ja	マハー	noun	10	20	0	1
ja	埒外	noun	10	20	0	1
ja	ケルベロス	noun	10	20	0	1
ja	信じ込ん	verb	10	20	0	1
ja	込もう	verb	10	20	0	1
ja	伊勢崎	noun	10	20	0	1
ja	衷	noun	10	20	0	1
ja	大社	noun	10	20	0	1
ja	付与	noun	10	20	0	1
ja	逃げまわっ	verb	10	20	0	1
ja	マタイ	noun	10	20	0	1
ja	物別れ	noun	10	20	0	1
ja	函数	noun	10	20	0	1
ja	ぎょうざ	noun	10	20	0	1
ja	踏み込む	verb	10	20	0	1
ja	聞き流す	verb	10	20	0	1
