hiragana	く	hiragana letter く	please select words with the letter く	亡くなっ	やさしい	明るい	走れる	踊り	代わっ	行こう
hiragana	く	hiragana letter く	please select words with the letter く	解く	切れ	戻っ	あたる	いけ	走る	かけ
hiragana	く	hiragana letter く	please select words with the letter く	くっつい	飲ま	すばらしい	つかまっ	踊っ	生き	しゃべる
hiragana	く	hiragana letter く	please select words with the letter く	なくなり	寄っ	渇い	変わっ	座っ	祈り	なさっ
hiragana	く	hiragana letter く	please select words with the letter く	くつろい	罰せ	腐っ	始め	きれい	近づい	済ま
hiragana	く	hiragana letter く	please select words with the letter く	尽くさ	きつい	はっきり	話す	かける	かまわ	作ら
hiragana	く	hiragana letter く	please select words with the letter く	聞く	たっぷり	嘘つき	え	惚れ	遅れ	売っ
hiragana	く	hiragana letter く	please select words with the letter く	びっくり	厳しい	汚い	やり	まいり	伝わっ	済み
hiragana	く	hiragana letter く	please select words with the letter く	咲く	ご覧	長い	現れ	踊っ	幸い	治る
hiragana	く	hiragana letter く	please select words with the letter く	つく	遭っ	要る	思え	戻り	始まり	持ち主
hiragana	く	hiragana letter く	please select words with the letter く	いく	招い	軽い	張っ	ささげ	賢い	うんざり
hiragana	く	hiragana letter く	please select words with the letter く	なくし	切り	嬉しい	閉じ	さ	狭い	載っ
hiragana	く	hiragana letter く	please select words with the letter く	ひく	送り	分かり	かけ	わから	歌っ	衰え
hiragana	く	hiragana letter く	please select words with the letter く	驚く	運べ	乗れ	集まっ	作ら	与える	頂け
hiragana	く	hiragana letter く	please select words with the letter く	わくわく	置き	すれ	望む	控え	気づか	かけ
hiragana	く	hiragana letter く	please select words with the letter く	近く	召し上がり	切り	あなた	感じる	見つけ	困る
hiragana	く	hiragana letter く	please select words with the letter く	働く	学ぶ	長生き	帰っ	ささげ	取ら	支払い
hiragana	く	hiragana letter く	please select words with the letter く	効く	蹴っ	悪かっ	あきらめ	愛さ	なさっ	うぬぼれ
hiragana	く	hiragana letter く	please select words with the letter く	くれ	すれ	濡れ	掛け	嫌っ	いい	面白かっ
hiragana	く	hiragana letter く	please select words with the letter く	亡くなり	遭っ	うれしい	着き	聞か	やめる	送っ
hiragana	く	hiragana letter く	please select words with the letter く	尽くし	届き	ご覧	支払っ	務め	守っ	分かれ
hiragana	く	hiragana letter く	please select words with the letter く	ください	かゆい	切れ	覆わ	慣れ	増し	片付け
hiragana	く	hiragana letter く	please select words with the letter く	いくら	集まり	ある	大き	申し訳	取れ	間に合わ
hiragana	く	hiragana letter く	please select words with the letter く	弾く	話す	すい	送り	まちがっ	揺れ	すごい
hiragana	く	hiragana letter く	please select words with the letter く	くれる	住まい	構い	返し	迷っ	変わる	とおり
hiragana	く	hiragana letter く	please select words with the letter く	無くし	下ろし	きつい	扱わ	困る	面白い	折れ
hiragana	く	hiragana letter く	please select words with the letter く	泣く	安い	割っ	払っ	欲しかっ	謝ら	学び
hiragana	く	hiragana letter く	please select words with the letter く	亡くし	明るい	間違え	立ち	思う	出す	怖い
hiragana	く	hiragana letter く	please select words with the letter く	よろしく	送る	慣れる	優れ	難しい	ひどい	持ち
hiragana	く	hiragana letter く	please select words with the letter く	書く	み	長い	どう	笑わ	勝つ	要り
hiragana	く	hiragana letter く	please select words with the letter く	続く	咲い	あっ	狭い	示す	起こっ	美味し
hiragana	く	hiragana letter く	please select words with the letter く	無くなっ	働か	どう	素晴らしかっ	鳴らし	ありがとう	とり
hiragana	く	hiragana letter く	please select words with the letter く	着く	大き	富ん	送り	どうぞ	始まる	来れ
hiragana	く	hiragana letter く	please select words with the letter く	歩く	ぶつかっ	うれしかっ	愛する	起こり	休む	掛かっ
hiragana	く	hiragana letter く	please select words with the letter く	行く	変わり	聞か	恐れ	おおわ	やり	諦め
hiragana	く	hiragana letter く	please select words with the letter く	なくなっ	捧げ	やろう	超え	限ら	走れ	済ん
hiragana	く	hiragana letter く	please select words with the letter く	動く	震え	渡し	選ん	殺し	痛み	脅し
hiragana	く	hiragana letter く	please select words with the letter く	そっくり	招い	うそ	起こり	認める	預け	ちょうだい
hiragana	く	hiragana letter く	please select words with the letter く	くる	終える	見つけ	降る	持ち主	さ	つない
hiragana	く	hiragana letter く	please select words with the letter く	つくし	うわさ	入り	ない	悪い	起きる	青い
hiragana	だ	hiragana letter だ	please select words with the letter だ	いただき	安い	落とし	笑い	なれ	ふけっ	飲め
hiragana	だ	hiragana letter だ	please select words with the letter だ	ちょうだい	こと	横切っ	鳴っ	放っ	もたらす	待た
hiragana	だ	hiragana letter だ	please select words with the letter だ	いただけ	戻り	履い	幸い	努め	がまん	載っ
hiragana	だ	hiragana letter だ	please select words with the letter だ	だまさ	遭っ	わかっ	行ける	優しい	治る	降っ
hiragana	だ	hiragana letter だ	please select words with the letter だ	ください	安い	入る	訴え	愛し	買わ	広い
hiragana	だ	hiragana letter だ	please select words with the letter だ	だめ	嬉しい	進め	あがっ	通る	歌っ	眠っ
hiragana	さ	hiragana letter さ	please select words with the letter さ	うわさ	明るい	違っ	借り	狭い	面し	いれ
hiragana	さ	hiragana letter さ	please select words with the letter さ	みなさ	うれしい	幸せ	たっぷり	持ち主	見つから	少ない
hiragana	さ	hiragana letter さ	please select words with the letter さ	やさしい	かから	あっ	あきらめ	惚れ	ありがとう	なる
hiragana	さ	hiragana letter さ	please select words with the letter さ	だまさ	知っ	振る舞っ	漏れ	売っ	望ん	終わっ
hiragana	さ	hiragana letter さ	please select words with the letter さ	うるさい	いくら	きつい	伝え	多かっ	取ら	売ら
hiragana	さ	hiragana letter さ	please select words with the letter さ	愛さ	効く	貯め	速い	会え	名付け	いわ
hiragana	さ	hiragana letter さ	please select words with the letter さ	落とさ	見る	立ち	する	くれ	備え	並べ
hiragana	さ	hiragana letter さ	please select words with the letter さ	出さ	現れ	倒れ	参り	折っ	とおり	届か
hiragana	さ	hiragana letter さ	please select words with the letter さ	尽くさ	帰っ	吸い	閉じ	し	抜い	ちがい
hiragana	さ	hiragana letter さ	please select words with the letter さ	流さ	かなわ	見つけ	走る	殺し	合わ	買っ
hiragana	さ	hiragana letter さ	please select words with the letter さ	良さ	走れる	疲れ	倒れ	贈っ	叫ん	しまっ
hiragana	さ	hiragana letter さ	please select words with the letter さ	示さ	低い	欲しい	で	言う	恥じ	頼み
hiragana	さ	hiragana letter さ	please select words with the letter さ	よさ	学ぶ	戻っ	運ば	解ら	治る	晴れる
hiragana	さ	hiragana letter さ	please select words with the letter さ	催さ	抑え	き	つき	怒る	あり	入れ
hiragana	さ	hiragana letter さ	please select words with the letter さ	なさ	割っ	生じ	いけ	美味しかっ	破っ	扱う
hiragana	さ	hiragana letter さ	please select words with the letter さ	許さ	思える	まま	従っ	泣く	言っ	満たし
hiragana	さ	hiragana letter さ	please select words with the letter さ	ください	聞か	欲しい	聞く	いただけ	幸い	あげる
hiragana	さ	hiragana letter さ	please select words with the letter さ	さ	あっ	覆わ	塗っ	つかまっ	しよう	うんざり
hiragana	さ	hiragana letter さ	please select words with the letter さ	小さい	取る	無い	飲ま	吸わ	名づけ	飽き
hiragana	さ	hiragana letter さ	please select words with the letter さ	おさまっ	割っ	死に	扱わ	仲直り	つながり	入り
hiragana	さ	hiragana letter さ	please select words with the letter さ	刺さ	話そう	呼ん	走る	失っ	破っ	がまん
hiragana	さ	hiragana letter さ	please select words with the letter さ	さらさ	震え	向かっ	限る	扱い	捜し	どれ
hiragana	さ	hiragana letter さ	please select words with the letter さ	話さ	いくら	できる	ため	つながり	たっぷり	死な
hiragana	さ	hiragana letter さ	please select words with the letter さ	ささげ	変え	はっきり	汚い	間に合っ	遠い	頂け
hiragana	さ	hiragana letter さ	please select words with the letter さ	小さ	着る	答え	あふれ	する	かかる	合わ
hiragana	さ	hiragana letter さ	please select words with the letter さ	殺さ	こたえ	やら	間に合っ	おおわ	覚まし	わから
hiragana	さ	hiragana letter さ	please select words with the letter さ	悩まさ	なっ	役立ち	速い	開き	かまわ	買っ
hiragana	さ	hiragana letter さ	please select words with the letter さ	なさっ	始まり	間違える	揺れ	太っ	助け	とおり
hiragana	さ	hiragana letter さ	please select words with the letter さ	下さい	長い	戻し	そっくり	起こす	殴っ	来れ
hiragana	さ	hiragana letter さ	please select words with the letter さ	さがし	ここ	あげ	外し	青ざめ	迷っ	覚え
hiragana	さ	hiragana letter さ	please select words with the letter さ	ふさい	受かっ	許し	分かり	伝わっ	高かっ	悩ん
hiragana	さ	hiragana letter さ	please select words with the letter さ	なさい	焼け	つながり	高い	死ん	欲しかっ	広がっ
hiragana	さ	hiragana letter さ	please select words with the letter さ	待たさ	あげ	抑え	汚い	楽しみ	磨い	驚か
hiragana	い	hiragana letter い	please select words with the letter い	合い	接し	こと	切れ	行こう	告げ	きか
hiragana	い	hiragana letter い	please select words with the letter い	くつろい	はっきり	酔っ	済ん	及ぼし	生まれ	済ま
hiragana	い	hiragana letter い	please select words with the letter い	買い	眠れ	隠れ	昇っ	ほう	沈ん	読ま
hiragana	い	hiragana letter い	please select words with the letter い	やさしい	よせ	入り	まとめ	見つから	おさまっ	包ま
hiragana	い	hiragana letter い	please select words with the letter い	うるさい	拾っ	閉じ	怒ら	掛かっ	どう	行っ
hiragana	い	hiragana letter い	please select words with the letter い	言い	作っ	とまっ	植え	奪わ	伝わっ	剃っ
hiragana	い	hiragana letter い	please select words with the letter い	いく	走ら	異なる	呼び	変わっ	捜し	泊まっ
hiragana	い	hiragana letter い	please select words with the letter い	すごい	仲直り	着る	生き	ふけっ	治っ	遊ん
hiragana	い	hiragana letter い	please select words with the letter い	ほしい	応じ	え	聴き	告げ	おさまっ	付け
hiragana	い	hiragana letter い	please select words with the letter い	幸い	要る	見つけ	塗っ	ひく	恵まれ	治る
hiragana	い	hiragana letter い	please select words with the letter い	無い	捜し	難しかっ	よこし	知り	済み	剃っ
hiragana	い	hiragana letter い	please select words with the letter い	短い	恐れる	生きる	離れ	並べ	手渡し	習っ
hiragana	い	hiragana letter い	please select words with the letter い	抱い	だまさ	どの	務め	奪わ	歌っ	起きる
hiragana	い	hiragana letter い	please select words with the letter い	疑わしい	合わせ	呼び	害し	死な	流行っ	ほんと
hiragana	い	hiragana letter い	please select words with the letter い	きい	寄っ	確かめ	食べ物	進め	たっぷり	迷っ
hiragana	い	hiragana letter い	please select words with the letter い	弾い	通る	作ら	なし	解く	衰え
hiragana	い	hiragana letter い	please select words with the letter い	低い	走り	あげ	長生き	許さ	考える	借り
hiragana	い	hiragana letter い	please select words with the letter い	泣い	どきどき	生じ	始まり	信じる	待とう	起き
hiragana	い	hiragana letter い	please select words with the letter い	優しい	切れ	よせ	聞こえ	認め	祈り	守る
hiragana	い	hiragana letter い	please select words with the letter い	洗い	満ち	あげよう	申し訳	苦しん	ぴったり	及ぼし
hiragana	い	hiragana letter い	please select words with the letter い	たたい	つまら	ため	譲っ	入る
hiragana	い	hiragana letter い	please select words with the letter い	正しい	わくわく	こたえ	難し	運ば	現れ	かかる
hiragana	い	hiragana letter い	please select words with the letter い	美しい	驚き	運ば	信じる	行っ	果たす	渡っ
hiragana	い	hiragana letter い	please select words with the letter い	いつ	やろう	襲わ	放し	過ごす	選び	見せ
hiragana	い	hiragana letter い	please select words with the letter い	開い	わくわく	向かっ	くれる	続く	おっしゃっ	会わ
hiragana	い	hiragana letter い	please select words with the letter い	使い	あなた	弾き	つかまっ	ひく	狂っ	食っ
hiragana	い	hiragana letter い	please select words with the letter い	遠い	要る	待たさ	倒れ	襲わ	集まっ	うんざり
hiragana	い	hiragana letter い	please select words with the letter い	おもしろい	すれ	降る	死ぬ	知り	咲く	とまっ
hiragana	い	hiragana letter い	please select words with the letter い	かい	立っ	ほっと	指し	つかまっ	尽くし	帰る
hiragana	い	hiragana letter い	please select words with the letter い	向い	かなっ	返せ	あふれ	暮らし	やめよう	慣れ
hiragana	い	hiragana letter い	please select words with the letter い	習い	達し	震え	洗っ	飼っ	これ	間に合う
hiragana	い	hiragana letter い	please select words with the letter い	甘い	金持ち	だめ	聞こえ	聞く	負わ	やめ
hiragana	い	hiragana letter い	please select words with the letter い	はい	ある	踊り	思わ	握っ	あふれ	去っ
hiragana	い	hiragana letter い	please select words with the letter い	嬉しい	戻り	触れ	あなた	戻る	預け	扱う
hiragana	い	hiragana letter い	please select words with the letter い	こい	やら	悪かっ	ぴったり	つくし	売れ	謝ら
hiragana	い	hiragana letter い	please select words with the letter い	下さい	つかまえ	望む	富ん	守っ	おおわ	吹き
hiragana	い	hiragana letter い	please select words with the letter い	痛い	できる	やっ	飲む	好む	唱え	かける
hiragana	い	hiragana letter い	please select words with the letter い	明るい	知っ	ほっと	生じ	酔っ	及ぼし	買える
hiragana	い	hiragana letter い	please select words with the letter い	新しい	満ち	送る	答え
hiragana	い	hiragana letter い	please select words with the letter い	嫌い	下ろし	ころ	塗っ	取っ	知ら	ひき
hiragana	い	hiragana letter い	please select words with the letter い	履い	走ら	行ける	食べ	並べ	ばか	死ん
hiragana	い	hiragana letter い	please select words with the letter い	素晴らしい	遭っ	認め	ばか	やめよう	ほう	受け
hiragana	い	hiragana letter い	please select words with the letter い	知り合い	やっ	張っ	告げ	続く	嫌わ	無くなっ
hiragana	い	hiragana letter い	please select words with the letter い	いけ	嬉し	尽くし	知り	広がっ	太っ	雇っ
hiragana	い	hiragana letter い	please select words with the letter い	注い	過ぎ	泳げる	限り	渡し	入れ	折れ
hiragana	い	hiragana letter い	please select words with the letter い	住まい	許し	負わ	おっしゃっ	悩ん	住ん	話し
hiragana	い	hiragana letter い	please select words with the letter い	くっつい	拾っ	だめ	切っ	来る	驚か	つまら
hiragana	い	hiragana letter い	please select words with the letter い	危ない	難し	送り	言っ	教え	とまっ	望ん
hiragana	い	hiragana letter い	please select words with the letter い	かゆい	歩か	連れ	おおわ	伝わっ	す	あたり
hiragana	い	hiragana letter い	please select words with the letter い	うなずい	待ち	唱え	放っ	書け	忘れ	要り
hiragana	い	hiragana letter い	please select words with the letter い	暑い	傷つけ	休ん	あう	愛し	申し	扱う
hiragana	い	hiragana letter い	please select words with the letter い	ねがい	なくなっ	脱ぎ	済ん	治る	済み	読め
hiragana	い	hiragana letter い	please select words with the letter い	気付い	残っ	遅れ	覚え	狂っ	気持ち	泊まり
hiragana	い	hiragana letter い	please select words with the letter い	暖かい	抑え	亡くし	行ける	進む	告げ	来る
hiragana	い	hiragana letter い	please select words with the letter い	吹い	借り	過ごす	奪っ	越し	入れ	押し
hiragana	い	hiragana letter い	please select words with the letter い	脱い	わくわく	あう	責め	曇っ	つくし	驚か
hiragana	い	hiragana letter い	please select words with the letter い	祝い	あたる	立ち	去っ	負わ	嫌っ	取ら
hiragana	い	hiragana letter い	please select words with the letter い	いたし	慣れ	間に合っ	借り	どれ	殺さ	考え
hiragana	い	hiragana letter い	please select words with the letter い	深い	仕上げ	よこし	あきあき	待つ	覆っ	おめでとう
hiragana	い	hiragana letter い	please select words with the letter い	いっぱい	従わ	待たさ	始まり	うっとり	限る	待ち
hiragana	い	hiragana letter い	please select words with the letter い	手伝い	住み	眠り	別れ	分かん	塗っ	愛し
hiragana	い	hiragana letter い	please select words with the letter い	よい	代わっ	戻し	入る	通っ	分かっ	悲しん
hiragana	い	hiragana letter い	please select words with the letter い	いらいら	あがっ	刈っ	切れる	刻ん	女の子	空っぽ
hiragana	い	hiragana letter い	please select words with the letter い	ください	買え	渡っ	よこし	存じ	さらさ	裏切っ
hiragana	い	hiragana letter い	please select words with the letter い	いら	少し	備え	もたらす	起こっ	動かし	生まれる
hiragana	い	hiragana letter い	please select words with the letter い	いくら	下ろし	感じる	気づか	かけ	鳴らし	これ
hiragana	い	hiragana letter い	please select words with the letter い	若い	立て	返せ	どれ	奪わ	うんざり	待た
hiragana	い	hiragana letter い	please select words with the letter い	安い	読ん	別れ	亡くし	脅し	分かる	送っ
hiragana	い	hiragana letter い	please select words with the letter い	軽い	見つける	避け	幸せ	あり	扱っ	ひき
hiragana	い	hiragana letter い	please select words with the letter い	ない	ひく	見つから	死ん	続く	持っ
hiragana	い	hiragana letter い	please select words with the letter い	白い	下ろし	ある	作り	来る	遊び	帰ら
hiragana	い	hiragana letter い	please select words with the letter い	よろしい	できる	楽し	遅れる	出し	捜し	暮らし
hiragana	い	hiragana letter い	please select words with the letter い	歌い	進ん	支え	着る	訪ね	なさ	燃え
hiragana	い	hiragana letter い	please select words with the letter い	臭い	抑え	受かっ	書け	やれ	頂け	流し
hiragana	い	hiragana letter い	please select words with the letter い	焼い	走れる	勧め	合わせ	塗っ	外し	来れ
hiragana	い	hiragana letter い	please select words with the letter い	近い	金持ち	変わり	応じ	やろう	怒ら	去っ
hiragana	い	hiragana letter い	please select words with the letter い	引い	切り	近く	学ん	越し	告げ	見つかっ
hiragana	い	hiragana letter い	please select words with the letter い	ありがたい	返せ	支払っ	まとめ	唱え	足り	がまん
hiragana	い	hiragana letter い	please select words with the letter い	少ない	まとめ	おおわ	買える	作り	話せ	もらっ
hiragana	い	hiragana letter い	please select words with the letter い	すばらしい	踊り	出し	出さ	伝わっ	助け	守る
hiragana	い	hiragana letter い	please select words with the letter い	間違い	驚く	愛さ	訴え	行わ	手伝わ	脱し
hiragana	い	hiragana letter い	please select words with the letter い	おいしい	震え	祈り	出す	始まっ	増え	初めて
hiragana	い	hiragana letter い	please select words with the letter い	まいり	求める	おか	従っ	まちがっ	なかっ	禁じ
hiragana	い	hiragana letter い	please select words with the letter い	続い	ため	生きる	連れ	感じ	え	名付け
hiragana	い	hiragana letter い	please select words with the letter い	恐い	乗っ	運べ	あたる	曇っ	かまわ	会わ
hiragana	い	hiragana letter い	please select words with the letter い	違い	恐れ	つき	告げ	買っ	教える	違う
hiragana	い	hiragana letter い	please select words with the letter い	用い	食べ	つけ	書け	並ん	飛ん	遊び
hiragana	い	hiragana letter い	please select words with the letter い	急い	話す	よせ	役立ち	出る	送り	泊まっ
hiragana	い	hiragana letter い	please select words with the letter い	恥ずかしい	横切っ	蹴っ	限り	くる	頂け	おめでとう
hiragana	い	hiragana letter い	please select words with the letter い	いれ	取る	借り	選ば	従う	動き	会わ
hiragana	い	hiragana letter い	please select words with the letter い	いらっしゃい	横切っ	刈っ	害し	離れ	取っ	迫っ
hiragana	い	hiragana letter い	please select words with the letter い	願い	変わら	振っ	脱し	頑張っ	広まっ	望ん
hiragana	い	hiragana letter い	please select words with the letter い	歩い	立ち	捜し	覚め	混ぜ	裏切っ	持た
hiragana	い	hiragana letter い	please select words with the letter い	忙しい	困っ	学ん	届か	考え	帰ら	しゃべら
hiragana	い	hiragana letter い	please select words with the letter い	聞い	終え	罰せ	別れ	欲しかっ	しろ	違う
hiragana	い	hiragana letter い	please select words with the letter い	眠い	避け	あがっ	まちがっ	締め	壊し	かかる
hiragana	い	hiragana letter い	please select words with the letter い	面白い	蹴っ	訪れ	酔っ	そっくり	限り	唱え
hiragana	い	hiragana letter い	please select words with the letter い	思い	始まり	間違える	従っ	嬉しかっ	分から	貸し
hiragana	い	hiragana letter い	please select words with the letter い	鋭い	異なっ	祝っ	吸わ	休む	述べ	壊し
hiragana	い	hiragana letter い	please select words with the letter い	むずかしい	受かっ	だめ	演じ	嬉し	高かっ	もっとも
hiragana	い	hiragana letter い	please select words with the letter い	稼い	預かっ	行き	訴え	楽しん	思う	会おう
hiragana	い	hiragana letter い	please select words with the letter い	いかが	進め	泣く	進む	分かれ	おさまっ	そう
hiragana	い	hiragana letter い	please select words with the letter い	渇い	流し	がっかり	始まる	壊し	貸し	慣れ
hiragana	い	hiragana letter い	please select words with the letter い	会い	まま	つかまっ	つけ	嫌わ	越し	言う
hiragana	い	hiragana letter い	please select words with the letter い	古い	立っ	示し	控え	助かり	伸び	謝っ
hiragana	い	hiragana letter い	please select words with the letter い	働い	住み	よせ	打っ	汚れ	書き	ありがとう
hiragana	い	hiragana letter い	please select words with the letter い	泳い	酔っ	挙げ	覆わ	あたる	考え	狂っ
hiragana	い	hiragana letter い	please select words with the letter い	美味しい	襲わ	催さ	楽しん	ひき	要り	言える
hiragana	い	hiragana letter い	please select words with the letter い	寂しい	入る	申し訳	死ぬ	嫌わ	作り	傾け
hiragana	い	hiragana letter い	please select words with the letter い	いか	従わ	捧げ	悪かっ	しよう	唱え	戻る
hiragana	い	hiragana letter い	please select words with the letter い	解い	捕まっ	出せ	ささげ	掛け	暮らし	行う
hiragana	い	hiragana letter い	please select words with the letter い	待ち遠しい	塗っ	立ち	好み	聞け	学び	流れ
hiragana	い	hiragana letter い	please select words with the letter い	良い	催さ	去っ	やり	諦め	帰る	走り
hiragana	い	hiragana letter い	please select words with the letter い	苦い	あきらめ	亡くし	つか	どの	書き	歩く
hiragana	い	hiragana letter い	please select words with the letter い	小さい	戻り	なっ	食べ物	行こう	泣く	仲良し
hiragana	い	hiragana letter い	please select words with the letter い	ちがい	残っ	あっ	去っ	手伝っ	流行っ	しまっ
hiragana	い	hiragana letter い	please select words with the letter い	弱い	驚き	走れる	登っ	従っ	しまっ	頑張っ
hiragana	い	hiragana letter い	please select words with the letter い	賢い	落とし	ほっと	やめる	言っ	備え	なし
hiragana	い	hiragana letter い	please select words with the letter い	いう	拾っ	泊まっ	脱し	語っ	勤め	剃っ
hiragana	い	hiragana letter い	please select words with the letter い	磨い	遭っ	怒ら	あふれ	好む	動き	とき
hiragana	い	hiragana letter い	please select words with the letter い	赤い	聞か	なり	来る	衰え	助ける	集まり
hiragana	い	hiragana letter い	please select words with the letter い	詳しい	無くし	応じ	収め	働き	ありがとう	謝っ
hiragana	い	hiragana letter い	please select words with the letter い	伺い	困っ	返せ	示し	やっ	はず	広まっ
hiragana	い	hiragana letter い	please select words with the letter い	咲い	食べ物	あっ	もの	知ら	好み	申し
hiragana	い	hiragana letter い	please select words with the letter い	悪い	祝っ	飽き	降っ	生き	慣れ	終わり
hiragana	い	hiragana letter い	please select words with the letter い	寒い	生じ	切っ	載っ	謝っ	怠け者	遊ぼう
hiragana	い	hiragana letter い	please select words with the letter い	辛い	置き	ため	愛する	別れ	包ん	守る
hiragana	い	hiragana letter い	please select words with the letter い	狭い	終える	ため	まま	やっ	受かっ	楽しかっ
hiragana	い	hiragana letter い	please select words with the letter い	汚い	替え	許さ	運べ	進む	感じ	訪れる
hiragana	い	hiragana letter い	please select words with the letter い	多い	傾け	付け	晴れる	伸び	閉まっ	住ん
hiragana	い	hiragana letter い	please select words with the letter い	怖い	落とし	嫌っ	消し	任せ	好か	わけ
hiragana	い	hiragana letter い	please select words with the letter い	悲しい	かなっ	現れ	切っ	嘘つき	育て	青ざめ
hiragana	い	hiragana letter い	please select words with the letter い	ひどい	起こし	嬉し	助かり	取っ	知り	驚か
hiragana	い	hiragana letter い	please select words with the letter い	いただき	裏切っ	捕まえ	話さ	通し	狂っ	売っ
hiragana	い	hiragana letter い	please select words with the letter い	ござい	扱わ	洗っ	閉じ	晴れ	見つかっ	教え
hiragana	い	hiragana letter い	please select words with the letter い	聴い	作っ	ここ	素晴らしかっ	すわっ	扱っ	おさまっ
hiragana	い	hiragana letter い	please select words with the letter い	すい	尋ね	酔っ	死ぬ	限ら	開き	書け
hiragana	い	hiragana letter い	please select words with the letter い	いき	仲直り	思える	買え	歌う	喜ん	あきあき
hiragana	い	hiragana letter い	please select words with the letter い	いる	申し訳	乗れ	なし	含ま	生ん	打た
hiragana	い	hiragana letter い	please select words with the letter い	ふさい	会う	起き	待た	混ぜ	着く	早起き
hiragana	い	hiragana letter い	please select words with the letter い	せい	訴え	思う	待っ	そう	衰え
hiragana	い	hiragana letter い	please select words with the letter い	熱い	ため	泊め	負わ	やり	弾く	とる
hiragana	い	hiragana letter い	please select words with the letter い	基づい	答え	し	笑っ	美しかっ	食べ	頂け
hiragana	い	hiragana letter い	please select words with the letter い	書い	起こり	あなた	どの	害し	つか	多かっ
hiragana	い	hiragana letter い	please select words with the letter い	うまい	眠れ	晴れる	走れ	受かっ
hiragana	い	hiragana letter い	please select words with the letter い	あい	替え	乗っ	なっ	飲む	通っ	太っ
hiragana	い	hiragana letter い	please select words with the letter い	招い	求める	訪れ	酔っ	助け	勤め	沈ん
hiragana	い	hiragana letter い	please select words with the letter い	遅い	弾き	泣き	破っ	分かれ	語っ	読み
hiragana	い	hiragana letter い	please select words with the letter い	いや	あがっ	名づけ	学ん	足り	閉め	磨き
hiragana	い	hiragana letter い	please select words with the letter い	高い	待たさ	降る	手伝っ	認め	強かっ	流れ
hiragana	い	hiragana letter い	please select words with the letter い	払い	集め	ほっと	思える	届か
hiragana	い	hiragana letter い	please select words with the letter い	気づい	生きる	踊り	呼ん	だまさ	限ら	ごらん
hiragana	い	hiragana letter い	please select words with the letter い	いい	終わる	持ち主	休む	襲っ	殴っ	動かし
hiragana	い	hiragana letter い	please select words with the letter い	笑い	見つける	望む	信じる	見つかっ	生まれ	申し
hiragana	い	hiragana letter い	please select words with the letter い	冷たい	悲しん	張っ	泣く	支払っ	悩まさ	送っ
hiragana	い	hiragana letter い	please select words with the letter い	置い	止め	帰っ	熟し	従っ	浮かべ	喜ぶ
hiragana	い	hiragana letter い	please select words with the letter い	楽しい	休み	富ん	払っ	生き	打た	効く
hiragana	い	hiragana letter い	please select words with the letter い	支払い	休ん	あなた	し	がっかり	変わっ	難しかっ
hiragana	い	hiragana letter い	please select words with the letter い	上手い	立っ	近く	暮らし	学ん	強かっ	扱っ
hiragana	い	hiragana letter い	please select words with the letter い	吸い	学ぶ	襲わ	返し	恥じ	勝ち	伝え
hiragana	い	hiragana letter い	please select words with the letter い	抜い	よさ	出る	運べ	青ざめ	払っ	降っ
hiragana	い	hiragana letter い	please select words with the letter い	難しい	走れる	ささげ	辞め	聞き	載っ	消し
hiragana	い	hiragana letter い	please select words with the letter い	もらい	わかっ	死ぬ	青ざめ	向け	言う	作り
hiragana	い	hiragana letter い	please select words with the letter い	重い	変わり	変わっ	立つ	断っ	抜け	押し
hiragana	い	hiragana letter い	please select words with the letter い	かわいい	取る	立てる	答え	受かっ	名づけ	着る
hiragana	い	hiragana letter い	please select words with the letter い	つない	従わ	見る	役立ち	広がっ	刺さ	見せ
hiragana	い	hiragana letter い	please select words with the letter い	いわ	尋ね	仲直り	ハマっ	嘘つき	もの	書け
hiragana	い	hiragana letter い	please select words with the letter い	つい	運べ	捨て	泣き	食べ	くれ	びっくり
hiragana	い	hiragana letter い	please select words with the letter い	驚い	はっきり	直し	黙っ	どれ	名付け	話せ
hiragana	い	hiragana letter い	please select words with the letter い	空い	調べ	戻し	払っ	もたらす	痩せ	曲がっ
hiragana	い	hiragana letter い	please select words with the letter い	おかしい	変える	生ん	あきらめ	あふれ	塗っ	済ん
hiragana	い	hiragana letter い	please select words with the letter い	構い	限る	壊し	うんざり	話せる	生まれ	あれ
hiragana	い	hiragana letter い	please select words with the letter い	速い	あけ	大き	つながり	参り	開か	払わ
hiragana	い	hiragana letter い	please select words with the letter い	いただけ	変わり	祝っ	こたえ	ほっと	聞く	下し
hiragana	い	hiragana letter い	please select words with the letter い	ひい	乗っ	及ぼし	もたらす	勝つ	おさまっ	書か
hiragana	い	hiragana letter い	please select words with the letter い	可愛い	考える	回し	なら	たまら	どこ	さらさ
hiragana	い	hiragana letter い	please select words with the letter い	厳しい	話す	どの	優れ	走れ	払わ	よろしく
hiragana	い	hiragana letter い	please select words with the letter い	強い	控え	で	返し	待た	おさまっ	たて
hiragana	い	hiragana letter い	please select words with the letter い	近づい	わかっ	あっ	行か	上がり	間違っ	知る
hiragana	い	hiragana letter い	please select words with the letter い	うれしい	遭っ	歌う	感じ	奪っ	含ま	及ば
hiragana	い	hiragana letter い	please select words with the letter い	輝い	だまさ	止まっ	まとめ	起こす	好み	待っ
hiragana	い	hiragana letter い	please select words with the letter い	欲しい	なくし	陥っ	笑っ	あたる	学ん	亡くなり
hiragana	い	hiragana letter い	please select words with the letter い	付い	遭っ	負わ	やり	来れ	惚れ	沈ん
hiragana	い	hiragana letter い	please select words with the letter い	動い	食べよう	仕上げ	責め	走る	立つ	手伝わ
hiragana	い	hiragana letter い	please select words with the letter い	かまい	閉じ	迫っ	待っ	乗ら	報わ	み
hiragana	い	hiragana letter い	please select words with the letter い	ちょうだい	吸わ	汚れ	縛ら	つける	昇っ	見える
hiragana	い	hiragana letter い	please select words with the letter い	扱い	つかまえ	好む	揺れ	見つかっ	扱う	解く
hiragana	い	hiragana letter い	please select words with the letter い	広い	やら	売っ	握っ	かかり	ありがとう	頼み
hiragana	い	hiragana letter い	please select words with the letter い	長い	捕まっ	頼ん	起こり	くる	結べ	もっ
hiragana	い	hiragana letter い	please select words with the letter い	青い	祝っ	断っ	始まり	おさまっ	残し	混ぜ
hiragana	い	hiragana letter い	please select words with the letter い	きつい	あげる	使わ	貯め	怒る	消え	渡っ
hiragana	い	hiragana letter い	please select words with the letter い	きれい	曲がり	よせ	別れ	上がり	済ん	よこし
hiragana	い	hiragana letter い	please select words with the letter い	描い	過ぎ	示し	やつ	謝る	ごらん	頼み
hiragana	い	hiragana letter い	please select words with the letter い	恋しい	うっとり	食べ	かける	微笑ん	さらさ	驚く
hiragana	い	hiragana letter い	please select words with the letter い	なさい	取る	登っ	濡れ	学ば	おおわ	吹き
hiragana	い	hiragana letter い	please select words with the letter い	届い	残っ	飲ま	はっきり	行わ	曲がっ	とら
hiragana	い	hiragana letter い	please select words with the letter い	いっ	聞こえ	進ん	取ら	すん	眺め	考え
hiragana	い	hiragana letter い	please select words with the letter い	早い	死ぬ	しよう	強かっ	作ら	合わ	美味し
hiragana	い	hiragana letter い	please select words with the letter い	着い	受ける	かけ	見つかっ	覚め	言う	閉め
hiragana	い	hiragana letter い	please select words with the letter い	大きい	開き	入っ	眺め	届か	書く	続く
hiragana	っ	hiragana letter っ	please select words with the letter っ	回っ	歩い	増し	いる	覚め	存じ	流れ
hiragana	っ	hiragana letter っ	please select words with the letter っ	もらっ	出せ	放し	いつ	え	待た	加え
hiragana	っ	hiragana letter っ	please select words with the letter っ	面白かっ	仲直り	疲れ	休み	しよう	立た	遊ぼう
hiragana	っ	hiragana letter っ	please select words with the letter っ	広がっ	すばらしい	いけ	行う	解け	動かし	はず
hiragana	っ	hiragana letter っ	please select words with the letter っ	ふけっ	戻り	挙げ	祝い	許し	恥ずかしい	たずね
hiragana	っ	hiragana letter っ	please select words with the letter っ	狂っ	解い	唱え	辛い	とら	集まり
hiragana	っ	hiragana letter っ	please select words with the letter っ	もっ	よし	上がり	存じ	おめでとう	会わ	欠け
hiragana	っ	hiragana letter っ	please select words with the letter っ	閉まっ	混ぜ	運べ	行ける	愛し	どう	下し
hiragana	っ	hiragana letter っ	please select words with the letter っ	贈っ	厳しい	使わ	すれ	外し	喜ん	話し
hiragana	っ	hiragana letter っ	please select words with the letter っ	襲っ	取り	吸わ	聞こえる	痛み	学び	青い
hiragana	っ	hiragana letter っ	please select words with the letter っ	黙っ	接し	こと	かまい	集め	選ば	寝る
hiragana	っ	hiragana letter っ	please select words with the letter っ	作っ	みなさ	出せ	回し	入れ	届か
hiragana	っ	hiragana letter っ	please select words with the letter っ	踊っ	手伝う	勧め	当て	さがし	ちがい	遠い
hiragana	っ	hiragana letter っ	please select words with the letter っ	預かっ	仲良し	使える	混ぜ	違う	捕まえ	可愛い
hiragana	っ	hiragana letter っ	please select words with the letter っ	買っ	終え	ある	呼び	欲しい	つい	捜し
hiragana	っ	hiragana letter っ	please select words with the letter っ	刈っ	歩か	あげよう	み	壊れ	言い	学ん
hiragana	っ	hiragana letter っ	please select words with the letter っ	洗っ	許し	どれ	古い	頼み	脅し	会い
hiragana	っ	hiragana letter っ	please select words with the letter っ	謝っ	走れる	切り	求め	白い	輝い	会おう
hiragana	っ	hiragana letter っ	please select words with the letter っ	良かっ	うわさ	覚まし	泳げ	気持ち	打た	飲め
hiragana	っ	hiragana letter っ	please select words with the letter っ	うれしかっ	仲直り	待たさ	信じる	耐え	輝い	過ごし
hiragana	っ	hiragana letter っ	please select words with the letter っ	無かっ	捧げ	ため	変わり	すい	降る	遠い
hiragana	っ	hiragana letter っ	please select words with the letter っ	腐っ	うまい	喜ん	忘れ	そう	包ま	燃え
hiragana	っ	hiragana letter っ	please select words with the letter っ	拾っ	やさしい	なくし	進め	ひく	謝る	飛ん
hiragana	っ	hiragana letter っ	please select words with the letter っ	欲しかっ	終える	当て	だまさ	つき	白い	ばかげ
hiragana	っ	hiragana letter っ	please select words with the letter っ	知っ	取り	着き	なぜ	食べ物	弾き	冷たい
hiragana	っ	hiragana letter っ	please select words with the letter っ	登っ	明るい	楽し	ある	くつろい	熱い	知ら
hiragana	っ	hiragana letter っ	please select words with the letter っ	おさまっ	満ち	すい	名づけ	出さ	従う
hiragana	っ	hiragana letter っ	please select words with the letter っ	がっかり	かから	驚き	行か	送り	ひく	分かれ
hiragana	っ	hiragana letter っ	please select words with the letter っ	願っ	長生き	買え	参り	いただき	奪わ	来れ
hiragana	っ	hiragana letter っ	please select words with the letter っ	従っ	つかまえ	開け	示さ	眠り	軽い	許し
hiragana	っ	hiragana letter っ	please select words with the letter っ	かなっ	祝い	遅れる	弾き	叫ん	青ざめ	待た
hiragana	っ	hiragana letter っ	please select words with the letter っ	座っ	空い	あなた	叫ん	稼い	殺さ	やめよう
hiragana	っ	hiragana letter っ	please select words with the letter っ	降っ	触れ	間に合わ	覚まし	やれ	やる
hiragana	っ	hiragana letter っ	please select words with the letter っ	つかまっ	変え	飲ま	恐れ	聞こえ	知ら	さらさ
hiragana	っ	hiragana letter っ	please select words with the letter っ	勝っ	招い	震え	やろう	払わ	悩ん	付け
hiragana	っ	hiragana letter っ	please select words with the letter っ	戻っ	明るい	聞く	気づか	回し	磨い	え
hiragana	っ	hiragana letter っ	please select words with the letter っ	美しかっ	かゆい	戻り	死に	もの	手伝い	教え
hiragana	っ	hiragana letter っ	please select words with the letter っ	からかっ	招い	届き	つい	並ん	なし	恥じ
hiragana	っ	hiragana letter っ	please select words with the letter っ	頼っ	走れる	長生き	履い	驚い	あたり	勝ち
hiragana	っ	hiragana letter っ	please select words with the letter っ	支払っ	食べ	手伝い	しろ	ばか	痛み	とら
hiragana	っ	hiragana letter っ	please select words with the letter っ	よかっ	立てる	遅れる	行か	責め	歌う	盗ん
hiragana	っ	hiragana letter っ	please select words with the letter っ	まちがっ	話そう	基づい	許し	やめる	働き	つもり
hiragana	っ	hiragana letter っ	please select words with the letter っ	無くなっ	うるさい	知る	やつ	払う
hiragana	っ	hiragana letter っ	please select words with the letter っ	祝っ	痛い	どきどき	なくし	怒ら	売れ	済み
hiragana	っ	hiragana letter っ	please select words with the letter っ	かかっ	学ぶ	みなさ	どの	いかが	支払い	浮かん
hiragana	っ	hiragana letter っ	please select words with the letter っ	通っ	やめろ	間違える	貯め	降る	分かれ	あたり
hiragana	っ	hiragana letter っ	please select words with the letter っ	下がっ	返せ	乗る	思える	ため	思い	見つから
hiragana	っ	hiragana letter っ	please select words with the letter っ	亡くなっ	なり	嬉し	青ざめ	支え	喜ん	わから
hiragana	っ	hiragana letter っ	please select words with the letter っ	くっつい	無くし	抑え	あげ	変える	会う	いい
hiragana	っ	hiragana letter っ	please select words with the letter っ	鳴っ	基づい	ささげ	建て	やつ	覚まし	いく
hiragana	っ	hiragana letter っ	please select words with the letter っ	扱っ	長い	認める	立ち	及ぼし	みなし	存じ
hiragana	っ	hiragana letter っ	please select words with the letter っ	多かっ	履い	かい	浴び	取ら	やり	言え
hiragana	っ	hiragana letter っ	please select words with the letter っ	裏切っ	ため	壊れ	祝い	亡くし	育て	帰り
hiragana	っ	hiragana letter っ	please select words with the letter っ	伝わっ	いくら	出せ	弾き	責め	消し	傾け
hiragana	っ	hiragana letter っ	please select words with the letter っ	曇っ	ご覧	越し	起きる	おかしい	読め	つく
hiragana	っ	hiragana letter っ	please select words with the letter っ	飼っ	害し	まいり	あきあき	始めよう	どちら	それ
hiragana	っ	hiragana letter っ	please select words with the letter っ	寒かっ	直し	いつ	つけ	晴れる	それ	頂け
hiragana	っ	hiragana letter っ	please select words with the letter っ	横たわっ	暖かい	見つから	貸し	殺し	合わ	果たす
hiragana	っ	hiragana letter っ	please select words with the letter っ	遭っ	応じ	つながり	行こう	ひく	かけ	弱い
hiragana	っ	hiragana letter っ	please select words with the letter っ	流行っ	思え	ありがたい	でき	やつ	うるさい	良い
hiragana	っ	hiragana letter っ	please select words with the letter っ	奪っ	たたい	基づい	認める	すれ	覚め	起きる
hiragana	っ	hiragana letter っ	please select words with the letter っ	いっぱい	やさしい	さらさ	すん	調べ	泣い	伸ばし
hiragana	っ	hiragana letter っ	please select words with the letter っ	決まっ	すばらしい	応じ	叫ん	生む	待ち遠しい	危ない
hiragana	っ	hiragana letter っ	please select words with the letter っ	歌っ	ふさい	よし	暮らし	開き	やれ	怠け者
hiragana	っ	hiragana letter っ	please select words with the letter っ	寄っ	送る	つもり	見つける	及ば	速い	頼み
hiragana	っ	hiragana letter っ	please select words with the letter っ	育っ	立て	見る	乗れ	聴い	恵まれ	続い
hiragana	っ	hiragana letter っ	please select words with the letter っ	手伝っ	あきらめ	回し	入れる	片付け	喜ぶ	わかり
hiragana	っ	hiragana letter っ	please select words with the letter っ	取っ	無くし	やつ	どれ	まとめ	いつ	解く
hiragana	っ	hiragana letter っ	please select words with the letter っ	楽しかっ	安い	認める	たまら	泊まり	答える
hiragana	っ	hiragana letter っ	please select words with the letter っ	ぴったり	終え	学ぶ	出し	怒る	生き	なし
hiragana	っ	hiragana letter っ	please select words with the letter っ	起こっ	つかまえ	大き	弾き	出さ	とこ	買わ
hiragana	っ	hiragana letter っ	please select words with the letter っ	売っ	見る	払い	面し	起きる	臭い	微笑ん
hiragana	っ	hiragana letter っ	please select words with the letter っ	塗っ	乗る	踊り	深い	狭い	どちら	刻ん
hiragana	っ	hiragana letter っ	please select words with the letter っ	間に合っ	頼ん	くつろい	認める	貸し	言う	ほう
hiragana	っ	hiragana letter っ	please select words with the letter っ	割っ	減り	あう	亡くし	ひく	迎え	美味し
hiragana	っ	hiragana letter っ	please select words with the letter っ	しまっ	着き	出し	持ち主	悲しい	怒る	ありがとう
hiragana	っ	hiragana letter っ	please select words with the letter っ	はっきり	答え	倒れ	行く	立ち	やつ	遊び
hiragana	っ	hiragana letter っ	please select words with the letter っ	困っ	切り	あなた	感じる	いけ	借り	書い
hiragana	っ	hiragana letter っ	please select words with the letter っ	去っ	異なる	生き	待ち遠しい	残し	持ち	おいしい
hiragana	っ	hiragana letter っ	please select words with the letter っ	正しかっ	付い	休む	死ぬ	え	混ぜ	持た
hiragana	っ	hiragana letter っ	please select words with the letter っ	いっ	走れる	幸せ	食べ物	歌う	愛し	名付け
hiragana	っ	hiragana letter っ	please select words with the letter っ	合っ	吸う	乗れ	稼い	名付け	住ん	美味し
hiragana	っ	hiragana letter っ	please select words with the letter っ	会っ	及ぼし	告げ	ひき	勤め	嫌わ	与え
hiragana	っ	hiragana letter っ	please select words with the letter っ	乗っ	立てる	着き	思える	叫ん	思う	話せる
hiragana	っ	hiragana letter っ	please select words with the letter っ	失っ	出来る	叫ん	ちがい	話さ	かける	早起き
hiragana	っ	hiragana letter っ	please select words with the letter っ	酔っ	祝い	過ごす	広い	鳴らし	どこ	そう
hiragana	っ	hiragana letter っ	please select words with the letter っ	追っ	なぜ	なり	走る	始めよう	遊び	使う
hiragana	っ	hiragana letter っ	please select words with the letter っ	もっとも	求める	かゆい	示す	弱い	暮れ	包ま
hiragana	っ	hiragana letter っ	please select words with the letter っ	覆っ	かなわ	あう	助かり	諦め	たまら	払い
hiragana	っ	hiragana letter っ	please select words with the letter っ	疑っ	安い	愛する	すい	いる	合わ	疑わしい
hiragana	っ	hiragana letter っ	please select words with the letter っ	上がっ	幸い	備え	重い	居る	過ごし	ふさい
hiragana	っ	hiragana letter っ	please select words with the letter っ	眠っ	つか	あたる	済ん	まとめ	呼ぶ	大きい
hiragana	っ	hiragana letter っ	please select words with the letter っ	帰っ	乗れ	結べ	忘れ	払え	訪れる	欲し
hiragana	っ	hiragana letter っ	please select words with the letter っ	違っ	長い	休み	属し	伺い	良い	聞け
hiragana	っ	hiragana letter っ	please select words with the letter っ	振っ	笑わ	起こす	生き	なれ	なくなり	示さ
hiragana	っ	hiragana letter っ	please select words with the letter っ	高かっ	みなさ	いる	締め	揺れ	いれ	欠け
hiragana	っ	hiragana letter っ	please select words with the letter っ	放っ	運べ	控え	尽くし	いたし	きい	着く
hiragana	っ	hiragana letter っ	please select words with the letter っ	頑張っ	つか	もらい	うんざり	耐え	教え	寒い
hiragana	っ	hiragana letter っ	please select words with the letter っ	太っ	下ろし	あげ	ひく	分かれ	すごい
hiragana	っ	hiragana letter っ	please select words with the letter っ	ほっと	学ぶ	役立ち	泣い	収め	揺れ	美味し
hiragana	っ	hiragana letter っ	please select words with the letter っ	あっ	よろしい	増し	愛し	合う	良さ	勤め
hiragana	っ	hiragana letter っ	please select words with the letter っ	いらっしゃい	付い	ありがたい	開け	富ん	送り	怠け者
hiragana	っ	hiragana letter っ	please select words with the letter っ	そっくり	こたえ	治る	動く	待た	果たす	ばか
hiragana	っ	hiragana letter っ	please select words with the letter っ	しゃべっ	あたり	思い	始まり	とる
hiragana	っ	hiragana letter っ	please select words with the letter っ	触っ	替え	過ぎ	下ろし	泊め	外し	締め
hiragana	っ	hiragana letter っ	please select words with the letter っ	変わっ	示し	返せ	行ける	高い	覚め	好み
hiragana	っ	hiragana letter っ	please select words with the letter っ	渡っ	下ろし	許さ	生じ	戻し	考える	解く
hiragana	っ	hiragana letter っ	please select words with the letter っ	終わっ	飲め	帰り	かけ	殺し	磨き	戻る
hiragana	っ	hiragana letter っ	please select words with the letter っ	とまっ	全て	伺い	迎え	合い	読め	なくなり
hiragana	っ	hiragana letter っ	please select words with the letter っ	陥っ	隠し	結ん	掛け	かけ	つない	楽しい
hiragana	っ	hiragana letter っ	please select words with the letter っ	ハマっ	遅れる	呼び	叫ん	備え	告げ	たまら
hiragana	っ	hiragana letter っ	please select words with the letter っ	握っ	当て	認める	歌う	もたらし	扱う	言え
hiragana	っ	hiragana letter っ	please select words with the letter っ	思っ	下ろし	生え	許し	食べ	美味しい	手伝わ
hiragana	っ	hiragana letter っ	please select words with the letter っ	切っ	遅れる	始まり	青ざめ	眺め	笑う	見え
hiragana	っ	hiragana letter っ	please select words with the letter っ	食っ	痛い	出せ	いかが	広い	泳ぐ	良い
hiragana	っ	hiragana letter っ	please select words with the letter っ	行っ	わくわく	歌い	愛さ	死な	よこし	悩まさ
hiragana	っ	hiragana letter っ	please select words with the letter っ	守っ	立て	あげよう	ありがたい	痩せ	居る	わかる
hiragana	っ	hiragana letter っ	please select words with the letter っ	すわっ	恐れ	行こう	食べ	掛け	間に合わ	泣く
hiragana	っ	hiragana letter っ	please select words with the letter っ	迫っ	暑い	挙げ	待とう	近づい	ほめ	起きる
hiragana	っ	hiragana letter っ	please select words with the letter っ	誓っ	ところ	覆わ	休む	呼ぶ	すごい	片づけ
hiragana	っ	hiragana letter っ	please select words with the letter っ	持っ	閉じ	屈し	越し	思わ	寒い
hiragana	っ	hiragana letter っ	please select words with the letter っ	集まっ	学ぶ	難し	買え	登り	出る	参り
hiragana	っ	hiragana letter っ	please select words with the letter っ	下っ	合い	かける	言わ	浮かん	遊び	戻る
hiragana	っ	hiragana letter っ	please select words with the letter っ	残っ	返せ	よこし	加え	笑い	生まれ
hiragana	っ	hiragana letter っ	please select words with the letter っ	振る舞っ	待たさ	つか	歌う	通る	寝る	す
hiragana	っ	hiragana letter っ	please select words with the letter っ	広まっ	無くし	入れる	脱し	なる	注い	悩まさ
hiragana	っ	hiragana letter っ	please select words with the letter っ	空っぽ	仲直り	乗る	広げ	ささげ	動い	演じ
hiragana	っ	hiragana letter っ	please select words with the letter っ	言っ	つかまえ	変わら	示す	忘れ	欠け
hiragana	っ	hiragana letter っ	please select words with the letter っ	減っ	頼ん	始め	忙しい	ばかげ	赤い	立た
hiragana	っ	hiragana letter っ	please select words with the letter っ	嬉しかっ	難し	壊れ	超え	襲わ	消し	望ん
hiragana	っ	hiragana letter っ	please select words with the letter っ	雇っ	とれ	やめる	泣き	食べ	構い	過ごす
hiragana	っ	hiragana letter っ	please select words with the letter っ	殴っ	運ば	始め	起こし	向け	遅れ	強い
hiragana	っ	hiragana letter っ	please select words with the letter っ	入っ	ありがたい	悲しい	見つから	売れ	脱い	見せ
hiragana	っ	hiragana letter っ	please select words with the letter っ	なっ	ここ	くつろい	離れ	いる	たまら	含ま
hiragana	っ	hiragana letter っ	please select words with the letter っ	捕まっ	扱い	直し	考える	難しい	走れ	歩く
hiragana	っ	hiragana letter っ	please select words with the letter っ	剃っ	休ん	変える	歩き	吸わ	渡る	死ぬ
hiragana	っ	hiragana letter っ	please select words with the letter っ	昇っ	遊び	あふれ	唱え	書け	片付け	かかる
hiragana	っ	hiragana letter っ	please select words with the letter っ	走っ	出せ	控え	で	まいり	ばかげ	考え
hiragana	っ	hiragana letter っ	please select words with the letter っ	打っ	手伝う	異なる	出し	なり	いう	ばか
hiragana	っ	hiragana letter っ	please select words with the letter っ	誘っ	暖かい	あう	もらい	良さ	美味し	いれ
hiragana	っ	hiragana letter っ	please select words with the letter っ	代わっ	ご覧	基づい	楽しみ	ひき	ばか	勝ち
hiragana	っ	hiragana letter っ	please select words with the letter っ	蹴っ	なくし	抑え	仲直り	いつ	手伝い	ふさい
hiragana	っ	hiragana letter っ	please select words with the letter っ	なさっ	吸い	仲良し	使える	話せ	描い	読める
hiragana	っ	hiragana letter っ	please select words with the letter っ	泊まっ	楽し	見つける	切れ	苦しん	いい	訳し
hiragana	っ	hiragana letter っ	please select words with the letter っ	破っ	思え	泊め	怒ら	離れ	近く
hiragana	っ	hiragana letter っ	please select words with the letter っ	かぶっ	わくわく	過ごす	きか	弱い	ほめ	持た
hiragana	っ	hiragana letter っ	please select words with the letter っ	曲がっ	替え	広げ	食べ物	甘い	いかが	なれ
hiragana	っ	hiragana letter っ	please select words with the letter っ	ぶつかっ	いか	愛する	だまさ	で	青ざめ	越え
hiragana	っ	hiragana letter っ	please select words with the letter っ	なくなっ	送る	集まり	入り	漏れ	覚え	尽くさ
hiragana	っ	hiragana letter っ	please select words with the letter っ	習っ	見つける	吸い	うまい	起こす	使える	降ろし
hiragana	っ	hiragana letter っ	please select words with the letter っ	払っ	通じ	よし	聞か	休み	暮らし	飛ん
hiragana	っ	hiragana letter っ	please select words with the letter っ	治っ	広げ	食べ物	どれ	漏れ	すごい	はず
hiragana	っ	hiragana letter っ	please select words with the letter っ	引っ越し	話そう	終え	取る	起こり	払う
hiragana	っ	hiragana letter っ	please select words with the letter っ	立っ	驚き	生ん	答え	進ん	かけ	入れ
hiragana	っ	hiragana letter っ	please select words with the letter っ	うっとり	いれ	増し	守る	書く	動い	分かる
hiragana	っ	hiragana letter っ	please select words with the letter っ	とっ	甘い	盗ん	もらい	す	教え	好か
hiragana	っ	hiragana letter っ	please select words with the letter っ	びっくり	歩い	死に	あう	包ま	優れ	締め
hiragana	っ	hiragana letter っ	please select words with the letter っ	当たっ	飲ま	運べ	もらえ	済ん	きい	咲く
hiragana	っ	hiragana letter っ	please select words with the letter っ	祈っ	捧げ	登り	深い	小さい	かかる	数え
hiragana	っ	hiragana letter っ	please select words with the letter っ	使っ	ここ	ありがたい	まとめ	笑わ	忘れ	済ま
hiragana	っ	hiragana letter っ	please select words with the letter っ	送っ	暑い	つながり	優れ	通る	眠い	用い
hiragana	っ	hiragana letter っ	please select words with the letter っ	止まっ	手伝う	切れ	小さ	違い	いい	落ち
hiragana	っ	hiragana letter っ	please select words with the letter っ	見つかっ	終え	戻し	あり	鋭い	書け	包ん
hiragana	っ	hiragana letter っ	please select words with the letter っ	間違っ	使わ	歩き	呼び	足り	悪い	存じ
hiragana	っ	hiragana letter っ	please select words with the letter っ	やっ	着き	すれ	行く	並ん	上手い	会い
hiragana	っ	hiragana letter っ	please select words with the letter っ	語っ	応じ	あきらめ	願い	動か	いかが	強い
hiragana	っ	hiragana letter っ	please select words with the letter っ	待っ	長生き	仲直り	求め	済ん	晴れ	待て
hiragana	っ	hiragana letter っ	please select words with the letter っ	戦っ	ある	入る	どうぞ	わから	手渡し	生ん
hiragana	っ	hiragana letter っ	please select words with the letter っ	悪かっ	着い	こたえ	聞く	死ぬ	合う	いい
hiragana	っ	hiragana letter っ	please select words with the letter っ	叱っ	終える	いくら	上げ	熱い	分かれ	知り
hiragana	っ	hiragana letter っ	please select words with the letter っ	難しかっ	壊れ	見つけ	え	認め	費やし	痩せ
hiragana	っ	hiragana letter っ	please select words with the letter っ	始まっ	終え	わくわく	ある	驚い	忙し	空い
hiragana	っ	hiragana letter っ	please select words with the letter っ	なかっ	述べ	盗ん	ない	覚め	言わ	さらさ
hiragana	っ	hiragana letter っ	please select words with the letter っ	忙しかっ	走れる	おいしい	危ない	泳げ	青い	おかしい
hiragana	っ	hiragana letter っ	please select words with the letter っ	嫌っ	ところ	召し上がり	生え	ちょうだい	おおわ	聴き
hiragana	っ	hiragana letter っ	please select words with the letter っ	わかっ	こと	仕上げ	ため	異なる	現れ	どう
hiragana	っ	hiragana letter っ	please select words with the letter っ	素晴らしかっ	止め	ため	あり	属し	笑わ	持ち
hiragana	っ	hiragana letter っ	please select words with the letter っ	受かっ	泣き	よい	行わ	泣か	包ん	寒い
hiragana	っ	hiragana letter っ	please select words with the letter っ	載っ	ころ	で	晴れる	忘れる	おもしろい	呼ば
hiragana	っ	hiragana letter っ	please select words with the letter っ	強かっ	話そう	戻り	生え	言い	抜い	話さ
hiragana	っ	hiragana letter っ	please select words with the letter っ	あがっ	飲む	待とう	冷たい	備え	手伝わ	恐い
hiragana	っ	hiragana letter っ	please select words with the letter っ	怒っ	驚き	訪れ	休む	新しい	頂け	来る
hiragana	っ	hiragana letter っ	please select words with the letter っ	負っ	あきらめ	慣れ	つき	落とさ	暮らし	かけ
hiragana	っ	hiragana letter っ	please select words with the letter っ	撃っ	学ぶ	出る	進め	恋しい	起こる	費やし
hiragana	っ	hiragana letter っ	please select words with the letter っ	救っ	痛い	送る	こたえ	出る	捜し	かかる
hiragana	っ	hiragana letter っ	please select words with the letter っ	おっしゃっ	甘い	訴え	気づか	奪わ	怠け者	すごし
hiragana	っ	hiragana letter っ	please select words with the letter っ	撮っ	扱い	やめる	つけ	愛し	分から	努め
hiragana	っ	hiragana letter っ	please select words with the letter っ	吸っ	思い	つかん	直し	合う	加え	わから
hiragana	っ	hiragana letter っ	please select words with the letter っ	断っ	あげよう	泊め	戻る	入る	選ば	楽しい
hiragana	っ	hiragana letter っ	please select words with the letter っ	張っ	働く	つながり	立ち	建て	よこし	与える
hiragana	っ	hiragana letter っ	please select words with the letter っ	譲っ	きつい	行ける	話さ	尽くし	注い	吹い
hiragana	っ	hiragana letter っ	please select words with the letter っ	分かっ	落とし	うまい	いつ	しよう	少し	手伝わ
hiragana	っ	hiragana letter っ	please select words with the letter っ	笑っ	避け	行く	吹き	笑う	包ま	付け
hiragana	っ	hiragana letter っ	please select words with the letter っ	迷っ	焼け	あう	過ごす	しろ	祈り	生まれ
hiragana	っ	hiragana letter っ	please select words with the letter っ	折っ	歌う	終わら	浴び	分から	泳げ	買う
hiragana	っ	hiragana letter っ	please select words with the letter っ	異なっ	頼ん	立てる	いる	いい	どこ	疑わしい
hiragana	っ	hiragana letter っ	please select words with the letter っ	美味しかっ	あげ	置き	責め	害し	通り	割れ
hiragana	っ	hiragana letter っ	please select words with the letter っ	掛かっ	くつろい	くれる	諦め	届か	通り	作る
hiragana	っ	hiragana letter っ	please select words with the letter っ	たっぷり	始め	読める	書き	勝ち	決め	おかげ
hiragana	っ	hiragana letter っ	please select words with the letter っ	向かっ	疲れ	すい	広い	買える	欲し	禁じ
hiragana	っ	hiragana letter っ	please select words with the letter っ	横切っ	曲がり	下ろし	やら	いる	払わ	加え
hiragana	べ	hiragana letter べ	please select words with the letter べ	浮かべ	明るい	ここ	やっ	貯め	追っ	盗ん
hiragana	べ	hiragana letter べ	please select words with the letter べ	食べよう	作っ	難し	長生き	よい	起き	帰る
hiragana	べ	hiragana letter べ	please select words with the letter べ	食べ物	満ち	聞か	登っ	建て	行う	入っ
hiragana	べ	hiragana letter べ	please select words with the letter べ	結べ	暖かい	そっくり	撮っ	怒っ	暮れ	捕まえ
hiragana	べ	hiragana letter べ	please select words with the letter べ	食べる	長生き	参り	行き	もらえ	晴れ	当たっ
hiragana	べ	hiragana letter べ	please select words with the letter べ	並べ	休む	恵まれ	認め	告げ	来る	古い
hiragana	べ	hiragana letter べ	please select words with the letter べ	しゃべっ	知っ	限る	小さい	恋しい	起こっ	青い
hiragana	べ	hiragana letter べ	please select words with the letter べ	述べ	戦っ	出さ	いかが	始まる	しまっ	撮っ
hiragana	べ	hiragana letter べ	please select words with the letter べ	しゃべる	接し	切れ	分かり	どれ	語っ	任せ
hiragana	べ	hiragana letter べ	please select words with the letter べ	運べ	いくら	訪れ	かわいい	呼び	吸い	死ん
hiragana	べ	hiragana letter べ	please select words with the letter べ	調べ	あげよう	洗っ	嬉しい	上がり	履い	す
hiragana	べ	hiragana letter べ	please select words with the letter べ	しゃべら	考える	ちょうだい	ばかげ	残し	とまっ	住ん
hiragana	べ	hiragana letter べ	please select words with the letter べ	食べ	明るい	できる	間違える	分かり	わから	気づい
hiragana	あ	hiragana letter あ	please select words with the letter あ	あい	驚き	こたえ	祝い	張っ	起こし	待ち
hiragana	あ	hiragana letter あ	please select words with the letter あ	あたり	開き	動く	いたし	呼ぶ	頂け	泣い
hiragana	あ	hiragana letter あ	please select words with the letter あ	あきあき	着い	限る	つい	立ち	気づい	済み
hiragana	あ	hiragana letter あ	please select words with the letter あ	あげる	かゆい	変える	登っ	壊し	嫌っ	え
hiragana	あ	hiragana letter あ	please select words with the letter あ	あり	汚い	行き	楽しん	少ない	いらっしゃい	起きる
hiragana	あ	hiragana letter あ	please select words with the letter あ	ありがとう	使わ	なっ	なぜ	追っ	いかが	開ける
hiragana	あ	hiragana letter あ	please select words with the letter あ	あげ	望む	襲わ	うなずい	漏れ	はず	続け
hiragana	あ	hiragana letter あ	please select words with the letter あ	ありがたい	好む	やつ	並べ	行っ	加え	手伝い
hiragana	あ	hiragana letter あ	please select words with the letter あ	あたる	遭っ	酔っ	限り	もっ	がまん	話せる
hiragana	あ	hiragana letter あ	please select words with the letter あ	あがっ	寄っ	いけ	務め	学ば	ごらん	消し
hiragana	あ	hiragana letter あ	please select words with the letter あ	あげよう	震え	着き	おいしい	向け	開ける	果たす
hiragana	あ	hiragana letter あ	please select words with the letter あ	ある	撃っ	割っ	こたえ	責め	たっぷり	入っ
hiragana	あ	hiragana letter あ	please select words with the letter あ	あふれ	長い	求め	かかり	くれる	泣か	投げ
hiragana	あ	hiragana letter あ	please select words with the letter あ	あう	なぜ	答え	だまさ	まちがっ	行わ	示す
hiragana	あ	hiragana letter あ	please select words with the letter あ	あけ	取る	走れる	認める	知る	起こし	売れ
hiragana	あ	hiragana letter あ	please select words with the letter あ	あなた	習い	やろう	抜い	履い	楽しみ	鋭い
hiragana	あ	hiragana letter あ	please select words with the letter あ	あきらめ	通じ	渡る	離れ	若い	誓っ	動かし
hiragana	あ	hiragana letter あ	please select words with the letter あ	あっ	演じ	及ぼし	優しい	買わ	務め	払っ
hiragana	あ	hiragana letter あ	please select words with the letter あ	あれ	残っ	訪れ	訴え	いっぱい	助け	投げ
hiragana	や	hiragana letter や	please select words with the letter や	やっ	拾っ	入る	捜し	助かり	好み	怒っ
hiragana	や	hiragana letter や	please select words with the letter や	やれ	金持ち	見る	現れ	汚い	悲しい	ハマっ
hiragana	や	hiragana letter や	please select words with the letter や	やろう	切れ	降る	で	せい	覚め	勝ち
hiragana	や	hiragana letter や	please select words with the letter や	やめよう	かから	難し	進む	笑わ	忘れ	謝る
hiragana	や	hiragana letter や	please select words with the letter や	やる	忙しい	回っ	帰り	耐え	伝わっ	磨き
hiragana	や	hiragana letter や	please select words with the letter や	やさしい	割っ	広げ	欲しい	落とさ	働き	合わ
hiragana	や	hiragana letter や	please select words with the letter や	やめ	運ば	ささげ	回し	脱し	わから	渡し
hiragana	や	hiragana letter や	please select words with the letter や	いや	返せ	向かっ	襲わ	高い	少ない	書い
hiragana	や	hiragana letter や	please select words with the letter や	やめる	落とし	無くし	嬉しい	弾き	ささげ	流行っ
hiragana	や	hiragana letter や	please select words with the letter や	やつ	立っ	出せ	役立ち	聴い	聴き	並ん
hiragana	や	hiragana letter や	please select words with the letter や	やれる	よろしい	腐っ	連れ	開き	入れる	続い
hiragana	や	hiragana letter や	please select words with the letter や	やめろ	欲しい	行き	切っ	聞こえる	流行っ	かける
hiragana	や	hiragana letter や	please select words with the letter や	やら	あなた	起こす	迫っ	びっくり	言わ	咲く
hiragana	や	hiragana letter や	please select words with the letter や	費やし	上げ	熟し	さ	仲良し	吹き	惚れ
hiragana	や	hiragana letter や	please select words with the letter や	やり	止め	踊り	連れ	走る	通る	見せ
hiragana	な	hiragana letter な	please select words with the letter な	亡くなっ	飲む	あふれ	難しい	及ぼし	かける	教え
hiragana	な	hiragana letter な	please select words with the letter な	なくなり	呼ば	うそ	美しい	いう	勝ち	注い
hiragana	な	hiragana letter な	please select words with the letter な	みなさ	満ち	あげよう	ため	歩き	渡し	囲ま
hiragana	な	hiragana letter な	please select words with the letter な	危ない	くつろい	混ん	放っ	閉め	話せ	動き
hiragana	な	hiragana letter な	please select words with the letter な	うなずい	満ち	戻り	勧め	吸い	幸い	降っ
hiragana	な	hiragana letter な	please select words with the letter な	かなわ	使い	横たわっ	間違える	鳴らし	揺れ	折れ
hiragana	な	hiragana letter な	please select words with the letter な	なくし	つかまえ	やら	行く	信じる	ばか	喜ぶ
hiragana	な	hiragana letter な	please select words with the letter な	なる	手渡し	切れ	聞こえ	買える	助け	住ん
hiragana	な	hiragana letter な	please select words with the letter な	なれ	すばらしい	示し	基づい	富ん	きれい	属し
hiragana	な	hiragana letter な	please select words with the letter な	亡くなり	達し	帰っ	新しい	会おう	しゃべる	話し
hiragana	な	hiragana letter な	please select words with the letter な	なさ	負わ	従う	収め	読み	扱う	殺さ
hiragana	な	hiragana letter な	please select words with the letter な	なぜ	だまさ	進ん	稼い	しよう	焼い	伝わっ
hiragana	な	hiragana letter な	please select words with the letter な	つない	曲がり	いか	軽い	借り	伺い	伸び
hiragana	な	hiragana letter な	please select words with the letter な	死な	切れ	話す	生え	楽しん	襲っ	支え
hiragana	な	hiragana letter な	please select words with the letter な	異なる	甘い	閉じ	つい	迎え	載っ	美味し
hiragana	な	hiragana letter な	please select words with the letter な	ない	あげよう	きつい	少し	取ら	咲く	衰え
hiragana	な	hiragana letter な	please select words with the letter な	みなし	長生き	ほっと	答え	大き	つかん	ぴったり
hiragana	な	hiragana letter な	please select words with the letter な	なら	ところ	認める	頼っ	入る	甘い	つまら
hiragana	な	hiragana letter な	please select words with the letter な	なかっ	乗っ	帰っ	伝え	やつ	思う	解け
hiragana	な	hiragana letter な	please select words with the letter な	かなっ	扱わ	やら	軽い	熟し	合う	包ん
hiragana	な	hiragana letter な	please select words with the letter な	少ない	扱わ	呼ん	回っ	走れ	打っ	頑張っ
hiragana	な	hiragana letter な	please select words with the letter な	なっ	切り	届き	登り	呼ん	くれる	愛し
hiragana	な	hiragana letter な	please select words with the letter な	なり	仕上げ	吸い	飽き	小さい	飛ん	買い
hiragana	な	hiragana letter な	please select words with the letter な	なし	基づい	言い	限り	泳ぎ	熱い	良さ
hiragana	な	hiragana letter な	please select words with the letter な	なさっ	立っ	直し	聴い	かけ	欲しかっ	始めよう
hiragana	な	hiragana letter な	please select words with the letter な	つながり	住み	はっきり	訴え	ひき	通ら	上手い
hiragana	な	hiragana letter な	please select words with the letter な	無くなっ	厳しい	知っ	うれしかっ	起こり	多かっ	よこし
hiragana	な	hiragana letter な	please select words with the letter な	あなた	思い	従っ	小さい	いらっしゃい	弾く	考え
hiragana	な	hiragana letter な	please select words with the letter な	異なっ	張っ	あたる	変わっ	違っ	譲っ	閉め
hiragana	な	hiragana letter な	please select words with the letter な	なくなっ	登っ	演じ	冷たい	難しい	いたし	おさまっ
hiragana	な	hiragana letter な	please select words with the letter な	なさい	ハマっ	さ	どれ	行け	入れる	通ら
hiragana	り	hiragana letter り	please select words with the letter り	踊り	震え	命じ	多かっ	刈っ	訴え	青ざめ
hiragana	り	hiragana letter り	please select words with the letter り	あたり	取る	横たわっ	暑い	もたらし	幸い	浴び
hiragana	り	hiragana letter り	please select words with the letter り	なくなり	手伝う	使わ	捕まっ	答え	すい	歌っ
hiragana	り	hiragana letter り	please select words with the letter り	始まり	抑え	忘れる	呼び	渡る	熱い	買える
hiragana	り	hiragana letter り	please select words with the letter り	送り	鳴っ	限る	引っ越し	する	収め	うるさい
hiragana	り	hiragana letter り	please select words with the letter り	参り	避け	渡る	取ら	広がっ	与える	抑える
hiragana	り	hiragana letter り	please select words with the letter り	うっとり	低い	だめ	休む	放し	思う	迷っ
hiragana	り	hiragana letter り	please select words with the letter り	びっくり	離れ	混ん	喜ん	愛し	眺め	寒かっ
hiragana	り	hiragana letter り	please select words with the letter り	変わり	会っ	結ん	仲良し	鳴らし	備え	なら
hiragana	り	hiragana letter り	please select words with the letter り	あり	酔っ	話せ	楽しん	戻ら	会える	微笑ん
hiragana	り	hiragana letter り	please select words with the letter り	やり	返せ	合っ	暮らし	起き	いっぱい	迎え
hiragana	り	hiragana letter り	please select words with the letter り	分かり	寄っ	落とし	楽しみ	売っ	欠け	分け
hiragana	り	hiragana letter り	please select words with the letter り	戻り	ほしい	わかっ	聞こえ	追っ	訳し	尽くさ
hiragana	り	hiragana letter り	please select words with the letter り	泊まり	吸う	頼ん	き	乗れ	よい	する
hiragana	り	hiragana letter り	please select words with the letter り	要り	思え	尋ね	使わ	話す	行か	悲しい
hiragana	り	hiragana letter り	please select words with the letter り	亡くなり	付い	接し	できる	閉じ	降ろし	会え
hiragana	り	hiragana letter り	please select words with the letter り	起こり	異なっ	切っ	近く	やめ	打っ	守る
hiragana	り	hiragana letter り	please select words with the letter り	ありがとう	あげよう	こたえ	つき	つか	話さ	かかっ
hiragana	り	hiragana letter り	please select words with the letter り	登り	替え	たたい	つかん	塗っ	歌う	なかっ
hiragana	り	hiragana letter り	please select words with the letter り	うんざり	かなっ	着い	無くし	うれしかっ	集め	切れる
hiragana	り	hiragana letter り	please select words with the letter り	とり	達し	あげ	やめろ	進め	変わっ	片付け
hiragana	り	hiragana letter り	please select words with the letter り	ぴったり	勧め	つき	死な	会え	かかっ	貸し
hiragana	り	hiragana letter り	please select words with the letter り	終わり	なくし	かまい	届き	つかん	出さ	高かっ
hiragana	り	hiragana letter り	please select words with the letter り	限り	住み	走ら	ちょうだい	集まっ	吹き	早起き
hiragana	り	hiragana letter り	please select words with the letter り	集まり	ひい	回っ	やつ	抜い	欲しかっ	殺さ
hiragana	り	hiragana letter り	please select words with the letter り	がっかり	無い	驚き	出せ	ちょうだい	とこ	ひき
hiragana	り	hiragana letter り	please select words with the letter り	取り	嬉しい	忙しい	忙しかっ	せい	押し	いわ
hiragana	り	hiragana letter り	please select words with the letter り	はっきり	横切っ	訪れ	考え	やれ	覚え	行け
hiragana	り	hiragana letter り	please select words with the letter り	とおり	難し	見つける	進め	動か	曇っ	閉まっ
hiragana	り	hiragana letter り	please select words with the letter り	乗り	捜し	進む	言っ	襲っ	起こる	洗い
hiragana	り	hiragana letter り	please select words with the letter り	ありがたい	運べ	結ん	困る	治る	従う	書い
hiragana	り	hiragana letter り	please select words with the letter り	作り	困っ	長生き	いか	いただき	高い	渡し
hiragana	り	hiragana letter り	please select words with the letter り	切り	届き	怒る	少ない	いく	言う	すごし
hiragana	り	hiragana letter り	please select words with the letter り	上がり	認める	かわいい	吸い	登っ	害し	鳴らし
hiragana	り	hiragana letter り	please select words with the letter り	助かり	走ら	上げ	避け	休む	脱ぎ	離れ
hiragana	り	hiragana letter り	please select words with the letter り	なり	作っ	捧げ	あっ	とれ	連れ	楽しい
hiragana	り	hiragana letter り	please select words with the letter り	曲がり	あう	住まい	濡れ	愛さ	貯め	解け
hiragana	り	hiragana letter り	please select words with the letter り	知り	従わ	使わ	ここ	認める	ぶつかっ	売っ
hiragana	り	hiragana letter り	please select words with the letter り	通り	かから	運ば	やろう	開け	限る	寝る
hiragana	り	hiragana letter り	please select words with the letter り	まいり	素晴らしい	あけ	横切っ	で	来る	勤め
hiragana	り	hiragana letter り	please select words with the letter り	座り	建て	襲っ	育っ	きれい	渡し	欲しかっ
hiragana	り	hiragana letter り	please select words with the letter り	つながり	立て	拾っ	もたらす	知ら	忙し	頂け
hiragana	り	hiragana letter り	please select words with the letter り	召し上がり	ところ	行こう	終わら	おおわ	買える	混ぜ
hiragana	り	hiragana letter り	please select words with the letter り	走り	習っ	受かっ	学ん	包ま	やる	あれ
hiragana	り	hiragana letter り	please select words with the letter り	仲直り	預かっ	罰せ	聞か	ささげ	くっつい	新しい
hiragana	り	hiragana letter り	please select words with the letter り	降り	渇い	住まい	起こし	開き	買える	す
hiragana	り	hiragana letter り	please select words with the letter り	かかり	怠け者	嘘つき	泣く	分から	なら	扱う
hiragana	り	hiragana letter り	please select words with the letter り	借り	残っ	連れ	とこ	もの	おさまっ	なさっ
hiragana	り	hiragana letter り	please select words with the letter り	帰り	歩い	聴い	燃え	吹き	ごらん	重い
hiragana	り	hiragana letter り	please select words with the letter り	減り	すい	まちがっ	つけ	奪わ	少ない	迷っ
hiragana	り	hiragana letter り	please select words with the letter り	つもり	渇い	悪かっ	回し	奪っ	いい	起こる
hiragana	り	hiragana letter り	please select words with the letter り	足り	たたい	よかっ	ござい	辞め	壊し	揺れ
hiragana	り	hiragana letter り	please select words with the letter り	眠り	思える	帰っ	挙げ	吸い	訴え	難しかっ
hiragana	り	hiragana letter り	please select words with the letter り	入り	歩か	役立ち	入る	行こう	浴び	おっしゃっ
hiragana	り	hiragana letter り	please select words with the letter り	祈り	うれしい	変える	開い	始まる	古い	刻ん
hiragana	り	hiragana letter り	please select words with the letter り	たっぷり	働か	生ん	暖かい	進め	かける	眠っ
hiragana	り	hiragana letter り	please select words with the letter り	そっくり	かから	楽し	ころ	いただけ	払っ	さらさ
hiragana	り	hiragana letter り	please select words with the letter り	わかり	あなた	亡くし	嘘つき	いたし	驚か	おめでとう
hiragana	り	hiragana letter り	please select words with the letter り	知り合い	ほしい	勧め	暖かい	飲む	恵まれ	驚か
hiragana	た	hiragana letter た	please select words with the letter た	あたり	扱い	集まっ	奪わ	もらい	努め	太っ
hiragana	た	hiragana letter た	please select words with the letter た	満たし	抑え	切れる	つき	深い	なかっ	焼い
hiragana	た	hiragana letter た	please select words with the letter た	ため	接し	代わっ	嘘つき	どう	誓っ	届か
hiragana	た	hiragana letter た	please select words with the letter た	当たっ	離れ	動く	払い	任せ	ほめ	払え
hiragana	た	hiragana letter た	please select words with the letter た	待たさ	困っ	ころ	ほっと	感じる	よし	黙っ
hiragana	た	hiragana letter た	please select words with the letter た	たまら	踊り	育て	努め	しろ	済ま	亡くなり
hiragana	た	hiragana letter た	please select words with the letter た	冷たい	ころ	愛する	貯め	間に合わ	越え	折れ
hiragana	た	hiragana letter た	please select words with the letter た	横たわっ	ここ	贈っ	聴い	迫っ	隠れ	弱い
hiragana	た	hiragana letter た	please select words with the letter た	いたし	どきどき	多かっ	進む	構い	眠い	払い
hiragana	た	hiragana letter た	please select words with the letter た	打た	戻る	預け	取れ	幸い	踊っ	立つ
hiragana	た	hiragana letter た	please select words with the letter た	待た	洗っ	運べ	訳し	気づい	遅れ	与える
hiragana	た	hiragana letter た	please select words with the letter た	果たし	抑え	腐っ	食べ	うぬぼれ	良さ	要り
hiragana	た	hiragana letter た	please select words with the letter た	立た	愛さ	くる	すわっ	殺し	忙し	閉まっ
hiragana	た	hiragana letter た	please select words with the letter た	たたい	遅れる	伺い	聴き	語っ	始まっ	考え
hiragana	た	hiragana letter た	please select words with the letter た	ぴったり	着き	扱い	曇っ	うなずい	会え	歌っ
hiragana	た	hiragana letter た	please select words with the letter た	もたらし	かなっ	歩き	曇っ	支払っ	殺し	気づい
hiragana	た	hiragana letter た	please select words with the letter た	もたらす	歩か	会おう	驚い	曇っ	晴れ	とり
hiragana	た	hiragana letter た	please select words with the letter た	いただけ	祝っ	苦しん	若い	分かれ	吹き	迷っ
hiragana	た	hiragana letter た	please select words with the letter た	こたえ	死に	行く	落とさ	泳ぎ	救っ	遊び
hiragana	た	hiragana letter た	please select words with the letter た	当たる	ほしい	焼け	拾っ	腐っ	なる	要り
hiragana	た	hiragana letter た	please select words with the letter た	持た	難し	乗る	包ま	愛さ	手伝わ	古い
hiragana	た	hiragana letter た	please select words with the letter た	ありがたい	よい	素晴らしかっ	起き	初めて	貸し	どこ
hiragana	た	hiragana letter た	please select words with the letter た	あたる	待とう	捜し	いかが	どう	かけ	収め
hiragana	た	hiragana letter た	please select words with the letter た	果たす	やろう	運べ	捜し	小さい	つくし	怠け者
hiragana	た	hiragana letter た	please select words with the letter た	たずね	ここ	短い	かなわ	向かっ	入れ	赤い
hiragana	た	hiragana letter た	please select words with the letter た	いただき	ひい	うそ	短い	思える	富ん	終わら
hiragana	た	hiragana letter た	please select words with the letter た	たて	認める	行き	支払っ	とこ	流行っ	破っ
hiragana	た	hiragana letter た	please select words with the letter た	あなた	走れる	変える	愛する	速い	放っ	働き
hiragana	た	hiragana letter た	please select words with the letter た	たっぷり	合っ	感じる	なり	及ぼし	浴び	見つから
hiragana	る	hiragana letter る	please select words with the letter る	起きる	覆わ	楽しん	選ば	賢い	漏れ	とっ
hiragana	る	hiragana letter る	please select words with the letter る	居る	みなさ	さ	さがし	嬉し	帰り	いう
hiragana	る	hiragana letter る	please select words with the letter る	うるさい	上がり	優れ	落とさ	扱っ	脅し	暮れ
hiragana	る	hiragana letter る	please select words with the letter る	入れる	困っ	さ	言っ	動く	生き	広まっ
hiragana	る	hiragana letter る	please select words with the letter る	立てる	あふれ	つけ	仲良し	初めて	負け	忘れ
hiragana	る	hiragana letter る	please select words with the letter る	とる	取り	結ん	どの	存じ	ばか	頂け
hiragana	る	hiragana letter る	please select words with the letter る	起こる	ありがたい	き	述べ	やめ	あり	買わ
hiragana	る	hiragana letter る	please select words with the letter る	なる	付い	楽し	傷つけ	預け	間に合っ	落とさ
hiragana	る	hiragana letter る	please select words with the letter る	残る	すばらしい	驚き	し	走れ	驚い	話さ
hiragana	る	hiragana letter る	please select words with the letter る	できる	ここ	届き	暑い	だめ	屈し	とり
hiragana	る	hiragana letter る	please select words with the letter る	行ける	変え	はず	及ぼし	まとめ	済ん	消え
hiragana	る	hiragana letter る	please select words with the letter る	言える	着い	みなさ	あきらめ	熱い	合う	泊まり
hiragana	る	hiragana letter る	please select words with the letter る	食べる	つかまえ	傷つけ	上げ	亡くし	泣い	向け
hiragana	る	hiragana letter る	please select words with the letter る	来る	残っ	吸い	持ち主	たっぷり	引っ越し	上がっ
hiragana	る	hiragana letter る	please select words with the letter る	わかる	答え	登っ	泣く	守っ	覚まし	越し
hiragana	る	hiragana letter る	please select words with the letter る	出る	盗ま	で	回っ	黙っ	開き	ばか
hiragana	る	hiragana letter る	please select words with the letter る	取る	遭っ	作っ	襲わ	掛け	刺さ	とら
hiragana	る	hiragana letter る	please select words with the letter る	戻る	待とう	死ぬ	愛し	助け	生まれ	痛み
hiragana	る	hiragana letter る	please select words with the letter る	感じる	遭っ	ところ	分かん	望む	述べ	唱え
hiragana	る	hiragana letter る	please select words with the letter る	晴れる	ため	苦しん	まちがっ	遅れ	刺さ	覆っ
hiragana	る	hiragana letter る	please select words with the letter る	訪れる	張っ	きれい	つけ	作り	面し	良い
hiragana	る	hiragana letter る	please select words with the letter る	限る	震え	捧げ	建て	並べ	磨き	美味し
hiragana	る	hiragana letter る	please select words with the letter る	切れる	歩い	かから	短い	間に合っ	すわっ	生まれ
hiragana	る	hiragana letter る	please select words with the letter る	明るい	困っ	短い	答え	だまさ	つまら	開か
hiragana	る	hiragana letter る	please select words with the letter る	忘れる	横切っ	いか	軽い	つかまっ	さ	奪っ
hiragana	る	hiragana letter る	please select words with the letter る	寝る	かから	うそ	届き	住まい	結べ	広がっ
hiragana	る	hiragana letter る	please select words with the letter る	助ける	抑え	飲む	とこ	見つから	従う	浮かべ
hiragana	る	hiragana letter る	please select words with the letter る	会える	眠り	たっぷり	乗れ	借り	走れ	殺さ
hiragana	る	hiragana letter る	please select words with the letter る	遅れる	かまい	うまい	破っ	通ら	あい
hiragana	る	hiragana letter る	please select words with the letter る	間違える	許さ	嬉し	いかが	収め	なら	作ら
hiragana	る	hiragana letter る	please select words with the letter る	始まる	かなっ	使い	まま	呼び	間に合わ	遅い
hiragana	る	hiragana letter る	please select words with the letter る	やれる	歩か	ころ	務め	合わ	ください	なさっ
hiragana	る	hiragana letter る	please select words with the letter る	くれる	たたい	始め	恵まれ	分かれ	泣か	歌っ
hiragana	る	hiragana letter る	please select words with the letter る	思える	手伝う	ハマっ	履い	狂っ	いい	混ぜ
hiragana	る	hiragana letter る	please select words with the letter る	慣れる	学ぶ	返せ	別れ	ござい	選ば	もたらす
hiragana	る	hiragana letter る	please select words with the letter る	信じる	見つけ	破っ	伝わっ	悪い	下っ	効く
hiragana	る	hiragana letter る	please select words with the letter る	当たる	変え	置き	やら	呼ん	黙っ	上がり
hiragana	る	hiragana letter る	please select words with the letter る	やる	よせ	ひく	並べ	殺し	赤い	がまん
hiragana	る	hiragana letter る	please select words with the letter る	ある	走ら	かなわ	間違え	上がり	黙っ	衰え
hiragana	る	hiragana letter る	please select words with the letter る	認める	長生き	始まり	すい	行か	始め	恥ずかしい
hiragana	る	hiragana letter る	please select words with the letter る	怒る	従わ	死ぬ	努め	笑い	ひき	演じ
hiragana	る	hiragana letter る	please select words with the letter る	つける	混ん	取れ	ちがい	青ざめ	結べ	強い
hiragana	る	hiragana letter る	please select words with the letter る	くる	異なっ	さがし	全て	会え	買い	落ち
hiragana	る	hiragana letter る	please select words with the letter る	受ける	祝っ	壊れ	持ち主	どの	狭い	奪わ
hiragana	る	hiragana letter る	please select words with the letter る	話せる	抑え	役立ち	傾け	楽しん	まちがっ	揺れ
hiragana	る	hiragana letter る	please select words with the letter る	走る	恵まれ	賢い	奪わ	しろ	雇っ	着く
hiragana	る	hiragana letter る	please select words with the letter る	送る	付い	遭っ	従わ	つか	離れ	生む
hiragana	る	hiragana letter る	please select words with the letter る	求める	低い	解ら	歩き	なり	くれ	近づい
hiragana	る	hiragana letter る	please select words with the letter る	しゃべる	変え	変わり	従う	伝わっ	払え	泊まり
hiragana	る	hiragana letter る	please select words with the letter る	終わる	替え	いくら	横たわっ	腐っ	休み	どこ
hiragana	る	hiragana letter る	please select words with the letter る	かける	話そう	下ろし	会おう	嬉し	ひどい	満たし
hiragana	る	hiragana letter る	please select words with the letter る	見つける	飲ま	厳しい	運ば	頼っ	申し	着く
hiragana	る	hiragana letter る	please select words with the letter る	通る	接し	かから	回っ	返し	言え	立た
hiragana	る	hiragana letter る	please select words with the letter る	守る	短い	吸わ	踊っ	返し	従う	働き
hiragana	る	hiragana letter る	please select words with the letter る	異なる	及ば	降り	連れ	呼び	少ない	すわっ
hiragana	る	hiragana letter る	please select words with the letter る	聞こえる	捧げ	受け	だまさ	あふれ	違い	認め
hiragana	る	hiragana letter る	please select words with the letter る	振る舞っ	ところ	やっ	変わら	食べ物	使え	汚れ
hiragana	る	hiragana letter る	please select words with the letter る	かかる	手伝う	望む	やつ	盗ん	済み	折れ
hiragana	る	hiragana letter る	please select words with the letter る	出来る	たたい	あげ	借り	小さい	流行っ	忘れ
hiragana	る	hiragana letter る	please select words with the letter る	帰る	むずかしい	求め	動く	合わ	謝っ	払う
hiragana	る	hiragana letter る	please select words with the letter る	あたる	なさ	死ぬ	撮っ	言わ	住ん	おかしい
hiragana	る	hiragana letter る	please select words with the letter る	教える	震え	運ば	多かっ	従う	働き	名付け
hiragana	る	hiragana letter る	please select words with the letter る	見える	返せ	悪かっ	贈っ	死ぬ	いつ	失っ
hiragana	る	hiragana letter る	please select words with the letter る	抑える	冷たい	動か	辞め	がまん	赤い	刺さ
hiragana	る	hiragana letter る	please select words with the letter る	乗る	休ん	咲い	がっかり	名づけ	育て	乗ら
hiragana	る	hiragana letter る	please select words with the letter る	入る	作っ	ころ	あっ	願い	知ら	隠れ
hiragana	る	hiragana letter る	please select words with the letter る	生まれる	手伝う	困っ	仲直り	帰っ	歌う	さらさ
hiragana	る	hiragana letter る	please select words with the letter る	やめる	確かめ	戻り	罰せ	狂っ	死ん	近い
hiragana	る	hiragana letter る	please select words with the letter る	いる	こたえ	きれい	降っ	まいり	置い	つく
hiragana	る	hiragana letter る	please select words with the letter る	終える	向かっ	悲しん	いけ	びっくり	見つから	漏れ
hiragana	る	hiragana letter る	please select words with the letter る	読める	わくわく	放し	履い	近く	かけ	覚まし
hiragana	る	hiragana letter る	please select words with the letter る	使える	遭っ	罰せ	あっ	支え	従う	殺し
hiragana	る	hiragana letter る	please select words with the letter る	答える	かなっ	開け	超え	いつ	いただき	全て
hiragana	る	hiragana letter る	please select words with the letter る	走れる	あげ	贈っ	稼い	失っ	迫っ	調べ
hiragana	る	hiragana letter る	please select words with the letter る	困る	尋ね	腐っ	やめろ	襲っ	深い	学ん
hiragana	る	hiragana letter る	please select words with the letter る	降る	たっぷり	去っ	構い	唱え	鋭い	撮っ
hiragana	る	hiragana letter る	please select words with the letter る	買える	住み	美味しい	勝つ	新しい	青い	通り
hiragana	る	hiragana letter る	please select words with the letter る	あげる	起こし	やつ	借り	会え	泣か	祈り
hiragana	る	hiragana letter る	please select words with the letter る	治る	頼ん	欲しい	たっぷり	で	辞め	強かっ
hiragana	る	hiragana letter る	please select words with the letter る	渡る	金持ち	たたい	かなわ	いただき	奪わ	売ら
hiragana	る	hiragana letter る	please select words with the letter る	愛する	着い	尋ね	捕まっ	遊び	笑っ	結ん
hiragana	る	hiragana letter る	please select words with the letter る	与える	遭っ	終え	話す	洗っ	聞こえ	奪っ
hiragana	る	hiragana letter る	please select words with the letter る	謝る	遠い	白い	いたし	忘れ	頼み	嫌い
hiragana	る	hiragana letter る	please select words with the letter る	恐れる	入り	幸い	育っ	高かっ	続い	咲く
hiragana	る	hiragana letter る	please select words with the letter る	見る	傷つけ	よせ	出し	広まっ	買い	いや
hiragana	る	hiragana letter る	please select words with the letter る	作る	なくし	きつい	なっ	帰り	弾い	よろしく
hiragana	る	hiragana letter る	please select words with the letter る	要る	曲がり	罰せ	長い	咲い	閉じ	負わ
hiragana	る	hiragana letter る	please select words with the letter る	考える	合っ	行か	塗っ	壊し	ばか	いわ
hiragana	る	hiragana letter る	please select words with the letter る	開ける	戻し	恐れ	もらい	聴き	覚め	越し
hiragana	る	hiragana letter る	please select words with the letter る	泳げる	送り	待ち	さがし	限り	書け	名付け
hiragana	る	hiragana letter る	please select words with the letter る	生きる	かなわ	開け	悪かっ	泊め	結ん	つない
hiragana	る	hiragana letter る	please select words with the letter る	変える	届き	ころ	なり	落とさ	泳ぎ	たまら
hiragana	る	hiragana letter る	please select words with the letter る	分かる	横切っ	異なっ	強かっ	買う	ほう	急い
hiragana	る	hiragana letter る	please select words with the letter る	着る	読ん	着き	役立ち	働く	願い	耐え
hiragana	る	hiragana letter る	please select words with the letter る	する	会っ	会う	まちがっ	やめ	並べ	戦っ
hiragana	る	hiragana letter る	please select words with the letter る	変わる	取り	休み	がっかり	殴っ	破っ	寒かっ
hiragana	る	hiragana letter る	please select words with the letter る	知る	し	嫌わ	すわっ	耐え	消し	好か
hiragana	す	hiragana letter す	please select words with the letter す	出す	安い	張っ	進ん	見つから	学び	痛み
hiragana	す	hiragana letter す	please select words with the letter す	示す	切れる	進む	分から	近づい	飛ん	注い
hiragana	す	hiragana letter す	please select words with the letter す	すごし	慣れ	去っ	いただき	打っ	くっつい	いわ
hiragana	す	hiragana letter す	please select words with the letter す	すごい	寄っ	取る	聞こえ	乗れ	越え	支払い
hiragana	す	hiragana letter す	please select words with the letter す	すん	無い	置き	着き	育て	取っ	属し
hiragana	す	hiragana letter す	please select words with the letter す	愛する	ある	生きる	増し	済ん	嬉し	頑張っ
hiragana	す	hiragana letter す	please select words with the letter す	過ごす	遅れる	喜ん	やめ	支払っ	暮らし	起こっ
hiragana	す	hiragana letter す	please select words with the letter す	すれ	嘘つき	やめ	浴び	奪わ	買える	売っ
hiragana	す	hiragana letter す	please select words with the letter す	すい	接し	眠り	分かん	だめ	手伝い	残し
hiragana	す	hiragana letter す	please select words with the letter す	起こす	やら	頼ん	使える	とおり	青い	言える
hiragana	す	hiragana letter す	please select words with the letter す	すばらしい	うっとり	かかり	降っ	揺れ	続く	飲め
hiragana	す	hiragana letter す	please select words with the letter す	すわっ	呼び	驚い	振る舞っ	伺い	来れ	いっぱい
hiragana	す	hiragana letter す	please select words with the letter す	話す	着き	見る	指し	ない	育っ	属し
hiragana	す	hiragana letter す	please select words with the letter す	する	乗っ	思える	吸わ	覆わ	遅れる	みなし
hiragana	す	hiragana letter す	please select words with the letter す	果たす	走り	素晴らしい	乗っ	離れ	まとめ	取ら
hiragana	す	hiragana letter す	please select words with the letter す	す	飲ま	送る	現れ	少し	座っ	伸び
hiragana	す	hiragana letter す	please select words with the letter す	もたらす	できる	祝っ	立てる	甘い	つか	びっくり
hiragana	え	hiragana letter え	please select words with the letter え	負え	役立ち	出さ	通る	謝ら	続い	解け
hiragana	え	hiragana letter え	please select words with the letter え	超え	撃っ	住み	変わり	ハマっ	履い	曇っ
hiragana	え	hiragana letter え	please select words with the letter え	抑え	とれ	だまさ	いけ	くっつい	つくし	謝ら
hiragana	え	hiragana letter え	please select words with the letter え	支え	当て	指し	冷たい	感じ	くる	鋭い
hiragana	え	hiragana letter え	please select words with the letter え	買える	低い	長生き	洗っ	盗ん	誓っ	殴っ
hiragana	え	hiragana letter え	please select words with the letter え	燃え	かなっ	短い	隠し	狭い	示す	足り
hiragana	え	hiragana letter え	please select words with the letter え	聞こえ	取る	手伝う	愛する	歩く	ちがい	開き
hiragana	え	hiragana letter え	please select words with the letter え	迎え	死に	話す	裏切っ	立ち	浴び	尽くし
hiragana	え	hiragana letter え	please select words with the letter え	払え	要る	ぶつかっ	吸う	あげ	富ん	嘘つき
hiragana	え	hiragana letter え	please select words with the letter え	見え	笑っ	曇っ	奪わ	行う	行っ	当たる
hiragana	え	hiragana letter え	please select words with the letter え	与え	切れ	出さ	掛かっ	止まっ	勝つ	大きい
hiragana	え	hiragana letter え	please select words with the letter え	終え	解ら	あっ	放し	まいり	支払い	読み
hiragana	え	hiragana letter え	please select words with the letter え	与える	走ら	あけ	始まり	入る	違い	まちがっ
hiragana	え	hiragana letter え	please select words with the letter え	震え	やら	吸い	襲わ	盗ん	見つかっ	漏れ
hiragana	え	hiragana letter え	please select words with the letter え	越え	飲む	張っ	襲わ	限る	もたらし	履い
hiragana	え	hiragana letter え	please select words with the letter え	変え	暑い	大き	責め	楽しみ	止まっ	回し
hiragana	え	hiragana letter え	please select words with the letter え	もらえ	寄っ	撃っ	預け	たっぷり	青ざめ	向け
hiragana	え	hiragana letter え	please select words with the letter え	加え	行く	回っ	がまん	すん	ばか	混ぜ
hiragana	え	hiragana letter え	please select words with the letter え	耐え	すばらしい	送る	結ん	よい	さ	もたらし
hiragana	え	hiragana letter え	please select words with the letter え	備え	暑い	うなずい	咲く	輝い	泊まり	試み
hiragana	え	hiragana letter え	please select words with the letter え	言える	捧げ	吸わ	立ち	怒っ	買っ	通し
hiragana	え	hiragana letter え	please select words with the letter え	替え	だめ	及ば	動か	鋭い	選ん	驚か
hiragana	え	hiragana letter え	please select words with the letter え	間違え	曲がり	ほっと	生きる	尽くし	まいり	広がっ
hiragana	え	hiragana letter え	please select words with the letter え	聞こえる	ため	汚い	で	流行っ	殴っ	手伝い
hiragana	え	hiragana letter え	please select words with the letter え	会える	増し	飽き	広い	来れ	脱し	載っ
hiragana	え	hiragana letter え	please select words with the letter え	考え	申し訳	どれ	輝い	頼み	殺さ	会わ
hiragana	え	hiragana letter え	please select words with the letter え	間違える	こと	歩か	なっ	掛け	素晴らしかっ	おっしゃっ
hiragana	え	hiragana letter え	please select words with the letter え	抱え	確かめ	応じ	くつろい	高い	行う	強い
hiragana	え	hiragana letter え	please select words with the letter え	植え	あげよう	眠り	通じ	尽くし	分かれ	開ける
hiragana	え	hiragana letter え	please select words with the letter え	つかまえ	ところ	焼け	恵まれ	守っ	助け	惚れ
hiragana	え	hiragana letter え	please select words with the letter え	買え	ここ	届き	よい	渡し	あげる	帰ら
hiragana	え	hiragana letter え	please select words with the letter え	考える	立て	蹴っ	あっ	貸し	まいり	手伝い
hiragana	え	hiragana letter え	please select words with the letter え	思える	恐れる	厳しい	うわさ	とまっ	曇っ	訳し
hiragana	え	hiragana letter え	please select words with the letter え	訴え	よかっ	行わ	かかっ	売ら	殴っ	雇っ
hiragana	え	hiragana letter え	please select words with the letter え	教え	待とう	やめる	通る	する	仲良し	足り
hiragana	え	hiragana letter え	please select words with the letter え	言え	たずね	刈っ	建て	まちがっ	ひく	あたり
hiragana	え	hiragana letter え	please select words with the letter え	思え	暑い	あきらめ	どの	小さい	仲良し	奪っ
hiragana	え	hiragana letter え	please select words with the letter え	衰え	受ける	よせ	あなた	及ぼし	恥ずかしい	もの
hiragana	え	hiragana letter え	please select words with the letter え	こたえ	使い	限る	渡し	やれ	名付け	寒かっ
hiragana	え	hiragana letter え	please select words with the letter え	会え	振っ	あっ	行こう	集まっ	おかしい	もらっ
hiragana	え	hiragana letter え	please select words with the letter え	教える	開け	祝い	小さい	もたらす	揺れ	惚れ
hiragana	え	hiragana letter え	please select words with the letter え	生え	働か	明るい	みなさ	会う	気づか	譲っ
hiragana	え	hiragana letter え	please select words with the letter え	唱え	寄っ	下ろし	名づけ	なり	襲っ	恥ずかしい
hiragana	え	hiragana letter え	please select words with the letter え	え	示し	長生き	振っ	取っ	閉め	刻ん
hiragana	え	hiragana letter え	please select words with the letter え	変える	痛い	渡る	仲良し	いい	かかる	思わ
hiragana	え	hiragana letter え	please select words with the letter え	見える	尋ね	つかまっ	行ける	並べ	遅い	おさまっ
hiragana	え	hiragana letter え	please select words with the letter え	消え	断っ	務め	いらっしゃい	入れる	ばかげ	着る
hiragana	え	hiragana letter え	please select words with the letter え	抑える	長生き	幸せ	すい	遠い	治る	とまっ
hiragana	え	hiragana letter え	please select words with the letter え	増え	ほしい	演じ	あがっ	つけ	広い	屈し
hiragana	え	hiragana letter え	please select words with the letter え	使え	違う	戻り	見る	好ま	あげる	刻ん
hiragana	え	hiragana letter え	please select words with the letter え	数え	基づい	横たわっ	許し	動か	落とさ	屈し
hiragana	え	hiragana letter え	please select words with the letter え	答え	泊め	進め	稼い	降っ	寝る	やり
hiragana	え	hiragana letter え	please select words with the letter え	伝え	働く	慣れ	困る	隠れ	帰る	扱う
hiragana	え	hiragana letter え	please select words with the letter え	終える	長生き	せい	折れ	どちら	覆っ	なる
hiragana	え	hiragana letter え	please select words with the letter え	覚え	飲ま	痛い	大き	狭い	救っ	起こる
hiragana	え	hiragana letter え	please select words with the letter え	使える	訪れ	隠し	切れる	捜し	ない	失っ
hiragana	え	hiragana letter え	please select words with the letter え	答える	結ん	盗ん	頑張っ	忘れ	弱い	名付け
hiragana	え	hiragana letter え	please select words with the letter え	捕まえ	話そう	大き	知る	訪ね	気づい	広がっ
hiragana	え	hiragana letter え	please select words with the letter え	控え	認める	向かっ	行こう	難しい	放っ	並ん
hiragana	も	hiragana letter も	please select words with the letter も	もらっ	働く	だめ	走る	取っ	殴っ	消え
hiragana	も	hiragana letter も	please select words with the letter も	もらい	付い	困る	吹い	素晴らしかっ	広い	いく
hiragana	も	hiragana letter も	please select words with the letter も	もらえ	遭っ	こと	広げ	たっぷり	脱ぎ	笑い
hiragana	も	hiragana letter も	please select words with the letter も	もっ	替え	生じ	指し	あなた	戻し	かわいい
hiragana	も	hiragana letter も	please select words with the letter も	もん	すい	放し	締め	辞め	少ない	痛み
hiragana	も	hiragana letter も	please select words with the letter も	つもり	求める	会っ	横たわっ	訴え	言っ	遠い
hiragana	も	hiragana letter も	please select words with the letter も	おもしろい	よろしい	捕まっ	よせ	すれ	うっとり	通し
hiragana	も	hiragana letter も	please select words with the letter も	もたらし	取り	ひい	よし	全て	くっつい	残し
hiragana	も	hiragana letter も	please select words with the letter も	もっとも	使い	みなさ	踊り	頼ん	亡くし	助かり
hiragana	も	hiragana letter も	please select words with the letter も	もの	満ち	ぶつかっ	祝い	あっ	申し訳	どうぞ
hiragana	も	hiragana letter も	please select words with the letter も	もたらす	落とし	つかまえ	どうぞ	泳ぎ	たまら	うるさい
hiragana	の	hiragana letter の	please select words with the letter の	どの	受かっ	つか	起こし	みなし	辞め	起き
hiragana	の	hiragana letter の	please select words with the letter の	もの	届き	捕まっ	やろう	現れ	つかん	止まっ
hiragana	の	hiragana letter の	please select words with the letter の	女の子	渇い	生え	いけ	かけ	入れる	与える
hiragana	で	hiragana letter で	please select words with the letter で	で	ところ	上がっ	浮かべ	割れ	合い	眠っ
hiragana	で	hiragana letter で	please select words with the letter で	でき	うれしかっ	やろう	かわいい	間に合っ	降る	晴れ
hiragana	で	hiragana letter で	please select words with the letter で	おめでとう	すばらしい	いか	登り	愛し	少し	放っ
hiragana	で	hiragana letter で	please select words with the letter で	できる	罰せ	挙げ	いけ	立ち	怒る	属し
hiragana	き	hiragana letter き	please select words with the letter き	起きる	送る	うまい	忙しい	笑う	伺い	謝ら
hiragana	き	hiragana letter き	please select words with the letter き	聞き	起こり	がっかり	進め	降る	うなずい	愛し
hiragana	き	hiragana letter き	please select words with the letter き	長生き	なくし	傷つけ	飲む	よい	え	覚まし
hiragana	き	hiragana letter き	please select words with the letter き	きか	握っ	支払っ	すわっ	動く	かかっ	寝る
hiragana	き	hiragana letter き	please select words with the letter き	あきあき	頼っ	進め	通っ	助かり	入れ	遊ん
hiragana	き	hiragana letter き	please select words with the letter き	書き	確かめ	握っ	奪わ	守る	とまっ	包ま
hiragana	き	hiragana letter き	please select words with the letter き	どきどき	ある	話す	で	愛し	待た	遊ぼう
hiragana	き	hiragana letter き	please select words with the letter き	泣き	曲がり	素晴らしい	超え	選ん	たまら	囲ま
hiragana	き	hiragana letter き	please select words with the letter き	磨き	切れ	こたえ	行か	難しい	迷っ	まいり
hiragana	き	hiragana letter き	please select words with the letter き	置き	確かめ	だまさ	近く	奪っ	待た	使っ
hiragana	き	hiragana letter き	please select words with the letter き	とき	傷つけ	生じ	戻し	好む	迫っ	並ん
hiragana	き	hiragana letter き	please select words with the letter き	きい	確かめ	みなさ	戻し	忙しい	恋しい	足り
hiragana	き	hiragana letter き	please select words with the letter き	できる	休ん	勧め	住まい	刺さ	しゃべる	及ば
hiragana	き	hiragana letter き	please select words with the letter き	き	痛い	着い	食べよう	勧め	開け	うそ
hiragana	き	hiragana letter き	please select words with the letter き	起き	受ける	洗い	訳し	やる	帰ら	望ん
hiragana	き	hiragana letter き	please select words with the letter き	弾き	満ち	止め	捧げ	開い	返し	すわっ
hiragana	き	hiragana letter き	please select words with the letter き	吹き	残っ	働か	やら	横たわっ	見る	どれ
hiragana	き	hiragana letter き	please select words with the letter き	つき	尋ね	走れる	認める	言っ	払っ	収め
hiragana	き	hiragana letter き	please select words with the letter き	はっきり	残っ	明るい	痛い	拾っ	知ら	耐え
hiragana	き	hiragana letter き	please select words with the letter き	生きる	知っ	あげよう	ありがたい	登っ	失っ	会える
hiragana	き	hiragana letter き	please select words with the letter き	開き	戻っ	行ける	かかり	高い	知り	学ん
hiragana	き	hiragana letter き	please select words with the letter き	動き	話そう	示し	教える	衰え	待ち遠しい	怠け者
hiragana	き	hiragana letter き	please select words with the letter き	でき	達し	預かっ	指し	なり	好む	増し
hiragana	き	hiragana letter き	please select words with the letter き	行き	替え	求め	すわっ	使え	赤い	聞け
hiragana	き	hiragana letter き	please select words with the letter き	飽き	素晴らしい	捕まっ	仲直り	暖かい	吸わ	謝ら
hiragana	き	hiragana letter き	please select words with the letter き	働き	分かん	間に合わ	喜ん	見つかっ	殺し	笑い
hiragana	き	hiragana letter き	please select words with the letter き	早起き	酔っ	かかっ	まいり	わから	折れ	衰え
hiragana	き	hiragana letter き	please select words with the letter き	生き	腐っ	おめでとう	合い	塗っ	勤め	忙し
hiragana	き	hiragana letter き	please select words with the letter き	大き	過ぎ	ありがたい	恐れる	上げ	望む	ちょうだい
hiragana	き	hiragana letter き	please select words with the letter き	嘘つき	覆わ	送っ	どれ	諦め	書く	良い
hiragana	き	hiragana letter き	please select words with the letter き	届き	学ぶ	走る	いかが	支払っ	脅し	うるさい
hiragana	き	hiragana letter き	please select words with the letter き	歩き	よし	変わら	選び	くれる	学び	暮れ
hiragana	き	hiragana letter き	please select words with the letter き	いただき	寄っ	洗っ	いけ	分かれ	笑う	美味しかっ
hiragana	き	hiragana letter き	please select words with the letter き	ひき	傷つけ	隠し	出せ	熱い	放っ	加え
hiragana	き	hiragana letter き	please select words with the letter き	着き	終え	手伝っ	鳴らし	書け	入れ	どちら
hiragana	き	hiragana letter き	please select words with the letter き	驚き	つかまえ	みなさ	いつ	合い	終わり	助ける
hiragana	き	hiragana letter き	please select words with the letter き	きつい	さ	済ん	集まっ	嫌っ	いう	生まれ
hiragana	き	hiragana letter き	please select words with the letter き	いき	話そう	出せ	走る	聞こえる	焼い	がまん
hiragana	き	hiragana letter き	please select words with the letter き	きれい	愛する	飲む	従っ	気持ち	流れ	叱っ
hiragana	き	hiragana letter き	please select words with the letter き	あきらめ	見つける	踊り	進め	離れ	始まる	構い
hiragana	き	hiragana letter き	please select words with the letter き	聴き	吸わ	あたる	追っ	脱ぎ	取れ	おおわ
hiragana	き	hiragana letter き	please select words with the letter き	大きい	ほっと	開け	どれ	もらい	かける	生まれ
hiragana	そ	hiragana letter そ	please select words with the letter そ	話そう	変わり	落とさ	くれ	頑張っ	強い	歩く
hiragana	そ	hiragana letter そ	please select words with the letter そ	そう	よい	混ん	賢い	かかる	守る	過ごし
hiragana	そ	hiragana letter そ	please select words with the letter そ	そっくり	応じ	恐れ	すん	伸び	もらっ	刺さ
hiragana	そ	hiragana letter そ	please select words with the letter そ	それ	なくし	なっ	横たわっ	捨て	返し	持つ
hiragana	そ	hiragana letter そ	please select words with the letter そ	うそ	あげよう	やろう	渡る	抱い	いれ	構わ
hiragana	れ	hiragana letter れ	please select words with the letter れ	優れ	よろしい	上がり	植え	集まっ	素晴らしかっ	がまん
hiragana	れ	hiragana letter れ	please select words with the letter れ	疲れ	知っ	従わ	応じ	待ち	面白い	終わっ
hiragana	れ	hiragana letter れ	please select words with the letter れ	生まれ	撃っ	聞か	限り	振る舞っ	眠い	なら
hiragana	れ	hiragana letter れ	please select words with the letter れ	晴れ	食べ物	みなし	待ち	備え	ばかげ	剃っ
hiragana	れ	hiragana letter れ	please select words with the letter れ	忘れる	驚い	育っ	申し	知る	通っ	出来る
hiragana	れ	hiragana letter れ	please select words with the letter れ	入れる	死に	いか	与え	失っ	曲がっ	ほう
hiragana	れ	hiragana letter れ	please select words with the letter れ	濡れ	替え	許し	びっくり	示す	謝ら	楽しかっ
hiragana	れ	hiragana letter れ	please select words with the letter れ	恵まれ	着い	よさ	買え	超え	責め	深い
hiragana	れ	hiragana letter れ	please select words with the letter れ	なれ	見つけ	掛かっ	辞め	唱え	す	痩せ
hiragana	れ	hiragana letter れ	please select words with the letter れ	折れ	確かめ	ころ	思える	支払い	申し	曲がっ
hiragana	れ	hiragana letter れ	please select words with the letter れ	触れ	わかっ	食べよう	代わっ	増し	高い	よこし
hiragana	れ	hiragana letter れ	please select words with the letter れ	とれ	痛い	やら	つながり	参り	始めよう	なさっ
hiragana	れ	hiragana letter れ	please select words with the letter れ	くれ	かから	出せ	合っ	開い	住まい	告げ
hiragana	れ	hiragana letter れ	please select words with the letter れ	隠れ	歩い	帰っ	参り	掛かっ	乗り	上がっ
hiragana	れ	hiragana letter れ	please select words with the letter れ	割れ	うそ	なぜ	ちょうだい	抜い	幸い	いたし
hiragana	れ	hiragana letter れ	please select words with the letter れ	訪れ	できる	長生き	笑わ	好み	与える	ありがとう
hiragana	れ	hiragana letter れ	please select words with the letter れ	うれしかっ	歌い	答え	出さ	幸い	青ざめ	書け
hiragana	れ	hiragana letter れ	please select words with the letter れ	暮れ	解ら	弾き	掛かっ	もらえ	動く	剃っ
hiragana	れ	hiragana letter れ	please select words with the letter れ	遅れ	話す	通る	嬉し	入っ	勝ち	おめでとう
hiragana	れ	hiragana letter れ	please select words with the letter れ	乗れ	役立ち	かわいい	広い	脱い	住ん	動き
hiragana	れ	hiragana letter れ	please select words with the letter れ	漏れ	終える	住まい	切っ	洗い	あたり	閉まっ
hiragana	れ	hiragana letter れ	please select words with the letter れ	忘れ	かなっ	降り	ぴったり	食べ	よこし	気づい
hiragana	れ	hiragana letter れ	please select words with the letter れ	すれ	かまい	異なっ	罰せ	会え	良さ	払わ
hiragana	れ	hiragana letter れ	please select words with the letter れ	来れ	空い	やめ	唱え	知り	古い	会おう
hiragana	れ	hiragana letter れ	please select words with the letter れ	これ	軽い	楽しん	素晴らしかっ	向け	どちら	書か
hiragana	れ	hiragana letter れ	please select words with the letter れ	汚れ	横たわっ	青ざめ	分から	使える	扱う	驚か
hiragana	れ	hiragana letter れ	please select words with the letter れ	恐れる	開け	感じる	行こう	とこ	あきあき	始めよう
hiragana	れ	hiragana letter れ	please select words with the letter れ	慣れ	かまい	避け	入る	たっぷり	追っ	さがし
hiragana	れ	hiragana letter れ	please select words with the letter れ	倒れ	低い	ほしい	なぜ	うなずい	書け	支払い
hiragana	れ	hiragana letter れ	please select words with the letter れ	遅れる	応じ	あう	上がり	しまっ	いく	近づい
hiragana	れ	hiragana letter れ	please select words with the letter れ	やれる	あげ	頼っ	許し	求め	もたらし	守っ
hiragana	れ	hiragana letter れ	please select words with the letter れ	くれる	捕まっ	認める	分かり	選ば	幸い	え
hiragana	れ	hiragana letter れ	please select words with the letter れ	慣れる	いくら	鳴っ	祝い	わから	重い	売っ
hiragana	れ	hiragana letter れ	please select words with the letter れ	切れ	かなわ	ある	あなた	解ら	泊め	指し
hiragana	れ	hiragana letter れ	please select words with the letter れ	惚れ	取り	渇い	無くし	かなわ	入る	さがし
hiragana	れ	hiragana letter れ	please select words with the letter れ	売れ	かなわ	見つける	働く	富ん	過ごす	諦め
hiragana	れ	hiragana letter れ	please select words with the letter れ	壊れ	つかまえ	ささげ	買わ	かかっ	果たす	包ん
hiragana	れ	hiragana letter れ	please select words with the letter れ	揺れ	寄っ	握っ	扱い	しよう	いっぱい	当たる
hiragana	れ	hiragana letter れ	please select words with the letter れ	取れ	ところ	洗っ	さ	外し	結べ	とら
hiragana	れ	hiragana letter れ	please select words with the letter れ	現れ	招い	よろしい	難し	間違える	どこ	書き
hiragana	れ	hiragana letter れ	please select words with the letter れ	晴れる	すばらしい	示し	預け	去っ	仲良し	結べ
hiragana	れ	hiragana letter れ	please select words with the letter れ	訪れる	寄っ	冷たい	難しい	おっしゃっ	起こる	残し
hiragana	れ	hiragana letter れ	please select words with the letter れ	離れ	横たわっ	限る	済ん	払わ	白い	いたし
hiragana	れ	hiragana letter れ	please select words with the letter れ	あふれ	従わ	返せ	控え	ぴったり	塗っ	嫌っ
hiragana	れ	hiragana letter れ	please select words with the letter れ	うれしい	入る	行か	見つけ	聞く	高い	眠い
hiragana	れ	hiragana letter れ	please select words with the letter れ	やれ	休み	始め	いけ	重い	伸ばし	ありがとう
hiragana	れ	hiragana letter れ	please select words with the letter れ	眠れ	祝っ	立てる	貯め	盗ん	努め	謝る
hiragana	れ	hiragana letter れ	please select words with the letter れ	分かれ	かなわ	頼ん	立てる	売っ	走る	弾い
hiragana	れ	hiragana letter れ	please select words with the letter れ	どれ	明るい	切り	酔っ	傾け	嬉し	選ん
hiragana	れ	hiragana letter れ	please select words with the letter れ	生まれる	手渡し	見る	受かっ	預け	塗っ	ちょうだい
hiragana	れ	hiragana letter れ	please select words with the letter れ	走れ	うそ	まま	ない	会える	詳しい	近づい
hiragana	れ	hiragana letter れ	please select words with the letter れ	流れ	基づい	履い	手伝い	教える	祈り	数え
hiragana	れ	hiragana letter れ	please select words with the letter れ	うぬぼれ	起こし	驚い	座っ	呼ぶ	咲く	いわ
hiragana	れ	hiragana letter れ	please select words with the letter れ	切れる	望む	やめる	食べ	告げ	浮かべ	楽しかっ
hiragana	れ	hiragana letter れ	please select words with the letter れ	きれい	接し	洗っ	あきらめ	待とう	消え	買い
hiragana	れ	hiragana letter れ	please select words with the letter れ	連れ	残っ	学ぶ	蹴っ	楽しみ	聴い	手伝わ
hiragana	れ	hiragana letter れ	please select words with the letter れ	別れ	祝っ	分かん	悪かっ	つか	近く	扱っ
hiragana	れ	hiragana letter れ	please select words with the letter れ	あれ	基づい	くる	撮っ	泣か	助け	勝っ
hiragana	れ	hiragana letter れ	please select words with the letter れ	いれ	閉じ	名づけ	刈っ	でき	殴っ	助け
hiragana	れ	hiragana letter れ	please select words with the letter れ	走れる	取る	多かっ	ハマっ	果たす	かかる	試み
hiragana	れ	hiragana letter れ	please select words with the letter れ	恐れ	よろしい	踊っ	もらい	座っ	済み	縛ら
hiragana	れ	hiragana letter れ	please select words with the letter れ	それ	仕上げ	生え	折っ	泊まっ	越し	作り
hiragana	れ	hiragana letter れ	please select words with the letter れ	入れ	わかっ	示し	食べ物	かかり	届か	書き
hiragana	ど	hiragana letter ど	please select words with the letter ど	どう	ひい	つながり	限る	速い	嘘つき	取っ
hiragana	ど	hiragana letter ど	please select words with the letter ど	どうぞ	要る	代わっ	望む	貯め	刈っ	塗っ
hiragana	ど	hiragana letter ど	please select words with the letter ど	どれ	曲がり	下ろし	広げ	及ぼし	学ば	支払い
hiragana	ど	hiragana letter ど	please select words with the letter ど	どの	傷つけ	きつい	仕上げ	つながり	愛さ	掛かっ
hiragana	ど	hiragana letter ど	please select words with the letter ど	どきどき	でき	会い	つかまっ	放っ	楽しかっ	あげる
hiragana	ど	hiragana letter ど	please select words with the letter ど	どちら	従わ	やろう	飼っ	抜い	来る	入っ
hiragana	ど	hiragana letter ど	please select words with the letter ど	どこ	願い	行く	間違っ	いう	それ	喜ぶ
hiragana	ど	hiragana letter ど	please select words with the letter ど	ひどい	残っ	預け	刈っ	放し	欲しかっ	続い
hiragana	う	hiragana letter う	please select words with the letter う	うまい	進む	襲っ	鳴らし	覚め	知る	続け
hiragana	う	hiragana letter う	please select words with the letter う	どう	許さ	登っ	聞こえ	放し	守っ	売ら
hiragana	う	hiragana letter う	please select words with the letter う	始めよう	震え	降ら	みなさ	さがし	嬉し	知り
hiragana	う	hiragana letter う	please select words with the letter う	うわさ	恐れる	いくら	長生き	冷たい	収め	いらっしゃい
hiragana	う	hiragana letter う	please select words with the letter う	うるさい	働く	求め	なくなり	つけ	扱っ	通ら
hiragana	う	hiragana letter う	please select words with the letter う	食べよう	低い	こたえ	ある	遅れる	幸せ	違い
hiragana	う	hiragana letter う	please select words with the letter う	うっとり	会っ	変わら	待ち	買わ	収め	解く
hiragana	う	hiragana letter う	please select words with the letter う	おめでとう	ありがたい	聞く	支払っ	植え	返し	破っ
hiragana	う	hiragana letter う	please select words with the letter う	会う	恐れる	飼っ	あがっ	泊まっ	知ら	告げ
hiragana	う	hiragana letter う	please select words with the letter う	うなずい	女の子	知る	踊っ	怒る	晴れ	もたらす
hiragana	う	hiragana letter う	please select words with the letter う	しよう	引い	直し	聞こえる	弱い	ほめ	行け
hiragana	う	hiragana letter う	please select words with the letter う	間に合う	できる	預かっ	だまさ	放し	掛け	間に合わ
hiragana	う	hiragana letter う	please select words with the letter う	手伝う	尋ね	ほしい	長い	愛さ	揺れ	やり
hiragana	う	hiragana letter う	please select words with the letter う	買う	恐れる	変える	食べ	集まっ	あり	笑い
hiragana	う	hiragana letter う	please select words with the letter う	遊ぼう	寄っ	踊り	預け	隠れ	名付け	治っ
hiragana	う	hiragana letter う	please select words with the letter う	ほう	接し	止め	休み	泣く	育て	間に合わ
hiragana	う	hiragana letter う	please select words with the letter う	行う	無い	切れ	悲しん	泣き	曇っ	抜い
hiragana	う	hiragana letter う	please select words with the letter う	ありがとう	取り	疲れ	いけ	間に合わ	恵まれ	諦め
hiragana	う	hiragana letter う	please select words with the letter う	うれしかっ	祝っ	さ	違っ	務め	笑い	消し
hiragana	う	hiragana letter う	please select words with the letter う	歌う	撃っ	吸わ	難しかっ	仲良し	並べ	放っ
hiragana	う	hiragana letter う	please select words with the letter う	うんざり	難し	美しかっ	好む	曇っ	もらい	つくし
hiragana	う	hiragana letter う	please select words with the letter う	そう	倒れ	間に合っ	贈っ	待ち	集まっ	つない
hiragana	う	hiragana letter う	please select words with the letter う	合う	割っ	だめ	握っ	つない	もたらす	話せる
hiragana	う	hiragana letter う	please select words with the letter う	いう	捧げ	亡くし	責め	建て	脱し	嫌い
hiragana	う	hiragana letter う	please select words with the letter う	話そう	生じ	思わ	入り	頼み	つまら	動い
hiragana	う	hiragana letter う	please select words with the letter う	会おう	召し上がり	乗る	渡る	嘘つき	分かり	渡し
hiragana	う	hiragana letter う	please select words with the letter う	従う	変わり	届き	倒れ	向け	気づい	包ん
hiragana	う	hiragana letter う	please select words with the letter う	吸う	要る	出さ	みなし	殴っ	見つかっ	強い
hiragana	う	hiragana letter う	please select words with the letter う	あげよう	わくわく	立ち	さらさ	届か	出す	衰え
hiragana	う	hiragana letter う	please select words with the letter う	違う	替え	よし	全て	認め	飛ん	注い
hiragana	う	hiragana letter う	please select words with the letter う	笑う	接し	買え	呼び	始まる	行わ	知ら
hiragana	う	hiragana letter う	please select words with the letter う	扱う	始まり	好み	殺し	通し	脱い	売っ
hiragana	う	hiragana letter う	please select words with the letter う	うれしい	落とし	軽い	よい	振る舞っ	なれ	どこ
hiragana	う	hiragana letter う	please select words with the letter う	待とう	死に	登っ	知ら	面白い	驚か	続け
hiragana	う	hiragana letter う	please select words with the letter う	言う	避け	代わっ	死ぬ	奪っ	強かっ	恐い
hiragana	う	hiragana letter う	please select words with the letter う	行こう	すばらしい	尋ね	ご覧	役立ち	登っ	限る
hiragana	う	hiragana letter う	please select words with the letter う	思う	過ぎ	震え	眠れ	去っ	負わ	高い
hiragana	う	hiragana letter う	please select words with the letter う	うそ	乗っ	だめ	参り	開か	混ん	曇っ
hiragana	う	hiragana letter う	please select words with the letter う	やろう	扱わ	下ろし	指し	する	集まっ	催さ
hiragana	う	hiragana letter う	please select words with the letter う	ちょうだい	震え	休み	考える	始まる	踊っ	すん
hiragana	う	hiragana letter う	please select words with the letter う	使う	送る	預かっ	つか	やめる	白い	言わ
hiragana	う	hiragana letter う	please select words with the letter う	やめよう	楽し	渇い	見える	つか	混ん	回し
hiragana	う	hiragana letter う	please select words with the letter う	どうぞ	満ち	許し	泳ぎ	嫌っ	迎え	満たし
hiragana	う	hiragana letter う	please select words with the letter う	あう	かから	行き	降る	落とさ	どれ	並べ
hiragana	う	hiragana letter う	please select words with the letter う	うぬぼれ	許さ	暑い	連れ	がまん	動かし	尽くさ
hiragana	う	hiragana letter う	please select words with the letter う	払う	かまい	壊れ	よい	盗ん	恥ずかしい	ごらん
hiragana	こ	hiragana letter こ	please select words with the letter こ	こと	休み	行き	言い	減っ	うなずい	変わる
hiragana	こ	hiragana letter こ	please select words with the letter こ	聞こえ	いか	入る	遠い	貸し	すん	着く
hiragana	こ	hiragana letter こ	please select words with the letter こ	よこし	よかっ	でき	多かっ	うまい	貸し	刺さ
hiragana	こ	hiragana letter こ	please select words with the letter こ	起こる	撃っ	長い	始め	立ち	もらい	下し
hiragana	こ	hiragana letter こ	please select words with the letter こ	ここ	当て	食べ物	もらえ	述べ	育て	なし
hiragana	こ	hiragana letter こ	please select words with the letter こ	起こり	抑え	大き	かかり	育て	鋭い	会える
hiragana	こ	hiragana letter こ	please select words with the letter こ	これ	思え	望む	襲わ	深い	渡し	殺し
hiragana	こ	hiragana letter こ	please select words with the letter こ	聞こえる	酔っ	離れ	うなずい	迫っ	生まれ	曲がっ
hiragana	こ	hiragana letter こ	please select words with the letter こ	起こす	通じ	大き	脱ぎ	選ば	浴び	謝る
hiragana	こ	hiragana letter こ	please select words with the letter こ	ところ	震え	冷たい	辞め	話せる	混ぜ	乗ら
hiragana	こ	hiragana letter こ	please select words with the letter こ	起こっ	つかまえ	乗る	当て	襲わ	終わら	折っ
hiragana	こ	hiragana letter こ	please select words with the letter こ	こたえ	愛する	変わら	張っ	苦しん	狭い	上がっ
hiragana	こ	hiragana letter こ	please select words with the letter こ	ころ	違っ	座っ	変わる	入れる	存じ	譲っ
hiragana	こ	hiragana letter こ	please select words with the letter こ	行こう	明るい	いか	拾っ	限り	素晴らしかっ	解く
hiragana	こ	hiragana letter こ	please select words with the letter こ	こい	変わら	書か	欲しかっ	信じ	恥じ	謝っ
hiragana	こ	hiragana letter こ	please select words with the letter こ	起こし	話す	避け	終わら	分かり	きい	しゃべる
hiragana	こ	hiragana letter こ	please select words with the letter こ	こぼし	空い	短い	当て	広げ	向かっ	預け
hiragana	こ	hiragana letter こ	please select words with the letter こ	とこ	接し	思える	収め	戻ら	怒っ	恐い
hiragana	こ	hiragana letter こ	please select words with the letter こ	どこ	無い	届き	くれる	脱ぎ	辞め	良さ
hiragana	し	hiragana letter し	please select words with the letter し	脱し	満ち	傷つけ	話す	いけ	いただき	帰り
hiragana	し	hiragana letter し	please select words with the letter し	満たし	走れる	渡る	下さい	つない	救っ	見せ
hiragana	し	hiragana letter し	please select words with the letter し	やさしい	訪れ	帰っ	思える	乗れ	働き	泣か
hiragana	し	hiragana letter し	please select words with the letter し	申し	かから	かなわ	大き	き	立ち	強かっ
hiragana	し	hiragana letter し	please select words with the letter し	下し	呼ん	支払っ	おおわ	鋭い	早起き	祈っ
hiragana	し	hiragana letter し	please select words with the letter し	下ろし	着い	会う	広げ	死な	解く	やる
hiragana	し	hiragana letter し	please select words with the letter し	楽しみ	たたい	限る	鋭い	いわ	着る	会い
hiragana	し	hiragana letter し	please select words with the letter し	しよう	飲ま	ひい	話す	歌う	恵まれ	出す
hiragana	し	hiragana letter し	please select words with the letter し	訳し	尋ね	訪れ	起こり	青ざめ	迫っ	備え
hiragana	し	hiragana letter し	please select words with the letter し	ほしい	呼ん	間違える	聞く	いい	おさまっ	うぬぼれ
hiragana	し	hiragana letter し	please select words with the letter し	疑わしい	会う	熱い	踊っ	遅い	うぬぼれ	寒い
hiragana	し	hiragana letter し	please select words with the letter し	尽くし	走れる	ご覧	入り	なかっ	くれ	伺い
hiragana	し	hiragana letter し	please select words with the letter し	うれしかっ	飲む	入る	行か	負わ	ちがい	笑う
hiragana	し	hiragana letter し	please select words with the letter し	申し訳	鳴っ	あけ	よさ	あなた	挙げ	かまわ
hiragana	し	hiragana letter し	please select words with the letter し	欲しかっ	着き	住まい	倒れ	求め	手伝っ	あきあき
hiragana	し	hiragana letter し	please select words with the letter し	優しい	大き	食べ物	告げ	書き	閉まっ	訪ね
hiragana	し	hiragana letter し	please select words with the letter し	捜し	使わ	基づい	開か	まちがっ	結べ	乗せ
hiragana	し	hiragana letter し	please select words with the letter し	正しい	話そう	捧げ	生じ	超え	暮れ	沈ん
hiragana	し	hiragana letter し	please select words with the letter し	美しい	震え	ぶつかっ	ほっと	ころ	訴え	くる
hiragana	し	hiragana letter し	please select words with the letter し	返し	低い	空い	扱わ	限ら	知り	手伝い
hiragana	し	hiragana letter し	please select words with the letter し	表し	送る	生じ	がっかり	締め	かまわ	訪ね
hiragana	し	hiragana letter し	please select words with the letter し	みなし	眠り	ぴったり	近づい	閉め	届か	なさっ
hiragana	し	hiragana letter し	please select words with the letter し	楽しん	飲ま	限ら	少ない	生き	高かっ	残る
hiragana	し	hiragana letter し	please select words with the letter し	楽し	つかまえ	あけ	異なっ	暑い	思い	務め
hiragana	し	hiragana letter し	please select words with the letter し	おもしろい	会っ	置き	当て	横たわっ	よかっ	手伝わ
hiragana	し	hiragana letter し	please select words with the letter し	美しかっ	割っ	罰せ	頼っ	泊まっ	見つから	痩せ
hiragana	し	hiragana letter し	please select words with the letter し	脅し	返せ	住まい	ない	嫌っ	帰る	買っ
hiragana	し	hiragana letter し	please select words with the letter し	亡くし	罰せ	生じ	返せ	死に	富ん	知ら
hiragana	し	hiragana letter し	please select words with the letter し	嬉しい	開い	飼っ	弾い	認め	加え	知る
hiragana	し	hiragana letter し	please select words with the letter し	なし	思え	作っ	走ら	入る	助ける	逃げ
hiragana	し	hiragana letter し	please select words with the letter し	起こし	応じ	慣れる	つい	回っ	買わ	惚れ
hiragana	し	hiragana letter し	please select words with the letter し	こぼし	送る	手伝う	住み	立てる	かけ	ばかげ
hiragana	し	hiragana letter し	please select words with the letter し	新しい	歌い	そっくり	育て	小さい	助かり	かけ
hiragana	し	hiragana letter し	please select words with the letter し	降ろし	かまい	扱わ	あけ	走れる	かなわ	きつい
hiragana	し	hiragana letter し	please select words with the letter し	素晴らしい	間に合っ	稼い	ひき	輝い	汚れ	立た
hiragana	し	hiragana letter し	please select words with the letter し	戻し	食べよう	歌い	起こり	思う	鋭い	弾け
hiragana	し	hiragana letter し	please select words with the letter し	出し	低い	傷つけ	追っ	終わり	雇っ	とき
hiragana	し	hiragana letter し	please select words with the letter し	し	遭っ	下がっ	笑っ	塗っ	奪わ	並べ
hiragana	し	hiragana letter し	please select words with the letter し	苦しん	どの	支え	務め	結べ	譲っ	いれ
hiragana	し	hiragana letter し	please select words with the letter し	通し	たたい	当て	甘い	つか	立ち	きい
hiragana	し	hiragana letter し	please select words with the letter し	いたし	置き	切れる	あふれ	いい	入っ	良い
hiragana	し	hiragana letter し	please select words with the letter し	面し	長生き	閉じ	出る	分かり	くっつい	弾く
hiragana	し	hiragana letter し	please select words with the letter し	渡し	ところ	捧げ	戦っ	つい	囲ま	狂っ
hiragana	し	hiragana letter し	please select words with the letter し	果たし	よい	落とさ	つけ	言っ	会え	守っ
hiragana	し	hiragana letter し	please select words with the letter し	楽しかっ	あげよう	きつい	ため	愛さ	眠い	漏れ
hiragana	し	hiragana letter し	please select words with the letter し	もたらし	取る	取り	みなさ	疲れ	切れる	よい
hiragana	し	hiragana letter し	please select words with the letter し	熟し	着い	愛する	でき	ハマっ	気づか	聞こえる
hiragana	し	hiragana letter し	please select words with the letter し	愛し	ため	洗っ	いかが	過ごす	すわっ	聴き
hiragana	し	hiragana letter し	please select words with the letter し	よろしい	禁じ	眠れ	努め	眺め	寒い	飲め
hiragana	し	hiragana letter し	please select words with the letter し	壊し	浮かん	行わ	泣か	がまん	どちら	とり
hiragana	し	hiragana letter し	please select words with the letter し	費やし	よせ	待たさ	くつろい	好む	泳ぎ	務め
hiragana	し	hiragana letter し	please select words with the letter し	しろ	抑え	開い	戦っ	話さ	合う	生き
hiragana	し	hiragana letter し	please select words with the letter し	しまっ	役立ち	大き	うっとり	乗れ	走る	高い
hiragana	し	hiragana letter し	please select words with the letter し	正しかっ	着い	ありがたい	確かめ	まとめ	開ける	弱い
hiragana	し	hiragana letter し	please select words with the letter し	すばらしい	話す	酔っ	進む	通る	ごらん	迎え
hiragana	し	hiragana letter し	please select words with the letter し	美味し	泣く	起こす	泣か	どこ	勤め	通り
hiragana	し	hiragana letter し	please select words with the letter し	おいしい	仕上げ	はっきり	横たわっ	どう	存じ	始まっ
hiragana	し	hiragana letter し	please select words with the letter し	手渡し	読ん	通り	傾け	甘い	話せる	見せ
hiragana	し	hiragana letter し	please select words with the letter し	伸ばし	着い	走ら	ため	預け	話さ	あきあき
hiragana	し	hiragana letter し	please select words with the letter し	よろしく	買え	かかっ	弾く	とり	命じ	解い
hiragana	し	hiragana letter し	please select words with the letter し	よし	乗る	だめ	折っ	締め	歌っ	立た
hiragana	し	hiragana letter し	please select words with the letter し	残し	過ぎ	話そう	鳴っ	聞く	ない	従う
hiragana	し	hiragana letter し	please select words with the letter し	指し	禁じ	泊め	ござい	喜ん	耐え	かぶっ
hiragana	し	hiragana letter し	please select words with the letter し	恥ずかしい	きつい	帰っ	生え	走る	見つから	遊び
hiragana	し	hiragana letter し	please select words with the letter し	暮らし	残っ	罰せ	休み	する	戻る	持っ
hiragana	し	hiragana letter し	please select words with the letter し	過ごし	立てる	つかん	そっくり	責め	回っ	眠っ
hiragana	し	hiragana letter し	please select words with the letter し	いらっしゃい	かなっ	暑い	合っ	間違える	変わら	遅い
hiragana	し	hiragana letter し	please select words with the letter し	しゃべっ	基づい	生じ	悪かっ	あっ	通る	始めよう
hiragana	し	hiragana letter し	please select words with the letter し	つくし	遭っ	驚き	長い	去っ	近く	遅れ
hiragana	し	hiragana letter し	please select words with the letter し	忙しい	横切っ	みなさ	異なる	買え	握っ	使う
hiragana	し	hiragana letter し	please select words with the letter し	すごし	止め	する	浴び	謝る	生まれ	ありがとう
hiragana	し	hiragana letter し	please select words with the letter し	動かし	見つける	なっ	振っ	ひどい	謝ら	さらさ
hiragana	し	hiragana letter し	please select words with the letter し	覚まし	軽い	き	せい	笑い	試み	ごめん
hiragana	し	hiragana letter し	please select words with the letter し	しゃべる	聞か	動か	え	気持ち	収め	扱っ
hiragana	し	hiragana letter し	please select words with the letter し	よこし	なぜ	見つけ	読み	辛い	見せ	付け
hiragana	し	hiragana letter し	please select words with the letter し	むずかしい	たたい	当て	回っ	走れ	襲っ	会え
hiragana	し	hiragana letter し	please select words with the letter し	なくし	習い	悪かっ	見つけ	支え	笑わ	白い
hiragana	し	hiragana letter し	please select words with the letter し	目指し	こい	がっかり	あふれ	つき	起こる	言え
hiragana	し	hiragana letter し	please select words with the letter し	しゃべら	ここ	吸う	感じる	塗っ	いる	広がっ
hiragana	し	hiragana letter し	please select words with the letter し	隠し	咲い	建て	ちがい	喜ん	努め	解く
hiragana	し	hiragana letter し	please select words with the letter し	及ぼし	仲直り	認める	当て	深い	鋭い	行う
hiragana	し	hiragana letter し	please select words with the letter し	美味しい	とれ	切っ	どの	書か	殴っ	耐え
hiragana	し	hiragana letter し	please select words with the letter し	寂しい	つかまえ	変える	見る	やっ	振っ	掛かっ
hiragana	し	hiragana letter し	please select words with the letter し	嬉し	恐れる	付い	作る	出る	行き	報わ
hiragana	し	hiragana letter し	please select words with the letter し	待ち遠しい	頼っ	預け	ハマっ	違っ	会え	頑張っ
hiragana	し	hiragana letter し	please select words with the letter し	示し	歩い	間に合っ	いっ	殴っ	座っ	慣れ
hiragana	し	hiragana letter し	please select words with the letter し	探し	応じ	異なる	弾き	離れ	高かっ	広まっ
hiragana	し	hiragana letter し	please select words with the letter し	嬉しかっ	慣れる	あきらめ	嘘つき	脱ぎ	支え	持つ
hiragana	し	hiragana letter し	please select words with the letter し	属し	食べよう	まま	呼ん	いる	わかり	知る
hiragana	し	hiragana letter し	please select words with the letter し	話し	進め	あがっ	刈っ	建て	輝い	帰ら
hiragana	し	hiragana letter し	please select words with the letter し	詳しい	歩い	罰せ	役立ち	挙げ	呼び	感じ
hiragana	し	hiragana letter し	please select words with the letter し	越し	明るい	乗っ	濡れ	行こう	遅れ	とまっ
hiragana	し	hiragana letter し	please select words with the letter し	流し	登っ	稼い	育っ	結べ	驚か	閉まっ
hiragana	し	hiragana letter し	please select words with the letter し	無くし	頼ん	とれ	始まる	間違っ	笑う	はず
hiragana	し	hiragana letter し	please select words with the letter し	鳴らし	仕上げ	よせ	好む	買わ	聞こえる	果たす
hiragana	し	hiragana letter し	please select words with the letter し	悲しい	禁じ	まま	脱ぎ	謝っ	解い	聞け
hiragana	し	hiragana letter し	please select words with the letter し	許し	切り	長い	きれい	取れ	始まっ	おめでとう
hiragana	し	hiragana letter し	please select words with the letter し	仲良し	つながり	建て	限り	くっつい	弱い	痩せ
hiragana	し	hiragana letter し	please select words with the letter し	試し	戻り	起こり	責め	限り	あり	好み
hiragana	し	hiragana letter し	please select words with the letter し	召し上がり	震え	変わら	遅れる	誓っ	おめでとう	持っ
hiragana	し	hiragana letter し	please select words with the letter し	犯し	こと	振っ	信じる	並べ	認め	並ん
hiragana	し	hiragana letter し	please select words with the letter し	接し	招い	運べ	愛さ	襲っ	手伝わ	選ん
hiragana	し	hiragana letter し	please select words with the letter し	消し	解ら	役立ち	動か	抱い	浮かん	読める
hiragana	し	hiragana letter し	please select words with the letter し	放し	招い	閉じ	喜ん	買える	撮っ	伸び
hiragana	し	hiragana letter し	please select words with the letter し	屈し	住み	返せ	合っ	知ら	くっつい	悪い
hiragana	し	hiragana letter し	please select words with the letter し	引っ越し	ころ	き	なり	する	きい	見せ
hiragana	し	hiragana letter し	please select words with the letter し	楽しい	解ら	名づけ	混ん	止まっ	隠れ	弾く
hiragana	し	hiragana letter し	please select words with the letter し	難しい	ところ	待ち	待っ	刺さ	怠け者	青い
hiragana	し	hiragana letter し	please select words with the letter し	達し	うわさ	罰せ	買え	ござい	飽き	伝わっ
hiragana	し	hiragana letter し	please select words with the letter し	難し	たたい	流さ	す	さらさ	驚か	始まっ
hiragana	し	hiragana letter し	please select words with the letter し	殺し	かなっ	あげ	ある	仲直り	つかまっ	変わる
hiragana	し	hiragana letter し	please select words with the letter し	少し	飼っ	結ん	取れ	やめ	やり	入っ
hiragana	し	hiragana letter し	please select words with the letter し	押し	持ち主	休む	通る	どう	払え	投げ
hiragana	し	hiragana letter し	please select words with the letter し	落とし	驚き	変える	登っ	たっぷり	気づか	うんざり
hiragana	し	hiragana letter し	please select words with the letter し	難しかっ	遭っ	明るい	かわいい	挙げ	つけ	え
hiragana	し	hiragana letter し	please select words with the letter し	おかしい	眠っ	働く	つき	行け	効く	用い
hiragana	し	hiragana letter し	please select words with the letter し	忙しかっ	歌い	返せ	分かん	いっ	聴い	告げ
hiragana	し	hiragana letter し	please select words with the letter し	害し	払う	借り	止まっ	くれ	売ら	狂っ
hiragana	し	hiragana letter し	please select words with the letter し	厳しい	わくわく	ござい	熱い	済ん	言う	遊び
hiragana	し	hiragana letter し	please select words with the letter し	素晴らしかっ	あげ	示す	そう	いき	ばか	笑う
hiragana	し	hiragana letter し	please select words with the letter し	悲しん	向かっ	訴え	聴い	なれ	うるさい	置い
hiragana	し	hiragana letter し	please select words with the letter し	うれしい	戻り	うそ	働く	控え	掛け	いい
hiragana	し	hiragana letter し	please select words with the letter し	おっしゃっ	呼ば	いくら	飲む	広い	使える	飛ん
hiragana	し	hiragana letter し	please select words with the letter し	欲しい	どきどき	育て	浮かべ	洗い	泳げ	うぬぼれ
hiragana	し	hiragana letter し	please select words with the letter し	直し	長生き	着る	飲む	減っ	並ん	払い
hiragana	し	hiragana letter し	please select words with the letter し	忙し	超え	笑っ	ない	遠い	誓っ	手伝い
hiragana	し	hiragana letter し	please select words with the letter し	美味しかっ	尋ね	たたい	呼び	優れ	盗ん	深い
hiragana	し	hiragana letter し	please select words with the letter し	回し	行ける	違い	走る	破っ	手伝わ	作ら
hiragana	し	hiragana letter し	please select words with the letter し	貸し	つかん	熱い	救っ	寒かっ	わかり	続く
hiragana	し	hiragana letter し	please select words with the letter し	外し	呼び	ない	幸い	混ぜ	動い	続け
hiragana	し	hiragana letter し	please select words with the letter し	さがし	いか	笑っ	行っ	教える	守る	ばか
hiragana	し	hiragana letter し	please select words with the letter し	恋しい	捧げ	なぜ	あきらめ	さ	読み	つける
hiragana	し	hiragana letter し	please select words with the letter し	増し	安い	辞め	苦い	良さ	覆っ	重い
hiragana	し	hiragana letter し	please select words with the letter し	欲し	乗っ	罰せ	挙げ	ハマっ	尽くさ	帰ら
hiragana	と	hiragana letter と	please select words with the letter と	落とさ	止め	眠れ	割っ	使わ	あがっ	やめる
hiragana	と	hiragana letter と	please select words with the letter と	とまっ	見つける	良かっ	やめる	増し	近く	若い
hiragana	と	hiragana letter と	please select words with the letter と	うっとり	招い	軽い	遅れる	磨い	教え	早い
hiragana	と	hiragana letter と	please select words with the letter と	とっ	当て	どの	支払っ	会え	打っ	やれ
hiragana	と	hiragana letter と	please select words with the letter と	こと	つながり	弾き	嘘つき	下げ	欲しかっ	貸し
hiragana	と	hiragana letter と	please select words with the letter と	おめでとう	速い	行こう	止まっ	聞い	あり	結べ
hiragana	と	hiragana letter と	please select words with the letter と	とる	望む	責め	述べ	帰り	起こす	かけ
hiragana	と	hiragana letter と	please select words with the letter と	とき	捧げ	間に合っ	美しかっ	叫ん	幸い	守っ
hiragana	と	hiragana letter と	please select words with the letter と	とれ	熟し	青ざめ	つない	言わ	払い	待ち遠しい
hiragana	と	hiragana letter と	please select words with the letter と	ありがとう	割っ	吸う	締め	謝ら	閉め	要り
hiragana	と	hiragana letter と	please select words with the letter と	とり	切れ	踊っ	帰る	やれ	祈り	費やし
hiragana	と	hiragana letter と	please select words with the letter と	落とし	使わ	さがし	間に合わ	泊まっ	しろ	任せ
hiragana	と	hiragana letter と	please select words with the letter と	ところ	あげよう	あけ	立ち	限ら	気づか	おさまっ
hiragana	と	hiragana letter と	please select words with the letter と	まとめ	酔っ	思い	願い	減っ	良さ	持つ
hiragana	と	hiragana letter と	please select words with the letter と	とおり	歌い	現れ	運べ	壊し	話さ	いっぱい
hiragana	と	hiragana letter と	please select words with the letter と	待とう	預かっ	悪かっ	失っ	欲しかっ	売れ	広がっ
hiragana	と	hiragana letter と	please select words with the letter と	もっとも	やさしい	違う	見つける	休む	美味し	良い
hiragana	と	hiragana letter と	please select words with the letter と	とら	求める	驚き	置き	割っ	暑い	飼っ
hiragana	と	hiragana letter と	please select words with the letter と	とこ	勧め	訪れ	嘘つき	混ん	難しい	白い
hiragana	と	hiragana letter と	please select words with the letter と	ほっと	働か	渇い	唱え	誓っ	おっしゃっ	座っ
hiragana	と	hiragana letter と	please select words with the letter と	ほんと	すばらしい	無い	なっ	少ない	さらさ	残し
hiragana	か	hiragana letter か	please select words with the letter か	泣か	捕まっ	軽い	解ら	だまさ	申し訳	少ない
hiragana	か	hiragana letter か	please select words with the letter か	書か	切れ	だめ	従っ	流行っ	弾い	いい
hiragana	か	hiragana letter か	please select words with the letter か	面白かっ	食べよう	みなさ	習い	別れ	聞こえ	つくし
hiragana	か	hiragana letter か	please select words with the letter か	気づか	終える	なくし	焼け	入る	行っ	残し
hiragana	か	hiragana letter か	please select words with the letter か	預かっ	応じ	指し	いけ	いる	愛し	遠い
hiragana	か	hiragana letter か	please select words with the letter か	分かり	安い	走ら	盗ん	向け	なら	助け
hiragana	か	hiragana letter か	please select words with the letter か	良かっ	すばらしい	金持ち	すれ	踊っ	嬉し	え
hiragana	か	hiragana letter か	please select words with the letter か	うれしかっ	飲む	限る	なり	減っ	学ん	悩まさ
hiragana	か	hiragana letter か	please select words with the letter か	無かっ	置き	乗っ	あけ	見える	くっつい	来る
hiragana	か	hiragana letter か	please select words with the letter か	わかる	流行っ	奪わ	いらっしゃい	読み	笑う	試み
hiragana	か	hiragana letter か	please select words with the letter か	欲しかっ	止め	楽し	選ば	眠い	惚れ	輝い
hiragana	か	hiragana letter か	please select words with the letter か	行か	終える	食べよう	達し	みなさ	避け	降る
hiragana	か	hiragana letter か	please select words with the letter か	つか	なくし	避け	だまさ	つけ	す	訪ね
hiragana	か	hiragana letter か	please select words with the letter か	つかまえ	ほしい	始め	外し	謝る	注い	使う
hiragana	か	hiragana letter か	please select words with the letter か	がっかり	控え	いただけ	くる	買える	向け	通ら
hiragana	か	hiragana letter か	please select words with the letter か	かなっ	落とし	楽し	罰せ	あなた	泊め	拾っ
hiragana	か	hiragana letter か	please select words with the letter か	つかまっ	あなた	汚い	食べ物	泣く	閉め	催さ
hiragana	か	hiragana letter か	please select words with the letter か	かい	割っ	鳴っ	あっ	唱え	気づい	殺さ
hiragana	か	hiragana letter か	please select words with the letter か	美しかっ	使い	役立ち	許し	悩まさ	訪れる	思っ
hiragana	か	hiragana letter か	please select words with the letter か	ばか	あう	つまら	感じ	守っ	上がっ	勝つ
hiragana	か	hiragana letter か	please select words with the letter か	からかっ	立て	はっきり	扱い	恐れ	いつ	入れ
hiragana	か	hiragana letter か	please select words with the letter か	よかっ	残っ	無くし	始め	好む	盗ん	高い
hiragana	か	hiragana letter か	please select words with the letter か	分かれ	曲がり	贈っ	来れ	いたし	抱い	泳ぐ
hiragana	か	hiragana letter か	please select words with the letter か	かかり	生じ	働く	亡くし	困る	去っ	書け
hiragana	か	hiragana letter か	please select words with the letter か	かかっ	どきどき	切り	別れ	解ら	登り	勝つ
hiragana	か	hiragana letter か	please select words with the letter か	動か	きつい	ある	立てる	歌う	驚い	楽しみ
hiragana	か	hiragana letter か	please select words with the letter か	わかり	挙げ	預け	結ん	なくなっ	いらっしゃい	早起き
hiragana	か	hiragana letter か	please select words with the letter か	かまわ	さ	優しい	起こす	生き	気づい	眺め
hiragana	か	hiragana letter か	please select words with the letter か	きか	運ば	直し	建て	並べ	着る	捨て
hiragana	か	hiragana letter か	please select words with the letter か	多かっ	勧め	思える	つけ	よこし	座っ	働き
hiragana	か	hiragana letter か	please select words with the letter か	かゆい	恐れ	通る	起き	頑張っ	それ	殺し
hiragana	か	hiragana letter か	please select words with the letter か	寒かっ	貯め	愛さ	行こう	脱ぎ	稼い	負わ
hiragana	か	hiragana letter か	please select words with the letter か	暖かい	異なっ	休ん	よせ	直し	弾い	入ら
hiragana	か	hiragana letter か	please select words with the letter か	浮かべ	住まい	食べ	驚い	泳ぎ	立つ	弾い
hiragana	か	hiragana letter か	please select words with the letter か	見つから	うるさい	戻り	眠り	あなた	狂っ	あり
hiragana	か	hiragana letter か	please select words with the letter か	楽しかっ	扱い	上がり	みなし	高い	当たる	払い
hiragana	か	hiragana letter か	please select words with the letter か	向かっ	落とし	食べよう	軽い	迫っ	開ける	おいしい
hiragana	か	hiragana letter か	please select words with the letter か	ばかげ	送る	やろう	あり	洗い	合い	通っ
hiragana	か	hiragana letter か	please select words with the letter か	おか	歩い	取る	頼ん	持ち主	行ける	刺さ
hiragana	か	hiragana letter か	please select words with the letter か	正しかっ	き	開い	殴っ	やれ	上手い	着る
hiragana	か	hiragana letter か	please select words with the letter か	高かっ	ほしい	疲れ	訪れ	拾っ	捜し	食べ
hiragana	か	hiragana letter か	please select words with the letter か	恥ずかしい	怒ら	あがっ	死ぬ	ない	失っ	おっしゃっ
hiragana	か	hiragana letter か	please select words with the letter か	動かし	捧げ	戻し	うんざり	誓っ	笑い	殺し
hiragana	か	hiragana letter か	please select words with the letter か	驚か	聞こえ	やつ	治る	上がっ	買える	広まっ
hiragana	か	hiragana letter か	please select words with the letter か	むずかしい	曇っ	選ば	おっしゃっ	折れ	居る	通っ
hiragana	か	hiragana letter か	please select words with the letter か	いかが	求める	閉じ	限ら	帰り	うぬぼれ	これ
hiragana	か	hiragana letter か	please select words with the letter か	わから	やさしい	戻り	通じ	出し	揺れ	勝っ
hiragana	か	hiragana letter か	please select words with the letter か	かける	飲む	濡れ	もたらす	変わる	話せ	悩ん
hiragana	か	hiragana letter か	please select words with the letter か	おかげ	無い	で	履い	結べ	ひどい	いらいら
hiragana	か	hiragana letter か	please select words with the letter か	いか	渡る	叫ん	借り	返し	太っ	青い
hiragana	か	hiragana letter か	please select words with the letter か	かけ	住み	ある	頼っ	泊め	嘘つき	及ぼし
hiragana	か	hiragana letter か	please select words with the letter か	かかる	切り	出来る	飼っ	冷たい	支え	着く
hiragana	か	hiragana letter か	please select words with the letter か	嬉しかっ	ほしい	生じ	傾け	だめ	乗れ	過ごす
hiragana	か	hiragana letter か	please select words with the letter か	つかん	変わり	長い	あふれ	もらっ	叱っ	おいしい
hiragana	か	hiragana letter か	please select words with the letter か	歩か	欲しい	許し	回っ	踊っ	助け	おさまっ
hiragana	か	hiragana letter か	please select words with the letter か	届か	使わ	当て	頼っ	とれ	感じ	つける
hiragana	か	hiragana letter か	please select words with the letter か	かぶっ	呼ん	取ら	消し	ありがとう	暮れ	しゃべら
hiragana	か	hiragana letter か	please select words with the letter か	ぶつかっ	渇い	別れ	感じ	まいり	す	言え
hiragana	か	hiragana letter か	please select words with the letter か	分から	解ら	食べ物	もらえ	買わ	放っ	行う
hiragana	か	hiragana letter か	please select words with the letter か	浮かん	招い	弾き	笑っ	間に合っ	掛け	片付け
hiragana	か	hiragana letter か	please select words with the letter か	働か	わくわく	返せ	見つける	大き	違っ	開ける
hiragana	か	hiragana letter か	please select words with the letter か	かから	立て	求める	合い	いただき	うんざり	囲ま
hiragana	か	hiragana letter か	please select words with the letter か	かなわ	なくし	下ろし	贈っ	上がり	入っ	下し
hiragana	か	hiragana letter か	please select words with the letter か	見つかっ	素晴らしい	歌い	泊め	動く	並ん	当たる
hiragana	か	hiragana letter か	please select words with the letter か	聞か	襲わ	贈っ	害し	焼い	よろしく	すごい
hiragana	か	hiragana letter か	please select words with the letter か	好か	撃っ	死ぬ	困る	貸し	あたり	待ち遠しい
hiragana	か	hiragana letter か	please select words with the letter か	かわいい	休ん	好む	負わ	する	愛し	手伝わ
hiragana	か	hiragana letter か	please select words with the letter か	悪かっ	立て	接し	疲れ	休み	忘れ	起こる
hiragana	か	hiragana letter か	please select words with the letter か	難しかっ	見る	倒れ	泣き	止まっ	振る舞っ	なら
hiragana	か	hiragana letter か	please select words with the letter か	なかっ	長生き	開け	盗ん	高い	貸し	楽しい
hiragana	か	hiragana letter か	please select words with the letter か	忙しかっ	いくら	食べ物	泣き	履い	ハマっ	忘れる
hiragana	か	hiragana letter か	please select words with the letter か	おかしい	取る	無くし	住み	あきらめ	払わ	剃っ
hiragana	か	hiragana letter か	please select words with the letter か	確かめ	切り	塗っ	青ざめ	過ごす	従う	しゃべっ
hiragana	か	hiragana letter か	please select words with the letter か	わかっ	よさ	降り	言い	きれい	訪ね	伝え
hiragana	か	hiragana letter か	please select words with the letter か	素晴らしかっ	届き	申し訳	去っ	狭い	鋭い	頂け
hiragana	か	hiragana letter か	please select words with the letter か	受かっ	たたい	乗る	求め	走る	入れる	待っ
hiragana	か	hiragana letter か	please select words with the letter か	強かっ	眠れ	くつろい	そっくり	回し	言う	費やし
hiragana	か	hiragana letter か	please select words with the letter か	助かり	隠し	あたる	高い	流行っ	すわっ	渡し
hiragana	か	hiragana letter か	please select words with the letter か	開か	まま	終わら	行わ	学ん	下し	暮れ
hiragana	か	hiragana letter か	please select words with the letter か	かまい	傷つけ	休ん	刈っ	切っ	害し	学ば
hiragana	か	hiragana letter か	please select words with the letter か	分かる	あげ	なくなっ	間に合っ	名づけ	剃っ	それ
hiragana	か	hiragana letter か	please select words with the letter か	分かっ	戻っ	答え	あがっ	嘘つき	降っ	撮っ
hiragana	か	hiragana letter か	please select words with the letter か	美味しかっ	こと	借り	青ざめ	奪っ	働き	屈し
hiragana	か	hiragana letter か	please select words with the letter か	掛かっ	運べ	手伝っ	揺れ	座っ	謝る	恐い
hiragana	か	hiragana letter か	please select words with the letter か	分かん	示し	求め	食べ	働き	歌っ	弾け
hiragana	よ	hiragana letter よ	please select words with the letter よ	やめよう	走っ	持ち主	履い	少ない	支払い	会おう
hiragana	よ	hiragana letter よ	please select words with the letter よ	よかっ	できる	かける	動く	言わ	助け	訳し
hiragana	よ	hiragana letter よ	please select words with the letter よ	始めよう	走ら	異なる	だめ	吸い	待ち	締め
hiragana	よ	hiragana letter よ	please select words with the letter よ	よい	吸う	悪かっ	食べ物	高い	いっぱい	起こる
hiragana	よ	hiragana letter よ	please select words with the letter よ	よろしく	眠り	選び	流行っ	なら	うぬぼれ	はず
hiragana	よ	hiragana letter よ	please select words with the letter よ	よし	楽し	やら	難し	嬉しい	乗れ	開か
hiragana	よ	hiragana letter よ	please select words with the letter よ	食べよう	おか	代わっ	かかり	言える	なし	衰え
hiragana	よ	hiragana letter よ	please select words with the letter よ	あげよう	思え	こたえ	変わら	恵まれ	認め	手伝い
hiragana	よ	hiragana letter よ	please select words with the letter よ	よこし	替え	無くし	なっ	長い	捕まっ	切れる
hiragana	よ	hiragana letter よ	please select words with the letter よ	しよう	まま	だめ	入り	動か	回し	作ら
hiragana	よ	hiragana letter よ	please select words with the letter よ	よろしい	歩い	休ん	いけ	知ら	つない	語っ
hiragana	よ	hiragana letter よ	please select words with the letter よ	よさ	行か	結ん	冷たい	怒る	おさまっ	住ん
hiragana	よ	hiragana letter よ	please select words with the letter よ	よせ	開け	黙っ	遠い	分かれ	生まれ	ください
hiragana	ら	hiragana letter ら	please select words with the letter ら	もらっ	残っ	住み	捕まっ	預け	行き	迎え
hiragana	ら	hiragana letter ら	please select words with the letter ら	乗ら	困っ	生きる	つかん	驚い	集まっ	衰え
hiragana	ら	hiragana letter ら	please select words with the letter ら	解ら	達し	かゆい	ころ	よせ	壊れ	聴き
hiragana	ら	hiragana letter ら	please select words with the letter ら	かから	着い	異なっ	隠し	戻し	折っ	遊ん
hiragana	ら	hiragana letter ら	please select words with the letter ら	どちら	別れ	幸せ	折っ	泳ぎ	恥ずかしい	唱え
hiragana	ら	hiragana letter ら	please select words with the letter ら	わから	捧げ	やめる	書け	済み	名付け	考え
hiragana	ら	hiragana letter ら	please select words with the letter ら	たまら	間に合う	そっくり	降り	誓っ	向け	いたし
hiragana	ら	hiragana letter ら	please select words with the letter ら	戻ら	つかまえ	はっきり	待ち	始まっ	吹き	待て
hiragana	ら	hiragana letter ら	please select words with the letter ら	入ら	やさしい	無くし	通る	支え	支払い	動かし
hiragana	ら	hiragana letter ら	please select words with the letter ら	しゃべら	ご覧	長生き	少し	返し	救っ	汚れ
hiragana	ら	hiragana letter ら	please select words with the letter ら	見つから	達し	いか	預け	よい	誘っ	努め
hiragana	ら	hiragana letter ら	please select words with the letter ら	もらい	手伝う	あげよう	死に	嬉しい	始め	なかっ
hiragana	ら	hiragana letter ら	please select words with the letter ら	もらえ	返せ	基づい	がっかり	冷たい	手伝わ	揺れ
hiragana	ら	hiragana letter ら	please select words with the letter ら	いらいら	速い	小さい	支払っ	従う	勝っ	亡くなり
hiragana	ら	hiragana letter ら	please select words with the letter ら	いら	かゆい	ありがたい	指し	開か	恵まれ	済み
hiragana	ら	hiragana letter ら	please select words with the letter ら	守ら	腐っ	あっ	登っ	刈っ	つけ	止まっ
hiragana	ら	hiragana letter ら	please select words with the letter ら	つまら	し	変わっ	訴え	泣い	話せる	言え
hiragana	ら	hiragana letter ら	please select words with the letter ら	いくら	替え	覆わ	楽しん	働き	変わる	強い
hiragana	ら	hiragana letter ら	please select words with the letter ら	限ら	拾っ	愛さ	立ち	稼い	ばかげ	しゃべっ
hiragana	ら	hiragana letter ら	please select words with the letter ら	変わら	満ち	出る	刈っ	及ぼし	晴れる	剃っ
hiragana	ら	hiragana letter ら	please select words with the letter ら	もたらし	立っ	作っ	乗る	生じ	抜い	磨い
hiragana	ら	hiragana letter ら	please select words with the letter ら	なら	役立ち	楽しみ	踊っ	ない	す	合わ
hiragana	ら	hiragana letter ら	please select words with the letter ら	もたらす	あげよう	会う	上げ	答え	とれ	ささげ
hiragana	ら	hiragana letter ら	please select words with the letter ら	素晴らしかっ	ぶつかっ	訪れ	いかが	見つかっ	買っ	開ける
hiragana	ら	hiragana letter ら	please select words with the letter ら	さらさ	甘い	出し	捜し	撮っ	向け	助け
hiragana	ら	hiragana letter ら	please select words with the letter ら	作ら	食べよう	聞か	訴え	行こう	うなずい	どうぞ
hiragana	ら	hiragana letter ら	please select words with the letter ら	帰ら	落とし	頼っ	属し	申し	果たし	話し
hiragana	ら	hiragana letter ら	please select words with the letter ら	謝ら	行こう	分かり	育て	飽き	鋭い	閉まっ
hiragana	ら	hiragana letter ら	please select words with the letter ら	すばらしい	手伝う	罰せ	張っ	なかっ	鋭い	いく
hiragana	ら	hiragana letter ら	please select words with the letter ら	鳴らし	遭っ	短い	あう	笑わ	磨い	古い
hiragana	ら	hiragana letter ら	please select words with the letter ら	終わら	呼ば	楽し	認める	祝い	来れ	訪ね
hiragana	ら	hiragana letter ら	please select words with the letter ら	降ら	かまい	信じる	始まる	選ん	当たっ	果たし
hiragana	ら	hiragana letter ら	please select words with the letter ら	からかっ	かまい	がっかり	速い	言っ	分かれ	生き
hiragana	ら	hiragana letter ら	please select words with the letter ら	ごらん	困っ	ござい	あふれ	飽き	書い	はず
hiragana	ら	hiragana letter ら	please select words with the letter ら	怒ら	恐れる	疲れ	向かっ	亡くし	いっ	降っ
hiragana	ら	hiragana letter ら	please select words with the letter ら	売ら	召し上がり	変える	行う	たずね	流し	詰め
hiragana	ら	hiragana letter ら	please select words with the letter ら	取ら	訪れ	戻る	ぴったり	限り	待ち	払え
hiragana	ら	hiragana letter ら	please select words with the letter ら	知ら	求める	かゆい	手伝う	戻し	行か	汚れ
hiragana	ら	hiragana letter ら	please select words with the letter ら	とら	立っ	すい	負わ	若い	かかる	歌っ
hiragana	ら	hiragana letter ら	please select words with the letter ら	走ら	なくなっ	ちがい	始まっ	選び	流れ	女の子
hiragana	ら	hiragana letter ら	please select words with the letter ら	分から	罰せ	会い	借り	迷っ	寒い	いき
hiragana	ら	hiragana letter ら	please select words with the letter ら	縛ら	替え	立て	終え	ほしい	やろう	起こる
hiragana	ら	hiragana letter ら	please select words with the letter ら	やら	うわさ	いか	よさ	生きる	ささげ	支え
hiragana	ら	hiragana letter ら	please select words with the letter ら	あきらめ	訪れ	起こり	たっぷり	降る	いっ	生き
hiragana	ら	hiragana letter ら	please select words with the letter ら	暮らし	読ん	預かっ	増し	借り	うなずい	つない
hiragana	ら	hiragana letter ら	please select words with the letter ら	通ら	くつろい	嘘つき	よい	愛し	立つ	手伝わ
hiragana	ら	hiragana letter ら	please select words with the letter ら	いらっしゃい	下ろし	入り	襲わ	支え	晴れる	上手い
hiragana	ら	hiragana letter ら	please select words with the letter ら	素晴らしい	取る	勧め	直し	ちょうだい	しよう	つけ
hiragana	つ	hiragana letter つ	please select words with the letter つ	立つ	よろしい	現れ	聞こえ	聴い	使え	縛ら
hiragana	つ	hiragana letter つ	please select words with the letter つ	傷つけ	飲ま	金持ち	こたえ	みなさ	恐れ	済ん
hiragana	つ	hiragana letter つ	please select words with the letter つ	くっつい	あなた	見る	飼っ	閉じ	行ける	失っ
hiragana	つ	hiragana letter つ	please select words with the letter つ	くつろい	曲がり	渇い	たたい	速い	考え	急い
hiragana	つ	hiragana letter つ	please select words with the letter つ	つく	間に合っ	始まる	集まっ	開ける	いわ	危ない
hiragana	つ	hiragana letter つ	please select words with the letter つ	見つけ	習い	去っ	しよう	気づか	狭い	よろしく
hiragana	つ	hiragana letter つ	please select words with the letter つ	見つかっ	欲しい	苦しん	襲っ	話せ	抑える	読め
hiragana	つ	hiragana letter つ	please select words with the letter つ	見つける	ほっと	開い	去っ	述べ	返し	使える
hiragana	つ	hiragana letter つ	please select words with the letter つ	勝つ	眠れ	開け	切っ	回し	変わる	任せ
hiragana	つ	hiragana letter つ	please select words with the letter つ	見つから	示し	返せ	し	たっぷり	襲わ	作り
hiragana	つ	hiragana letter つ	please select words with the letter つ	つまら	鳴っ	話す	認める	大き	き	切れる
hiragana	つ	hiragana letter つ	please select words with the letter つ	つない	震え	あなた	たっぷり	襲っ	放っ	越え
hiragana	つ	hiragana letter つ	please select words with the letter つ	つい	受ける	鳴っ	合っ	進ん	遠い	片付け
hiragana	つ	hiragana letter つ	please select words with the letter つ	つき	話そう	わかっ	よし	かかる	あきあき	終わり
hiragana	つ	hiragana letter つ	please select words with the letter つ	つかまえ	踊り	見る	申し訳	驚い	どう	撮っ
hiragana	つ	hiragana letter つ	please select words with the letter つ	つか	歌い	し	ぴったり	存じ	勤め	殺さ
hiragana	つ	hiragana letter つ	please select words with the letter つ	いつ	置き	ある	いただき	失っ	戦っ	おかしい
hiragana	つ	hiragana letter つ	please select words with the letter つ	つかん	使わ	違い	死な	なかっ	賢い	変わる
hiragana	つ	hiragana letter つ	please select words with the letter つ	つかまっ	見る	開い	降り	出し	かい	開ける
hiragana	つ	hiragana letter つ	please select words with the letter つ	やつ	変わら	だまさ	締め	辞め	揺れ	合わ
hiragana	つ	hiragana letter つ	please select words with the letter つ	嘘つき	切り	歩き	幸せ	支払っ	学ば	たずね
hiragana	つ	hiragana letter つ	please select words with the letter つ	役立つ	かなっ	許さ	異なる	わから	果たす	迎え
hiragana	つ	hiragana letter つ	please select words with the letter つ	みつけ	作っ	うそ	ほっと	歌い	やろう	乗れ
hiragana	つ	hiragana letter つ	please select words with the letter つ	持つ	達し	抑え	よせ	やっ	狭い	破っ
hiragana	つ	hiragana letter つ	please select words with the letter つ	待つ	わくわく	かまい	捕まっ	多かっ	いっ	近く
hiragana	つ	hiragana letter つ	please select words with the letter つ	つながり	話そう	働か	すわっ	耐え	降ろし	捕まえ
hiragana	つ	hiragana letter つ	please select words with the letter つ	きつい	遭っ	働か	話す	どう	載っ	起こっ
hiragana	つ	hiragana letter つ	please select words with the letter つ	つけ	たたい	返せ	切っ	よい	履い	伸び
hiragana	つ	hiragana letter つ	please select words with the letter つ	つもり	やさしい	やっ	広げ	行く	掛かっ	優れ
hiragana	つ	hiragana letter つ	please select words with the letter つ	ぶつかっ	歩い	替え	笑う	足り	うぬぼれ	眠っ
hiragana	つ	hiragana letter つ	please select words with the letter つ	つける	疲れ	乗る	解ら	贈っ	難しかっ	会おう
hiragana	つ	hiragana letter つ	please select words with the letter つ	つくし	いくら	広げ	閉じ	泣く	並ん	迷っ
hiragana	ん	hiragana letter ん	please select words with the letter ん	ほんと	ひい	走れる	知っ	嘘つき	限り	襲っ
hiragana	ん	hiragana letter ん	please select words with the letter ん	すん	金持ち	あけ	開い	で	高い	帰る
hiragana	ん	hiragana letter ん	please select words with the letter ん	富ん	横切っ	見つける	泣き	楽しみ	いらっしゃい	働き
hiragana	ん	hiragana letter ん	please select words with the letter ん	学ん	下ろし	疲れ	始まり	働く	支払っ	歌っ
hiragana	ん	hiragana letter ん	please select words with the letter ん	運ん	着い	眠れ	だめ	間違える	まとめ	務め
hiragana	ん	hiragana letter ん	please select words with the letter ん	苦しん	示し	持ち主	難しい	かける	衰え	おかしい
hiragana	ん	hiragana letter ん	please select words with the letter ん	沈ん	付い	くれ	助かり	良さ	痛み	戦っ
hiragana	ん	hiragana letter ん	please select words with the letter ん	読ん	かなわ	吸わ	だまさ	走る	高い	学ば
hiragana	ん	hiragana letter ん	please select words with the letter ん	並ん	痛い	歩か	変え	害し	尽くし	揺れ
hiragana	ん	hiragana letter ん	please select words with the letter ん	盗ん	作っ	異なっ	使わ	届き	間違える	気持ち
hiragana	ん	hiragana letter ん	please select words with the letter ん	住ん	働く	がっかり	かかり	違っ	過ごす	払っ
hiragana	ん	hiragana letter ん	please select words with the letter ん	ごめん	切り	避け	申し訳	くれる	減っ	行け
hiragana	ん	hiragana letter ん	please select words with the letter ん	呼ん	話そう	愛し	支払っ	作ら	ひどい	始まっ
hiragana	ん	hiragana letter ん	please select words with the letter ん	うんざり	かなっ	頼っ	抜い	もっとも	焼い	洗い
hiragana	ん	hiragana letter ん	please select words with the letter ん	がまん	低い	こたえ	なっ	汚い	呼び	増し
hiragana	ん	hiragana letter ん	please select words with the letter ん	刻ん	基づい	死に	買え	出し	始まる	弾く
hiragana	ん	hiragana letter ん	please select words with the letter ん	包ん	幸せ	なくなり	くる	裏切っ	昇っ	読ま
hiragana	ん	hiragana letter ん	please select words with the letter ん	混ん	無い	困っ	こい	うわさ	食べ	素晴らしかっ
hiragana	ん	hiragana letter ん	please select words with the letter ん	休ん	別れ	多かっ	助かり	伝わっ	輝い	寒かっ
hiragana	ん	hiragana letter ん	please select words with the letter ん	叫ん	接し	ここ	走ら	開け	捜し	害し
hiragana	ん	hiragana letter ん	please select words with the letter ん	楽しん	勧め	慣れる	倒れ	務め	備え	治っ
hiragana	ん	hiragana letter ん	please select words with the letter ん	つかん	届き	切れ	刈っ	かい	流行っ	描い
hiragana	ん	hiragana letter ん	please select words with the letter ん	望ん	許さ	当て	やろう	守っ	尽くし	恐い
hiragana	ん	hiragana letter ん	please select words with the letter ん	微笑ん	止め	建て	取っ	認め	作り	笑う
hiragana	ん	hiragana letter ん	please select words with the letter ん	悩ん	扱わ	起こり	許し	過ごす	とこ	脱し
hiragana	ん	hiragana letter ん	please select words with the letter ん	選ん	ここ	感じる	弾き	放し	治る	ふけっ
hiragana	ん	hiragana letter ん	please select words with the letter ん	悲しん	長生き	する	屈し	漏れ	泊まり	乗ら
hiragana	ん	hiragana letter ん	please select words with the letter ん	飲ん	働か	たっぷり	どう	流行っ	取っ	越え
hiragana	ん	hiragana letter ん	please select words with the letter ん	ごらん	遭っ	短い	たたい	とれ	述べ	笑わ
hiragana	ん	hiragana letter ん	please select words with the letter ん	死ん	空い	あう	あたる	もらえ	食べ	いる
hiragana	ん	hiragana letter ん	please select words with the letter ん	飛ん	かゆい	祝い	だめ	上がり	尽くし	起こる
hiragana	ん	hiragana letter ん	please select words with the letter ん	喜ん	うわさ	蹴っ	答え	祝い	座っ	越え
hiragana	ん	hiragana letter ん	please select words with the letter ん	もん	合っ	学ば	従う	来れ	生まれ	やめよう
hiragana	ん	hiragana letter ん	please select words with the letter ん	結ん	明るい	減っ	走る	放っ	渡し	要り
hiragana	ん	hiragana letter ん	please select words with the letter ん	浮かん	泊め	つかまっ	浴び	買える	暮れ	欠け
hiragana	ん	hiragana letter ん	please select words with the letter ん	遊ん	許さ	習い	戻っ	扱い	かかっ	扱っ
hiragana	ん	hiragana letter ん	please select words with the letter ん	進ん	張っ	泣き	学ば	開き	遅い	続け
hiragana	ん	hiragana letter ん	please select words with the letter ん	分かん	あなた	起こり	みなし	探し	晴れる	話せ
hiragana	ん	hiragana letter ん	please select words with the letter ん	済ん	尋ね	異なる	起こし	やめ	聴き	越し
hiragana	ん	hiragana letter ん	please select words with the letter ん	頼ん	手伝う	横切っ	話す	当て	戻し	間に合わ
hiragana	ん	hiragana letter ん	please select words with the letter ん	生ん	かなっ	こと	泣き	育て	眠い	迷っ
hiragana	ろ	hiragana letter ろ	please select words with the letter ろ	しろ	悪かっ	あっ	いる	わから	売れ	笑い
hiragana	ろ	hiragana letter ろ	please select words with the letter ろ	やろう	会っ	開い	黙っ	会える	違う	動き
hiragana	ろ	hiragana letter ろ	please select words with the letter ろ	よろしく	あげ	見つから	知り	広がっ	当たる	合わ
hiragana	ろ	hiragana letter ろ	please select words with the letter ろ	ころ	腐っ	あふれ	脱ぎ	美味しい	かかっ	待ち遠しい
hiragana	ろ	hiragana letter ろ	please select words with the letter ろ	くつろい	ご覧	生ん	撮っ	変わる	言う	起きる
hiragana	ろ	hiragana letter ろ	please select words with the letter ろ	下ろし	生え	取れ	つくし	解く	いれ	青い
hiragana	ろ	hiragana letter ろ	please select words with the letter ろ	おもしろい	死な	並べ	殴っ	初めて	ばか	恥じ
hiragana	ろ	hiragana letter ろ	please select words with the letter ろ	やめろ	驚き	解ら	狂っ	従う	とり	下っ
hiragana	ろ	hiragana letter ろ	please select words with the letter ろ	降ろし	運ば	習い	うっとり	富ん	諦め	救っ
hiragana	ろ	hiragana letter ろ	please select words with the letter ろ	ところ	ため	建て	叫ん	いただけ	よこし	訪れる
hiragana	ろ	hiragana letter ろ	please select words with the letter ろ	よろしい	震え	あなた	あきらめ	そっくり	気づか	泳げ
hiragana	み	hiragana letter み	please select words with the letter み	みつけ	会っ	すい	ハマっ	外し	分かれ	洗い
hiragana	み	hiragana letter み	please select words with the letter み	みなさ	そっくり	つい	困る	感じ	分から	流行っ
hiragana	み	hiragana letter み	please select words with the letter み	好み	かなっ	難し	届き	刈っ	もたらす	救っ
hiragana	み	hiragana letter み	please select words with the letter み	頼み	知っ	見つける	限る	いただけ	開き	仲良し
hiragana	み	hiragana letter み	please select words with the letter み	楽しみ	あげよう	行く	くっつい	泣か	作ら	言わ
hiragana	み	hiragana letter み	please select words with the letter み	済み	受ける	困っ	そっくり	恐れ	履い	飽き
hiragana	み	hiragana letter み	please select words with the letter み	休み	尋ね	いか	眠り	ころ	でき	深い
hiragana	み	hiragana letter み	please select words with the letter み	みなし	無かっ	控え	もたらし	幸い	いわ	いれ
hiragana	み	hiragana letter み	please select words with the letter み	住み	軽い	よかっ	切っ	立ち	くれ	合う
hiragana	み	hiragana letter み	please select words with the letter み	読み	学ぶ	欲しい	切っ	恵まれ	かかっ	働き
hiragana	み	hiragana letter み	please select words with the letter み	飲み	長生き	腐っ	うまい	美味しい	払わ	降っ
hiragana	み	hiragana letter み	please select words with the letter み	痛み	あなた	叫ん	及ぼし	迫っ	諦め	曲がっ
hiragana	み	hiragana letter み	please select words with the letter み	み	無くし	恐れ	言っ	寒かっ	浮かん	守ら
hiragana	み	hiragana letter み	please select words with the letter み	試み	咲い	話せ	あきあき	汚れ	合い	面し
hiragana	わ	hiragana letter わ	please select words with the letter わ	おおわ	信じる	うなずい	取れ	磨い	上手い	泳げ
hiragana	わ	hiragana letter わ	please select words with the letter わ	変わっ	かまい	困っ	いか	行か	聴い	好み
hiragana	わ	hiragana letter わ	please select words with the letter わ	かまわ	求める	つもり	誓っ	脱い	浮かん	使っ
hiragana	わ	hiragana letter わ	please select words with the letter わ	うわさ	食べよう	贈っ	曇っ	帰ら	欠け	危ない
hiragana	わ	hiragana letter わ	please select words with the letter わ	扱わ	捕まっ	生え	間に合う	富ん	もたらし	うなずい
hiragana	わ	hiragana letter わ	please select words with the letter わ	終わっ	難し	がっかり	切れる	離れ	まとめ	泊まっ
hiragana	わ	hiragana letter わ	please select words with the letter わ	報わ	割っ	限る	富ん	辞め	殺さ	知る
hiragana	わ	hiragana letter わ	please select words with the letter わ	わけ	歌う	遅い	着く	降ろし	渡っ	女の子
hiragana	わ	hiragana letter わ	please select words with the letter わ	変わり	放っ	書け	悪い	ばかげ	楽しい	通し
hiragana	わ	hiragana letter わ	please select words with the letter わ	伝わっ	ご覧	返せ	出し	とり	ありがとう	選び
hiragana	わ	hiragana letter わ	please select words with the letter わ	かなわ	つかまえ	通じ	でき	そっくり	譲っ	下し
hiragana	わ	hiragana letter わ	please select words with the letter わ	払わ	たたい	吸う	別れ	借り	優しい	痩せ
hiragana	わ	hiragana letter わ	please select words with the letter わ	嫌わ	休ん	従っ	襲っ	笑い	書き	混ぜ
hiragana	わ	hiragana letter わ	please select words with the letter わ	わから	明るい	歌い	役立ち	吸い	難しい	幸い
hiragana	わ	hiragana letter わ	please select words with the letter わ	終わる	付い	罰せ	なり	起こす	まいり	弱い
hiragana	わ	hiragana letter わ	please select words with the letter わ	横たわっ	ちょうだい	話さ	助ける	書く	気持ち	泳ぐ
hiragana	わ	hiragana letter わ	please select words with the letter わ	変わる	招い	出し	困る	唱え	努め	作り
hiragana	わ	hiragana letter わ	please select words with the letter わ	言わ	求める	切れ	参り	恵まれ	語っ	払い
hiragana	わ	hiragana letter わ	please select words with the letter わ	吸わ	ころ	洗っ	死な	脱い	催さ	分かる
hiragana	わ	hiragana letter わ	please select words with the letter わ	会わ	熟し	くれる	減っ	まちがっ	上がっ	含ま
hiragana	わ	hiragana letter わ	please select words with the letter わ	疑わしい	歌い	暑い	信じる	連れ	怒る	生む
hiragana	わ	hiragana letter わ	please select words with the letter わ	わくわく	はっきり	走れ	いつ	いう	入っ	生まれ
hiragana	わ	hiragana letter わ	please select words with the letter わ	すわっ	使い	浮かん	おめでとう	とら	手伝い	ごらん
hiragana	わ	hiragana letter わ	please select words with the letter わ	負わ	受かっ	登り	控え	広い	費やし	泣い
hiragana	わ	hiragana letter わ	please select words with the letter わ	合わ	まま	慣れる	聞こえる	来れ	選ん	言う
hiragana	わ	hiragana letter わ	please select words with the letter わ	わかる	置き	あう	踊っ	磨い	行う	きか
hiragana	わ	hiragana letter わ	please select words with the letter わ	かわいい	はっきり	腐っ	どの	ぴったり	走っ	かけ
hiragana	わ	hiragana letter わ	please select words with the letter わ	笑わ	歩い	美しかっ	耐え	語っ	汚れ	続い
hiragana	わ	hiragana letter わ	please select words with the letter わ	変わら	蹴っ	悪かっ	向かっ	育っ	喜ん	見つから
hiragana	わ	hiragana letter わ	please select words with the letter わ	いわ	責め	切れる	恥ずかしい	買える	聴き	よろしく
hiragana	わ	hiragana letter わ	please select words with the letter わ	終わり	こと	終え	食べ物	超え	起こし	優しい
hiragana	わ	hiragana letter わ	please select words with the letter わ	使わ	役立ち	流行っ	鳴らし	存じ	訪ね	おいしい
hiragana	わ	hiragana letter わ	please select words with the letter わ	合わせ	震え	避け	つけ	学ば	分から	ふけっ
hiragana	わ	hiragana letter わ	please select words with the letter わ	奪わ	認める	腐っ	入る	始まり	受かっ	難しかっ
hiragana	わ	hiragana letter わ	please select words with the letter わ	覆わ	働か	現れ	建て	限り	踊っ	撮っ
hiragana	わ	hiragana letter わ	please select words with the letter わ	買わ	飲ま	愛さ	折っ	驚い	間違っ	死ん
hiragana	わ	hiragana letter わ	please select words with the letter わ	食わ	つかまえ	認める	盗ま	だまさ	進ん	たまら
hiragana	わ	hiragana letter わ	please select words with the letter わ	わかっ	手渡し	蹴っ	進む	怒る	属し	待た
hiragana	わ	hiragana letter わ	please select words with the letter わ	思わ	尋ね	行く	ない	支払っ	せい	越え
hiragana	わ	hiragana letter わ	please select words with the letter わ	従わ	遅れる	ござい	びっくり	働き	まいり	諦め
hiragana	わ	hiragana letter わ	please select words with the letter わ	襲わ	かゆい	入り	泊まっ	払っ	行う	かかる
hiragana	わ	hiragana letter わ	please select words with the letter わ	構わ	訪れ	現れ	なくなっ	行ける	壊し	重い
hiragana	わ	hiragana letter わ	please select words with the letter わ	終わら	仲直り	すれ	熱い	愛し	もたらす	おっしゃっ
hiragana	わ	hiragana letter わ	please select words with the letter わ	代わっ	すばらしい	あげよう	会う	捕まっ	つかまっ	混ん
hiragana	わ	hiragana letter わ	please select words with the letter わ	手伝わ	乗っ	乗る	きれい	やめ	諦め	怠け者
hiragana	わ	hiragana letter わ	please select words with the letter わ	間に合わ	吸う	飲む	悲しい	進む	失っ	脱し
hiragana	わ	hiragana letter わ	please select words with the letter わ	わかり	預かっ	酔っ	なかっ	従う	おっしゃっ	努め
hiragana	わ	hiragana letter わ	please select words with the letter わ	行わ	遭っ	落とし	熟し	かかり	笑う	従う
hiragana	け	hiragana letter け	please select words with the letter け	いけ	作っ	かなわ	間違える	変わっ	務め	殺さ
hiragana	け	hiragana letter け	please select words with the letter け	頂け	拾っ	つか	取れ	少し	素晴らしかっ	撮っ
hiragana	け	hiragana letter け	please select words with the letter け	傷つけ	立っ	明るい	みなさ	咲い	富ん	難しかっ
hiragana	け	hiragana letter け	please select words with the letter け	抜け	あげよう	会う	無くし	稼い	暮らし	どちら
hiragana	け	hiragana letter け	please select words with the letter け	ふけっ	歩い	ご覧	ある	聴い	やめ	会え
hiragana	け	hiragana letter け	please select words with the letter け	わけ	求める	つもり	現れ	死ぬ	入っ	ください
hiragana	け	hiragana letter け	please select words with the letter け	片づけ	切り	基づい	示し	いらいら	回っ	いわ
hiragana	け	hiragana letter け	please select words with the letter け	怠け者	撃っ	会う	軽い	現れ	限ら	払っ
hiragana	け	hiragana letter け	please select words with the letter け	かける	渇い	ちょうだい	捜し	選ば	育っ	会える
hiragana	け	hiragana letter け	please select words with the letter け	見つけ	笑っ	回っ	支え	泊まっ	深い	出来る
hiragana	け	hiragana letter け	please select words with the letter け	名づけ	かかり	難しかっ	嘘つき	買わ	結べ	取ら
hiragana	け	hiragana letter け	please select words with the letter け	名付け	割っ	いか	塗っ	苦しん	述べ	間違っ
hiragana	け	hiragana letter け	please select words with the letter け	見つける	眠れ	着い	壊し	恐い	ほめ	信じ
hiragana	け	hiragana letter け	please select words with the letter け	助ける	学ぶ	手伝う	生じ	つかまっ	近く	す
hiragana	け	hiragana letter け	please select words with the letter け	傾け	買え	まま	さ	通る	好み	弱い
hiragana	け	hiragana letter け	please select words with the letter け	歩け	住み	長生き	戻り	ござい	考える	難しかっ
hiragana	け	hiragana letter け	please select words with the letter け	行ける	拾っ	おめでとう	持ち主	行き	取ら	学び
hiragana	け	hiragana letter け	please select words with the letter け	避け	合っ	挙げ	暑い	稼い	辞め	せい
hiragana	け	hiragana letter け	please select words with the letter け	かけ	やさしい	恐れる	たたい	いか	生きる	壊れ
hiragana	け	hiragana letter け	please select words with the letter け	片付け	曲がり	働か	うれしい	多かっ	降っ	あきあき
hiragana	け	hiragana letter け	please select words with the letter け	付け	聞か	従っ	休む	稼い	混ん	渡し
hiragana	け	hiragana letter け	please select words with the letter け	焼け	なくし	なっ	くる	話さ	驚か	引っ越し
hiragana	け	hiragana letter け	please select words with the letter け	弾け	歩き	連れ	難しかっ	取れ	まちがっ	楽しみ
hiragana	け	hiragana letter け	please select words with the letter け	開ける	横切っ	戻り	終わら	泊まっ	からかっ	投げ
hiragana	け	hiragana letter け	please select words with the letter け	聞け	使わ	歌い	聞く	負わ	認め	貸し
hiragana	け	hiragana letter け	please select words with the letter け	分け	低い	下がっ	出さ	古い	乗ら	使う
hiragana	け	hiragana letter け	please select words with the letter け	いただけ	低い	付い	通じ	待たさ	よかっ	止まっ
hiragana	け	hiragana letter け	please select words with the letter け	行け	学ぶ	会っ	うれしかっ	飲む	放し	語っ
hiragana	け	hiragana letter け	please select words with the letter け	続け	壊れ	弾き	忘れる	守っ	行わ	使う
hiragana	け	hiragana letter け	please select words with the letter け	掛け	曲がり	割っ	よかっ	難しかっ	上がっ	帰る
hiragana	け	hiragana letter け	please select words with the letter け	受け	暑い	吸わ	嫌っ	晴れ	買っ	過ごし
hiragana	け	hiragana letter け	please select words with the letter け	負け	うわさ	出せ	まま	眠り	速い	知ら
hiragana	け	hiragana letter け	please select words with the letter け	向け	変え	わかっ	及ば	笑っ	通る	遠い
hiragana	け	hiragana letter け	please select words with the letter け	解け	すばらしい	どきどき	やろう	泣く	脱ぎ	やめ
hiragana	け	hiragana letter け	please select words with the letter け	預け	なっ	信じる	多かっ	努め	上手い	喜ぶ
hiragana	け	hiragana letter け	please select words with the letter け	みつけ	頼っ	難しかっ	壊し	存じ	とら	消え
hiragana	け	hiragana letter け	please select words with the letter け	あけ	かかり	泣く	まちがっ	しまっ	すん	輝い
hiragana	け	hiragana letter け	please select words with the letter け	欠け	つかまえ	踊り	祝い	進む	やめ	来れ
hiragana	け	hiragana letter け	please select words with the letter け	つけ	すばらしい	飼っ	死ぬ	よい	さ	放し
hiragana	け	hiragana letter け	please select words with the letter け	助け	歩か	祝っ	長い	合わせ	間に合っ	辞め
hiragana	け	hiragana letter け	please select words with the letter け	開け	歩い	異なっ	住み	行き	害し	訴え
hiragana	け	hiragana letter け	please select words with the letter け	つける	着き	悪かっ	甘い	でき	数え	満たし
hiragana	け	hiragana letter け	please select words with the letter け	受ける	長生き	振っ	害し	迫っ	告げ	払え
hiragana	け	hiragana letter け	please select words with the letter け	書け	楽し	暑い	好む	従う	いき	持ち
hiragana	め	hiragana letter め	please select words with the letter め	決め	異なっ	上げ	吸わ	で	渡っ	通る
hiragana	め	hiragana letter め	please select words with the letter め	初めて	くつろい	困る	落とさ	幸い	加え	上手い
hiragana	め	hiragana letter め	please select words with the letter め	始めよう	長生き	すれ	間違える	行ける	漏れ	果たす
hiragana	め	hiragana letter め	please select words with the letter め	務め	焼け	どきどき	感じる	考える	始まっ	遅れ
hiragana	め	hiragana letter め	please select words with the letter め	ため	かから	死ぬ	去っ	少ない	学ん	覆っ
hiragana	め	hiragana letter め	please select words with the letter め	やめ	立っ	汚い	浮かべ	書き	それ	どちら
hiragana	め	hiragana letter め	please select words with the letter め	青ざめ	招い	結ん	つい	限り	覚まし	破っ
hiragana	め	hiragana letter め	please select words with the letter め	だめ	きつい	好む	襲っ	高い	返し	遅い
hiragana	め	hiragana letter め	please select words with the letter め	覚め	隠し	扱い	欲しい	進ん	行こう	気づか
hiragana	め	hiragana letter め	please select words with the letter め	おめでとう	訪れ	限る	限ら	つけ	謝っ	居る
hiragana	め	hiragana letter め	please select words with the letter め	求める	鳴っ	使い	咲い	振っ	すい	なり
hiragana	め	hiragana letter め	please select words with the letter め	読め	生え	ちょうだい	ちがい	壊し	浴び	脱し
hiragana	め	hiragana letter め	please select words with the letter め	責め	ぶつかっ	着い	解ら	現れ	答え	支え
hiragana	め	hiragana letter め	please select words with the letter め	収め	尋ね	終え	はっきり	かかり	優れ	守ら
hiragana	め	hiragana letter め	please select words with the letter め	辞め	祝っ	いる	広い	いう	作り	殺さ
hiragana	め	hiragana letter め	please select words with the letter め	始め	腐っ	熟し	増し	やつ	言い	取っ
hiragana	め	hiragana letter め	please select words with the letter め	ごめん	長い	進ん	きれい	弾い	告げ	寒かっ
hiragana	め	hiragana letter め	please select words with the letter め	諦め	すい	でき	立ち	育っ	行っ	読み
hiragana	め	hiragana letter め	please select words with the letter め	求め	金持ち	なくし	厳しい	洗っ	開い	負わ
hiragana	め	hiragana letter め	please select words with the letter め	やめろ	置き	大き	しよう	暮らし	うなずい	行わ
hiragana	め	hiragana letter め	please select words with the letter め	進め	隠し	ころ	見つけ	間に合っ	踊っ	美味しい
hiragana	め	hiragana letter め	please select words with the letter め	確かめ	盗ん	小さい	怒る	しよう	合う	浮かん
hiragana	め	hiragana letter め	please select words with the letter め	認め	接し	変え	直し	支え	撮っ	怒っ
hiragana	め	hiragana letter め	please select words with the letter め	まとめ	抑え	そっくり	言い	喜ん	なら	待っ
hiragana	め	hiragana letter め	please select words with the letter め	ほめ	いくら	厳しい	住まい	富ん	通る	振る舞っ
hiragana	め	hiragana letter め	please select words with the letter め	認める	はっきり	捕まっ	やら	超え	破っ	驚か
hiragana	め	hiragana letter め	please select words with the letter め	泊め	働か	増し	混ん	弾い	晴れ	白い
hiragana	め	hiragana letter め	please select words with the letter め	詰め	寄っ	うれしかっ	下がっ	待とう	放し	泊まっ
hiragana	め	hiragana letter め	please select words with the letter め	眺め	長い	なり	履い	述べ	治る	見つかっ
hiragana	め	hiragana letter め	please select words with the letter め	痛め	困っ	そっくり	ぴったり	行く	浴び	分から
hiragana	め	hiragana letter め	please select words with the letter め	飲め	ほしい	ほっと	高い	上がっ	取ら	強い
hiragana	め	hiragana letter め	please select words with the letter め	やめよう	歩い	立ち	恵まれ	書け	助け	折れ
hiragana	め	hiragana letter め	please select words with the letter め	勧め	示し	拾っ	怒ら	持ち主	つかまっ	難しい
hiragana	め	hiragana letter め	please select words with the letter め	集め	許さ	長い	行き	いっ	死な	笑い
hiragana	め	hiragana letter め	please select words with the letter め	締め	話す	乗れ	開か	述べ	さ	買わ
hiragana	め	hiragana letter め	please select words with the letter め	やめる	みなし	恥ずかしい	奪わ	鳴らし	恋しい	仲良し
hiragana	め	hiragana letter め	please select words with the letter め	閉め	要る	驚い	従う	いく	足り	訳し
hiragana	め	hiragana letter め	please select words with the letter め	貯め	切れ	どの	建て	もたらし	おおわ	遅い
hiragana	め	hiragana letter め	please select words with the letter め	読める	乗れ	飽き	かまわ	楽しかっ	消し	会い
hiragana	め	hiragana letter め	please select words with the letter め	あきらめ	出る	名づけ	行き	増し	ござい	渡し
hiragana	め	hiragana letter め	please select words with the letter め	努め	運ば	食べ物	結ん	休む	謝ら	どちら
hiragana	め	hiragana letter め	please select words with the letter め	止め	すばらしい	できる	うれしかっ	限る	さがし	たまら
hiragana	め	hiragana letter め	please select words with the letter め	勤め	恐れる	やら	持つ	放し	いる	盗ん
hiragana	じ	hiragana letter じ	please select words with the letter じ	閉じ	遭っ	ちがい	返し	笑い	どちら	とまっ
hiragana	じ	hiragana letter じ	please select words with the letter じ	生じ	過ぎ	ある	及ば	願い	生き	どちら
hiragana	じ	hiragana letter じ	please select words with the letter じ	信じる	きつい	ため	話せ	笑う	動く	ふけっ
hiragana	じ	hiragana letter じ	please select words with the letter じ	感じ	震え	切り	死に	がっかり	いっぱい	支払い
hiragana	じ	hiragana letter じ	please select words with the letter じ	存じ	うわさ	吸わ	従っ	違っ	まとめ	聴き
hiragana	じ	hiragana letter じ	please select words with the letter じ	禁じ	抑え	壊れ	構い	買える	笑い	迎え
hiragana	じ	hiragana letter じ	please select words with the letter じ	信じ	飲ま	知っ	熟し	嫌っ	欲しかっ	合わ
hiragana	じ	hiragana letter じ	please select words with the letter じ	恥じ	ありがたい	抑え	暖かい	つながり	訴え	まとめ
hiragana	じ	hiragana letter じ	please select words with the letter じ	命じ	出さ	聞く	手伝っ	賢い	払わ	訳し
hiragana	じ	hiragana letter じ	please select words with the letter じ	感じる	向かっ	恐れ	死ぬ	尽くし	伝わっ	起こる
hiragana	じ	hiragana letter じ	please select words with the letter じ	応じ	付い	放し	幸い	従う	示す	つくし
hiragana	じ	hiragana letter じ	please select words with the letter じ	通じ	取る	でき	控え	泣き	参り	ハマっ
hiragana	じ	hiragana letter じ	please select words with the letter じ	演じ	だまさ	及ぼし	取っ	見つから	振る舞っ	誘っ
hiragana	が	hiragana letter が	please select words with the letter が	上がっ	望む	笑っ	多かっ	隠れ	作ら	かぶっ
hiragana	が	hiragana letter が	please select words with the letter が	まちがっ	よろしい	ころ	受ける	預け	追っ	走れ
hiragana	が	hiragana letter が	please select words with the letter が	広がっ	汚い	すい	振っ	つき	示す	果たす
hiragana	が	hiragana letter が	please select words with the letter が	ありがとう	長い	汚い	限る	漏れ	遅れ	強い
hiragana	が	hiragana letter が	please select words with the letter が	召し上がり	すばらしい	たたい	代わっ	名づけ	どうぞ	片付け
hiragana	が	hiragana letter が	please select words with the letter が	つながり	よろしい	着き	貯め	やめ	混ぜ	泣い
hiragana	が	hiragana letter が	please select words with the letter が	ありがたい	なぜ	嘘つき	学ば	吸っ	弱い	通し
hiragana	が	hiragana letter が	please select words with the letter が	あがっ	うわさ	届き	まま	黙っ	越え	消し
hiragana	が	hiragana letter が	please select words with the letter が	曲がっ	よさ	及ぼし	治る	備え	行う	言う
hiragana	が	hiragana letter が	please select words with the letter が	さがし	振っ	亡くし	たて	感じ	もの	流し
hiragana	が	hiragana letter が	please select words with the letter が	上がり	ある	当て	壊れ	持つ	行っ	言え
hiragana	が	hiragana letter が	please select words with the letter が	いかが	取る	止まっ	ひく	壊し	あきあき	忙し
hiragana	が	hiragana letter が	please select words with the letter が	ねがい	覆わ	増し	奪っ	認め	申し	通し
hiragana	が	hiragana letter が	please select words with the letter が	ちがい	焼け	着い	降る	浴び	植え	かかっ
hiragana	が	hiragana letter が	please select words with the letter が	下がっ	悲しい	愛し	助かり	びっくり	帰り	頑張っ
hiragana	が	hiragana letter が	please select words with the letter が	がまん	よし	そっくり	もらえ	帰り	振る舞っ	続い
hiragana	が	hiragana letter が	please select words with the letter が	曲がり	動か	休む	盗ん	怒る	破っ	越え
hiragana	が	hiragana letter が	please select words with the letter が	がっかり	送る	なくし	覆わ	述べ	感じ	集まっ
hiragana	げ	hiragana letter げ	please select words with the letter げ	逃げ	切り	長生き	聞こえ	きれい	見つかっ	支払い
hiragana	げ	hiragana letter げ	please select words with the letter げ	あげ	替え	うそ	感じる	ござい	送り	よこし
hiragana	げ	hiragana letter げ	please select words with the letter げ	泳げる	壊れ	責め	待ち	買わ	務め	太っ
hiragana	げ	hiragana letter げ	please select words with the letter げ	投げ	過ぎ	罰せ	訪れ	役立ち	でき	上がり
hiragana	げ	hiragana letter げ	please select words with the letter げ	挙げ	疲れ	追っ	いただき	唱え	恋しい	亡くなり
hiragana	げ	hiragana letter げ	please select words with the letter げ	捧げ	見つけ	催さ	履い	泊まっ	かけ	起こす
hiragana	げ	hiragana letter げ	please select words with the letter げ	下げ	通じ	食べ	熱い	つない	耐え	寝る
hiragana	げ	hiragana letter げ	please select words with the letter げ	ささげ	遭っ	終え	確かめ	飲む	責め	動く
hiragana	げ	hiragana letter げ	please select words with the letter げ	あげる	嫌っ	広い	教え	当たる	弱い	脱い
hiragana	げ	hiragana letter げ	please select words with the letter げ	あげよう	歩い	かから	無い	贈っ	買える	消し
hiragana	げ	hiragana letter げ	please select words with the letter げ	ばかげ	きつい	やろう	現れ	違い	しよう	取れ
hiragana	げ	hiragana letter げ	please select words with the letter げ	広げ	よろしい	握っ	生まれる	欲しかっ	怠け者	手渡し
hiragana	げ	hiragana letter げ	please select words with the letter げ	泳げ	要る	よし	飲む	あふれ	増し	通る
hiragana	げ	hiragana letter げ	please select words with the letter げ	おかげ	望む	従っ	どれ	つけ	振る舞っ	動く
hiragana	げ	hiragana letter げ	please select words with the letter げ	上げ	帰っ	求め	止まっ	暮らし	勝ち	泊まり
hiragana	げ	hiragana letter げ	please select words with the letter げ	告げ	走ら	訪れ	開け	生きる	述べ	与える
hiragana	げ	hiragana letter げ	please select words with the letter げ	仕上げ	焼け	基づい	立つ	話さ	気づか	隠れ
hiragana	せ	hiragana letter せ	please select words with the letter せ	罰せ	変える	呼ん	開か	鋭い	重い	裏切っ
hiragana	せ	hiragana letter せ	please select words with the letter せ	乗せ	楽し	生きる	進ん	どれ	植え	行う
hiragana	せ	hiragana letter せ	please select words with the letter せ	痩せ	扱わ	異なっ	弾き	貯め	つか	する
hiragana	せ	hiragana letter せ	please select words with the letter せ	話せ	ほっと	熟し	乗れ	みなし	え	足り
hiragana	せ	hiragana letter せ	please select words with the letter せ	返せ	横たわっ	登り	速い	持ち主	解く	戦っ
hiragana	せ	hiragana letter せ	please select words with the letter せ	出せ	仲直り	長生き	望む	うっとり	破っ	呼ぶ
hiragana	せ	hiragana letter せ	please select words with the letter せ	せい	浴び	返し	知り	存じ	それ	売っ
hiragana	せ	hiragana letter せ	please select words with the letter せ	合わせ	過ぎ	当て	おか	勤め	臭い	つもり
hiragana	せ	hiragana letter せ	please select words with the letter せ	見せ	やつ	学ば	誘っ	教え	謝る	おめでとう
hiragana	せ	hiragana letter せ	please select words with the letter せ	幸せ	尋ね	捕まっ	恐れ	好む	嬉し	浴び
hiragana	せ	hiragana letter せ	please select words with the letter せ	よせ	置き	上げ	よかっ	回っ	過ごす	やれ
hiragana	せ	hiragana letter せ	please select words with the letter せ	任せ	割っ	し	亡くし	しろ	頼み	通っ
hiragana	せ	hiragana letter せ	please select words with the letter せ	話せる	ところ	捕まっ	解ら	行わ	学ん	結べ
hiragana	は	hiragana letter は	please select words with the letter は	はい	過ぎ	開い	甘い	従っ	叫ん	よこし
hiragana	は	hiragana letter は	please select words with the letter は	はず	渇い	塗っ	もたらし	ひく	楽しかっ	狂っ
hiragana	は	hiragana letter は	please select words with the letter は	はっきり	吸う	待たさ	選び	いる	出す	取っ
hiragana	ず	hiragana letter ず	please select words with the letter ず	はず	仕上げ	戻っ	弾き	飽き	なかっ	え
hiragana	ず	hiragana letter ず	please select words with the letter ず	うなずい	つもり	会っ	蹴っ	濡れ	働き	撮っ
hiragana	ず	hiragana letter ず	please select words with the letter ず	むずかしい	勧め	開か	贈っ	結べ	加え	通し
hiragana	ず	hiragana letter ず	please select words with the letter ず	恥ずかしい	歩か	悪かっ	害し	分から	遠い	強かっ
hiragana	ず	hiragana letter ず	please select words with the letter ず	たずね	使わ	暖かい	感じる	答え	謝っ	話せ
hiragana	ま	hiragana letter ま	please select words with the letter ま	住まい	異なっ	上げ	やら	いかが	貸し	読み
hiragana	ま	hiragana letter ま	please select words with the letter ま	うまい	焼け	無い	会う	解ら	悪かっ	がっかり
hiragana	ま	hiragana letter ま	please select words with the letter ま	かまわ	知っ	厳しい	耐え	乗せ	尽くさ	過ごし
hiragana	ま	hiragana letter ま	please select words with the letter ま	始まり	走れる	はっきり	なぜ	助かり	あたり	衰え
hiragana	ま	hiragana letter ま	please select words with the letter ま	生まれ	寄っ	訪れ	現れ	出る	賢い	聴き
hiragana	ま	hiragana letter ま	please select words with the letter ま	だまさ	基づい	破っ	素晴らしかっ	もたらす	当たる	載っ
hiragana	ま	hiragana letter ま	please select words with the letter ま	覚まし	震え	切れ	しゃべら	出さ	払っ	つない
hiragana	ま	hiragana letter ま	please select words with the letter ま	とまっ	変える	なくなっ	優れ	くっつい	誓っ	たずね
hiragana	ま	hiragana letter ま	please select words with the letter ま	含ま	ありがたい	会っ	どきどき	やっ	植え	やり
hiragana	ま	hiragana letter ま	please select words with the letter ま	閉まっ	横切っ	帰っ	異なる	言っ	降っ	つない
hiragana	ま	hiragana letter ま	please select words with the letter ま	読ま	扱わ	代わっ	聞か	で	曇っ	きれい
hiragana	ま	hiragana letter ま	please select words with the letter ま	たまら	買え	回っ	植え	思う	気づか	寝る
hiragana	ま	hiragana letter ま	please select words with the letter ま	止まっ	罰せ	着き	みなし	失っ	焼い	居る
hiragana	ま	hiragana letter ま	please select words with the letter ま	泊まり	望む	泣き	やつ	ない	え	動かし
hiragana	ま	hiragana letter ま	please select words with the letter ま	済ま	驚き	汚い	行ける	開か	古い	頼み
hiragana	ま	hiragana letter ま	please select words with the letter ま	包ま	行き	死ぬ	びっくり	笑い	近づい	汚れ
hiragana	ま	hiragana letter ま	please select words with the letter ま	決まっ	恐れる	手伝う	合っ	とれ	熟し	及ば
hiragana	ま	hiragana letter ま	please select words with the letter ま	集まっ	よせ	やろう	洗っ	買わ	働き	勝つ
hiragana	ま	hiragana letter ま	please select words with the letter ま	つまら	怒ら	扱い	立ち	育て	起こす	貸し
hiragana	ま	hiragana letter ま	please select words with the letter ま	好ま	できる	困っ	預かっ	ため	え	救っ
hiragana	ま	hiragana letter ま	please select words with the letter ま	飲ま	住み	踊り	弾き	切っ	聞く	おおわ
hiragana	ま	hiragana letter ま	please select words with the letter ま	広まっ	鳴っ	開け	握っ	速い	多かっ	亡くなっ
hiragana	ま	hiragana letter ま	please select words with the letter ま	おさまっ	取る	だめ	死ぬ	去っ	選ば	狭い
hiragana	ま	hiragana letter ま	please select words with the letter ま	始まる	短い	降る	贈っ	名付け	待て	驚く
hiragana	ま	hiragana letter ま	please select words with the letter ま	つかまえ	慣れる	責め	結ん	気づか	認め	それ
hiragana	ま	hiragana letter ま	please select words with the letter ま	始まっ	困っ	出せ	眠り	違っ	いい	作り
hiragana	ま	hiragana letter ま	please select words with the letter ま	集まり	学ぶ	会う	着き	代わっ	うっとり	よい
hiragana	ま	hiragana letter ま	please select words with the letter ま	がまん	知り合い	現れ	深い	ひく	起き	やれる
hiragana	ま	hiragana letter ま	please select words with the letter ま	しまっ	挙げ	ちょうだい	どうぞ	広い	言わ	書い
hiragana	ま	hiragana letter ま	please select words with the letter ま	まとめ	従わ	会う	流行っ	解く	書く	恥じ
hiragana	ま	hiragana letter ま	please select words with the letter ま	盗ま	食べ物	いく	待ち遠しい	数え	売っ	伝え
hiragana	ま	hiragana letter ま	please select words with the letter ま	捕まっ	返せ	習い	吸わ	休み	訴え	建て
hiragana	ま	hiragana letter ま	please select words with the letter ま	つかまっ	よろしい	返せ	起こし	耐え	好み	思わ
hiragana	ま	hiragana letter ま	please select words with the letter ま	囲ま	横切っ	会っ	鳴っ	帰っ	どうぞ	渡し
hiragana	ま	hiragana letter ま	please select words with the letter ま	まいり	要る	役立ち	美しかっ	どれ	いたし	起こる
hiragana	ま	hiragana letter ま	please select words with the letter ま	かまい	遭っ	罰せ	売っ	参り	聞く	よこし
hiragana	ま	hiragana letter ま	please select words with the letter ま	まちがっ	素晴らしい	挙げ	うっとり	多かっ	死ぬ	知ら
hiragana	ま	hiragana letter ま	please select words with the letter ま	悩まさ	開け	深い	ありがとう	新しい	尽くさ	解い
hiragana	ま	hiragana letter ま	please select words with the letter ま	生まれる	曲がり	立て	やろう	美しかっ	よい	与える
hiragana	ま	hiragana letter ま	please select words with the letter ま	泊まっ	仲直り	倒れ	責め	いただけ	捜し	やめる
hiragana	ま	hiragana letter ま	please select words with the letter ま	まま	歩い	限る	楽しみ	稼い	かける	いら
hiragana	ま	hiragana letter ま	please select words with the letter ま	捕まえ	立てる	どの	くる	知ら	入れる	名付け
hiragana	ま	hiragana letter ま	please select words with the letter ま	恵まれ	入る	立つ	良さ	与える	近づい	痛み
hiragana	む	hiragana letter む	please select words with the letter む	飲む	あげよう	走れる	振っ	間違える	行っ	殺し
hiragana	む	hiragana letter む	please select words with the letter む	読む	こたえ	感じる	せい	書け	入れ	待っ
hiragana	む	hiragana letter む	please select words with the letter む	生む	わかっ	素晴らしい	抑え	生え	行く	近く
hiragana	む	hiragana letter む	please select words with the letter む	好む	着い	あきらめ	限る	謝ら	通ら	いわ
hiragana	む	hiragana letter む	please select words with the letter む	休む	うそ	戻っ	願い	なかっ	支え	唱え
hiragana	む	hiragana letter む	please select words with the letter む	むずかしい	ここ	忙しい	みなし	破っ	変わる	訳し
hiragana	む	hiragana letter む	please select words with the letter む	進む	扱わ	みなさ	切れる	走れ	あり	手伝わ
hiragana	む	hiragana letter む	please select words with the letter む	痛む	すれ	乗れ	外し	いう	惚れ	存じ
hiragana	む	hiragana letter む	please select words with the letter む	望む	下ろし	思える	なくなっ	持ち主	でき	美味しい
hiragana	ご	hiragana letter ご	please select words with the letter ご	すごし	替え	分から	構い	覚まし	座っ	す
hiragana	ご	hiragana letter ご	please select words with the letter ご	ごめん	遭っ	無くし	長生き	向かっ	放し	誓っ
hiragana	ご	hiragana letter ご	please select words with the letter ご	ござい	大き	間違っ	遅い	言わ	うるさい	叱っ
hiragana	ご	hiragana letter ご	please select words with the letter ご	過ごす	震え	違う	黙っ	違っ	贈っ	とり
hiragana	ご	hiragana letter ご	please select words with the letter ご	ご覧	いくら	手伝う	うれしかっ	とこ	来れ	支払い
hiragana	ご	hiragana letter ご	please select words with the letter ご	すごい	訴え	嫌い	座っ	高かっ	泳げ	狂っ
hiragana	ご	hiragana letter ご	please select words with the letter ご	過ごし	求める	走れ	間に合わ	並べ	おっしゃっ	もたらす
hiragana	ご	hiragana letter ご	please select words with the letter ご	ごらん	届き	話す	あなた	払わ	つくし	悪い
hiragana	ざ	hiragana letter ざ	please select words with the letter ざ	ござい	受ける	見つける	恐れ	しよう	とこ	守っ
hiragana	ざ	hiragana letter ざ	please select words with the letter ざ	青ざめ	起こる	殺し	勤め	話せる	混ぜ	面白かっ
hiragana	ざ	hiragana letter ざ	please select words with the letter ざ	うんざり	止め	運ば	拾っ	及ば	欲しい	なかっ
hiragana	ち	hiragana letter ち	please select words with the letter ち	金持ち	眠れ	洗っ	あなた	飲む	深い	聞こえる
hiragana	ち	hiragana letter ち	please select words with the letter ち	まちがっ	うれしかっ	洗っ	大き	幸い	買わ	行う
hiragana	ち	hiragana letter ち	please select words with the letter ち	ちょうだい	眠れ	よせ	どの	唱え	行っ	入れ
hiragana	ち	hiragana letter ち	please select words with the letter ち	待ち	やさしい	無い	くれる	外し	殴っ	遊ん
hiragana	ち	hiragana letter ち	please select words with the letter ち	落ち	変わり	受ける	賢い	仲良し	上がっ	名付け
hiragana	ち	hiragana letter ち	please select words with the letter ち	役立ち	みなさ	悪かっ	登っ	忙しい	混ん	育て
hiragana	ち	hiragana letter ち	please select words with the letter ち	持ち主	放し	食べ	買わ	晴れ	働き	弾く
hiragana	ち	hiragana letter ち	please select words with the letter ち	満ち	まとめ	暮らし	とこ	おおわ	生き	足り
hiragana	ち	hiragana letter ち	please select words with the letter ち	待ち遠しい	話そう	嬉しい	幸い	熱い	探し	届い
hiragana	ち	hiragana letter ち	please select words with the letter ち	どちら	広まっ	認める	慣れる	笑っ	恵まれ	もらい
hiragana	ち	hiragana letter ち	please select words with the letter ち	勝ち	会う	どれ	ない	奪わ	汚れ	要り
hiragana	ち	hiragana letter ち	please select words with the letter ち	ちがい	呼ん	吹き	恋しい	要り	覆っ	美味し
hiragana	ち	hiragana letter ち	please select words with the letter ち	気持ち	会っ	立てる	去っ	小さい	寝る	始めよう
hiragana	ち	hiragana letter ち	please select words with the letter ち	立ち	できる	頼っ	うまい	混ん	かけ	恐い
hiragana	ち	hiragana letter ち	please select words with the letter ち	持ち	話す	やめる	きれい	うんざり	辛い	面白かっ
hiragana	て	hiragana letter て	please select words with the letter て	たて	無くし	返せ	踊り	降る	聞こえる	折れ
hiragana	て	hiragana letter て	please select words with the letter て	初めて	終え	着い	出せ	見る	うっとり	死ぬ
hiragana	て	hiragana letter て	please select words with the letter て	建て	焼け	受かっ	飲む	考える	言い	うんざり
hiragana	て	hiragana letter て	please select words with the letter て	当て	なっ	扱い	叫ん	聞こえる	伺い	屈し
hiragana	て	hiragana letter て	please select words with the letter て	立て	祝っ	長生き	挙げ	だめ	植え	治っ
hiragana	て	hiragana letter て	please select words with the letter て	捨て	安い	満ち	つかまえ	向け	越え	歌っ
hiragana	て	hiragana letter て	please select words with the letter て	立てる	禁じ	抑え	扱い	少し	行う	書く
hiragana	て	hiragana letter て	please select words with the letter て	全て	厳しい	やら	間違える	賢い	覚え	混ぜ
hiragana	て	hiragana letter て	please select words with the letter て	待て	ほっと	おめでとう	考える	放し	え	並べ
hiragana	て	hiragana letter て	please select words with the letter て	育て	切り	生じ	認める	賢い	片付け	向け
hiragana	ね	hiragana letter ね	please select words with the letter ね	ねがい	震え	死に	生え	開い	言い	思う
hiragana	ね	hiragana letter ね	please select words with the letter ね	たずね	立て	働か	名づけ	結ん	止まっ	言わ
hiragana	ね	hiragana letter ね	please select words with the letter ね	訪ね	きつい	返せ	よせ	行か	いたし	さらさ
hiragana	ね	hiragana letter ね	please select words with the letter ね	尋ね	たっぷり	怒る	間違っ	早起き	痛み	果たし
hiragana	ぎ	hiragana letter ぎ	please select words with the letter ぎ	過ぎ	ある	はっきり	行ける	足り	なれ	合い
hiragana	ぎ	hiragana letter ぎ	please select words with the letter ぎ	泳ぎ	帰っ	拾っ	運べ	休み	誓っ	取ら
hiragana	ぎ	hiragana letter ぎ	please select words with the letter ぎ	脱ぎ	ひい	蹴っ	異なる	直し	会え	いたし
hiragana	お	hiragana letter お	please select words with the letter お	おおわ	眠り	出せ	やっ	取れ	泳げ	言える
hiragana	お	hiragana letter お	please select words with the letter お	会おう	登り	つかまっ	払っ	結べ	作ら	太っ
hiragana	お	hiragana letter お	please select words with the letter お	おっしゃっ	よかっ	願い	買える	すん	ありがとう	通し
hiragana	お	hiragana letter お	please select words with the letter お	とおり	短い	変える	走れる	腐っ	恐い	続く
hiragana	お	hiragana letter お	please select words with the letter お	おめでとう	低い	なっ	分から	使え	遊ぼう	聞き
hiragana	お	hiragana letter お	please select words with the letter お	おか	着い	ぶつかっ	死に	どう	殺し	微笑ん
hiragana	お	hiragana letter お	please select words with the letter お	おもしろい	撃っ	食べよう	あう	申し訳	美しかっ	育っ
hiragana	お	hiragana letter お	please select words with the letter お	おさまっ	罰せ	盗ま	頼っ	欲しい	果たし	役立つ
hiragana	お	hiragana letter お	please select words with the letter お	おかげ	弾き	つき	借り	抜い	浴び	書け
hiragana	お	hiragana letter お	please select words with the letter お	おいしい	厳しい	明るい	弾き	襲わ	いれ	死な
hiragana	お	hiragana letter お	please select words with the letter お	おかしい	戻し	ちがい	壊し	唱え	話せる	戻る
hiragana	ぞ	hiragana letter ぞ	please select words with the letter ぞ	どうぞ	走れる	感じる	亡くし	言わ	起こる	告げ
hiragana	ぱ	hiragana letter ぱ	please select words with the letter ぱ	いっぱい	かから	変わり	泳げる	見つける	呼ん	下さい
hiragana	ば	hiragana letter ば	please select words with the letter ば	呼ば	とまっ	で	あふれ	いっぱい	死ん	含ま
hiragana	ば	hiragana letter ば	please select words with the letter ば	学ば	傷つけ	贈っ	やつ	言っ	高い	備え
hiragana	ば	hiragana letter ば	please select words with the letter ば	選ば	難し	はっきり	倒れ	片付け	かまわ	変わる
hiragana	ば	hiragana letter ば	please select words with the letter ば	ばかげ	吸う	通じ	熟し	忙しかっ	務め	来れ
hiragana	ば	hiragana letter ば	please select words with the letter ば	すばらしい	起こり	泊め	限る	やめ	勤め	混ぜ
hiragana	ば	hiragana letter ば	please select words with the letter ば	ばか	取り	頼っ	済ん	殺し	払い	はず
hiragana	ば	hiragana letter ば	please select words with the letter ば	及ば	上げ	なぜ	冷たい	つい	悲しい	まちがっ
hiragana	ば	hiragana letter ば	please select words with the letter ば	運ば	そっくり	つき	熟し	楽しみ	聞こえる	入れ
hiragana	ば	hiragana letter ば	please select words with the letter ば	伸ばし	うそ	入り	かかり	やめ	流行っ	つくし
hiragana	ひ	hiragana letter ひ	please select words with the letter ひ	ひき	横切っ	見る	行き	どうぞ	売ら	さらさ
hiragana	ひ	hiragana letter ひ	please select words with the letter ひ	ひい	拾っ	いっ	誘っ	助け	咲く	新しい
hiragana	ひ	hiragana letter ひ	please select words with the letter ひ	ひく	歩か	勧め	終わる	奪っ	悪い	頂け
hiragana	ひ	hiragana letter ひ	please select words with the letter ひ	ひどい	知っ	かなわ	別れ	少し	座っ	漏れ
hiragana	づ	hiragana letter づ	please select words with the letter づ	片づけ	付い	通じ	見る	おおわ	越し	来れ
hiragana	づ	hiragana letter づ	please select words with the letter づ	気づい	送る	変える	塗っ	減っ	どうぞ	聴き
hiragana	づ	hiragana letter づ	please select words with the letter づ	気づか	作っ	かまい	焼け	受かっ	外し	せい
hiragana	づ	hiragana letter づ	please select words with the letter づ	近づい	遅れる	あきらめ	賢い	起こす	結べ	屈し
hiragana	づ	hiragana letter づ	please select words with the letter づ	基づい	知り	広がっ	弱い	謝る	しゃべっ	磨き
hiragana	づ	hiragana letter づ	please select words with the letter づ	名づけ	話す	なり	歌う	笑わ	書け	手伝い
hiragana	び	hiragana letter び	please select words with the letter び	浴び	立っ	変わり	あけ	指し	優れ	尽くし
hiragana	び	hiragana letter び	please select words with the letter び	びっくり	上げ	欲しい	止まっ	怒る	辞め	作ら
hiragana	び	hiragana letter び	please select words with the letter び	遊び	確かめ	変わり	みなさ	祝い	速い	信じる
hiragana	び	hiragana letter び	please select words with the letter び	学び	確かめ	うわさ	痛め	つかん	寒い	ひどい
hiragana	び	hiragana letter び	please select words with the letter び	選び	なっ	冷たい	たっぷり	近く	笑わ	開き
hiragana	び	hiragana letter び	please select words with the letter び	伸び	すれ	呼ん	離れ	つない	いい	包ん
hiragana	び	hiragana letter び	please select words with the letter び	呼び	開け	買え	分け	奪わ	存じ	遅れ
hiragana	ぐ	hiragana letter ぐ	please select words with the letter ぐ	泳ぐ	吸う	当て	思わ	開き	殺し	きか
hiragana	ほ	hiragana letter ほ	please select words with the letter ほ	ほう	走り	もたらし	しよう	入れる	強かっ	狂っ
hiragana	ほ	hiragana letter ほ	please select words with the letter ほ	ほめ	ひい	認める	くつろい	間違える	悲しい	面白い
hiragana	ほ	hiragana letter ほ	please select words with the letter ほ	ほっと	限る	つき	好む	述べ	かける	変わる
hiragana	ほ	hiragana letter ほ	please select words with the letter ほ	ほしい	混ん	打っ	示す	当たる	申し	訪ね
hiragana	ほ	hiragana letter ほ	please select words with the letter ほ	ほんと	願っ	やつ	動く	迎え	選び	とっ
hiragana	ゃ	hiragana letter ゃ	please select words with the letter ゃ	しゃべっ	なぜ	出来る	襲わ	言い	去っ	当たる
hiragana	ゃ	hiragana letter ゃ	please select words with the letter ゃ	しゃべる	付い	捧げ	酔っ	呼び	し	黙っ
hiragana	ゃ	hiragana letter ゃ	please select words with the letter ゃ	おっしゃっ	取り	終え	熟し	うまい	強かっ	惚れ
hiragana	ゃ	hiragana letter ゃ	please select words with the letter ゃ	いらっしゃい	すばらしい	ありがたい	入り	掛け	集まっ	痩せ
hiragana	ゃ	hiragana letter ゃ	please select words with the letter ゃ	しゃべら	仕上げ	違い	さ	泳ぎ	言う	弱い
hiragana	ぬ	hiragana letter ぬ	please select words with the letter ぬ	うぬぼれ	止め	立て	異なっ	見つける	乗る	よし
hiragana	ぬ	hiragana letter ぬ	please select words with the letter ぬ	死ぬ	消え	つながり	高い	どう	いい	譲っ
hiragana	ぶ	hiragana letter ぶ	please select words with the letter ぶ	喜ぶ	泳ぎ	聞こえる	属し	鋭い	手伝わ	変わる
hiragana	ぶ	hiragana letter ぶ	please select words with the letter ぶ	学ぶ	無い	確かめ	開け	責め	贈っ	買わ
hiragana	ぶ	hiragana letter ぶ	please select words with the letter ぶ	かぶっ	撃っ	従わ	待たさ	進め	鋭い	弾く
hiragana	ぶ	hiragana letter ぶ	please select words with the letter ぶ	ぶつかっ	立っ	出る	鋭い	かかっ	収め	歌っ
hiragana	ぶ	hiragana letter ぶ	please select words with the letter ぶ	呼ぶ	替え	習い	あう	泊め	すれ	渡る
hiragana	に	hiragana letter に	please select words with the letter に	間に合う	無くし	抑え	耐え	教え	かかる	おめでとう
hiragana	に	hiragana letter に	please select words with the letter に	間に合わ	罰せ	許さ	変わっ	磨い	待ち遠しい	とまっ
hiragana	に	hiragana letter に	please select words with the letter に	間に合っ	焼け	よかっ	折っ	走れ	取っ	待た
hiragana	に	hiragana letter に	please select words with the letter に	死に	あげ	だめ	買わ	くれ	買っ	言う
hiragana	ょ	hiragana letter ょ	please select words with the letter ょ	ちょうだい	取る	生じ	座り	迷っ	抱い	つまら
hiragana	ふ	hiragana letter ふ	please select words with the letter ふ	ふけっ	指し	甘い	変わっ	支え	払わ	渡し
hiragana	ふ	hiragana letter ふ	please select words with the letter ふ	ふさい	こと	下ろし	洗っ	晴れる	入っ	思わ
hiragana	ふ	hiragana letter ふ	please select words with the letter ふ	あふれ	従わ	震え	乗る	壊れ	立つ	待た
hiragana	ぜ	hiragana letter ぜ	please select words with the letter ぜ	混ぜ	暑い	暮れ	ちがい	過ごす	晴れ	話せ
hiragana	ぜ	hiragana letter ぜ	please select words with the letter ぜ	なぜ	大き	連れ	壊し	しろ	とまっ	食べる
hiragana	ぽ	hiragana letter ぽ	please select words with the letter ぽ	空っぽ	尋ね	わかっ	掛け	いっぱい	悪い	待ち遠しい
hiragana	ぴ	hiragana letter ぴ	please select words with the letter ぴ	ぴったり	学ぶ	はっきり	あがっ	塗っ	出さ	さがし
hiragana	ぼ	hiragana letter ぼ	please select words with the letter ぼ	うぬぼれ	呼ば	広げ	あきあき	忙し	入っ	脱い
hiragana	ぼ	hiragana letter ぼ	please select words with the letter ぼ	遊ぼう	どきどき	踊り	述べ	つない	入れる	謝ら
hiragana	ぼ	hiragana letter ぼ	please select words with the letter ぼ	こぼし	かゆい	やめろ	困る	認め	いく	頂け
hiragana	ぼ	hiragana letter ぼ	please select words with the letter ぼ	及ぼし	学ぶ	つかまえ	登り	泣き	さ	ばか
hiragana	ぷ	hiragana letter ぷ	please select words with the letter ぷ	たっぷり	送る	抑え	乗る	いい	結べ	あきあき
hiragana	ゆ	hiragana letter ゆ	please select words with the letter ゆ	かゆい	明るい	こたえ	洗っ	なくなっ	ささげ	いっ
katakana	メ	katakana letter メ	please select words with the letter メ	カメラ	ワイン	デート	アドバイス	ハマっ	レストラン	ハリー
katakana	メ	katakana letter メ	please select words with the letter メ	メアリー	サイン	ワイン	パスタ	チェック	アレルギー	バス
katakana	メ	katakana letter メ	please select words with the letter メ	メートル	クリーム	パスタ	デー	ベジタリアン	キス	ドル
katakana	メ	katakana letter メ	please select words with the letter メ	メンバー	サイン	ゲーム	デート	ケーキ	コーヒー	レシピ
katakana	メ	katakana letter メ	please select words with the letter メ	ダメ	ワイン	バカ	ケーキ	レシピ	マイル	トレンド
katakana	メ	katakana letter メ	please select words with the letter メ	コメディ	ワイン	ファン	ベジタリアン	アイデア	タコス
katakana	ア	katakana letter ア	please select words with the letter ア	アドバイス	サイン	チェック	マイル	マスター	クリスマス	メンバー
katakana	ア	katakana letter ア	please select words with the letter ア	アイデア	ワイン	ファン	デー	ダメ	マスター	タイプ
katakana	ア	katakana letter ア	please select words with the letter ア	メアリー	サイン	デート	チェック	ケーキ	マイル	パーティー
katakana	ア	katakana letter ア	please select words with the letter ア	アレルギー	ワイン	コメディ	ドキドキ	コピー	ニュース	クッキー
katakana	ア	katakana letter ア	please select words with the letter ア	ベジタリアン	イライラ	クッキー	レシピ	バス	コピー	メートル
katakana	リ	katakana letter リ	please select words with the letter リ	ハリー	ワイン	レシピ	ドキドキ	マスター	コピー	ニュース
katakana	リ	katakana letter リ	please select words with the letter リ	メアリー	タイプ	レシピ	ドキドキ	トレンド	パーティー	ノック
katakana	リ	katakana letter リ	please select words with the letter リ	クリスマス	コメディ	チェック	ダメ	クラス	コピー	タイプ
katakana	リ	katakana letter リ	please select words with the letter リ	クリーム	ゲーム	バカ	コメディ	デー	アドバイス	トレンド
katakana	リ	katakana letter リ	please select words with the letter リ	ベジタリアン	サイン	ゲーム	アレルギー	カメラ	レストラン	アイデア
katakana	リ	katakana letter リ	please select words with the letter リ	リラックス	サイン	パスタ	ソース	コーヒー	セット	バス
katakana	ー	katakana letter ー	please select words with the letter ー	パーティー	イライラ	カメラ	ドル	クリスマス	バス	リラックス
katakana	ー	katakana letter ー	please select words with the letter ー	ハリー	レストラン	リラックス	ドキドキ
katakana	ー	katakana letter ー	please select words with the letter ー	デート	イライラ	レシピ	ダメ	バス	プレゼント
katakana	ー	katakana letter ー	please select words with the letter ー	デー	ワイン	パスタ	レシピ	ダメ	カメラ	ドキドキ
katakana	ー	katakana letter ー	please select words with the letter ー	メアリー	サイン	タイプ	セット	マイル	ドル	ドキドキ
katakana	ー	katakana letter ー	please select words with the letter ー	ニュース	サイン	チェック	カメラ	ドキドキ	タイプ
katakana	ー	katakana letter ー	please select words with the letter ー	クッキー	ベジタリアン	アドバイス	カメラ	ドキドキ	リラックス	ピザ
katakana	ー	katakana letter ー	please select words with the letter ー	メートル	サイン	ワイン	ハマっ	カメラ	トレンド	キロ
katakana	ー	katakana letter ー	please select words with the letter ー	コピー	イライラ	ベジタリアン	ハマっ	クラス	トレンド	アイデア
katakana	ー	katakana letter ー	please select words with the letter ー	マスター	サイン	トレンド	レストラン
katakana	ー	katakana letter ー	please select words with the letter ー	ソース	サイン	セット	ドル	カメラ	リラックス
katakana	ー	katakana letter ー	please select words with the letter ー	クリーム	ベジタリアン	タイプ	クリスマス	ドキドキ
katakana	ー	katakana letter ー	please select words with the letter ー	メンバー	ハマっ	レシピ	ダメ	カメラ	トレンド
katakana	ー	katakana letter ー	please select words with the letter ー	ケーキ	サイン	ファン	マイル	クラス	バス	ノック
katakana	ー	katakana letter ー	please select words with the letter ー	チーム	ファン	バカ	リラックス	ドル
katakana	ー	katakana letter ー	please select words with the letter ー	ゲーム	ベジタリアン	レシピ	セット	マイル	タコス
katakana	ー	katakana letter ー	please select words with the letter ー	コーヒー	バカ	コメディ	キス	マイル	ピザ
katakana	ー	katakana letter ー	please select words with the letter ー	アレルギー	タイプ	チェック	ドキドキ
katakana	ド	katakana letter ド	please select words with the letter ド	ドル	ワイン	ケーキ	キス	バス	コピー	ニュース
katakana	ド	katakana letter ド	please select words with the letter ド	ドキドキ	ベジタリアン	レシピ	ハマっ	セット	ダメ	マイル
katakana	ド	katakana letter ド	please select words with the letter ド	アドバイス	クリーム	サイン	キス	マイル	パーティー	ノック
katakana	ド	katakana letter ド	please select words with the letter ド	トレンド	サイン	パスタ	チェック	セット	コピー	メートル
katakana	ル	katakana letter ル	please select words with the letter ル	ドル	パスタ	デート	ハマっ	ドキドキ	クリスマス	バス
katakana	ル	katakana letter ル	please select words with the letter ル	マイル	コメディ	デー	ソース	ハマっ	ドキドキ	アイデア
katakana	ル	katakana letter ル	please select words with the letter ル	アレルギー	ケーキ	トレンド	パーティー	ニュース	クッキー	タイプ
katakana	ル	katakana letter ル	please select words with the letter ル	メートル	クリーム	チェック	デー	ダメ	コピー	アイデア
katakana	コ	katakana letter コ	please select words with the letter コ	タコス	パスタ	ベジタリアン	レシピ	メアリー	マイル	パーティー
katakana	コ	katakana letter コ	please select words with the letter コ	コーヒー	デート	デー	アドバイス	アレルギー	マイル	メンバー
katakana	コ	katakana letter コ	please select words with the letter コ	コメディ	クリーム	イライラ	アドバイス	セット	ドキドキ	マスター
katakana	コ	katakana letter コ	please select words with the letter コ	コピー	クリーム	ワイン	タイプ	ドキドキ	パーティー	ノック
katakana	ヒ	katakana letter ヒ	please select words with the letter ヒ	コーヒー	ゲーム	ワイン	コメディ	アドバイス	セット	レストラン
katakana	レ	katakana letter レ	please select words with the letter レ	トレンド	バカ	ファン	ケーキ	コーヒー	ドル	ニュース
katakana	レ	katakana letter レ	please select words with the letter レ	レストラン	ファン	アイデア	チーム	ドキドキ	メートル	リラックス
katakana	レ	katakana letter レ	please select words with the letter レ	プレゼント	サイン	イライラ	バカ	デート	コーヒー	ダメ
katakana	レ	katakana letter レ	please select words with the letter レ	レシピ	ゲーム	イライラ	キス	メアリー	セット	メンバー
katakana	レ	katakana letter レ	please select words with the letter レ	アレルギー	アドバイス	コーヒー	カメラ	パーティー	リラックス	ソース
katakana	ス	katakana letter ス	please select words with the letter ス	アドバイス	ワイン	ファン	デー	ケーキ	アレルギー	マイル
katakana	ス	katakana letter ス	please select words with the letter ス	レストラン	ゲーム	イライラ	バカ	ファン	レシピ	セット
katakana	ス	katakana letter ス	please select words with the letter ス	タコス	デート	ベジタリアン	コーヒー	メートル	チーム	ノック
katakana	ス	katakana letter ス	please select words with the letter ス	バス	バカ	ケーキ	ドキドキ	ノック	プレゼント
katakana	ス	katakana letter ス	please select words with the letter ス	ニュース	サイン	バカ	デート	アレルギー	レシピ	メアリー
katakana	ス	katakana letter ス	please select words with the letter ス	クリスマス	サイン	イライラ	レシピ	トレンド	メンバー	ピザ
katakana	ス	katakana letter ス	please select words with the letter ス	マスター	バカ	アレルギー	レシピ	ドキドキ	ハリー	ピザ
katakana	ス	katakana letter ス	please select words with the letter ス	パスタ	サイン	クリーム	コメディ	トレンド	メートル	ハリー
katakana	ス	katakana letter ス	please select words with the letter ス	ソース	ワイン	コメディ	チェック	セット	メアリー	カメラ
katakana	ス	katakana letter ス	please select words with the letter ス	キス	サイン	バカ	ハマっ	ドキドキ	クッキー	プレゼント
katakana	ス	katakana letter ス	please select words with the letter ス	クラス	サイン	ケーキ	セット	メンバー	チーム	ノック
katakana	ス	katakana letter ス	please select words with the letter ス	リラックス	イライラ	コメディ	チェック	ファン	デー	アレルギー
katakana	ト	katakana letter ト	please select words with the letter ト	トレンド	クリーム	コメディ	ファン	ケーキ	ハマっ	マイル
katakana	ト	katakana letter ト	please select words with the letter ト	レストラン	ゲーム	イライラ	デー	ベジタリアン	クリスマス	クラス
katakana	ト	katakana letter ト	please select words with the letter ト	プレゼント	ゲーム	クリーム	バカ	ファン	デー	アレルギー
katakana	ト	katakana letter ト	please select words with the letter ト	デート	ゲーム	クリーム	パスタ	チェック	アドバイス	キス
katakana	ト	katakana letter ト	please select words with the letter ト	セット	パスタ	ベジタリアン	ドキドキ	クラス	メンバー	チーム
katakana	ト	katakana letter ト	please select words with the letter ト	メートル	コメディ	ノック	メンバー	ニュース	チーム	タイプ
katakana	ラ	katakana letter ラ	please select words with the letter ラ	イライラ	ゲーム	クリーム	デート	アレルギー	キス	ニュース
katakana	ラ	katakana letter ラ	please select words with the letter ラ	レストラン	クリーム	ゲーム	バカ	ファン	メアリー	ドル
katakana	ラ	katakana letter ラ	please select words with the letter ラ	カメラ	パスタ	デー	アドバイス	コーヒー	レシピ	バス
katakana	ラ	katakana letter ラ	please select words with the letter ラ	クラス	クリーム	デー	アドバイス	ドキドキ	クリスマス	タイプ
katakana	ラ	katakana letter ラ	please select words with the letter ラ	リラックス	デー	ケーキ	ドキドキ	バス	ニュース	クッキー
katakana	ン	katakana letter ン	please select words with the letter ン	サイン	チェック	ハマっ	メアリー	カメラ	マスター	バス
katakana	ン	katakana letter ン	please select words with the letter ン	トレンド	クリーム	クラス	クッキー	リラックス	ピザ
katakana	ン	katakana letter ン	please select words with the letter ン	レストラン	デート	コメディ	アドバイス	ケーキ	キス	チーム
katakana	ン	katakana letter ン	please select words with the letter ン	ファン	イライラ	バカ	パスタ	アレルギー	ダメ	メアリー
katakana	ン	katakana letter ン	please select words with the letter ン	プレゼント	デート	デー	ケーキ	コーヒー	ダメ	アイデア
katakana	ン	katakana letter ン	please select words with the letter ン	メンバー	パスタ	コーヒー	キス	キロ	バス	リラックス
katakana	ン	katakana letter ン	please select words with the letter ン	ワイン	ニュース	アドバイス	メアリー	クラス	バス	パーティー
katakana	ン	katakana letter ン	please select words with the letter ン	ベジタリアン	イライラ	コメディ	ハマっ	マイル	クラス	クッキー
katakana	キ	katakana letter キ	please select words with the letter キ	キロ	チェック	アレルギー	コピー	ニュース	アイデア	ピザ
katakana	キ	katakana letter キ	please select words with the letter キ	クッキー	イライラ	コメディ	ベジタリアン	メアリー	マスター	ソース
katakana	キ	katakana letter キ	please select words with the letter キ	ドキドキ	デート	コーヒー	ダメ	クラス	バス	パーティー
katakana	キ	katakana letter キ	please select words with the letter キ	キス	ハマっ	セット	メアリー	マイル	コーヒー	ピザ
katakana	キ	katakana letter キ	please select words with the letter キ	ケーキ	レシピ	セット	メアリー	クラス	バス	トレンド
katakana	ダ	katakana letter ダ	please select words with the letter ダ	ダメ	デー	マイル	カメラ	ドキドキ	クラス	ドル
katakana	バ	katakana letter バ	please select words with the letter バ	バカ	クリーム	イライラ	カメラ	レストラン	クリスマス	トレンド
katakana	バ	katakana letter バ	please select words with the letter バ	アドバイス	ワイン	キス	レストラン	メートル	パーティー	アイデア
katakana	バ	katakana letter バ	please select words with the letter バ	メンバー	イライラ	ワイン	デート	ベジタリアン	コーヒー	ハマっ
katakana	バ	katakana letter バ	please select words with the letter バ	バス	コメディ	ハマっ	アイデア	ピザ	タイプ	リラックス
katakana	カ	katakana letter カ	please select words with the letter カ	カメラ	ワイン	ハマっ	キス	ダメ	バス	メンバー
katakana	カ	katakana letter カ	please select words with the letter カ	バカ	ベジタリアン	ケーキ	レストラン	ドキドキ	トレンド	チーム
katakana	パ	katakana letter パ	please select words with the letter パ	パーティー	クリーム	イライラ	ベジタリアン	アドバイス	ハマっ	レストラン
katakana	パ	katakana letter パ	please select words with the letter パ	パスタ	クリーム	ファン	ハマっ	マイル	カメラ	ハリー
katakana	タ	katakana letter タ	please select words with the letter タ	タイプ	クリーム	コメディ	ファン	デート	アレルギー	クラス
katakana	タ	katakana letter タ	please select words with the letter タ	タコス	ワイン	デー	ダメ	ドル	ドキドキ	カメラ
katakana	タ	katakana letter タ	please select words with the letter タ	マスター	クリーム	ワイン	コメディ	デー	アレルギー	ドル
katakana	タ	katakana letter タ	please select words with the letter タ	パスタ	クリーム	イライラ	メアリー	ドキドキ	クラス	コピー
katakana	タ	katakana letter タ	please select words with the letter タ	ベジタリアン	バカ	ハマっ	セット	メートル	ニュース	クッキー
katakana	ゲ	katakana letter ゲ	please select words with the letter ゲ	ゲーム	パスタ	ファン	デー	カメラ	レストラン	トレンド
katakana	ム	katakana letter ム	please select words with the letter ム	チーム	ワイン	コーヒー	キス	アレルギー	セット	バス
katakana	ム	katakana letter ム	please select words with the letter ム	ゲーム	アイデア	アレルギー	キス	バス	トレンド	コピー
katakana	ム	katakana letter ム	please select words with the letter ム	クリーム	バカ	ベジタリアン	アレルギー	セット	コピー	メンバー
katakana	ソ	katakana letter ソ	please select words with the letter ソ	ソース	サイン	イライラ	クリーム	アレルギー	ドル	トレンド
katakana	ワ	katakana letter ワ	please select words with the letter ワ	ワイン	ゲーム	アレルギー	キス	マイル	アイデア	ピザ
katakana	イ	katakana letter イ	please select words with the letter イ	アドバイス	クリーム	ドル	クリスマス	バス	トレンド	コピー
katakana	イ	katakana letter イ	please select words with the letter イ	イライラ	キス	ドキドキ	クラス	パーティー	ノック	ハリー
katakana	イ	katakana letter イ	please select words with the letter イ	サイン	デー	ドル	トレンド	コピー	プレゼント	タコス
katakana	イ	katakana letter イ	please select words with the letter イ	タイプ	パスタ	コーヒー	メアリー	クラス	マスター	コピー
katakana	イ	katakana letter イ	please select words with the letter イ	アイデア	ゲーム	コメディ	チェック	デー	キス	マスター
katakana	イ	katakana letter イ	please select words with the letter イ	ワイン	パスタ	バカ	コーヒー	セット	バス	ニュース
katakana	イ	katakana letter イ	please select words with the letter イ	マイル	デート	コーヒー	レシピ	カメラ	マスター	コピー
katakana	チ	katakana letter チ	please select words with the letter チ	チェック	ベジタリアン	メアリー	レストラン	カメラ	クリスマス	バス
katakana	チ	katakana letter チ	please select words with the letter チ	チーム	クッキー	コメディ	デー	セット	マスター	クリスマス
katakana	ェ	katakana letter ェ	please select words with the letter ェ	チェック	クリーム	ファン	プレゼント	カメラ	クラス	マスター
katakana	ッ	katakana letter ッ	please select words with the letter ッ	セット	バカ	ハマっ	ドル	パーティー	メートル	タイプ
katakana	ッ	katakana letter ッ	please select words with the letter ッ	クッキー	クリーム	パスタ	ベジタリアン	マイル	クラス	メンバー
katakana	ッ	katakana letter ッ	please select words with the letter ッ	チェック	ワイン	バカ	ベジタリアン	チーム	ハマっ	ドキドキ
katakana	ッ	katakana letter ッ	please select words with the letter ッ	ノック	コメディ	クラス	バス	コピー	タイプ	ソース
katakana	ッ	katakana letter ッ	please select words with the letter ッ	リラックス	クリーム	コメディ	デート	デー	レシピ	レストラン
katakana	ク	katakana letter ク	please select words with the letter ク	クッキー	バカ	ファン	デー	アドバイス	ダメ	メアリー
katakana	ク	katakana letter ク	please select words with the letter ク	クリスマス	サイン	アレルギー	セット	バス	チーム	キロ
katakana	ク	katakana letter ク	please select words with the letter ク	クリーム	ゲーム	バカ	ケーキ	レストラン	ハリー	バス
katakana	ク	katakana letter ク	please select words with the letter ク	クラス	レシピ	メアリー	カメラ	レストラン	コピー	メンバー
katakana	ク	katakana letter ク	please select words with the letter ク	チェック	デート	ケーキ	ハマっ	ドキドキ	レストラン	パーティー
katakana	ク	katakana letter ク	please select words with the letter ク	ノック	サイン	ワイン	レシピ	ハマっ	セット	ドキドキ
katakana	ク	katakana letter ク	please select words with the letter ク	リラックス	コメディ	キス	マイル	メンバー	ハリー	キロ
katakana	ケ	katakana letter ケ	please select words with the letter ケ	ケーキ	ワイン	バカ	ファン	メアリー	マイル	ニュース
katakana	プ	katakana letter プ	please select words with the letter プ	プレゼント	チェック	アドバイス	アレルギー	ドル	マスター	トレンド
katakana	プ	katakana letter プ	please select words with the letter プ	タイプ	イライラ	デート	チェック	セット	カメラ	クラス
katakana	ピ	katakana letter ピ	please select words with the letter ピ	ピザ	イライラ	ハマっ	キス	メアリー	レストラン	ドキドキ
katakana	ピ	katakana letter ピ	please select words with the letter ピ	レシピ	パスタ	チェック	ファン	ベジタリアン	アレルギー	トレンド
katakana	ピ	katakana letter ピ	please select words with the letter ピ	コピー	ゲーム	ワイン	デート	ファン	チーム	ハマっ
katakana	ザ	katakana letter ザ	please select words with the letter ザ	ピザ	パスタ	キス	ドル	カメラ	レストラン	トレンド
katakana	テ	katakana letter テ	please select words with the letter テ	パーティー	デート	ハマっ	キス	レストラン	ドキドキ	クラス
katakana	ィ	katakana letter ィ	please select words with the letter ィ	パーティー	イライラ	バカ	チェック	デー	アレルギー	ドキドキ
katakana	ィ	katakana letter ィ	please select words with the letter ィ	コメディ	クリーム	バカ	アドバイス	メアリー	バス	メートル
katakana	デ	katakana letter デ	please select words with the letter デ	アイデア	クリーム	レシピ	バス	コピー	メンバー	ニュース
katakana	デ	katakana letter デ	please select words with the letter デ	デート	ワイン	バカ	マイル	クラス	メートル	タイプ
katakana	デ	katakana letter デ	please select words with the letter デ	デー	ゲーム	ワイン	チェック	レシピ	カメラ	ニュース
katakana	デ	katakana letter デ	please select words with the letter デ	コメディ	ワイン	メアリー	マイル	レストラン	クリスマス	チーム
katakana	ギ	katakana letter ギ	please select words with the letter ギ	アレルギー	バカ	アドバイス	キス	セット	メアリー	マスター
katakana	ニ	katakana letter ニ	please select words with the letter ニ	ニュース	ゲーム	バカ	コメディ	アドバイス	クリスマス	メートル
katakana	ュ	katakana letter ュ	please select words with the letter ュ	ニュース	ベジタリアン	ケーキ	ダメ	セット	マイル	クリスマス
katakana	フ	katakana letter フ	please select words with the letter フ	ファン	ゲーム	ワイン	チーム	キス	ドキドキ	トレンド
katakana	ァ	katakana letter ァ	please select words with the letter ァ	ファン	ゲーム	ワイン	イライラ	アドバイス	マイル	コピー
katakana	マ	katakana letter マ	please select words with the letter マ	マスター	ワイン	アイデア	ドル	カメラ	パーティー	ニュース
katakana	マ	katakana letter マ	please select words with the letter マ	ハマっ	デー	メアリー	カメラ	クラス	メートル	ノック
katakana	マ	katakana letter マ	please select words with the letter マ	マイル	クリーム	サイン	ファン	ベジタリアン	キス	メンバー
katakana	マ	katakana letter マ	please select words with the letter マ	クリスマス	ゲーム	バカ	ベジタリアン	アレルギー	ダメ	カメラ
katakana	シ	katakana letter シ	please select words with the letter シ	レシピ	デート	ベジタリアン	コーヒー	ダメ	ドキドキ	クラス
katakana	ロ	katakana letter ロ	please select words with the letter ロ	キロ	チェック	レシピ	クリスマス	アイデア	タイプ	リラックス
katakana	ベ	katakana letter ベ	please select words with the letter ベ	ベジタリアン	コメディ	チェック	ダメ	クラス	トレンド	メートル
katakana	ジ	katakana letter ジ	please select words with the letter ジ	ベジタリアン	パスタ	ハマっ	カメラ	クラス	バス	パーティー
katakana	ハ	katakana letter ハ	please select words with the letter ハ	ハマっ	キス	ドル	カメラ	マスター	レストラン	アイデア
katakana	ハ	katakana letter ハ	please select words with the letter ハ	ハリー	ワイン	デート	ファン	レシピ	キス	ピザ
katakana	ゼ	katakana letter ゼ	please select words with the letter ゼ	プレゼント	クリーム	イライラ	アレルギー	メアリー	ドル	チーム
katakana	ノ	katakana letter ノ	please select words with the letter ノ	ノック	ワイン	デー	チーム	メアリー	レストラン	メートル
katakana	サ	katakana letter サ	please select words with the letter サ	サイン	コーヒー	レシピ	クリスマス	クラス	トレンド	メートル
katakana	セ	katakana letter セ	please select words with the letter セ	セット	サイン	コーヒー	アレルギー	メアリー	バス	ニュース
kanji	見	kanji letter 見	please select words with the letter 見	見る	含ま	度	科目	費やし	遊ん	遊び
kanji	見	kanji letter 見	please select words with the letter 見	見つから	増し	稼い	熱い	危険	関係	正確
kanji	見	kanji letter 見	please select words with the letter 見	見	料理	事	掛かっ	遠い	知ら	座っ
kanji	見	kanji letter 見	please select words with the letter 見	意見	経験	頼っ	着き	通過	独立	交換
kanji	見	kanji letter 見	please select words with the letter 見	見物	付い	基づい	住まい	批判	帰る	聞け
kanji	見	kanji letter 見	please select words with the letter 見	見え	間違える	離れ	奴	払え	臭い	痛み
kanji	見	kanji letter 見	please select words with the letter 見	発見	許さ	心配	放し	問題	回復	使う
kanji	見	kanji letter 見	please select words with the letter 見	見つけ	楽し	眠り	笑っ	失敗	文	楽しい
kanji	見	kanji letter 見	please select words with the letter 見	見つかっ	指摘	異なる	願い	目的	感心	広い
kanji	見	kanji letter 見	please select words with the letter 見	見つける	開け	祝い	明日	愛し	感心	質問
kanji	見	kanji letter 見	please select words with the letter 見	見える	疑わしい	運命	話	栽培	年下	届か
kanji	見	kanji letter 見	please select words with the letter 見	見せ	招い	都市	会え	誘っ	冷静	数え
kanji	行	kanji letter 行	please select words with the letter 行	行わ	眠れ	乗っ	処分	乗る	女性	追っ
kanji	行	kanji letter 行	please select words with the letter 行	実行	異なる	呼び	希望	演奏	少女	円
kanji	行	kanji letter 行	please select words with the letter 行	行う	短い	話す	困っ	結ん	去っ	辞め
kanji	行	kanji letter 行	please select words with the letter 行	行ける	状態	蹴っ	襲っ	浮かべ	混同	動き
kanji	行	kanji letter 行	please select words with the letter 行	行け	罰せ	着る	欲しい	休む	研究	選ん
kanji	行	kanji letter 行	please select words with the letter 行	行き	応援	店	隠し	教師	度	美人
kanji	行	kanji letter 行	please select words with the letter 行	行く	要る	辞職	重	合意	放っ	足り
kanji	行	kanji letter 行	please select words with the letter 行	流行	削除	覚悟	気	成功	伺い	上がっ
kanji	行	kanji letter 行	please select words with the letter 行	行動	理由	登り	女	落とさ	交換	記入
kanji	行	kanji letter 行	please select words with the letter 行	行っ	警告	育て	辞め	遠慮	無料	強調
kanji	行	kanji letter 行	please select words with the letter 行	行か	召し上がり	多かっ	言っ	逮捕	締め	教える
kanji	行	kanji letter 行	please select words with the letter 行	流行っ	料理	女性	聞く	越し	隠れ	地
kanji	行	kanji letter 行	please select words with the letter 行	行こう	働い	混ん	得	早起き	詳しい	反映
kanji	行	kanji letter 行	please select words with the letter 行	旅行	満足	歌い	洗っ	願い	走れ	失っ
kanji	持	kanji letter 持	please select words with the letter 持	金持ち	痛い	車	控え	好物	回復	並ん
kanji	持	kanji letter 持	please select words with the letter 持	持っ	生え	代わっ	感謝	逮捕	花	裏切っ
kanji	持	kanji letter 持	please select words with the letter 持	持つ	運ば	訪ね	気	支え	向け	渡し
kanji	持	kanji letter 持	please select words with the letter 持	持た	退屈	短い	翻訳	健康	試合	育て
kanji	持	kanji letter 持	please select words with the letter 持	持ち主	洗っ	提起	人気	正直	正確	無視
kanji	持	kanji letter 持	please select words with the letter 持	気持ち	仕上げ	一致	整頓	禁止	生む	迫っ
kanji	持	kanji letter 持	please select words with the letter 持	支持	走れる	購入	女	富ん	死ぬ	扱い
kanji	持	kanji letter 持	please select words with the letter 持	持ち	終わら	抜い	一緒	先生	運動	賢明
kanji	食	kanji letter 食	please select words with the letter 食	外食	素晴らしい	訪れ	美しかっ	平和	反対	鍵
kanji	食	kanji letter 食	please select words with the letter 食	食わ	蹴っ	似	示さ	独身	開か	待ち
kanji	食	kanji letter 食	please select words with the letter 食	食べよう	浪費	熱中	利用	優れ	運転	通ら
kanji	食	kanji letter 食	please select words with the letter 食	食べ物	着い	異なっ	種	住まい	学生	反対
kanji	食	kanji letter 食	please select words with the letter 食	食べる	過ぎ	嬉しい	愛さ	独立	打っ	入れる
kanji	食	kanji letter 食	please select words with the letter 食	食事	取り	始め	終わら	仲良し	起こす	当たる
kanji	食	kanji letter 食	please select words with the letter 食	食っ	着	腐っ	稼い	遠い	示す	取ら
kanji	食	kanji letter 食	please select words with the letter 食	食べ	計画	短い	考える	晴れ	足り	名付け
kanji	家	kanji letter 家	please select words with the letter 家	家族	学ぶ	扱い	完璧	行っ	詩人	数え
kanji	家	kanji letter 家	please select words with the letter 家	作家	替え	要る	遅	子	感心	会える
kanji	家	kanji letter 家	please select words with the letter 家	家	増し	減っ	外し	離陸	関係	夢
kanji	思	kanji letter 思	please select words with the letter 思	思える	相続	嬉しい	幸せ	運べ	間に合わ	鋭い
kanji	思	kanji letter 思	please select words with the letter 思	思え	基づい	向かっ	増し	一緒	渡し	調査
kanji	思	kanji letter 思	please select words with the letter 思	思い	疑わしい	分	選び	笑っ	買っ	通ら
kanji	思	kanji letter 思	please select words with the letter 思	思わ	求める	眠り	国	混ん	生まれ	挨拶
kanji	思	kanji letter 思	please select words with the letter 思	不思議	訪れ	乗る	開い	自由	延期	安心
kanji	思	kanji letter 思	please select words with the letter 思	思っ	便利	蹴っ	長い	答え	悪	貯め
kanji	思	kanji letter 思	please select words with the letter 思	思う	使わ	魅力	始まる	天気	載っ	飛ん
kanji	必	kanji letter 必	please select words with the letter 必	必要	反抗	閉じ	変わる	生き	乾杯	混雑
kanji	要	kanji letter 要	please select words with the letter 要	必要	新聞	心配	間に合っ	流行っ	停車	迎え
kanji	要	kanji letter 要	please select words with the letter 要	要る	変	向かっ	違い	並ん	浮かべ	買う
kanji	要	kanji letter 要	please select words with the letter 要	要求	過ぎ	預かっ	分析	辞め	勤勉	質問
kanji	要	kanji letter 要	please select words with the letter 要	要素	拾っ	立ち	殴っ	本	暮れ	見物
kanji	要	kanji letter 要	please select words with the letter 要	要り	思え	切れ	開き	地	泳げ	爆発
kanji	考	kanji letter 考	please select words with the letter 考	考慮	嬉しい	外食	終わら	泣く	保証	奴
kanji	考	kanji letter 考	please select words with the letter 考	考え	金持ち	否定	戻し	候補	教え	合格
kanji	考	kanji letter 考	please select words with the letter 考	考える	過ぎ	捕まっ	離婚	始め	利用	熱い
kanji	人	kanji letter 人	please select words with the letter 人	人物	行か	重	訪問	得意	育て	逮捕
kanji	人	kanji letter 人	please select words with the letter 人	人間	届き	吸わ	分析	収容	強かっ	挨拶
kanji	人	kanji letter 人	please select words with the letter 人	一人	歩い	接し	渇い	歌い	落とし	呼ん
kanji	人	kanji letter 人	please select words with the letter 人	人気	例	処分	川	平和	待っ	伸び
kanji	人	kanji letter 人	please select words with the letter 人	人形	暇	分かん	狭い	乾杯	拒絶	夜
kanji	人	kanji letter 人	please select words with the letter 人	友人	幸運	寝坊	中	見つから	笑わ	経営
kanji	人	kanji letter 人	please select words with the letter 人	人	満足	学者	句読点	月	保存	締め
kanji	人	kanji letter 人	please select words with the letter 人	詩人	傷つけ	表現	強かっ	果たす	恐い	剃っ
kanji	人	kanji letter 人	please select words with the letter 人	美人	困難	休ん	変わら	払っ	会える	脱し
kanji	本	kanji letter 本	please select words with the letter 本	本当	降り	持ち主	明日	狭	謝る	合い
kanji	本	kanji letter 本	please select words with the letter 本	本	一員	属し	構い	学校	主張	訳し
kanji	言	kanji letter 言	please select words with the letter 言	言語	通じ	休み	信じる	壊し	仲間	歌っ
kanji	言	kanji letter 言	please select words with the letter 言	言え	青ざめ	取っ	帰り	会える	来	曲がっ
kanji	言	kanji letter 言	please select words with the letter 言	言える	安い	終わる	減っ	動く	勝つ	楽しい
kanji	言	kanji letter 言	please select words with the letter 言	言い	厳しい	頼ん	務め	完了	上	楽しい
kanji	言	kanji letter 言	please select words with the letter 言	言わ	役立ち	確信	何時	沸騰	一人	近づい
kanji	言	kanji letter 言	please select words with the letter 言	言っ	割っ	基づい	代わっ	動か	刈っ	欠席
kanji	言	kanji letter 言	please select words with the letter 言	言う	味方	天気	理解	折れ	果たし	会い
kanji	時	kanji letter 時	please select words with the letter 時	時	残っ	実行	競争	行か	勤勉	行わ
kanji	時	kanji letter 時	please select words with the letter 時	何時	低い	待たさ	場所	叫ん	保存	教え
kanji	時	kanji letter 時	please select words with the letter 時	時代	注意	冷たい	沸騰	恵まれ	変化	行っ
kanji	時	kanji letter 時	please select words with the letter 時	時間	難し	答え	外出	連れ	失敗	乾杯
kanji	仕	kanji letter 仕	please select words with the letter 仕	仕上げ	病気	幸せ	張っ	馬鹿	使える	注い
kanji	仕	kanji letter 仕	please select words with the letter 仕	仕事	何色	教師	出版	弾き	知ら	誘っ
kanji	事	kanji letter 事	please select words with the letter 事	事実	渇い	故障	示し	悲しい	英語	自殺
kanji	事	kanji letter 事	please select words with the letter 事	従事	働い	望む	求め	円	週間	擁護
kanji	事	kanji letter 事	please select words with the letter 事	出来事	変わら	富ん	害し	小さい	高い	広い
kanji	事	kanji letter 事	please select words with the letter 事	食事	相続	戻っ	健康	信じる	調査	一
kanji	事	kanji letter 事	please select words with the letter 事	返事	聴い	希望	諦め	手伝い	生まれ	記入
kanji	事	kanji letter 事	please select words with the letter 事	事	歩か	生徒	流行っ	電話	迷っ	迎え
kanji	事	kanji letter 事	please select words with the letter 事	仕事	忙しい	中心	抜い	要求	対処	吹き
kanji	来	kanji letter 来	please select words with the letter 来	出来る	確かめ	愛する	出せ	嘘	欠席	迷っ
kanji	来	kanji letter 来	please select words with the letter 来	来れ	買え	腐っ	購入	通る	話さ	済ま
kanji	来	kanji letter 来	please select words with the letter 来	来る	落とし	外食	試合	川	減っ	忠告
kanji	来	kanji letter 来	please select words with the letter 来	出来事	届き	認める	受かっ	味方	泊まっ	分かれ
kanji	来	kanji letter 来	please select words with the letter 来	由来	送る	離婚	限ら	迫っ	聴き	敏感
kanji	来	kanji letter 来	please select words with the letter 来	来	寄っ	下ろし	参り	離れ	嫌っ	平等
kanji	来	kanji letter 来	please select words with the letter 来	出来	獲得	家	言い	死な	話さ	売ら
kanji	間	kanji letter 間	please select words with the letter 間	仲間	分かん	慣れる	行動	都市	狭い	開ける
kanji	間	kanji letter 間	please select words with the letter 間	人間	得意	遅	外し	入院	見つかっ	怒っ
kanji	間	kanji letter 間	please select words with the letter 間	週間	厳しい	ご覧	理由	贈っ	寝る	助け
kanji	間	kanji letter 間	please select words with the letter 間	間違え	低い	中止	洗っ	訴え	中	囲ま
kanji	間	kanji letter 間	please select words with the letter 間	間に合う	困っ	処分	運転	主張	会え	広い
kanji	間	kanji letter 間	please select words with the letter 間	間違える	義務	象徴	直し	速い	研究	学び
kanji	間	kanji letter 間	please select words with the letter 間	間違い	無くし	持ち主	母	手伝っ	求め	奪っ
kanji	間	kanji letter 間	please select words with the letter 間	間に合わ	相続	変える	眠り	育っ	熱望	揺れ
kanji	間	kanji letter 間	please select words with the letter 間	間違っ	市	通過	運ば	信じる	待ち	済ん
kanji	間	kanji letter 間	please select words with the letter 間	間に合っ	習い	欲しかっ	扱っ	配達	泳げ	始まっ
kanji	間	kanji letter 間	please select words with the letter 間	時間	止め	食べ物	本当	待ち	学校	誓っ
kanji	日	kanji letter 日	please select words with the letter 日	明日	切れ	道	比較	入っ	治っ	遅刻
kanji	日	kanji letter 日	please select words with the letter 日	日	概念	侮辱	慣れる	張っ	助かり	木製
kanji	日	kanji letter 日	please select words with the letter 日	休日	着い	好む	紳士	殺し	弱い	走り
kanji	日	kanji letter 日	please select words with the letter 日	昨日	返事	生まれる	分かり	優れ	放送	払っ
kanji	当	kanji letter 当	please select words with the letter 当	当て	指摘	見つける	下ろし	立つ	洗濯	一人
kanji	当	kanji letter 当	please select words with the letter 当	当たる	安い	働か	鳥	横断	感謝	去っ
kanji	当	kanji letter 当	please select words with the letter 当	本当	市	参り	運命	備え	待た	判断
kanji	当	kanji letter 当	please select words with the letter 当	担当	番組	飲む	亡くし	選ば	書い	晴れる
kanji	当	kanji letter 当	please select words with the letter 当	当たっ	痛い	貧乏	許し	季節	主張	磨い
kanji	当	kanji letter 当	please select words with the letter 当	当惑	訪問	空	停車	痩せ	頼み	援助
kanji	知	kanji letter 知	please select words with the letter 知	存知	無い	示唆	尽くし	感心	囲ま	弟
kanji	知	kanji letter 知	please select words with the letter 知	承知	示し	頼っ	受かっ	批判	変わる	物語
kanji	知	kanji letter 知	please select words with the letter 知	知ら	合っ	失望	手伝い	泣か	恐い	勝つ
kanji	知	kanji letter 知	please select words with the letter 知	知っ	性格	着き	休む	英語	初めて	慣れ
kanji	知	kanji letter 知	please select words with the letter 知	知る	生きる	一番	聞く	美しかっ	留学	示す
kanji	知	kanji letter 知	please select words with the letter 知	知り	話そう	息子	戻っ	趣味	切望	猫
kanji	知	kanji letter 知	please select words with the letter 知	知り合い	満ち	終え	走れる	愛する	行こう	起こし
kanji	問	kanji letter 問	please select words with the letter 問	訪問	目撃	許さ	理由	気づか	趣味	祈っ
kanji	問	kanji letter 問	please select words with the letter 問	問題	異なる	言い	古典	終わら	呼ぶ	続い
kanji	問	kanji letter 問	please select words with the letter 問	質問	相続	困難	浪費	隠し	飲む	求め
kanji	題	kanji letter 題	please select words with the letter 題	問題	多	軽い	忙しい	気分	賢明	方
kanji	勉	kanji letter 勉	please select words with the letter 勉	勉強	掃除	最高	咲い	好物	開発	動い
kanji	勉	kanji letter 勉	please select words with the letter 勉	勤勉	設立	仲直り	控え	行ける	保存	気づか
kanji	強	kanji letter 強	please select words with the letter 強	強化	喧嘩	踊り	踊っ	誘っ	殺し	発音
kanji	強	kanji letter 強	please select words with the letter 強	勉強	鳴っ	期待	答え	求め	落とさ	危険
kanji	強	kanji letter 強	please select words with the letter 強	強かっ	半	乗っ	処分	雪	失礼	片付け
kanji	強	kanji letter 強	please select words with the letter 強	強調	歌い	行こう	高い	笑わ	使える	奪っ
kanji	強	kanji letter 強	please select words with the letter 強	強い	遅れる	願い	楽しみ	済ん	側面	出す
kanji	方	kanji letter 方	please select words with the letter 方	味方	相続	無い	走ら	在宅	友人	進む
kanji	方	kanji letter 方	please select words with the letter 方	方	切れ	出版	練習	説得	熱望	帰宅
kanji	方	kanji letter 方	please select words with the letter 方	方法	会う	緊張	賢い	回し	治る	仕事
kanji	聞	kanji letter 聞	please select words with the letter 聞	聞け	満ち	困っ	支払っ	気づか	書き	多い
kanji	聞	kanji letter 聞	please select words with the letter 聞	聞い	侮辱	起こり	歌う	友人	教え	話せる
kanji	聞	kanji letter 聞	please select words with the letter 聞	聞き	楽	邪魔	特徴	信用	後	拡大
kanji	聞	kanji letter 聞	please select words with the letter 聞	聞く	解雇	会っ	明日	折っ	気	追加
kanji	聞	kanji letter 聞	please select words with the letter 聞	聞こえ	切れ	運べ	開ける	判断	飛ん	合格
kanji	聞	kanji letter 聞	please select words with the letter 聞	聞こえる	吸う	出せ	家	美しかっ	奪わ	好み
kanji	聞	kanji letter 聞	please select words with the letter 聞	新聞	低い	勧め	幸運	襲っ	眠い	座っ
kanji	聞	kanji letter 聞	please select words with the letter 聞	聞か	指摘	示し	競争	掛かっ	違っ	旅行
kanji	電	kanji letter 電	please select words with the letter 電	電話	震え	仲直り	要素	古典	開ける	輝い
kanji	話	kanji letter 話	please select words with the letter 話	話そう	取り	相続	現れ	覆わ	俳優	放送
kanji	話	kanji letter 話	please select words with the letter 話	世話	安い	認識	同感	描い	弱い	注い
kanji	話	kanji letter 話	please select words with the letter 話	話し	発表	通じ	陥っ	国	送り	優しい
kanji	話	kanji letter 話	please select words with the letter 話	話せ	通じ	場所	外食	忘れる	書い	殺し
kanji	話	kanji letter 話	please select words with the letter 話	電話	震え	進ん	使える	乾杯	乗せ	存知
kanji	話	kanji letter 話	please select words with the letter 話	話さ	彼氏	変	間違える	限り	済ん	感じ
kanji	話	kanji letter 話	please select words with the letter 話	話	愛する	生きる	昨日	邪魔	決心	寒かっ
kanji	話	kanji letter 話	please select words with the letter 話	話す	思え	接し	検討	歩き	鋭い	耐え
kanji	話	kanji letter 話	please select words with the letter 話	話せる	応援	壊れ	悪かっ	上がり	青ざめ	失敗
kanji	気	kanji letter 気	please select words with the letter 気	元気	祝っ	緊張	食べ物	分かれ	続い	側面
kanji	気	kanji letter 気	please select words with the letter 気	病気	歩か	特徴	危険	良さ	買える	呼ぶ
kanji	気	kanji letter 気	please select words with the letter 気	人気	接し	吸い	熟し	暮れ	借り	泣か
kanji	気	kanji letter 気	please select words with the letter 気	気	理由	望む	手伝っ	外し	敏感	正確
kanji	気	kanji letter 気	please select words with the letter 気	気づい	止め	集中	危険	合う	鳴らし	漏れ
kanji	気	kanji letter 気	please select words with the letter 気	気づか	鳴っ	医者	違っ	踊っ	支え	泣く
kanji	気	kanji letter 気	please select words with the letter 気	気分	捜し	都市	取れ	訪問	無駄	友人
kanji	気	kanji letter 気	please select words with the letter 気	天気	走れる	分かり	説得	会え	扱っ	咲く
kanji	気	kanji letter 気	please select words with the letter 気	気付い	終える	読ん	下ろし	泣く	謝ら	混乱
kanji	気	kanji letter 気	please select words with the letter 気	気持ち	安い	走れる	場所	貯め	明日	幸い
kanji	気	kanji letter 気	please select words with the letter 気	平気	尋ね	変わり	出発	返事	要求	反対
kanji	出	kanji letter 出	please select words with the letter 出	出す	作っ	乗っ	息子	短い	者	関係
kanji	出	kanji letter 出	please select words with the letter 出	出し	息子	控え	解放	学校	遅い	迷っ
kanji	出	kanji letter 出	please select words with the letter 出	出版	話そう	見つけ	変わっ	提起	嬉しかっ	小さい
kanji	出	kanji letter 出	please select words with the letter 出	出来る	確かめ	物	変わり	従事	渡る	下し
kanji	出	kanji letter 出	please select words with the letter 出	出さ	味方	欲しい	驚い	素晴らしかっ	払わ	一
kanji	出	kanji letter 出	please select words with the letter 出	出席	会っ	退屈	隠し	合っ	好む	英語
kanji	出	kanji letter 出	please select words with the letter 出	出せ	仕上げ	芸術	回復	勝つ	栽培	怠け者
kanji	出	kanji letter 出	please select words with the letter 出	出る	息子	負わ	感じ	生き	解決	着く
kanji	出	kanji letter 出	please select words with the letter 出	出	拒否	苦しん	都市	報告	貢献	所属
kanji	出	kanji letter 出	please select words with the letter 出	出来事	戻り	向かっ	幸い	短	貸し	用意
kanji	出	kanji letter 出	please select words with the letter 出	出発	発表	指摘	向かっ	要素	座っ	並ん
kanji	出	kanji letter 出	please select words with the letter 出	外出	生きる	国	都市	限ら	没頭	結べ
kanji	出	kanji letter 出	please select words with the letter 出	提出	送る	着き	優れ	済ん	対処	熱い
kanji	出	kanji letter 出	please select words with the letter 出	出身	句読点	間に合う	曇っ	待ち	泳ぎ	泊まっ
kanji	出	kanji letter 出	please select words with the letter 出	出来	疲れ	踊り	名	務め	助け	名付け
kanji	車	kanji letter 車	please select words with the letter 車	停車	広げ	登り	常	吸い	尽くし	示す
kanji	車	kanji letter 車	please select words with the letter 車	駐車	休ん	警告	平和	同情	学ん	寝る
kanji	車	kanji letter 車	please select words with the letter 車	車	酔っ	待た	訳し	夢	悩ん	知る
kanji	語	kanji letter 語	please select words with the letter 語	語っ	渇い	欲しい	盗ん	賢い	批判	入れる
kanji	語	kanji letter 語	please select words with the letter 語	言語	金持ち	難し	認める	通じ	晴れ	取ら
kanji	語	kanji letter 語	please select words with the letter 語	母語	幸せ	思い	考える	首都	取っ	行う
kanji	語	kanji letter 語	please select words with the letter 語	英語	強化	平和	進む	並ん	誤解	夢
kanji	語	kanji letter 語	please select words with the letter 語	物語	供給	示し	愛する	軽い	長い	実現
kanji	語	kanji letter 語	please select words with the letter 語	語	上昇	退屈	確信	中	言わ	記入
kanji	買	kanji letter 買	please select words with the letter 買	買わ	見る	飼っ	責め	特徴	走る	書き
kanji	買	kanji letter 買	please select words with the letter 買	買い	応じ	離婚	競争	強かっ	扱う	載っ
kanji	買	kanji letter 買	please select words with the letter 買	買える	上達	医者	襲わ	間に合っ	忙しい	中
kanji	買	kanji letter 買	please select words with the letter 買	買う	走れる	練習	必要	自由	山	仲良し
kanji	買	kanji letter 買	please select words with the letter 買	買っ	金持ち	割っ	貧乏	負わ	汚染	試着
kanji	買	kanji letter 買	please select words with the letter 買	買え	味方	貯め	目的	忠告	入っ	支持
kanji	住	kanji letter 住	please select words with the letter 住	住ん	焼け	学者	降っ	所	任せ	費やし
kanji	住	kanji letter 住	please select words with the letter 住	住まい	学ぶ	実現	開発	聞く	追っ	運転
kanji	住	kanji letter 住	please select words with the letter 住	住み	運ば	呼ん	出さ	終わら	運命	道
kanji	子	kanji letter 子	please select words with the letter 子	双子	従事	出さ	目的	要求	興奮	泣か
kanji	子	kanji letter 子	please select words with the letter 子	息子	学ぶ	折っ	失っ	及ぼし	候補	売れ
kanji	子	kanji letter 子	please select words with the letter 子	女の子	示し	飲む	欲しい	行こう	嘘つき	詩人
kanji	子	kanji letter 子	please select words with the letter 子	子	署名	歩か	感謝	先生	揺れ	遊ん
kanji	子	kanji letter 子	please select words with the letter 子	子供	調和	育っ	泊まっ	確信	守っ	働き
kanji	子	kanji letter 子	please select words with the letter 子	様子	発表	隠し	出せ	学者	歩き	歌手
kanji	供	kanji letter 供	please select words with the letter 供	提供	愛する	感じる	笑っ	取っ	想像	治療
kanji	供	kanji letter 供	please select words with the letter 供	供給	接し	従っ	聞こえ	明日	処理	名付け
kanji	供	kanji letter 供	please select words with the letter 供	子供	車	判明	死な	分かり	注文	使える
kanji	金	kanji letter 金	please select words with the letter 金	金持ち	送る	分	投函	手伝っ	分かり	高い
kanji	金	kanji letter 金	please select words with the letter 金	金	痛い	働か	分かん	小さ	優れ	分かれ
kanji	金	kanji letter 金	please select words with the letter 金	貯金	会っ	聞く	登録	奪わ	発明	変わる
kanji	教	kanji letter 教	please select words with the letter 教	教師	横たわっ	苦労	必要	詳しい	強い	抱い
kanji	教	kanji letter 教	please select words with the letter 教	教える	合っ	現れ	種	行く	求め	分かれ
kanji	教	kanji letter 教	please select words with the letter 教	教え	困難	選手	理由	幸い	比較	払い
kanji	入	kanji letter 入	please select words with the letter 入	購入	腐っ	複雑	全部	並べ	弱い	頂け
kanji	入	kanji letter 入	please select words with the letter 入	入る	金持ち	店	気	最悪	作ら	謝ら
kanji	入	kanji letter 入	please select words with the letter 入	入っ	避け	開催	亡くし	放し	叫ん	済ん
kanji	入	kanji letter 入	please select words with the letter 入	輸入	大き	従っ	行き	通学	止まっ	得
kanji	入	kanji letter 入	please select words with the letter 入	入院	従事	閉じ	都市	木製	書け	磨い
kanji	入	kanji letter 入	please select words with the letter 入	入れる	無くし	祝っ	逃げ	変	外出	渡る
kanji	入	kanji letter 入	please select words with the letter 入	入り	一致	離れ	感心	完了	開ける	済み
kanji	入	kanji letter 入	please select words with the letter 入	記入	通じ	咲い	甘い	古典	難しかっ	使える
kanji	入	kanji letter 入	please select words with the letter 入	入ら	昨日	走れ	沸騰	没頭	調査	弟
kanji	入	kanji letter 入	please select words with the letter 入	入れ	無くし	別れ	表現	食べ	高	寒
kanji	良	kanji letter 良	please select words with the letter 良	仲良し	学ぶ	超え	恐れ	川	気分	謝ら
kanji	良	kanji letter 良	please select words with the letter 良	良かっ	罰せ	教師	降ろし	好物	首都	漏れ
kanji	良	kanji letter 良	please select words with the letter 良	良さ	立て	行か	気	屈し	告げ	寒
kanji	良	kanji letter 良	please select words with the letter 良	良い	笑っ	嘘つき	中	学校	勝っ	夜
kanji	成	kanji letter 成	please select words with the letter 成	完成	要る	外食	入り	楽しみ	名	中
kanji	成	kanji letter 成	please select words with the letter 成	構成	終え	魅力	確信	登録	撮っ	早
kanji	成	kanji letter 成	please select words with the letter 成	成功	複雑	恐れ	高い	集まっ	気持ち	助け
kanji	成	kanji letter 成	please select words with the letter 成	賛成	住み	短い	酔っ	買え	歌手	間に合わ
kanji	成	kanji letter 成	please select words with the letter 成	成長	寄っ	面白	不思議	謝ら	正確	写真
kanji	成	kanji letter 成	please select words with the letter 成	達成	落とし	完璧	行う	混乱	意味	話
kanji	功	kanji letter 功	please select words with the letter 功	成功	拾っ	賢い	後	質問	会える	示す
kanji	忘	kanji letter 忘	please select words with the letter 忘	忘れる	開い	塗っ	追加	散髪	報わ	混雑
kanji	忘	kanji letter 忘	please select words with the letter 忘	忘れ	落とし	示し	買え	子	擁護	面し
kanji	男	kanji letter 男	please select words with the letter 男	男	多	食べよう	喧嘩	取れ	行う	弱い
kanji	結	kanji letter 結	please select words with the letter 結	結ん	住み	支給	必要	破っ	勤め	発音
kanji	結	kanji letter 結	please select words with the letter 結	結婚	証明	引い	欲しい	間に合わ	開き	会える
kanji	結	kanji letter 結	please select words with the letter 結	結べ	名前	耐え	諦め	脱し	思わ	広まっ
kanji	婚	kanji letter 婚	please select words with the letter 婚	結婚	中心	驚い	備え	取ら	衰え	任命
kanji	婚	kanji letter 婚	please select words with the letter 婚	離婚	削除	学者	待ち	破っ	読み	磨き
kanji	先	kanji letter 先	please select words with the letter 先	先生	否定	降っ	忘れ	来	記録	勝っ
kanji	先	kanji letter 先	please select words with the letter 先	優先	腐っ	慣れる	責め	連れ	入れる	待っ
kanji	先	kanji letter 先	please select words with the letter 先	先	作っ	渇い	生活	信じる	冷たい	誓っ
kanji	生	kanji letter 生	please select words with the letter 生	生じ	駐車	望む	度	亡くし	一致	得意
kanji	生	kanji letter 生	please select words with the letter 生	生まれる	召し上がり	見つける	様子	責任	平等	手配
kanji	生	kanji letter 生	please select words with the letter 生	長生き	寄っ	種	嘘つき	喜ん	首都	熱望
kanji	生	kanji letter 生	please select words with the letter 生	学生	終える	疲れ	広まっ	歩き	一番	停車
kanji	生	kanji letter 生	please select words with the letter 生	生まれ	仲直り	感動	番	優先	果たす	遊ん
kanji	生	kanji letter 生	please select words with the letter 生	生む	出せ	申し訳	外出	美味しい	見つかっ	伝わっ
kanji	生	kanji letter 生	please select words with the letter 生	生きる	複雑	襲わ	違い	通る	越え	楽しかっ
kanji	生	kanji letter 生	please select words with the letter 生	生活	従わ	寝坊	分かん	返事	特徴	気分
kanji	生	kanji letter 生	please select words with the letter 生	生産	相続	休み	乗れ	借り	運転	動く
kanji	生	kanji letter 生	please select words with the letter 生	生え	言い	暮らし	経営	諦め	円	当惑
kanji	生	kanji letter 生	please select words with the letter 生	先生	表現	待ち	集まっ	迷っ	発音	修理
kanji	生	kanji letter 生	please select words with the letter 生	生き	焼け	異なっ	習慣	要素	進歩	元気
kanji	生	kanji letter 生	please select words with the letter 生	生徒	付い	経験	間違える	塗っ	済ん	欠席
kanji	生	kanji letter 生	please select words with the letter 生	発生	止め	分	持ち主	連絡	言っ	間違っ
kanji	生	kanji letter 生	please select words with the letter 生	生ん	尽くし	短	演奏	混乱	救っ	勝っ
kanji	理	kanji letter 理	please select words with the letter 理	理解	思える	頼っ	抗議	母	塗っ	感謝
kanji	理	kanji letter 理	please select words with the letter 理	処理	困難	仕上げ	注意	加え	作ら	停車
kanji	理	kanji letter 理	please select words with the letter 理	修理	多	応援	性格	暑い	外食	並ん
kanji	理	kanji letter 理	please select words with the letter 理	理由	変え	知っ	無かっ	食べよう	怠け者	狂っ
kanji	理	kanji letter 理	please select words with the letter 理	料理	相続	遅	落とさ	取ら	開ける	合わ
kanji	理	kanji letter 理	please select words with the letter 理	無理	変わり	考慮	優れ	忘れ	顔	慣れ
kanji	解	kanji letter 解	please select words with the letter 解	解く	車	進め	打っ	待っ	頼み	決定
kanji	解	kanji letter 解	please select words with the letter 解	理解	廃止	提供	理由	出版	教師	返事
kanji	解	kanji letter 解	please select words with the letter 解	解け	驚き	距離	返事	科目	知ら	赤い
kanji	解	kanji letter 解	please select words with the letter 解	解ら	指摘	使い	通じ	表現	呼び	苦しん
kanji	解	kanji letter 解	please select words with the letter 解	解決	働か	貧乏	笑っ	贈っ	失敗	晴れ
kanji	解	kanji letter 解	please select words with the letter 解	解い	飲ま	作っ	着	賛成	少し	用意
kanji	解	kanji letter 解	please select words with the letter 解	解放	吸う	住まい	開始	好み	遅れ	当惑
kanji	解	kanji letter 解	please select words with the letter 解	誤解	長生き	経験	本当	手配	怖	部屋
kanji	解	kanji letter 解	please select words with the letter 解	解釈	生活	調べ	腐っ	子	開き	変わる
kanji	解	kanji letter 解	please select words with the letter 解	解散	鳴っ	壊れ	競争	恐れ	演奏	正確
kanji	解	kanji letter 解	please select words with the letter 解	解雇	表現	拾っ	預け	連絡	逮捕	保存
kanji	一	kanji letter 一	please select words with the letter 一	一緒	召し上がり	息子	渇い	発掘	倒れ	楽しん
kanji	一	kanji letter 一	please select words with the letter 一	一人	終わっ	警告	顔	拒絶	面し	続け
kanji	一	kanji letter 一	please select words with the letter 一	一杯	半	指摘	当て	別れ	越し	好み
kanji	一	kanji letter 一	please select words with the letter 一	一致	尊敬	上がっ	帰る	剃っ	覆っ	勤め
kanji	一	kanji letter 一	please select words with the letter 一	一員	象徴	川	取れ	紳士	休日	待て
kanji	一	kanji letter 一	please select words with the letter 一	一番	怠け者	笑っ	始まる	脱し	始めよう	年下
kanji	一	kanji letter 一	please select words with the letter 一	一	訪れ	飼っ	女	特徴	眠い	行う
kanji	一	kanji letter 一	please select words with the letter 一	一種	上げ	遅れる	結ん	聴き	側面	合い
kanji	緒	kanji letter 緒	please select words with the letter 緒	一緒	番組	処分	行ける	並ん	吸っ	一人
kanji	友	kanji letter 友	please select words with the letter 友	友達	休ん	歌い	木製	支払い	謝ら	負傷
kanji	友	kanji letter 友	please select words with the letter 友	友人	名前	学校	無料	越し	早い	亡くなり
kanji	友	kanji letter 友	please select words with the letter 友	親友	捧げ	楽しん	買わ	恥じ	学び	引っ越し
kanji	達	kanji letter 達	please select words with the letter 達	上達	作家	感動	起こし	襲っ	質問	用意
kanji	達	kanji letter 達	please select words with the letter 達	達し	応援	観	考える	渡る	限る	去っ
kanji	達	kanji letter 達	please select words with the letter 達	友達	明るい	歩き	運べ	愛さ	存じ	消し
kanji	達	kanji letter 達	please select words with the letter 達	配達	相続	変える	遅れる	散歩	走る	変わる
kanji	達	kanji letter 達	please select words with the letter 達	達成	撃っ	使い	度	上がり	生産	没頭
kanji	年	kanji letter 年	please select words with the letter 年	年齢	理由	弾き	要素	歌手	飽き	渡っ
kanji	年	kanji letter 年	please select words with the letter 年	年下	上昇	痛い	控え	禁止	手伝わ	分かれ
kanji	年	kanji letter 年	please select words with the letter 年	年上	傾け	種	友人	家族	行っ	強調
kanji	年	kanji letter 年	please select words with the letter 年	年	満ち	一種	邪魔	女性	楽しん	育っ
kanji	年	kanji letter 年	please select words with the letter 年	少年	戦っ	走る	中心	従う	磨き	面白
kanji	悪	kanji letter 悪	please select words with the letter 悪	最悪	学ぶ	預かっ	浪費	期待	交換	破壊
kanji	悪	kanji letter 悪	please select words with the letter 悪	悪化	医者	戻し	年上	会い	英語	年
kanji	悪	kanji letter 悪	please select words with the letter 悪	悪	蹴っ	置き	行く	変わる	自殺	高
kanji	悪	kanji letter 悪	please select words with the letter 悪	悪い	弾き	返事	始め	動く	早	混乱
kanji	悪	kanji letter 悪	please select words with the letter 悪	悪かっ	作家	責め	間に合っ	見つけ	通学	助かり
kanji	会	kanji letter 会	please select words with the letter 会	会おう	捕まっ	事	責め	選択	責任	合格
kanji	会	kanji letter 会	please select words with the letter 会	会え	掃除	渇い	預かっ	通過	振っ	優れ
kanji	会	kanji letter 会	please select words with the letter 会	会う	解ら	叫ん	良さ	失望	天気	汚れ
kanji	会	kanji letter 会	please select words with the letter 会	会える	発表	学ぶ	親切	振っ	黙っ	意味
kanji	会	kanji letter 会	please select words with the letter 会	会っ	難し	就職	分	邪魔	叫ん	進む
kanji	会	kanji letter 会	please select words with the letter 会	会い	違い	曇っ	見つから	公開	申し	頼み
kanji	会	kanji letter 会	please select words with the letter 会	会わ	故障	出	幸せ	黙っ	暮らし	同情
kanji	始	kanji letter 始	please select words with the letter 始	開始	ご覧	遊び	当て	侮辱	場所	存じ
kanji	始	kanji letter 始	please select words with the letter 始	始め	試合	気分	生産	収め	変わる	敏感
kanji	始	kanji letter 始	please select words with the letter 始	始めよう	安い	答え	愛さ	行こう	振る舞っ	奪っ
kanji	始	kanji letter 始	please select words with the letter 始	始まり	走ら	適用	熱い	首都	同感	汚染
kanji	始	kanji letter 始	please select words with the letter 始	始まる	辞書	兄弟	子	泣く	質問	頂け
kanji	始	kanji letter 始	please select words with the letter 始	始まっ	習い	在宅	結ん	上がり	発見	調査
kanji	信	kanji letter 信	please select words with the letter 信	信じる	異なっ	行う	誘っ	広がっ	惚れ	部屋
kanji	信	kanji letter 信	please select words with the letter 信	信じ	別れ	出	扱い	失っ	不思議	数え
kanji	信	kanji letter 信	please select words with the letter 信	確信	思え	歌う	務め	科目	演説	食っ
kanji	信	kanji letter 信	please select words with the letter 信	信頼	開催	閉じ	子	休む	任せ	頂け
kanji	信	kanji letter 信	please select words with the letter 信	信用	終え	集中	握っ	連れ	支払っ	動く
kanji	読	kanji letter 読	please select words with the letter 読	句読点	弾き	心配	生産	汚れ	解決	慣れ
kanji	読	kanji letter 読	please select words with the letter 読	読む	信じる	奪わ	知り	起こる	載っ	費やし
kanji	読	kanji letter 読	please select words with the letter 読	読ま	恐れる	喧嘩	飼っ	苦しん	嘘つき	感じ
kanji	読	kanji letter 読	please select words with the letter 読	読め	召し上がり	出る	欲しい	連想	従う	持っ
kanji	読	kanji letter 読	please select words with the letter 読	読める	示さ	掛かっ	狂っ	脱い	戦っ	打た
kanji	読	kanji letter 読	please select words with the letter 読	読み	酔っ	健康	上がり	黙っ	壊し	晴れる
kanji	読	kanji letter 読	please select words with the letter 読	読ん	明るい	分析	投函	目的	選択	近づい
kanji	意	kanji letter 意	please select words with the letter 意	意味	作家	置き	待とう	歌手	完璧	隠れ
kanji	意	kanji letter 意	please select words with the letter 意	注意	販売	探求	追加	欠席	電話	警告
kanji	意	kanji letter 意	please select words with the letter 意	意見	例	命令	頼ん	務め	結べ	判断
kanji	意	kanji letter 意	please select words with the letter 意	合意	貧乏	下手	都市	送り	学ん	美人
kanji	意	kanji letter 意	please select words with the letter 意	同意	歩か	走り	汚い	反抗	閉じ	楽しみ
kanji	意	kanji letter 意	please select words with the letter 意	用意	販売	楽し	寝坊	聞こえ	黙っ	運転
kanji	意	kanji letter 意	please select words with the letter 意	得意	作っ	起こし	磨い	研究	早起き	比較
kanji	味	kanji letter 味	please select words with the letter 味	美味しかっ	曲がり	注意	放し	買っ	遅れ	驚か
kanji	味	kanji letter 味	please select words with the letter 味	意味	競争	贈っ	運転	円	近づい	絵
kanji	味	kanji letter 味	please select words with the letter 味	趣味	駐車	祝っ	濡れ	提起	無料	円
kanji	味	kanji letter 味	please select words with the letter 味	美味しい	疑わしい	検討	持ち主	困る	小さい	買わ
kanji	味	kanji letter 味	please select words with the letter 味	味方	蹴っ	壊し	死ん	嫌っ	増加	正直
kanji	味	kanji letter 味	please select words with the letter 味	興味	切れ	思い	泳ぎ	譲っ	生まれ	言える
kanji	味	kanji letter 味	please select words with the letter 味	美味し	恐れる	尋ね	変え	行わ	誓っ	揺れ
kanji	多	kanji letter 多	please select words with the letter 多	多い	答え	場所	一番	訴え	楽しん	成功
kanji	多	kanji letter 多	please select words with the letter 多	多かっ	短い	立てる	生徒	唱え	知り	活用
kanji	多	kanji letter 多	please select words with the letter 多	多	削除	返せ	眠り	苦労	訪問	電話
kanji	注	kanji letter 注	please select words with the letter 注	注い	黙っ	平和	道	弾い	欠席	助け
kanji	注	kanji letter 注	please select words with the letter 注	注文	走れる	腐っ	外出	帰り	告げ	新しい
kanji	注	kanji letter 注	please select words with the letter 注	注意	歩か	尋ね	広げ	答え	歌手	調査
kanji	名	kanji letter 名	please select words with the letter 名	署名	寄っ	拾っ	議論	遊び	好か	同然
kanji	名	kanji letter 名	please select words with the letter 名	名	常	送り	怖	呼ぶ	勝っ	覚え
kanji	名	kanji letter 名	please select words with the letter 名	名前	始め	行こう	害し	走れ	落とさ	後
kanji	名	kanji letter 名	please select words with the letter 名	名づけ	着い	抑え	料理	開発	決心	乾杯
kanji	名	kanji letter 名	please select words with the letter 名	名付け	話す	全部	少ない	熱望	救っ	輝い
kanji	前	kanji letter 前	please select words with the letter 前	名前	応援	疲れ	在宅	場所	季節	間に合わ
kanji	前	kanji letter 前	please select words with the letter 前	前	焼け	死に	外出	混ん	支払っ	完璧
kanji	寝	kanji letter 寝	please select words with the letter 寝	寝る	依存	通過	感心	閉め	夢	怠け者
kanji	寝	kanji letter 寝	please select words with the letter 寝	寝坊	上達	話す	開け	故障	汚い	説得
kanji	寝	kanji letter 寝	please select words with the letter 寝	寝	侮辱	固執	減っ	締め	打っ	誓っ
kanji	与	kanji letter 与	please select words with the letter 与	与え	義務	指し	慣れ	訴え	及ぼし	少し
kanji	与	kanji letter 与	please select words with the letter 与	与える	前	帰っ	独身	明日	訪問	奪っ
kanji	発	kanji letter 発	please select words with the letter 発	発掘	招い	生きる	待たさ	川	人気	焼い
kanji	発	kanji letter 発	please select words with the letter 発	発明	困っ	一種	歌手	思う	耐え	不明
kanji	発	kanji letter 発	please select words with the letter 発	発音	傷つけ	休み	駄目	正しかっ	足り	食事
kanji	発	kanji letter 発	please select words with the letter 発	開発	実行	悪	行こう	泊まっ	完璧	奪っ
kanji	発	kanji letter 発	please select words with the letter 発	発展	召し上がり	感じる	申し訳	渡る	一員	変わる
kanji	発	kanji letter 発	please select words with the letter 発	出発	半	戻し	鉛筆	選ば	科目	留守
kanji	発	kanji letter 発	please select words with the letter 発	発見	立て	驚き	当て	悲しい	探求	弾く
kanji	発	kanji letter 発	please select words with the letter 発	爆発	知っ	故障	提出	合意	唱え	男
kanji	発	kanji letter 発	please select words with the letter 発	発生	許さ	挙げ	申し訳	願い	喜ん	恐い
kanji	発	kanji letter 発	please select words with the letter 発	発表	招い	否定	別れ	回っ	浴び	誓っ
kanji	料	kanji letter 料	please select words with the letter 料	無料	手伝う	要る	開発	限り	流行	思う
kanji	料	kanji letter 料	please select words with the letter 料	料理	乗っ	生活	翻訳	名づけ	山	予定
kanji	高	kanji letter 高	please select words with the letter 高	高	持つ	人間	混ん	逮捕	同情	解く
kanji	高	kanji letter 高	please select words with the letter 高	最高	貧乏	罰せ	責め	分かり	辞め	成功
kanji	高	kanji letter 高	please select words with the letter 高	高い	例	応じ	距離	無駄	放送	働き
kanji	高	kanji letter 高	please select words with the letter 高	高かっ	求める	食べよう	表現	冷たい	追っ	優れ
kanji	受	kanji letter 受	please select words with the letter 受	受かっ	出せ	歓迎	演奏	問題	作り	専攻
kanji	受	kanji letter 受	please select words with the letter 受	受ける	侮辱	生じ	川	元気	果たす	謝っ
kanji	受	kanji letter 受	please select words with the letter 受	受け	医者	戻し	結ん	美しかっ	持ち主	収め
kanji	書	kanji letter 書	please select words with the letter 書	書い	同然	天才	挙げ	後	並べ	意味
kanji	書	kanji letter 書	please select words with the letter 書	書か	待たさ	難しかっ	襲っ	要求	出来	報告
kanji	書	kanji letter 書	please select words with the letter 書	書く	選手	祝っ	変える	始まり	行く	刈っ
kanji	書	kanji letter 書	please select words with the letter 書	書き	別れ	払っ	鳴らし	示す	子供	買い
kanji	書	kanji letter 書	please select words with the letter 書	辞書	設立	上げ	握っ	熱中	古典	失敗
kanji	書	kanji letter 書	please select words with the letter 書	書け	通過	天才	後	美味しい	結べ	回復
kanji	待	kanji letter 待	please select words with the letter 待	待ち	最高	約束	俳優	信用	欠席	非難
kanji	待	kanji letter 待	please select words with the letter 待	待っ	眠れ	知っ	壊れ	限り	死な	危険
kanji	待	kanji letter 待	please select words with the letter 待	待つ	眠り	集中	襲わ	沸騰	放送	没頭
kanji	待	kanji letter 待	please select words with the letter 待	待た	何色	生じ	小さい	写真	痛み	刺さ
kanji	待	kanji letter 待	please select words with the letter 待	招待	戻り	練習	行か	鉛筆	捜し	生産
kanji	待	kanji letter 待	please select words with the letter 待	待ち遠しい	変え	長い	行き	訪問	優れ	働き
kanji	待	kanji letter 待	please select words with the letter 待	期待	避け	駄目	特徴	育っ	優しい	行わ
kanji	待	kanji letter 待	please select words with the letter 待	待とう	遭っ	買え	変わら	呼び	所有	時代
kanji	待	kanji letter 待	please select words with the letter 待	待たさ	無い	質問	完璧	母語	帰る	停車
kanji	待	kanji letter 待	please select words with the letter 待	待て	廃止	機嫌	黙っ	仲良し	渡し	恐い
kanji	番	kanji letter 番	please select words with the letter 番	一番	幸運	在宅	暇	乗る	学校	少ない
kanji	番	kanji letter 番	please select words with the letter 番	番組	決め	試合	決心	開き	当たる	引っ越し
kanji	番	kanji letter 番	please select words with the letter 番	番	味方	塗っ	悲しい	痛む	努力	入ら
kanji	上	kanji letter 上	please select words with the letter 上	上がっ	長生き	吸わ	競争	学生	賛成	沸騰
kanji	上	kanji letter 上	please select words with the letter 上	年上	半	包ま	独立	放っ	住ん	泳ぐ
kanji	上	kanji letter 上	please select words with the letter 上	上達	喧嘩	大き	構い	嫌っ	想像	本
kanji	上	kanji letter 上	please select words with the letter 上	上	恐れる	待とう	要求	聞こえる	失礼	脱し
kanji	上	kanji letter 上	please select words with the letter 上	召し上がり	楽	無料	鳴らし	示す	加え	晴れ
kanji	上	kanji letter 上	please select words with the letter 上	上昇	半	処分	覆わ	責め	降る	不思議
kanji	上	kanji letter 上	please select words with the letter 上	以上	歌い	受かっ	笑っ	広い	好み	亡くなり
kanji	上	kanji letter 上	please select words with the letter 上	上がり	洗っ	責め	限る	候補	太っ	起こる
kanji	上	kanji letter 上	please select words with the letter 上	上げ	乗る	慣れる	切っ	歌う	広い	専念
kanji	上	kanji letter 上	please select words with the letter 上	上手い	削除	明るい	通じ	軽い	倒れ	迫っ
kanji	上	kanji letter 上	please select words with the letter 上	仕上げ	洗っ	咲い	従う	聴き	足り	屈し
kanji	旅	kanji letter 旅	please select words with the letter 旅	旅	困っ	発見	走れ	批判	欠席	雇っ
kanji	旅	kanji letter 旅	please select words with the letter 旅	旅行	悪かっ	間違える	求め	迷っ	呼ぶ	通し
kanji	帰	kanji letter 帰	please select words with the letter 帰	帰っ	準備	掃除	叫ん	誓っ	教え	刺さ
kanji	帰	kanji letter 帰	please select words with the letter 帰	帰る	家	慣れる	動か	回	落とさ	学校
kanji	帰	kanji letter 帰	please select words with the letter 帰	帰り	変わり	呼ん	競争	抱い	覆っ	会い
kanji	帰	kanji letter 帰	please select words with the letter 帰	帰宅	削除	急い	選手	開い	出来	支持
kanji	帰	kanji letter 帰	please select words with the letter 帰	帰ら	金持ち	付け	取っ	選ん	救っ	到着
kanji	説	kanji letter 説	please select words with the letter 説	説明	作っ	多かっ	要素	着陸	保存	打っ
kanji	説	kanji letter 説	please select words with the letter 説	説得	検討	洗っ	通じ	離婚	見つから	狭
kanji	説	kanji letter 説	please select words with the letter 説	演説	明るい	苦労	覆わ	盗ん	乗せ	降ろし
kanji	明	kanji letter 明	please select words with the letter 明	不明	吸い	聞こえ	要素	遅	開始	告げ
kanji	明	kanji letter 明	please select words with the letter 明	発明	付い	求める	依存	生活	限り	残し
kanji	明	kanji letter 明	please select words with the letter 明	明日	隠し	撮っ	太っ	悪い	悩ん	泳ぐ
kanji	明	kanji letter 明	please select words with the letter 明	明るい	中止	壊れ	悲しい	用意	済み	持た
kanji	明	kanji letter 明	please select words with the letter 明	判明	指し	愛し	聞こえる	放っ	到着	恐い
kanji	明	kanji letter 明	please select words with the letter 明	説明	短い	利用	川	母語	片付け	作ら
kanji	明	kanji letter 明	please select words with the letter 明	証明	腐っ	認め	取ら	起き	泳げ	構わ
kanji	明	kanji letter 明	please select words with the letter 明	賢明	死な	守っ	短	好み	祈り	記録
kanji	欲	kanji letter 欲	please select words with the letter 欲	欲しい	幸せ	進め	降る	流行	深い	救っ
kanji	欲	kanji letter 欲	please select words with the letter 欲	欲しかっ	好む	退職	治っ	支払い	泳げ	笑う
kanji	欲	kanji letter 欲	please select words with the letter 欲	欲し	拾っ	多かっ	進ん	忠告	魅了	気付い
kanji	下	kanji letter 下	please select words with the letter 下	年下	過ぎ	痛い	手伝う	汚い	重	選ば
kanji	下	kanji letter 下	please select words with the letter 下	下し	掃除	考える	遠い	笑わ	唱え	広い
kanji	下	kanji letter 下	please select words with the letter 下	下げ	黙っ	最悪	承知	起きる	雨	犬
kanji	下	kanji letter 下	please select words with the letter 下	下手	仕上げ	受かっ	及ぼし	奪っ	同感	興奮
kanji	下	kanji letter 下	please select words with the letter 下	下さい	走ら	分かん	降る	名	担当	優勝
kanji	下	kanji letter 下	please select words with the letter 下	下ろし	接し	要求	支え	高い	変更	投げ
kanji	下	kanji letter 下	please select words with the letter 下	下っ	番組	立っ	貯め	贈っ	知ら	済み
kanji	下	kanji letter 下	please select words with the letter 下	下がっ	準備	扱わ	疲れ	行く	違い	運命
kanji	運	kanji letter 運	please select words with the letter 運	幸運	見る	暇	借り	待っ	赤い	太っ
kanji	運	kanji letter 運	please select words with the letter 運	運動	多	飲ま	終わら	消し	生まれ	映画
kanji	運	kanji letter 運	please select words with the letter 運	運ん	象徴	拾っ	横断	示す	待た	体験
kanji	運	kanji letter 運	please select words with the letter 運	運べ	指摘	悪かっ	振っ	切れる	下手	仲良し
kanji	運	kanji letter 運	please select words with the letter 運	運命	取り	働く	女性	出し	掛かっ	分かり
kanji	運	kanji letter 運	please select words with the letter 運	運転	怒ら	間違える	名づけ	外出	子	請求
kanji	運	kanji letter 運	please select words with the letter 運	運ば	試合	言い	高	知り	結べ	散髪
kanji	転	kanji letter 転	please select words with the letter 転	運転	読ん	困っ	解散	務め	公開	動く
kanji	犬	kanji letter 犬	please select words with the letter 犬	犬	付い	市	様子	魅了	欠席	好み
kanji	難	kanji letter 難	please select words with the letter 難	難しい	曲がり	恐れる	帰り	公開	動かし	倍
kanji	難	kanji letter 難	please select words with the letter 難	難し	着い	運ば	歓迎	止まっ	人気	耐え
kanji	難	kanji letter 難	please select words with the letter 難	困難	飲ま	応じ	就職	分かん	出し	祈り
kanji	難	kanji letter 難	please select words with the letter 難	非難	作家	死な	守っ	返し	作ら	好み
kanji	難	kanji letter 難	please select words with the letter 難	難しかっ	便利	尊敬	始まり	直し	食べ	投げ
kanji	遅	kanji letter 遅	please select words with the letter 遅	遅れ	回	増し	行こう	熱い	放っ	撮っ
kanji	遅	kanji letter 遅	please select words with the letter 遅	遅刻	運べ	渡る	恋しい	誘っ	焼い	脱い
kanji	遅	kanji letter 遅	please select words with the letter 遅	遅い	勧め	変える	祝っ	安全	解放	願い
kanji	遅	kanji letter 遅	please select words with the letter 遅	遅れる	素晴らしい	死に	答え	吸い	並べ	支払い
kanji	遅	kanji letter 遅	please select words with the letter 遅	遅	生じ	幸せ	外し	忠告	失礼	驚か
kanji	願	kanji letter 願	please select words with the letter 願	願っ	震え	生活	生え	変	速い	飽き
kanji	願	kanji letter 願	please select words with the letter 願	願い	思える	軽い	安全	富ん	恵まれ	眠い
kanji	部	kanji letter 部	please select words with the letter 部	全部	多	見つける	包ま	返事	滞在	亡くなっ
kanji	部	kanji letter 部	please select words with the letter 部	部屋	禁じ	ご覧	建て	過ごす	好み	起きる
kanji	屋	kanji letter 屋	please select words with the letter 屋	部屋	素晴らしい	同情	参照	包ん	暮れ	秘密
kanji	心	kanji letter 心	please select words with the letter 心	中心	教師	競争	苦しん	買える	狭	生まれ
kanji	心	kanji letter 心	please select words with the letter 心	心配	削除	次第	捜し	減っ	処理	忘れ
kanji	心	kanji letter 心	please select words with the letter 心	決心	検討	襲わ	川	借り	嬉し	本
kanji	心	kanji letter 心	please select words with the letter 心	安心	掃除	公平	聞か	扱い	笑わ	生まれ
kanji	心	kanji letter 心	please select words with the letter 心	用心	替え	注意	複雑	履い	覚め	笑い
kanji	心	kanji letter 心	please select words with the letter 心	感心	前	従事	述べ	友人	顔	覚え
kanji	配	kanji letter 配	please select words with the letter 配	支配	撃っ	半	痛い	感じる	吸わ	死な
kanji	配	kanji letter 配	please select words with the letter 配	手配	呼び	申し訳	出さ	複雑	本当	始まる
kanji	配	kanji letter 配	please select words with the letter 配	心配	選手	始め	保存	紳士	上手い	書き
kanji	配	kanji letter 配	please select words with the letter 配	配達	厳しい	理由	重	起こし	回し	留学
kanji	計	kanji letter 計	please select words with the letter 計	計算	侮辱	向かっ	分かり	折っ	首都	知ら
kanji	計	kanji letter 計	please select words with the letter 計	計画	歩い	物語	切り	離婚	幸い	座っ
kanji	画	kanji letter 画	please select words with the letter 画	映画	作っ	在宅	心配	言い	川	始まる
kanji	画	kanji letter 画	please select words with the letter 画	計画	生活	蹴っ	慣れる	思い	持ち主	恐れ
kanji	失	kanji letter 失	please select words with the letter 失	失敗	恐れ	年上	固執	回復	伝わっ	浮かべ
kanji	失	kanji letter 失	please select words with the letter 失	失望	狭い	行う	聴き	行っ	自殺	浮かべ
kanji	失	kanji letter 失	please select words with the letter 失	失っ	苦い	務め	伺い	鋭い	弾く	支持
kanji	失	kanji letter 失	please select words with the letter 失	失礼	無くし	泣く	負わ	抜い	遊び	寒い
kanji	敗	kanji letter 敗	please select words with the letter 敗	失敗	競争	試合	処理	始まる	月	側面
kanji	働	kanji letter 働	please select words with the letter 働	働か	伝統	違い	行わ	写真	殺さ	数え
kanji	働	kanji letter 働	please select words with the letter 働	働く	何色	一種	生え	欲しい	回っ	休む
kanji	働	kanji letter 働	please select words with the letter 働	働き	半	外出	美しい	登録	同感	賢明
kanji	働	kanji letter 働	please select words with the letter 働	働い	侮辱	愛する	運べ	申し訳	上	扱う
kanji	起	kanji letter 起	please select words with the letter 起	起きる	ご覧	名前	名づけ	渡る	合意	短
kanji	起	kanji letter 起	please select words with the letter 起	提起	見つけ	間に合っ	食べ	山	回し	惚れ
kanji	起	kanji letter 起	please select words with the letter 起	起こり	横切っ	掃除	確かめ	最高	下手	楽しん
kanji	起	kanji letter 起	please select words with the letter 起	起こし	示し	流さ	食べ物	返事	男	買える
kanji	起	kanji letter 起	please select words with the letter 起	早起き	場所	国	去っ	洗い	果たす	町
kanji	起	kanji letter 起	please select words with the letter 起	起こす	話そう	渡っ	名	行け	変更	払え
kanji	起	kanji letter 起	please select words with the letter 起	起き	上達	泊め	幸せ	忙しい	見	知り
kanji	起	kanji letter 起	please select words with the letter 起	起こる	退屈	開い	求め	一緒	出来	置い
kanji	起	kanji letter 起	please select words with the letter 起	起こっ	死に	選び	鉛筆	試合	芸術	難しかっ
kanji	病	kanji letter 病	please select words with the letter 病	病気	難し	属し	治療	怠け者	出来事	役立つ
kanji	病	kanji letter 病	please select words with the letter 病	臆病	捧げ	祝い	学生	固執	提案	赤い
kanji	歩	kanji letter 歩	please select words with the letter 歩	歩け	恐れる	認識	生徒	吹き	円	祈り
kanji	歩	kanji letter 歩	please select words with the letter 歩	散歩	戻り	当て	負わ	幸い	一緒	破っ
kanji	歩	kanji letter 歩	please select words with the letter 歩	歩か	退屈	受かっ	登っ	控え	捜し	魅力
kanji	歩	kanji letter 歩	please select words with the letter 歩	歩く	付い	満足	曲がり	抜い	覚まし	打っ
kanji	歩	kanji letter 歩	please select words with the letter 歩	歩き	期待	危険	仲間	頑張っ	側面	飛ん
kanji	歩	kanji letter 歩	please select words with the letter 歩	進歩	拾っ	複雑	悪	務め	男	弾い
kanji	歩	kanji letter 歩	please select words with the letter 歩	歩い	解ら	登っ	提起	泊まっ	本	果たす
kanji	使	kanji letter 使	please select words with the letter 使	使え	手伝う	尊敬	生え	拾っ	飲む	休む
kanji	使	kanji letter 使	please select words with the letter 使	使う	緊張	始め	生徒	務め	書い	専念
kanji	使	kanji letter 使	please select words with the letter 使	使い	満ち	楽し	彼氏	腐っ	気	悪化
kanji	使	kanji letter 使	please select words with the letter 使	使用	乗っ	選手	幸福	感心	負え	攻撃
kanji	使	kanji letter 使	please select words with the letter 使	使っ	分	幸せ	直し	幸い	頑張っ	入れ
kanji	使	kanji letter 使	please select words with the letter 使	使える	寄っ	人	待とう	与える	以上	平気
kanji	使	kanji letter 使	please select words with the letter 使	使わ	提供	一番	間に合っ	起こし	言っ	賢い
kanji	約	kanji letter 約	please select words with the letter 約	約束	取り	整頓	害し	送り	聞こえる	道
kanji	約	kanji letter 約	please select words with the letter 約	予約	返せ	踊り	持ち主	着陸	優先	配達
kanji	束	kanji letter 束	please select words with the letter 束	約束	扱わ	入り	実現	手伝っ	感じ	汚れ
kanji	疲	kanji letter 疲	please select words with the letter 疲	疲れ	禁じ	付い	驚き	返せ	分かり	演説
kanji	座	kanji letter 座	please select words with the letter 座	座り	素晴らしい	楽し	答え	発見	及ぼし	聴き
kanji	座	kanji letter 座	please select words with the letter 座	座っ	走っ	死ぬ	優先	頑張っ	閉まっ	合い
kanji	分	kanji letter 分	please select words with the letter 分	分かる	訪れ	踊り	出せ	座っ	衰え	手紙
kanji	分	kanji letter 分	please select words with the letter 分	分け	横切っ	捕まっ	広げ	練習	考え	抑える
kanji	分	kanji letter 分	please select words with the letter 分	分かん	会う	就職	調和	発明	脱し	天気
kanji	分	kanji letter 分	please select words with the letter 分	分かれ	歩か	刈っ	都市	没頭	待っ	守る
kanji	分	kanji letter 分	please select words with the letter 分	分	過ぎ	変わら	首都	円	笑い	来
kanji	分	kanji letter 分	please select words with the letter 分	分かっ	素晴らしい	検討	聞か	開催	行う	町
kanji	分	kanji letter 分	please select words with the letter 分	分から	熟し	上がり	着陸	働き	治療	話せ
kanji	分	kanji letter 分	please select words with the letter 分	気分	軽い	塗っ	母	固執	渡し	文
kanji	分	kanji letter 分	please select words with the letter 分	処分	少し	同感	没頭	並ん	効く	退職
kanji	分	kanji letter 分	please select words with the letter 分	分かり	貯め	立つ	起こる	配達	挨拶	全焼
kanji	分	kanji letter 分	please select words with the letter 分	分析	入り	一緒	紳士	学校	怖	教え
kanji	新	kanji letter 新	please select words with the letter 新	新しい	退屈	者	味方	襲わ	走る	無料
kanji	新	kanji letter 新	please select words with the letter 新	新聞	作っ	駐車	抑え	奪わ	覚め	部屋
kanji	作	kanji letter 作	please select words with the letter 作	作ら	掃除	否定	兄弟	甘い	歌手	並ん
kanji	作	kanji letter 作	please select words with the letter 作	作る	招い	接し	恐れる	指し	心配	恥ずかしい
kanji	作	kanji letter 作	please select words with the letter 作	作り	替え	中	待た	書い	読み	年齢
kanji	作	kanji letter 作	please select words with the letter 作	作っ	立てる	変わっ	済ん	気づか	上がっ	高かっ
kanji	作	kanji letter 作	please select words with the letter 作	作家	切れ	立てる	待とう	合意	旅行	汚染
kanji	長	kanji letter 長	please select words with the letter 長	長	発表	生じ	分	外食	休み	浮かべ
kanji	長	kanji letter 長	please select words with the letter 長	成長	何色	学者	呼ん	締め	間違っ	起き
kanji	長	kanji letter 長	please select words with the letter 長	長い	確かめ	役立ち	家	進歩	借り	切望
kanji	長	kanji letter 長	please select words with the letter 長	長生き	楽し	及ば	要素	育て	回復	手伝い
kanji	覚	kanji letter 覚	please select words with the letter 覚	覚悟	求める	乗る	事	増し	売れ	夜
kanji	覚	kanji letter 覚	please select words with the letter 覚	覚め	依存	当て	生じ	倒れ	賢い	使える
kanji	覚	kanji letter 覚	please select words with the letter 覚	覚え	散歩	番	沸騰	務め	奪っ	知ら
kanji	覚	kanji letter 覚	please select words with the letter 覚	覚まし	準備	死に	判明	歌う	運転	所有
kanji	楽	kanji letter 楽	please select words with the letter 楽	楽しん	親切	呼び	自由	苦手	属し	伝わっ
kanji	楽	kanji letter 楽	please select words with the letter 楽	楽しみ	富ん	利用	増し	壊し	関係	買っ
kanji	楽	kanji letter 楽	please select words with the letter 楽	楽し	経験	無理	表現	伝統	通る	推薦
kanji	楽	kanji letter 楽	please select words with the letter 楽	楽	眠れ	行き	尽くし	告げ	広がっ	試み
kanji	楽	kanji letter 楽	please select words with the letter 楽	楽しかっ	走れる	故障	息子	壊れ	気分	追加
kanji	楽	kanji letter 楽	please select words with the letter 楽	楽しい	行ける	喜ん	嫌っ	学ん	動く	書い
kanji	通	kanji letter 通	please select words with the letter 通	精通	震え	離婚	責め	結ん	良さ	助け
kanji	通	kanji letter 通	please select words with the letter 通	通学	克服	割っ	提供	行動	人形	覚まし
kanji	通	kanji letter 通	please select words with the letter 通	通し	寄っ	示さ	男	少女	洗濯	痛み
kanji	通	kanji letter 通	please select words with the letter 通	通過	幸せ	名づけ	握っ	面白	話さ	払え
kanji	通	kanji letter 通	please select words with the letter 通	通ら	切れ	散歩	早	会おう	買い	次第
kanji	通	kanji letter 通	please select words with the letter 通	通っ	遭っ	鳥	聞か	気づか	見つかっ	載っ
kanji	通	kanji letter 通	please select words with the letter 通	通り	覆わ	相談	済ん	盗ん	演奏	失礼
kanji	通	kanji letter 通	please select words with the letter 通	通じ	故障	分	富ん	死な	採用	町
kanji	通	kanji letter 通	please select words with the letter 通	通る	何色	相談	幸い	所属	来れ	自殺
kanji	親	kanji letter 親	please select words with the letter 親	親切	蹴っ	最高	一番	聞く	賛成	成功
kanji	親	kanji letter 親	please select words with the letter 親	親友	返せ	事	異なる	健康	魅了	収め
kanji	切	kanji letter 切	please select words with the letter 切	切れ	応援	出発	女の子	救っ	楽しかっ	優勝
kanji	切	kanji letter 切	please select words with the letter 切	裏切っ	象徴	一致	難しかっ	希望	手配	一人
kanji	切	kanji letter 切	please select words with the letter 切	切れる	習慣	壊れ	分	外し	入院	用意
kanji	切	kanji letter 切	please select words with the letter 切	切り	変わら	集中	訴え	気分	眠い	危険
kanji	切	kanji letter 切	please select words with the letter 切	切っ	否定	貧乏	悪かっ	強い	読む	病気
kanji	切	kanji letter 切	please select words with the letter 切	横切っ	替え	物	申し訳	着陸	番	行ける
kanji	切	kanji letter 切	please select words with the letter 切	親切	取り	連想	聞く	稼い	喜ん	囲ま
kanji	切	kanji letter 切	please select words with the letter 切	切望	例	公平	書か	待た	夢	抱い
kanji	死	kanji letter 死	please select words with the letter 死	死ん	禁煙	鳴らし	白い	寒	高かっ	書き
kanji	死	kanji letter 死	please select words with the letter 死	死に	下ろし	幸運	見つけ	増し	中心	運動
kanji	死	kanji letter 死	please select words with the letter 死	死な	蹴っ	実現	開か	混同	混ぜ	面白
kanji	死	kanji letter 死	please select words with the letter 死	死ぬ	明るい	暖かい	戻し	集中	中	白い
kanji	美	kanji letter 美	please select words with the letter 美	美味しい	外食	説得	無駄	耐え	載っ	決定
kanji	美	kanji letter 美	please select words with the letter 美	美味し	会っ	彼氏	合意	仲良し	留学	変わる
kanji	美	kanji letter 美	please select words with the letter 美	美しい	速い	対処	欠席	座っ	少女	当惑
kanji	美	kanji letter 美	please select words with the letter 美	美しかっ	中止	蹴っ	直し	選ば	元気	亡くなり
kanji	美	kanji letter 美	please select words with the letter 美	美味しかっ	通じ	切れる	横断	青ざめ	立つ	人形
kanji	美	kanji letter 美	please select words with the letter 美	美人	幸福	増し	自由	気づい	脅し	違う
kanji	幸	kanji letter 幸	please select words with the letter 幸	幸福	撃っ	曲がり	集中	限ら	分から	示す
kanji	幸	kanji letter 幸	please select words with the letter 幸	幸い	歩か	祝い	間に合っ	人間	支払っ	仲良し
kanji	幸	kanji letter 幸	please select words with the letter 幸	幸せ	扱わ	知る	探求	話さ	失望	電話
kanji	幸	kanji letter 幸	please select words with the letter 幸	幸運	廃止	変え	感動	治る	鍵	到着
kanji	努	kanji letter 努	please select words with the letter 努	努力	無かっ	着い	生え	言っ	質問	比較
kanji	努	kanji letter 努	please select words with the letter 努	努め	疲れ	混ん	進む	与える	届か	縛ら
kanji	力	kanji letter 力	please select words with the letter 力	努力	止め	代わっ	重	楽しみ	殴っ	与える
kanji	力	kanji letter 力	please select words with the letter 力	魅力	洗っ	出来事	富ん	謝る	賢明	配達
kanji	手	kanji letter 手	please select words with the letter 手	手配	開け	贈っ	唱え	奴	失望	飛ん
kanji	手	kanji letter 手	please select words with the letter 手	手伝い	切り	就職	合っ	固執	破っ	秘密
kanji	手	kanji letter 手	please select words with the letter 手	苦手	重	使える	太っ	存じ	弟	恥じ
kanji	手	kanji letter 手	please select words with the letter 手	手伝っ	届き	傾け	必要	欲しい	決心	演奏
kanji	手	kanji letter 手	please select words with the letter 手	下手	難し	事	片付け	足り	怒っ	咲く
kanji	手	kanji letter 手	please select words with the letter 手	歌手	息子	散歩	脱ぎ	生産	座っ	汚染
kanji	手	kanji letter 手	please select words with the letter 手	手伝わ	終え	仲直り	先生	文	混乱	閉め
kanji	手	kanji letter 手	please select words with the letter 手	手紙	変え	覆わ	責め	行く	動か	入れる
kanji	手	kanji letter 手	please select words with the letter 手	手伝う	削除	喧嘩	分かん	登り	好物	遊ん
kanji	手	kanji letter 手	please select words with the letter 手	上手い	戻っ	指し	連れ	訴え	出さ	残る
kanji	手	kanji letter 手	please select words with the letter 手	手渡し	前	苦しん	青ざめ	名	英語	留守
kanji	手	kanji letter 手	please select words with the letter 手	選手	作っ	冷たい	害し	見つかっ	詳しい	痩せ
kanji	伝	kanji letter 伝	please select words with the letter 伝	伝統	切れる	冷たい	離陸	無駄	熱望	助け
kanji	伝	kanji letter 伝	please select words with the letter 伝	手伝い	困難	親友	選手	固執	同情	存知
kanji	伝	kanji letter 伝	please select words with the letter 伝	手伝っ	見る	動か	降る	人気	泊まっ	忙し
kanji	伝	kanji letter 伝	please select words with the letter 伝	手伝わ	知っ	包ま	複雑	言語	殺し	済み
kanji	伝	kanji letter 伝	please select words with the letter 伝	伝わっ	料理	願い	待ち	責任	譲っ	死ん
kanji	伝	kanji letter 伝	please select words with the letter 伝	伝え	心配	嫌っ	伺い	同感	公開	結べ
kanji	伝	kanji letter 伝	please select words with the letter 伝	手伝う	厳しい	料理	動く	上	冷静	調べ
kanji	質	kanji letter 質	please select words with the letter 質	質問	抗議	終わる	少ない	停車	修理	衰え
kanji	雨	kanji letter 雨	please select words with the letter 雨	雨	鳥	避け	外出	述べ	誓っ	到着
kanji	学	kanji letter 学	please select words with the letter 学	留学	切り	返せ	世話	安全	気づか	晴れ
kanji	学	kanji letter 学	please select words with the letter 学	学生	暇	苦しん	過ごす	謝ら	守る	通し
kanji	学	kanji letter 学	please select words with the letter 学	学ば	異なっ	預かっ	抗議	人気	拡大	与える
kanji	学	kanji letter 学	please select words with the letter 学	学校	考える	番	気分	選択	英語	決心
kanji	学	kanji letter 学	please select words with the letter 学	学ぶ	会う	欲しい	外出	危険	働き	恥じ
kanji	学	kanji letter 学	please select words with the letter 学	学ん	送る	聞か	本当	踊っ	成功	高い
kanji	学	kanji letter 学	please select words with the letter 学	学び	読ま	複雑	足り	作り	汚れ	思わ
kanji	学	kanji letter 学	please select words with the letter 学	通学	頼っ	間違え	迫っ	問題	来れ	作ら
kanji	学	kanji letter 学	please select words with the letter 学	学者	生じ	提出	悪かっ	行わ	解決	勝ち
kanji	終	kanji letter 終	please select words with the letter 終	終わっ	物語	学者	怒ら	集中	切っ	会える
kanji	終	kanji letter 終	please select words with the letter 終	終える	便利	困っ	代わっ	名づけ	逮捕	気づか
kanji	終	kanji letter 終	please select words with the letter 終	終わる	離婚	待とう	泣き	眠い	開始	屈し
kanji	終	kanji letter 終	please select words with the letter 終	終わり	認める	消え	伺い	素晴らしかっ	鍵	晴れる
kanji	終	kanji letter 終	please select words with the letter 終	終え	楽し	度	責め	歓迎	遅	成功
kanji	終	kanji letter 終	please select words with the letter 終	終わら	中止	仲直り	沸騰	助かり	迫っ	重い
kanji	着	kanji letter 着	please select words with the letter 着	着き	接し	歌い	場所	投函	辞め	泊まっ
kanji	着	kanji letter 着	please select words with the letter 着	着陸	暖かい	食べ物	得意	希望	悪い	教え
kanji	着	kanji letter 着	please select words with the letter 着	着く	付い	故障	一致	変わる	果たす	話せる
kanji	着	kanji letter 着	please select words with the letter 着	着る	取り	貯め	混ん	見つから	書け	寒
kanji	着	kanji letter 着	please select words with the letter 着	試着	優れ	変わる	判断	楽しかっ	語っ	拒絶
kanji	着	kanji letter 着	please select words with the letter 着	到着	署名	走れる	天才	変	適用	少女
kanji	着	kanji letter 着	please select words with the letter 着	着い	挑戦	届き	渇い	一番	優先	支払っ
kanji	着	kanji letter 着	please select words with the letter 着	着	戻し	感謝	去っ	不思議	謝ら	生まれ
kanji	健	kanji letter 健	please select words with the letter 健	健康	作っ	答え	現れ	求め	遠い	備え
kanji	康	kanji letter 康	please select words with the letter 康	健康	幸運	生え	新聞	戻し	動か	冷たい
kanji	続	kanji letter 続	please select words with the letter 続	続け	覆わ	出さ	難しかっ	人気	従う	示す
kanji	続	kanji letter 続	please select words with the letter 続	続い	変え	期待	訴え	恵まれ	書い	戦っ
kanji	続	kanji letter 続	please select words with the letter 続	相続	多	鳴っ	完璧	趣味	始めよう	寒かっ
kanji	続	kanji letter 続	please select words with the letter 続	続く	走ら	切り	下手	泣き	害し	帰宅
kanji	感	kanji letter 感	please select words with the letter 感	感動	悪かっ	待とう	学ば	学ん	意味	脅し
kanji	感	kanji letter 感	please select words with the letter 感	感じ	欲しい	連絡	限り	手配	起こる	注い
kanji	感	kanji letter 感	please select words with the letter 感	敏感	話そう	思える	合っ	苦しん	書け	屈し
kanji	感	kanji letter 感	please select words with the letter 感	感じる	伝え	集中	行ける	目的	怒る	完璧
kanji	感	kanji letter 感	please select words with the letter 感	同感	調べ	待たさ	分から	鋭い	語っ	払え
kanji	感	kanji letter 感	please select words with the letter 感	感謝	驚き	運ば	倒れ	離陸	候補	越し
kanji	感	kanji letter 感	please select words with the letter 感	感心	中止	好物	飲め	起こす	狭い	勤め
kanji	夢	kanji letter 夢	please select words with the letter 夢	夢	話そう	残っ	浪費	獲得	質問	木製
kanji	飲	kanji letter 飲	please select words with the letter 飲	飲む	食べ	隠れ	奴	正直	非難	待ち遠しい
kanji	飲	kanji letter 飲	please select words with the letter 飲	飲ん	生まれる	履い	意見	深い	雇っ	興味
kanji	飲	kanji letter 飲	please select words with the letter 飲	飲ま	解ら	考える	泣き	離れ	植え	参照
kanji	飲	kanji letter 飲	please select words with the letter 飲	飲み	通過	向かっ	濡れ	少し	木製	鳴らし
kanji	飲	kanji letter 飲	please select words with the letter 飲	飲め	選手	提起	紳士	誘っ	吹き	祈り
kanji	予	kanji letter 予	please select words with the letter 予	予約	低い	義務	習慣	閉じ	学生	参り
kanji	予	kanji letter 予	please select words with the letter 予	予定	返せ	増し	希望	撮っ	文	詳しい
kanji	定	kanji letter 定	please select words with the letter 定	仮定	表現	昨日	外食	恵まれ	旅行	狭
kanji	定	kanji letter 定	please select words with the letter 定	否定	終える	認識	残っ	生きる	行か	連想
kanji	定	kanji letter 定	please select words with the letter 定	予定	落とし	注意	恐れ	好む	連れ	怒る
kanji	定	kanji letter 定	please select words with the letter 定	決定	付い	話そう	処理	小さい	治る	見つかっ
kanji	違	kanji letter 違	please select words with the letter 違	違っ	頼っ	最高	伝統	月	仲良し	年下
kanji	違	kanji letter 違	please select words with the letter 違	違い	代わっ	限り	対処	集まっ	磨い	入れる
kanji	違	kanji letter 違	please select words with the letter 違	間違え	走ら	就職	良い	考える	学生	植え
kanji	違	kanji letter 違	please select words with the letter 違	違う	人	張っ	苦しん	植え	買う	催さ
kanji	違	kanji letter 違	please select words with the letter 違	間違える	遭っ	暇	大き	学生	独立	驚い
kanji	違	kanji letter 違	please select words with the letter 違	間違い	青	乗れ	行ける	着陸	間に合わ	没頭
kanji	違	kanji letter 違	please select words with the letter 違	間違っ	供給	安全	休み	親切	思い	与える
kanji	取	kanji letter 取	please select words with the letter 取	取り	経験	採用	走れ	禁止	無駄	到着
kanji	取	kanji letter 取	please select words with the letter 取	取ら	接し	選手	禁煙	泣き	良さ	起こる
kanji	取	kanji letter 取	please select words with the letter 取	取っ	終え	亡くし	磨い	漏れ	拡大	倍
kanji	取	kanji letter 取	please select words with the letter 取	取る	相続	行か	刈っ	離れ	平和	耐え
kanji	取	kanji letter 取	please select words with the letter 取	取れ	恐れる	貯め	決心	英語	怒っ	亡くなり
kanji	少	kanji letter 少	please select words with the letter 少	少ない	尋ね	終わら	迫っ	当たる	残し	面白かっ
kanji	少	kanji letter 少	please select words with the letter 少	少女	横たわっ	聴い	下げ	人物	恐い	泳げ
kanji	少	kanji letter 少	please select words with the letter 少	少し	回し	覚まし	向け	焼い	入れ	謝る
kanji	少	kanji letter 少	please select words with the letter 少	減少	達し	汚い	人気	最悪	候補	諦め
kanji	少	kanji letter 少	please select words with the letter 少	少年	複雑	上がり	難しかっ	都市	祈り	美人
kanji	映	kanji letter 映	please select words with the letter 映	映画	閉じ	投函	襲っ	植え	払っ	教える
kanji	映	kanji letter 映	please select words with the letter 映	反映	歩き	好み	調査	続い	寒い	捨て
kanji	開	kanji letter 開	please select words with the letter 開	開始	呼ん	過ごす	衝突	平等	手伝い	増加
kanji	開	kanji letter 開	please select words with the letter 開	開い	指し	女性	無料	欲しかっ	待た	閉め
kanji	開	kanji letter 開	please select words with the letter 開	開き	流さ	選択	首都	伸び	以上	非難
kanji	開	kanji letter 開	please select words with the letter 開	開発	手伝う	使わ	得意	主張	推薦	衰え
kanji	開	kanji letter 開	please select words with the letter 開	満開	示し	味方	考える	笑わ	殴っ	行う
kanji	開	kanji letter 開	please select words with the letter 開	公開	会う	学ば	磨い	遅い	上	話
kanji	開	kanji letter 開	please select words with the letter 開	開か	話す	着き	仲直り	甘い	進ん	留学
kanji	開	kanji letter 開	please select words with the letter 開	開け	食べ物	違っ	知ら	揺れ	書い	生き
kanji	開	kanji letter 開	please select words with the letter 開	開催	証明	思い	気	汚染	曲がっ	言語
kanji	開	kanji letter 開	please select words with the letter 開	開ける	低い	走れる	店	従っ	多かっ	行ける
kanji	降	kanji letter 降	please select words with the letter 降	降る	作っ	度	熟し	会え	譲っ	辞書
kanji	降	kanji letter 降	please select words with the letter 降	降っ	驚き	ご覧	大き	泣き	歌う	強い
kanji	降	kanji letter 降	please select words with the letter 降	降り	侮辱	暖かい	慣れる	乗れ	整頓	抜い
kanji	降	kanji letter 降	please select words with the letter 降	降ろし	親友	飲む	登っ	入り	締め	配達
kanji	降	kanji letter 降	please select words with the letter 降	降ら	飲ま	落とし	起こり	忙しい	行わ	平等
kanji	素	kanji letter 素	please select words with the letter 素	素晴らしかっ	立て	捧げ	吸う	慣れる	雪	悪
kanji	素	kanji letter 素	please select words with the letter 素	要素	過ぎ	歌い	古典	縛ら	尽くし	熱望
kanji	素	kanji letter 素	please select words with the letter 素	素晴らしい	提供	住み	使用	好む	様子	訳し
kanji	晴	kanji letter 晴	please select words with the letter 晴	晴れ	歩か	学生	取っ	少し	残し	負傷
kanji	晴	kanji letter 晴	please select words with the letter 晴	晴れる	料理	吸い	平和	美味しい	洗い	詩人
kanji	晴	kanji letter 晴	please select words with the letter 晴	素晴らしい	別れ	親切	処理	行わ	待た	関連
kanji	晴	kanji letter 晴	please select words with the letter 晴	素晴らしかっ	通過	泣く	恵まれ	辞め	詳しい	惚れ
kanji	試	kanji letter 試	please select words with the letter 試	試合	過ぎ	手伝う	賢い	判断	名付け	怒っ
kanji	試	kanji letter 試	please select words with the letter 試	試着	削除	暖かい	確信	支払っ	暮らし	謝ら
kanji	試	kanji letter 試	please select words with the letter 試	試し	機嫌	見つける	訴え	分かり	嫌い	従う
kanji	試	kanji letter 試	please select words with the letter 試	試み	人	者	限る	育て	祈り	記録
kanji	反	kanji letter 反	please select words with the letter 反	反抗	休み	好物	違っ	通る	年齢	勉強
kanji	反	kanji letter 反	please select words with the letter 反	反映	馬鹿	登録	備え	変化	泳げ	出来事
kanji	反	kanji letter 反	please select words with the letter 反	反対	接し	大き	動か	楽しみ	説得	思う
kanji	対	kanji letter 対	please select words with the letter 対	対処	待たさ	追っ	減っ	学校	示す	当たる
kanji	対	kanji letter 対	please select words with the letter 対	反対	寄っ	暑い	少し	保証	文	手渡し
kanji	決	kanji letter 決	please select words with the letter 決	決め	使い	建て	磨い	考え	晴れる	勝つ
kanji	決	kanji letter 決	please select words with the letter 決	決まっ	呼ん	利用	待ち	貸し	調査	話
kanji	決	kanji letter 決	please select words with the letter 決	解決	乗れ	着陸	男	嫌わ	行っ	恥じ
kanji	決	kanji letter 決	please select words with the letter 決	決心	震え	調和	邪魔	必要	母語	部屋
kanji	決	kanji letter 決	please select words with the letter 決	決定	公平	一種	行ける	稼い	通る	泊まっ
kanji	場	kanji letter 場	please select words with the letter 場	場所	蹴っ	弾き	禁煙	濡れ	嬉し	弾く
kanji	所	kanji letter 所	please select words with the letter 所	場所	検討	感動	愛し	属し	危険	放っ
kanji	所	kanji letter 所	please select words with the letter 所	所	吸い	外し	出来	報わ	訳	増え
kanji	所	kanji letter 所	please select words with the letter 所	所有	人	思わ	旅行	手伝い	双子	平気
kanji	所	kanji letter 所	please select words with the letter 所	所属	訪問	嬉しかっ	月	感じ	読み	話
kanji	国	kanji letter 国	please select words with the letter 国	国	中止	聞こえ	入院	愛し	青ざめ	弾い
kanji	国	kanji letter 国	please select words with the letter 国	国民	応じ	感動	願い	生徒	分から	変化
kanji	探	kanji letter 探	please select words with the letter 探	探求	基づい	出版	車	生産	破っ	貢献
kanji	探	kanji letter 探	please select words with the letter 探	探し	退屈	解ら	女	行く	適用	外出
kanji	立	kanji letter 立	please select words with the letter 立	立つ	咲い	提出	美しかっ	嫌っ	上	待て
kanji	立	kanji letter 立	please select words with the letter 立	役立ち	代わっ	慣れる	倒れ	恐れ	死ぬ	借り
kanji	立	kanji letter 立	please select words with the letter 立	立て	下ろし	雪	決心	開き	取ら	元気
kanji	立	kanji letter 立	please select words with the letter 立	立っ	休ん	通る	紳士	覚め	乾杯	勝つ
kanji	立	kanji letter 立	please select words with the letter 立	設立	賛成	通学	踊っ	聴い	回し	覚まし
kanji	立	kanji letter 立	please select words with the letter 立	立た	指し	陥っ	終わら	支払っ	取っ	主張
kanji	立	kanji letter 立	please select words with the letter 立	立てる	駐車	祝っ	指し	運動	入れ	精通
kanji	立	kanji letter 立	please select words with the letter 立	役立つ	性格	好む	本当	狭い	撮っ	悩まさ
kanji	立	kanji letter 立	please select words with the letter 立	独立	息子	離婚	求め	折っ	聞こえる	寝る
kanji	立	kanji letter 立	please select words with the letter 立	立ち	安い	曲がり	震え	稼い	幸い	聞こえる
kanji	動	kanji letter 動	please select words with the letter 動	感動	取る	働く	与え	近く	包ま	美味しかっ
kanji	動	kanji letter 動	please select words with the letter 動	動かし	替え	傷つけ	処分	働く	唱え	申し
kanji	動	kanji letter 動	please select words with the letter 動	運動	戻り	洗っ	相談	縛ら	一緒	寒かっ
kanji	動	kanji letter 動	please select words with the letter 動	動い	会っ	思い	美味しい	広い	揺れ	気づい
kanji	動	kanji letter 動	please select words with the letter 動	動き	取る	認識	運べ	預け	盗ん	笑い
kanji	動	kanji letter 動	please select words with the letter 動	動物	終える	許さ	名づけ	始め	聞こえ	一緒
kanji	動	kanji letter 動	please select words with the letter 動	行動	下ろし	性格	寝坊	説得	成功	比較
kanji	動	kanji letter 動	please select words with the letter 動	動く	大き	連想	連れ	先生	本	焼い
kanji	動	kanji letter 動	please select words with the letter 動	動か	召し上がり	開け	練習	飽き	選ば	保証
kanji	物	kanji letter 物	please select words with the letter 物	人物	戻り	隠し	進ん	待ち	浴び	起き
kanji	物	kanji letter 物	please select words with the letter 物	食べ物	者	放し	決心	感心	迫っ	散髪
kanji	物	kanji letter 物	please select words with the letter 物	物語	貯め	害し	死ぬ	番	閉め	重い
kanji	物	kanji letter 物	please select words with the letter 物	動物	医者	出	望ん	発展	合意	飲み
kanji	物	kanji letter 物	please select words with the letter 物	見物	聞く	履い	変わる	仲間	比較	上
kanji	物	kanji letter 物	please select words with the letter 物	好物	行く	言い	限ら	生徒	取ら	弾く
kanji	物	kanji letter 物	please select words with the letter 物	物	学ぶ	切り	思える	欲しい	履い	質問
kanji	紙	kanji letter 紙	please select words with the letter 紙	手紙	扱わ	提出	実現	一番	聞く	要素
kanji	求	kanji letter 求	please select words with the letter 求	求め	驚く	人気	回し	隠れ	消し	攻撃
kanji	求	kanji letter 求	please select words with the letter 求	求める	止め	ご覧	暑い	優れ	運転	助かり
kanji	求	kanji letter 求	please select words with the letter 求	要求	偶然	泊め	投函	発見	輝い	痛み
kanji	求	kanji letter 求	please select words with the letter 求	請求	付い	厳しい	甘	引用	参り	貯め
kanji	求	kanji letter 求	please select words with the letter 求	探求	安い	次第	混ん	言わ	忘れ	来る
kanji	散	kanji letter 散	please select words with the letter 散	解散	人	会う	泣き	明日	驚い	出来
kanji	散	kanji letter 散	please select words with the letter 散	散髪	吸わ	参り	求め	止まっ	折っ	学ば
kanji	散	kanji letter 散	please select words with the letter 散	散歩	分かん	楽しみ	止まっ	聞こえる	備え	申し
kanji	元	kanji letter 元	please select words with the letter 元	元気	例	尋ね	食べ物	幸せ	甘い	通し
kanji	女	kanji letter 女	please select words with the letter 女	女	合っ	食べ物	慣れる	常	晴れ	学ん
kanji	女	kanji letter 女	please select words with the letter 女	少女	罰せ	受かっ	通る	関係	意味	合わ
kanji	女	kanji letter 女	please select words with the letter 女	女性	抑え	手伝っ	言っ	中	最悪	増加
kanji	女	kanji letter 女	please select words with the letter 女	女の子	変え	張っ	川	返し	演奏	包ま
kanji	嫌	kanji letter 嫌	please select words with the letter 嫌	機嫌	困難	許さ	働く	結ん	下手	止まっ
kanji	嫌	kanji letter 嫌	please select words with the letter 嫌	嫌っ	車	速い	捜し	気づか	見つから	完了
kanji	嫌	kanji letter 嫌	please select words with the letter 嫌	嫌い	信用	嬉し	手伝わ	良さ	殴っ	非難
kanji	嫌	kanji letter 嫌	please select words with the letter 嫌	嫌わ	作っ	吸う	挙げ	小さ	訪問	使える
kanji	貸	kanji letter 貸	please select words with the letter 貸	貸し	満ち	切れ	罰せ	走れる	要求	学ん
kanji	忙	kanji letter 忙	please select words with the letter 忙	忙しい	捕まっ	待たさ	変	感動	用意	払え
kanji	忙	kanji letter 忙	please select words with the letter 忙	忙しかっ	子	務め	開き	男	遅い	書い
kanji	忙	kanji letter 忙	please select words with the letter 忙	忙し	休ん	吸い	言い	及ぼし	関係	一杯
kanji	戻	kanji letter 戻	please select words with the letter 戻	戻し	鳴っ	見つける	暇	者	役立ち	休む
kanji	戻	kanji letter 戻	please select words with the letter 戻	戻る	離婚	襲わ	嬉し	失っ	合意	買える
kanji	戻	kanji letter 戻	please select words with the letter 戻	戻っ	招い	咲い	外出	履い	話	剃っ
kanji	戻	kanji letter 戻	please select words with the letter 戻	戻ら	認める	難しかっ	生徒	成功	美味しい	誓っ
kanji	戻	kanji letter 戻	please select words with the letter 戻	戻り	歌い	女性	離れ	揺れ	乾杯	円
kanji	医	kanji letter 医	please select words with the letter 医	医者	切れ	下ろし	勤勉	払わ	問題	電話
kanji	者	kanji letter 者	please select words with the letter 者	怠け者	命令	遅れる	重	覚悟	行き	俳優
kanji	者	kanji letter 者	please select words with the letter 者	医者	異なっ	一番	難しい	話さ	悪い	混乱
kanji	者	kanji letter 者	please select words with the letter 者	者	長い	聞か	女	愛さ	批判	並べ
kanji	者	kanji letter 者	please select words with the letter 者	学者	確かめ	世話	責め	通る	済ん	起こる
kanji	到	kanji letter 到	please select words with the letter 到	到着	横切っ	減っ	正直	言え	承知	苦労
kanji	得	kanji letter 得	please select words with the letter 得	獲得	上達	前	帰っ	失敗	上がっ	平等
kanji	得	kanji letter 得	please select words with the letter 得	納得	満ち	祝っ	話	部屋	寒かっ	泳ぐ
kanji	得	kanji letter 得	please select words with the letter 得	得	手伝っ	叫ん	研究	泣か	上手い	快適
kanji	得	kanji letter 得	please select words with the letter 得	説得	甘	使わ	開け	種	首都	流さ
kanji	得	kanji letter 得	please select words with the letter 得	得意	遭っ	招い	付い	変	訴え	間違っ
kanji	面	kanji letter 面	please select words with the letter 面	直面	相続	盗ん	質問	経営	覚め	始まっ
kanji	面	kanji letter 面	please select words with the letter 面	面白かっ	何色	間違える	結ん	伝統	魅力	難しかっ
kanji	面	kanji letter 面	please select words with the letter 面	面し	付い	楽し	優しい	回復	母語	読み
kanji	面	kanji letter 面	please select words with the letter 面	面白い	握っ	旅行	広がっ	気づい	起こる	美人
kanji	面	kanji letter 面	please select words with the letter 面	面白	発表	市	働い	答え	季節	間違っ
kanji	面	kanji letter 面	please select words with the letter 面	側面	従わ	分かん	独身	襲っ	焼い	忘れ
kanji	白	kanji letter 白	please select words with the letter 白	面白	休み	場所	要求	優しい	会え	消し
kanji	白	kanji letter 白	please select words with the letter 白	面白かっ	示し	立ち	忠告	破っ	働き	治療
kanji	白	kanji letter 白	please select words with the letter 白	白い	止め	呼ん	種	捜し	月	可愛い
kanji	白	kanji letter 白	please select words with the letter 白	面白い	引用	眠り	悪かっ	泊まっ	最悪	迫っ
kanji	席	kanji letter 席	please select words with the letter 席	出席	横切っ	独身	育て	趣味	浮かん	尽くさ
kanji	席	kanji letter 席	please select words with the letter 席	欠席	求める	生活	帰っ	泣き	比較	勤め
kanji	驚	kanji letter 驚	please select words with the letter 驚	驚い	掃除	存知	嬉しい	返事	害し	破っ
kanji	驚	kanji letter 驚	please select words with the letter 驚	驚か	捧げ	運ん	見える	一員	道	理解
kanji	驚	kanji letter 驚	please select words with the letter 驚	驚き	処分	生徒	広い	詳しい	以上	包ん
kanji	驚	kanji letter 驚	please select words with the letter 驚	驚く	使い	避け	入る	悪	冷たい	処理
kanji	愛	kanji letter 愛	please select words with the letter 愛	愛さ	従わ	雪	実現	建て	散歩	聞い
kanji	愛	kanji letter 愛	please select words with the letter 愛	愛する	分	学者	行動	危険	配達	承知
kanji	愛	kanji letter 愛	please select words with the letter 愛	愛し	料理	発見	育て	流行	感じ	教え
kanji	愛	kanji letter 愛	please select words with the letter 愛	可愛い	生じ	平和	守っ	晴れ	返し	放っ
kanji	走	kanji letter 走	please select words with the letter 走	走る	何色	息子	証明	聞か	持ち主	保証
kanji	走	kanji letter 走	please select words with the letter 走	走り	難し	眠り	大き	幸い	欠席	作ら
kanji	走	kanji letter 走	please select words with the letter 走	走ら	招い	預かっ	触れ	立てる	痛む	催さ
kanji	走	kanji letter 走	please select words with the letter 走	走れ	立て	上昇	仕上げ	思える	出さ	誓っ
kanji	走	kanji letter 走	please select words with the letter 走	走れる	切れる	限り	行わ	振る舞っ	信じ	書い
kanji	走	kanji letter 走	please select words with the letter 走	走っ	行き	主張	示す	電話	招待	所有
kanji	利	kanji letter 利	please select words with the letter 利	利用	在宅	住まい	行こう	運命	返し	一人
kanji	利	kanji letter 利	please select words with the letter 利	便利	寝坊	連絡	行う	申し	眺め	攻撃
kanji	用	kanji letter 用	please select words with the letter 用	引用	撃っ	投票	渇い	生じ	開催	住まい
kanji	用	kanji letter 用	please select words with the letter 用	適用	半	異なる	燃え	渡し	失望	支払い
kanji	用	kanji letter 用	please select words with the letter 用	用心	止め	捧げ	富ん	盗ん	要求	教え
kanji	用	kanji letter 用	please select words with the letter 用	使用	困難	少し	公開	怖	申し	生まれ
kanji	用	kanji letter 用	please select words with the letter 用	用い	生きる	見る	練習	多かっ	休む	難しい
kanji	用	kanji letter 用	please select words with the letter 用	採用	生活	設立	競争	立ち	意見	一
kanji	用	kanji letter 用	please select words with the letter 用	活用	請求	賛成	停車	来	顔	留守
kanji	用	kanji letter 用	please select words with the letter 用	用意	鳴っ	彼氏	乗る	距離	人間	勤勉
kanji	用	kanji letter 用	please select words with the letter 用	信用	働か	注意	分から	手伝い	持っ	当惑
kanji	用	kanji letter 用	please select words with the letter 用	利用	飲ま	販売	持ち主	聞く	手伝っ	恵まれ
kanji	危	kanji letter 危	please select words with the letter 危	危ない	稼い	季節	行っ	存知	悪化	納得
kanji	危	kanji letter 危	please select words with the letter 危	危険	暇	天才	貯め	都市	無料	備え
kanji	険	kanji letter 険	please select words with the letter 険	危険	控え	提起	追加	磨い	覚え	面し
kanji	助	kanji letter 助	please select words with the letter 助	援助	甘	買え	交換	後	治る	尽くし
kanji	助	kanji letter 助	please select words with the letter 助	助け	歩か	試合	盗ん	打っ	咲く	謝っ
kanji	助	kanji letter 助	please select words with the letter 助	助かり	痛い	経験	腐っ	限る	離陸	支払っ
kanji	助	kanji letter 助	please select words with the letter 助	助ける	求め	害し	失礼	白い	合図	面し
kanji	天	kanji letter 天	please select words with the letter 天	天才	変える	参加	待たさ	人間	通る	片付け
kanji	天	kanji letter 天	please select words with the letter 天	天気	通過	死に	暑い	批判	没頭	負け
kanji	族	kanji letter 族	please select words with the letter 族	家族	検討	前	変える	払う	呼ん	刈っ
kanji	正	kanji letter 正	please select words with the letter 正	正直	送る	疲れ	鳥	横断	恋しい	変わる
kanji	正	kanji letter 正	please select words with the letter 正	正しい	難し	開発	選択	後	立つ	破壊
kanji	正	kanji letter 正	please select words with the letter 正	正確	持ち主	終わら	近く	間違っ	木製	言わ
kanji	正	kanji letter 正	please select words with the letter 正	正しかっ	新聞	行か	貯め	信じる	伺い	変更
kanji	満	kanji letter 満	please select words with the letter 満	満ち	乗っ	暮れ	握っ	非難	浮かん	書く
kanji	満	kanji letter 満	please select words with the letter 満	満足	悪かっ	数え	失っ	道	経営	高
kanji	満	kanji letter 満	please select words with the letter 満	満開	横切っ	折っ	進む	入ら	興味	負っ
kanji	満	kanji letter 満	please select words with the letter 満	満たし	幸運	幸せ	回	熟し	預け	小さい
kanji	足	kanji letter 足	please select words with the letter 足	足り	廃止	頼ん	連れ	上がり	説得	忙しい
kanji	足	kanji letter 足	please select words with the letter 足	不足	一種	驚い	名	流行っ	働き	死ん
kanji	足	kanji letter 足	please select words with the letter 足	満足	多	変わり	出発	追っ	掛け	分から
kanji	賛	kanji letter 賛	please select words with the letter 賛	賛成	死に	応じ	挙げ	反抗	備え	広がっ
kanji	乗	kanji letter 乗	please select words with the letter 乗	乗せ	金持ち	就職	始め	属し	入っ	貯金
kanji	乗	kanji letter 乗	please select words with the letter 乗	乗ら	満ち	愛する	証明	成功	壊し	不思議
kanji	乗	kanji letter 乗	please select words with the letter 乗	乗れ	驚き	覆わ	回っ	沸騰	並べ	収め
kanji	乗	kanji letter 乗	please select words with the letter 乗	乗り	従わ	割っ	振っ	女	作ら	脅し
kanji	乗	kanji letter 乗	please select words with the letter 乗	乗っ	脱ぎ	小さい	遠い	判断	言え	滞在
kanji	乗	kanji letter 乗	please select words with the letter 乗	乗る	恐れる	義務	期待	教師	伝統	子
kanji	落	kanji letter 落	please select words with the letter 落	落とさ	困難	金持ち	料理	忠告	漏れ	謝る
kanji	落	kanji letter 落	please select words with the letter 落	落ち	相続	接し	人	優れ	仲間	痩せ
kanji	落	kanji letter 落	please select words with the letter 落	落とし	場所	運べ	離陸	運動	破っ	消し
kanji	怒	kanji letter 怒	please select words with the letter 怒	怒る	使い	通じ	任命	訪ね	親友	全部
kanji	怒	kanji letter 怒	please select words with the letter 怒	怒ら	経験	食べ物	扱い	通学	払っ	太っ
kanji	怒	kanji letter 怒	please select words with the letter 怒	怒っ	困っ	愛する	倒れ	禁煙	見つけ	俳優
kanji	過	kanji letter 過	please select words with the letter 過	過ごし	残っ	供給	基づい	幸せ	都市	取れ
kanji	過	kanji letter 過	please select words with the letter 過	過ごす	知っ	抑え	注意	悪	始め	好む
kanji	過	kanji letter 過	please select words with the letter 過	通過	雪	思い	特徴	死ん	扱っ	囲ま
kanji	過	kanji letter 過	please select words with the letter 過	過ぎ	否定	乗れ	楽しん	手伝わ	勝つ	週間
kanji	置	kanji letter 置	please select words with the letter 置	置き	変わり	閉じ	返事	提案	美味しい	勤勉
kanji	置	kanji letter 置	please select words with the letter 置	置い	住み	使わ	食べ物	複雑	熟し	挑戦
kanji	最	kanji letter 最	please select words with the letter 最	最高	母	違っ	一緒	無駄	人物	動かし
kanji	最	kanji letter 最	please select words with the letter 最	最悪	頼っ	熟し	死ぬ	盗ん	取ら	奴
kanji	法	kanji letter 法	please select words with the letter 法	方法	供給	実現	悲しい	限り	聞く	不思議
kanji	役	kanji letter 役	please select words with the letter 役	役立ち	仕上げ	分かん	限る	叫ん	起き	言う
kanji	役	kanji letter 役	please select words with the letter 役	役立つ	驚き	鉛筆	愛さ	脅し	持ち	方
kanji	送	kanji letter 送	please select words with the letter 送	送り	働か	性格	出版	述べ	飛ん	通し
kanji	送	kanji letter 送	please select words with the letter 送	送る	指し	提案	知ら	公開	済み	泳げ
kanji	送	kanji letter 送	please select words with the letter 送	送っ	脱ぎ	作り	新しい	修理	勝っ	終わり
kanji	送	kanji letter 送	please select words with the letter 送	放送	住み	楽	折っ	収め	詩人	磨き
kanji	謝	kanji letter 謝	please select words with the letter 謝	感謝	取る	練習	泣か	試み	捕まえ	歩く
kanji	謝	kanji letter 謝	please select words with the letter 謝	謝ら	向かっ	折っ	起こす	散髪	越え	洗濯
kanji	謝	kanji letter 謝	please select words with the letter 謝	謝っ	働か	提供	歌い	分かん	反対	男
kanji	謝	kanji letter 謝	please select words with the letter 謝	謝る	欲しい	古典	人物	写真	自殺	正しかっ
kanji	連	kanji letter 連	please select words with the letter 連	連絡	壊れ	待たさ	出し	恐れ	回っ	通ら
kanji	連	kanji letter 連	please select words with the letter 連	関連	聞か	飲む	信用	気	手伝い	済み
kanji	連	kanji letter 連	please select words with the letter 連	連想	取り	取る	応じ	出る	欲しい	鍵
kanji	連	kanji letter 連	please select words with the letter 連	連れ	踊り	者	外食	治る	奴	結べ
kanji	絡	kanji letter 絡	please select words with the letter 絡	連絡	住み	戻り	木	間に合わ	人形	間違っ
kanji	借	kanji letter 借	please select words with the letter 借	借り	開け	戻し	女性	横断	済ん	感じ
kanji	喜	kanji letter 喜	please select words with the letter 喜	喜ぶ	生ん	着陸	成功	魅了	扱う	要り
kanji	喜	kanji letter 喜	please select words with the letter 喜	喜ん	拒否	歌い	賛成	収め	払え	片づけ
kanji	関	kanji letter 関	please select words with the letter 関	関係	出発	仲直り	住まい	求め	頂け	注文
kanji	関	kanji letter 関	please select words with the letter 関	関連	貧乏	着き	縛ら	合う	咲く	年下
kanji	係	kanji letter 係	please select words with the letter 係	関係	命令	長い	教師	新聞	始まる	留学
kanji	花	kanji letter 花	please select words with the letter 花	花	出せ	集中	入院	様子	報告	天気
kanji	合	kanji letter 合	please select words with the letter 合	合い	車	安全	散歩	上がっ	到着	正確
kanji	合	kanji letter 合	please select words with the letter 合	合わ	親切	住まい	願い	越え	上手い	謝っ
kanji	合	kanji letter 合	please select words with the letter 合	合格	従事	名	放っ	分かれ	批判	越え
kanji	合	kanji letter 合	please select words with the letter 合	合う	思え	適用	生産	行う	記録	修理
kanji	合	kanji letter 合	please select words with the letter 合	合意	最高	弾き	立ち	運命	趣味	来
kanji	合	kanji letter 合	please select words with the letter 合	間に合う	準備	獲得	遅れる	男	撮っ	乾杯
kanji	合	kanji letter 合	please select words with the letter 合	合っ	立っ	招い	甘	切り	使い	立ち
kanji	合	kanji letter 合	please select words with the letter 合	合わせ	召し上がり	寄っ	閉じ	感動	進む	言う
kanji	合	kanji letter 合	please select words with the letter 合	試合	傷つけ	寝坊	出版	飽き	賢い	科目
kanji	合	kanji letter 合	please select words with the letter 合	合図	番組	抑え	広げ	締め	主張	始めよう
kanji	合	kanji letter 合	please select words with the letter 合	間に合わ	歩い	起こり	注意	困る	笑い	帰宅
kanji	合	kanji letter 合	please select words with the letter 合	間に合っ	難し	晴れ	知り	恋しい	気づい	語っ
kanji	合	kanji letter 合	please select words with the letter 合	知り合い	拒否	見る	広げ	種	持ち主	英語
kanji	格	kanji letter 格	please select words with the letter 格	合格	終える	死ぬ	及ぼし	勝つ	待っ	無理
kanji	格	kanji letter 格	please select words with the letter 格	性格	駐車	望む	抜い	書か	本	広がっ
kanji	校	kanji letter 校	please select words with the letter 校	学校	恐れる	着き	幸運	保存	増加	書い
kanji	似	kanji letter 似	please select words with the letter 似	似	避け	行く	履い	生徒	中	弾い
kanji	急	kanji letter 急	please select words with the letter 急	急い	従わ	最高	戻る	車	強化	放し
kanji	外	kanji letter 外	please select words with the letter 外	外し	変え	帰っ	者	開い	賢い	買わ
kanji	外	kanji letter 外	please select words with the letter 外	外食	克服	母	開か	聞こえる	開始	地
kanji	外	kanji letter 外	please select words with the letter 外	外出	最高	拾っ	参り	歓迎	逮捕	嘘
kanji	猫	kanji letter 猫	please select words with the letter 猫	猫	行ける	聴い	言語	高かっ	町	見せ
kanji	答	kanji letter 答	please select words with the letter 答	答える	遭っ	廃止	金持ち	句読点	聞こえ	追加
kanji	答	kanji letter 答	please select words with the letter 答	答え	運ば	出し	掛かっ	行こう	済ん	気づか
kanji	若	kanji letter 若	please select words with the letter 若	若い	取る	拒否	医者	行動	失敗	一
kanji	参	kanji letter 参	please select words with the letter 参	参加	相続	死ぬ	務め	分かれ	寒	治っ
kanji	参	kanji letter 参	please select words with the letter 参	参り	思え	会っ	泊め	通る	少し	吸っ
kanji	参	kanji letter 参	please select words with the letter 参	参照	見る	切っ	違っ	古典	笑う	話せる
kanji	加	kanji letter 加	please select words with the letter 加	参加	願い	済ん	磨い	晴れる	名付け	咲く
kanji	加	kanji letter 加	please select words with the letter 加	追加	話そう	学者	幸福	得意	質問	誓っ
kanji	加	kanji letter 加	please select words with the letter 加	増加	必要	呼び	苦しん	襲わ	母	支払っ
kanji	加	kanji letter 加	please select words with the letter 加	加え	濡れ	利用	友人	一緒	登録	会える
kanji	存	kanji letter 存	please select words with the letter 存	存知	話す	渡る	休憩	磨き	包ま	任命
kanji	存	kanji letter 存	please select words with the letter 存	存じ	届き	出し	混雑	上	惚れ	待ち遠しい
kanji	存	kanji letter 存	please select words with the letter 存	依存	彼氏	料理	選択	払わ	来れ	本
kanji	存	kanji letter 存	please select words with the letter 存	存在	疲れ	魅力	寝	使う	売ら	遅い
kanji	存	kanji letter 存	please select words with the letter 存	保存	刻ん	吸い	得	強調	夢	知る
kanji	在	kanji letter 在	please select words with the letter 在	存在	渇い	歩き	求め	優しい	勤勉	運命
kanji	在	kanji letter 在	please select words with the letter 在	滞在	歩か	販売	句読点	連絡	勤勉	許可
kanji	在	kanji letter 在	please select words with the letter 在	在宅	変え	尋ね	最高	異なる	発展	広い
kanji	尋	kanji letter 尋	please select words with the letter 尋	尋ね	切り	異なる	負わ	泣く	申し	効く
kanji	我	kanji letter 我	please select words with the letter 我	我慢	会う	避け	亡くし	年上	多かっ	変わっ
kanji	慢	kanji letter 慢	please select words with the letter 慢	自慢	通じ	動か	借り	出来	待た	値
kanji	慢	kanji letter 慢	please select words with the letter 慢	我慢	解雇	拒否	常	名づけ	通学	聞こえる
kanji	無	kanji letter 無	please select words with the letter 無	無駄	勧め	尊敬	観	及ば	間に合う	救っ
kanji	無	kanji letter 無	please select words with the letter 無	無くなっ	機嫌	提出	邪魔	分析	決心	伺い
kanji	無	kanji letter 無	please select words with the letter 無	無料	残っ	許し	青ざめ	散髪	負傷	専攻
kanji	無	kanji letter 無	please select words with the letter 無	無かっ	飼っ	難しい	禁止	誓っ	殴っ	少女
kanji	無	kanji letter 無	please select words with the letter 無	無理	横切っ	話す	重	本当	生徒	名
kanji	無	kanji letter 無	please select words with the letter 無	無視	寄っ	外食	愛さ	塗っ	従っ	趣味
kanji	無	kanji letter 無	please select words with the letter 無	無くし	満ち	知っ	放っ	行わ	与える	謝っ
kanji	無	kanji letter 無	please select words with the letter 無	無い	認識	壊れ	寝坊	確信	恥ずかしい	出来
kanji	駄	kanji letter 駄	please select words with the letter 駄	駄目	車	賛成	対処	自由	挨拶	泊まり
kanji	駄	kanji letter 駄	please select words with the letter 駄	無駄	象徴	熟し	固執	驚い	開き	変化
kanji	性	kanji letter 性	please select words with the letter 性	女性	便利	切り	散歩	悲しい	探求	増え
kanji	性	kanji letter 性	please select words with the letter 性	性格	求める	眠れ	眠り	悪かっ	助かり	来れ
kanji	痛	kanji letter 痛	please select words with the letter 痛	痛め	物	試合	倒れ	言っ	努め	重い
kanji	痛	kanji letter 痛	please select words with the letter 痛	痛み	終える	求める	許さ	変える	祝い	死ぬ
kanji	痛	kanji letter 痛	please select words with the letter 痛	痛む	出せ	結ん	回っ	寒	残る	訳
kanji	痛	kanji letter 痛	please select words with the letter 痛	痛い	金持ち	取り	異なっ	上げ	走る	強調
kanji	大	kanji letter 大	please select words with the letter 大	大き	医者	欲しい	及ぼし	主張	手配	教える
kanji	大	kanji letter 大	please select words with the letter 大	拡大	食べよう	短い	昨日	運べ	実現	慣れる
kanji	大	kanji letter 大	please select words with the letter 大	大きい	寄っ	襲っ	振る舞っ	払わ	流行っ	閉め
kanji	向	kanji letter 向	please select words with the letter 向	向かっ	別れ	青ざめ	見つかっ	強かっ	弾く	白い
kanji	向	kanji letter 向	please select words with the letter 向	向け	満ち	物	見る	判明	困る	旅行
kanji	向	kanji letter 向	please select words with the letter 向	向い	別れ	学ば	嘘	漏れ	救っ	殺さ
kanji	調	kanji letter 調	please select words with the letter 調	調査	下ろし	求め	休む	通学	地	勝つ
kanji	調	kanji letter 調	please select words with the letter 調	調和	傷つけ	運ば	注意	学校	気づい	任せ
kanji	調	kanji letter 調	please select words with the letter 調	調べ	指し	分	抱え	限ら	合わ	上手い
kanji	調	kanji letter 調	please select words with the letter 調	強調	捨て	山	分かれ	申し	値	攻撃
kanji	眠	kanji letter 眠	please select words with the letter 眠	眠っ	着い	名前	切っ	子	希望	強調
kanji	眠	kanji letter 眠	please select words with the letter 眠	眠れ	退屈	複雑	愛さ	行き	上がり	使える
kanji	眠	kanji letter 眠	please select words with the letter 眠	眠い	上達	天才	楽	張っ	始め	果たす
kanji	眠	kanji letter 眠	please select words with the letter 眠	眠り	覆わ	好物	楽しん	助かり	批判	片付け
kanji	滞	kanji letter 滞	please select words with the letter 滞	滞在	動か	落とさ	変化	寝る	悪い	泊まり
kanji	写	kanji letter 写	please select words with the letter 写	写真	行か	及ば	国	泣く	希望	待た
kanji	真	kanji letter 真	please select words with the letter 真	写真	寝坊	嬉しい	回	申し訳	述べ	払っ
kanji	真	kanji letter 真	please select words with the letter 真	真実	相談	優しい	開き	候補	平気	任せ
kanji	笑	kanji letter 笑	please select words with the letter 笑	笑わ	理由	合わせ	散髪	狭	持ち	渡っ
kanji	笑	kanji letter 笑	please select words with the letter 笑	微笑ん	蹴っ	故障	参り	信じる	歌手	紳士
kanji	笑	kanji letter 笑	please select words with the letter 笑	笑い	思え	応じ	一種	見つけ	熱中	停車
kanji	笑	kanji letter 笑	please select words with the letter 笑	笑っ	生活	控え	負わ	想像	乾杯	推薦
kanji	笑	kanji letter 笑	please select words with the letter 笑	笑う	住み	借り	候補	漏れ	判断	比較
kanji	止	kanji letter 止	please select words with the letter 止	中止	取り	罰せ	長い	楽	開い	運ば
kanji	止	kanji letter 止	please select words with the letter 止	廃止	異なっ	罰せ	俳優	整頓	合意	嘘
kanji	止	kanji letter 止	please select words with the letter 止	禁止	飲む	回	女	採用	生産	批判
kanji	止	kanji letter 止	please select words with the letter 止	止まっ	事	距離	向かっ	分かれ	開始	輝い
kanji	止	kanji letter 止	please select words with the letter 止	止め	話そう	扱わ	経験	生産	発展	鳴らし
kanji	宅	kanji letter 宅	please select words with the letter 宅	帰宅	罰せ	出し	手伝っ	泊まっ	一	支給
kanji	宅	kanji letter 宅	please select words with the letter 宅	在宅	痛い	開け	避け	上がり	本当	上手い
kanji	困	kanji letter 困	please select words with the letter 困	困難	付い	金持ち	蹴っ	邪魔	向かっ	衝突
kanji	困	kanji letter 困	please select words with the letter 困	困っ	従わ	吸う	応じ	外食	壊し	耐え
kanji	困	kanji letter 困	please select words with the letter 困	困る	半	吸わ	出る	運転	素晴らしかっ	解け
kanji	慣	kanji letter 慣	please select words with the letter 慣	慣れ	期待	理由	反対	気分	会え	振る舞っ
kanji	慣	kanji letter 慣	please select words with the letter 慣	慣れる	開催	請求	試合	多い	開始	所
kanji	慣	kanji letter 慣	please select words with the letter 慣	習慣	判明	現れ	請求	塗っ	起こす	載っ
kanji	馬	kanji letter 馬	please select words with the letter 馬	馬鹿	名前	返事	貯め	泣か	非難	留守
kanji	鹿	kanji letter 鹿	please select words with the letter 鹿	馬鹿	退屈	難し	下手	切っ	起こす	足り
kanji	徒	kanji letter 徒	please select words with the letter 徒	生徒	甘	世話	渡っ	明日	紳士	焼い
kanji	辞	kanji letter 辞	please select words with the letter 辞	辞職	性格	友人	解散	出来	没頭	変化
kanji	辞	kanji letter 辞	please select words with the letter 辞	辞書	短い	嬉しい	同感	正直	注文	青い
kanji	辞	kanji letter 辞	please select words with the letter 辞	辞め	下ろし	祝っ	期待	没頭	狭	少女
kanji	準	kanji letter 準	please select words with the letter 準	準備	抑え	開け	調和	出る	恥ずかしい	方
kanji	備	kanji letter 備	please select words with the letter 備	準備	提供	公平	外出	入り	要素	行ける
kanji	備	kanji letter 備	please select words with the letter 備	備え	市	隠し	眠り	登っ	隠れ	告げ
kanji	夜	kanji letter 夜	please select words with the letter 夜	夜	便利	勧め	川	述べ	負わ	気づか
kanji	深	kanji letter 深	please select words with the letter 深	深い	息子	認める	代わっ	感動	願い	並べ
kanji	暮	kanji letter 暮	please select words with the letter 暮	暮らし	変える	無料	使える	漏れ	亡くなっ	食事
kanji	暮	kanji letter 暮	please select words with the letter 暮	暮れ	例	着い	食べよう	嬉しい	倒れ	入り
kanji	変	kanji letter 変	please select words with the letter 変	変わっ	祝っ	友人	思う	泣か	果たし	狂っ
kanji	変	kanji letter 変	please select words with the letter 変	変え	混ぜ	認める	泣く	誓っ	早い	悩ん
kanji	変	kanji letter 変	please select words with the letter 変	変	退屈	走ら	事	処理	覚まし	脱し
kanji	変	kanji letter 変	please select words with the letter 変	変化	仲直り	就職	戻っ	現れ	道	回復
kanji	変	kanji letter 変	please select words with the letter 変	変わり	知っ	切り	走ら	笑っ	盗ん	嘘
kanji	変	kanji letter 変	please select words with the letter 変	変わら	避け	超え	追っ	取っ	危険	抑える
kanji	変	kanji letter 変	please select words with the letter 変	変更	祝い	常	衝突	笑わ	流行っ	以上
kanji	変	kanji letter 変	please select words with the letter 変	変える	依存	歌手	買わ	見つから	狭	不明
kanji	変	kanji letter 変	please select words with the letter 変	変わる	安全	稼い	成功	到着	手伝い	調査
kanji	古	kanji letter 古	please select words with the letter 古	古い	独身	請求	上がり	振る舞っ	輝い	雇っ
kanji	古	kanji letter 古	please select words with the letter 古	古典	限る	明日	掛け	困る	払う	年
kanji	同	kanji letter 同	please select words with the letter 同	同然	焼け	避け	苦しん	折っ	運転	没頭
kanji	同	kanji letter 同	please select words with the letter 同	同情	困難	必要	遠慮	間違っ	強かっ	折れ
kanji	同	kanji letter 同	please select words with the letter 同	同感	達し	親切	悪	特徴	限り	書い
kanji	同	kanji letter 同	please select words with the letter 同	同意	切り	感謝	川	笑わ	運動	動かし
kanji	同	kanji letter 同	please select words with the letter 同	混同	登り	稼い	熱い	気分	呼ぶ	洗濯
kanji	認	kanji letter 認	please select words with the letter 認	承認	厳しい	頼っ	立つ	迫っ	入れ	飛ん
kanji	認	kanji letter 認	please select words with the letter 認	認め	立っ	止め	難し	使う	弾い	返し
kanji	認	kanji letter 認	please select words with the letter 認	認識	多	長い	変わら	請求	名づけ	書け
kanji	認	kanji letter 認	please select words with the letter 認	確認	着	楽しん	走れ	治る	書け	語っ
kanji	認	kanji letter 認	please select words with the letter 認	認める	召し上がり	運ば	盗ん	奪わ	平等	言え
kanji	刻	kanji letter 刻	please select words with the letter 刻	遅刻	亡くし	恵まれ	支払っ	名付け	側面	夢
kanji	刻	kanji letter 刻	please select words with the letter 刻	刻ん	安い	中止	変える	引い	求め	重い
kanji	消	kanji letter 消	please select words with the letter 消	消し	獲得	解放	生産	英語	恥じ	眠っ
kanji	消	kanji letter 消	please select words with the letter 消	消え	思える	遅れる	違っ	狭い	待っ	輝い
kanji	訪	kanji letter 訪	please select words with the letter 訪	訪問	木	扱い	選択	白い	正直	専念
kanji	訪	kanji letter 訪	please select words with the letter 訪	訪れる	甘	処分	願い	開か	使える	分かれ
kanji	訪	kanji letter 訪	please select words with the letter 訪	訪れ	雪	渡る	交換	助け	消し	殺さ
kanji	訪	kanji letter 訪	please select words with the letter 訪	訪ね	退屈	答え	挙げ	重	限る	越し
kanji	寒	kanji letter 寒	please select words with the letter 寒	寒い	観	聞く	殺し	開ける	合格	診
kanji	寒	kanji letter 寒	please select words with the letter 寒	寒	信用	及ぼし	止まっ	浴び	分かれ	一杯
kanji	寒	kanji letter 寒	please select words with the letter 寒	寒かっ	覚悟	送り	短	混乱	笑い	無視
kanji	尊	kanji letter 尊	please select words with the letter 尊	尊敬	尋ね	拒否	擁護	遅れ	生まれ	高
kanji	尊	kanji letter 尊	please select words with the letter 尊	尊重	使用	苦しん	楽しみ	弾い	会える	吹き
kanji	敬	kanji letter 敬	please select words with the letter 敬	尊敬	接し	仕上げ	泣く	違っ	生き	謝ら
kanji	文	kanji letter 文	please select words with the letter 文	注文	物	勧め	腐っ	超え	請求	発見
kanji	文	kanji letter 文	please select words with the letter 文	文	着い	届き	罰せ	禁煙	意見	言う
kanji	嘘	kanji letter 嘘	please select words with the letter 嘘	嘘つき	作っ	事	求め	山	書け	増加
kanji	嘘	kanji letter 嘘	please select words with the letter 嘘	嘘	計画	覆わ	散歩	失っ	入れる	強かっ
kanji	初	kanji letter 初	please select words with the letter 初	初めて	震え	割っ	連想	女	呼び	候補
kanji	町	kanji letter 町	please select words with the letter 町	町	借り	越し	手配	使え	元気	努め
kanji	身	kanji letter 身	please select words with the letter 身	出身	寄っ	一致	選ば	少し	良さ	欠席
kanji	身	kanji letter 身	please select words with the letter 身	独身	立て	始まり	横断	感謝	喜ん	木製
kanji	招	kanji letter 招	please select words with the letter 招	招待	落とし	掛かっ	育て	紳士	入っ	手渡し
kanji	招	kanji letter 招	please select words with the letter 招	招い	例	解ら	運べ	見つけ	不思議	没頭
kanji	残	kanji letter 残	please select words with the letter 残	残し	集まり	生え	及ぼし	植え	始めよう	謝っ
kanji	残	kanji letter 残	please select words with the letter 残	残る	安い	息子	終わら	走れ	欲しかっ	謝ら
kanji	残	kanji letter 残	please select words with the letter 残	残っ	召し上がり	広げ	分け	死ぬ	行わ	当たる
kanji	泣	kanji letter 泣	please select words with the letter 泣	泣か	義務	使わ	役立ち	表現	放送	放っ
kanji	泣	kanji letter 泣	please select words with the letter 泣	泣く	難し	戻っ	受かっ	回復	亡くなり	要り
kanji	泣	kanji letter 泣	please select words with the letter 泣	泣い	運ば	邪魔	失望	一人	気付い	遊ん
kanji	泣	kanji letter 泣	please select words with the letter 泣	泣き	翻訳	扱わ	下手	掛かっ	主張	参照
kanji	度	kanji letter 度	please select words with the letter 度	度	息子	横たわっ	感じる	壊れ	汚い	開か
kanji	呼	kanji letter 呼	please select words with the letter 呼	呼ば	多	公平	変わら	回	手伝わ	打っ
kanji	呼	kanji letter 呼	please select words with the letter 呼	呼ん	反抗	駄目	固執	山	開き	少女
kanji	呼	kanji letter 呼	please select words with the letter 呼	呼ぶ	上昇	貯め	解散	歩く	流行	用意
kanji	呼	kanji letter 呼	please select words with the letter 呼	呼び	遭っ	昨日	離婚	外食	切れる	叫ん
kanji	不	kanji letter 不	please select words with the letter 不	不足	知っ	無くし	歌い	処理	忠告	放っ
kanji	不	kanji letter 不	please select words with the letter 不	不思議	考慮	降る	壊し	増加	上	抱い
kanji	不	kanji letter 不	please select words with the letter 不	不明	楽し	襲わ	道	先生	学ば	流行っ
kanji	直	kanji letter 直	please select words with the letter 直	仲直り	取り	意見	消し	夢	縛ら	脅し
kanji	直	kanji letter 直	please select words with the letter 直	正直	戻り	扱わ	暖かい	選択	動く	起こる
kanji	直	kanji letter 直	please select words with the letter 直	直し	招い	解雇	離れ	難しかっ	生徒	剃っ
kanji	直	kanji letter 直	please select words with the letter 直	直面	市	観	降る	曇っ	近く	嬉し
kanji	弟	kanji letter 弟	please select words with the letter 弟	弟	者	覆わ	聴い	木製	素晴らしかっ	動い
kanji	弟	kanji letter 弟	please select words with the letter 弟	兄弟	困難	獲得	必要	脱ぎ	助かり	磨い
kanji	修	kanji letter 修	please select words with the letter 修	修理	生じ	恐れ	働き	乗ら	載っ	夜
kanji	果	kanji letter 果	please select words with the letter 果	果たす	販売	隠し	愛する	付け	限り	上がっ
kanji	果	kanji letter 果	please select words with the letter 果	果たし	洗っ	進ん	地	仲間	話	来る
kanji	飼	kanji letter 飼	please select words with the letter 飼	飼っ	否定	返せ	祝っ	開い	幸福	賛成
kanji	福	kanji letter 福	please select words with the letter 福	幸福	落とし	邪魔	出さ	黙っ	小さい	高かっ
kanji	限	kanji letter 限	please select words with the letter 限	限ら	戻り	種	間に合っ	晴れる	費やし	広まっ
kanji	限	kanji letter 限	please select words with the letter 限	限り	分	間違っ	完璧	聴き	払わ	奴
kanji	限	kanji letter 限	please select words with the letter 限	限る	含ま	塗っ	生徒	保存	最悪	諦め
kanji	掃	kanji letter 掃	please select words with the letter 掃	掃除	付い	抑え	横たわっ	暑い	判断	停車
kanji	除	kanji letter 除	please select words with the letter 除	削除	彼氏	大き	調和	呼び	持ち主	気づい
kanji	除	kanji letter 除	please select words with the letter 除	掃除	運ば	入る	学生	痛む	探求	重い
kanji	小	kanji letter 小	please select words with the letter 小	小さい	相続	発表	手伝う	心配	願い	払い
kanji	小	kanji letter 小	please select words with the letter 小	小さ	販売	狂っ	奪わ	学校	早	通ら
kanji	実	kanji letter 実	please select words with the letter 実	実行	避け	考える	選ば	中	知ら	用意
kanji	実	kanji letter 実	please select words with the letter 実	実現	歩き	怒ら	進ん	忙しい	会え	発明
kanji	実	kanji letter 実	please select words with the letter 実	事実	生きる	起こり	預け	得意	歓迎	訳し
kanji	実	kanji letter 実	please select words with the letter 実	真実	罰せ	行く	備え	判断	買っ	痩せ
kanji	紹	kanji letter 紹	please select words with the letter 紹	紹介	痛い	確信	笑わ	旅行	到着	驚か
kanji	介	kanji letter 介	please select words with the letter 介	紹介	飲ま	番組	掃除	刈っ	悩まさ	動かし
kanji	頼	kanji letter 頼	please select words with the letter 頼	頼っ	扱わ	浪費	認める	生きる	練習	引い
kanji	頼	kanji letter 頼	please select words with the letter 頼	頼ん	生じ	尊敬	優先	提案	変更	面し
kanji	頼	kanji letter 頼	please select words with the letter 頼	信頼	解雇	都市	過ごす	古い	興味	遅刻
kanji	頼	kanji letter 頼	please select words with the letter 頼	頼み	提出	乗れ	説得	集まっ	恋しい	自殺
kanji	責	kanji letter 責	please select words with the letter 責	責任	物	指摘	特徴	芸術	合う	驚か
kanji	責	kanji letter 責	please select words with the letter 責	責め	貧乏	通じ	振っ	預け	俳優	敏感
kanji	任	kanji letter 任	please select words with the letter 任	責任	取る	出る	使用	叫ん	盗ん	旅行
kanji	任	kanji letter 任	please select words with the letter 任	任せ	例	芸術	泣く	間違っ	打っ	教え
kanji	任	kanji letter 任	please select words with the letter 任	任命	退屈	無い	貧乏	開催	聞く	抜い
kanji	離	kanji letter 離	please select words with the letter 離	離陸	落とし	応じ	外し	諦め	支払い	広がっ
kanji	離	kanji letter 離	please select words with the letter 離	距離	休ん	分	必要	恵まれ	嫌っ	人物
kanji	離	kanji letter 離	please select words with the letter 離	離れ	拒否	含ま	従事	信じる	借り	自殺
kanji	離	kanji letter 離	please select words with the letter 離	離婚	無い	長い	出版	発明	会える	警告
kanji	黙	kanji letter 黙	please select words with the letter 黙	黙っ	取り	判明	建て	行こう	首都	誘っ
kanji	閉	kanji letter 閉	please select words with the letter 閉	閉じ	示し	飲む	適用	負わ	先生	払え
kanji	閉	kanji letter 閉	please select words with the letter 閉	閉め	検討	教師	場所	愛し	不明	非難
kanji	閉	kanji letter 閉	please select words with the letter 閉	閉まっ	捧げ	難し	見る	買え	独身	名前
kanji	選	kanji letter 選	please select words with the letter 選	選択	着	賛成	締め	帰り	良さ	用心
kanji	選	kanji letter 選	please select words with the letter 選	選ば	蹴っ	基づい	習慣	練習	出る	聞こえ
kanji	選	kanji letter 選	please select words with the letter 選	選び	店	帰っ	変わら	幸せ	進ん	目的
kanji	選	kanji letter 選	please select words with the letter 選	選ん	作家	番組	幸運	許し	好む	悩ん
kanji	選	kanji letter 選	please select words with the letter 選	選手	仕上げ	在宅	始まり	楽	心配	入れ
kanji	鳴	kanji letter 鳴	please select words with the letter 鳴	鳴っ	常	多かっ	通学	帰り	友達	許可
kanji	鳴	kanji letter 鳴	please select words with the letter 鳴	鳴らし	何色	会う	昨日	吸い	正しかっ	同感
kanji	迎	kanji letter 迎	please select words with the letter 迎	迎え	署名	会っ	明日	友人	解散	知り
kanji	迎	kanji letter 迎	please select words with the letter 迎	歓迎	立っ	事	獲得	種	通学	聞い
kanji	休	kanji letter 休	please select words with the letter 休	休憩	開か	相談	泣く	運転	山	失敗
kanji	休	kanji letter 休	please select words with the letter 休	休ん	挑戦	分析	開始	広い	書く	支持
kanji	休	kanji letter 休	please select words with the letter 休	休日	着き	理由	教師	扱い	説得	確信
kanji	休	kanji letter 休	please select words with the letter 休	休む	中止	判明	呼び	平和	紳士	保存
kanji	休	kanji letter 休	please select words with the letter 休	休み	準備	尋ね	乗っ	祝っ	覚悟	楽しみ
kanji	鍵	kanji letter 鍵	please select words with the letter 鍵	鍵	準備	求める	答え	起こし	笑い	要り
kanji	次	kanji letter 次	please select words with the letter 次	次第	達し	話せ	名づけ	連絡	脱ぎ	支持
kanji	第	kanji letter 第	please select words with the letter 第	次第	変える	鳥	駄目	横断	控え	述べ
kanji	回	kanji letter 回	please select words with the letter 回	回っ	店	死に	行き	気分	赤い	裏切っ
kanji	回	kanji letter 回	please select words with the letter 回	回	変える	入り	感心	誘っ	扱っ	作り
kanji	回	kanji letter 回	please select words with the letter 回	回復	手伝う	最高	寝坊	扱っ	挨拶	食事
kanji	回	kanji letter 回	please select words with the letter 回	回し	低い	走れる	開か	上がり	行こう	首都
kanji	復	kanji letter 復	please select words with the letter 復	回復	休む	優れ	驚い	信じ	待っ	伸び
kanji	逃	kanji letter 逃	please select words with the letter 逃	逃げ	変わり	料理	動い	感心	開始	届か
kanji	亡	kanji letter 亡	please select words with the letter 亡	亡くなっ	見つける	使い	待たさ	連絡	従う	記録
kanji	亡	kanji letter 亡	please select words with the letter 亡	亡くなり	上がり	迫っ	覚め	帰宅	譲っ	着く
kanji	亡	kanji letter 亡	please select words with the letter 亡	亡くし	集め	進め	出	電話	起こる	留守
kanji	嬉	kanji letter 嬉	please select words with the letter 嬉	嬉しい	指摘	月	会え	希望	勤勉	迎え
kanji	嬉	kanji letter 嬉	please select words with the letter 嬉	嬉し	象徴	乗る	多かっ	選択	首都	食事
kanji	嬉	kanji letter 嬉	please select words with the letter 嬉	嬉しかっ	楽し	一緒	言わ	訳し	写真	通し
kanji	礼	kanji letter 礼	please select words with the letter 礼	失礼	人	異なっ	過ごす	降っ	忘れ	始まっ
kanji	冗	kanji letter 冗	please select words with the letter 冗	冗談	覆わ	集中	年上	運命	不思議	本
kanji	談	kanji letter 談	please select words with the letter 談	相談	愛する	幸運	年上	起こし	一緒	優しい
kanji	談	kanji letter 談	please select words with the letter 談	冗談	計画	落とし	飼っ	回	怒る	合わ
kanji	払	kanji letter 払	please select words with the letter 払	支払っ	恐れる	捧げ	解ら	入り	遅	完璧
kanji	払	kanji letter 払	please select words with the letter 払	払い	削除	捧げ	出	家	反対	優しい
kanji	払	kanji letter 払	please select words with the letter 払	払わ	廃止	一種	侮辱	頼っ	害し	会える
kanji	払	kanji letter 払	please select words with the letter 払	払え	上達	素晴らしい	属し	男	拒絶	居る
kanji	払	kanji letter 払	please select words with the letter 払	払っ	満ち	幸福	整頓	失礼	同感	当たる
kanji	払	kanji letter 払	please select words with the letter 払	支払い	恐れる	素晴らしい	吸い	子	木製	並ん
kanji	払	kanji letter 払	please select words with the letter 払	払う	走れる	多かっ	飽き	属し	到着	遊び
kanji	付	kanji letter 付	please select words with the letter 付	片付け	避け	中心	脱ぎ	言っ	難しかっ	合格
kanji	付	kanji letter 付	please select words with the letter 付	付け	性格	一種	良さ	取ら	好み	到着
kanji	付	kanji letter 付	please select words with the letter 付	気付い	世話	間違える	死な	辞め	欠席	払い
kanji	付	kanji letter 付	please select words with the letter 付	付い	便利	命令	特徴	違い	仲良し	変化
kanji	付	kanji letter 付	please select words with the letter 付	名付け	浮かん	贈っ	優れ	恥ずかしい	並べ	書い
kanji	売	kanji letter 売	please select words with the letter 売	売っ	代わっ	行か	進む	一緒	過ごす	植え
kanji	売	kanji letter 売	please select words with the letter 売	売ら	発表	作っ	切り	乗れ	開か	近づい
kanji	売	kanji letter 売	please select words with the letter 売	販売	掃除	注意	追っ	紳士	迷っ	推薦
kanji	売	kanji letter 売	please select words with the letter 売	売れ	消え	認める	与える	頃	戦っ	待て
kanji	奴	kanji letter 奴	please select words with the letter 奴	奴	走れる	生まれる	回し	詳しい	待っ	費やし
kanji	早	kanji letter 早	please select words with the letter 早	早	教師	感じる	望む	住まい	山	並ん
kanji	早	kanji letter 早	please select words with the letter 早	早い	駐車	働く	捜し	少し	招待	書く
kanji	早	kanji letter 早	please select words with the letter 早	早起き	物	理由	始まり	行く	禁止	予定
kanji	店	kanji letter 店	please select words with the letter 店	店	約束	分	進め	連れ	冷たい	古典
kanji	負	kanji letter 負	please select words with the letter 負	負え	検討	就職	高い	恋しい	増加	恐い
kanji	負	kanji letter 負	please select words with the letter 負	負わ	達し	解ら	横断	踊っ	所	忘れ
kanji	負	kanji letter 負	please select words with the letter 負	負傷	効く	市	好物	述べ	待ち	名
kanji	負	kanji letter 負	please select words with the letter 負	負っ	距離	腐っ	飲む	嘘つき	暮らし	少女
kanji	負	kanji letter 負	please select words with the letter 負	負け	投票	新聞	建て	限り	仲良し	上手い
kanji	空	kanji letter 空	please select words with the letter 空	空っぽ	横切っ	買わ	早	与える	勤め	動い
kanji	空	kanji letter 空	please select words with the letter 空	空	驚き	上げ	思える	暑い	行動	握っ
kanji	空	kanji letter 空	please select words with the letter 空	空い	曲がり	役立ち	詩人	忙し	頂け	合い
kanji	案	kanji letter 案	please select words with the letter 案	提案	思え	一致	立つ	決まっ	取ら	苦手
kanji	案	kanji letter 案	please select words with the letter 案	案内	残っ	歩か	示し	悪かっ	女性	止まっ
kanji	内	kanji letter 内	please select words with the letter 内	案内	人間	黙っ	決心	首都	待て	欠け
kanji	泳	kanji letter 泳	please select words with the letter 泳	泳げる	多	長い	超え	食べ	電話	伸び
kanji	泳	kanji letter 泳	please select words with the letter 泳	泳ぎ	開け	変わっ	訳し	天気	満たし	快適
kanji	泳	kanji letter 泳	please select words with the letter 泳	泳げ	生活	暇	張っ	折っ	敏感	円
kanji	泳	kanji letter 泳	please select words with the letter 泳	泳い	回	多かっ	歌う	番	誘っ	近づい
kanji	泳	kanji letter 泳	please select words with the letter 泳	泳ぐ	料理	覚悟	訪ね	曇っ	成功	発展
kanji	現	kanji letter 現	please select words with the letter 現	現れ	雪	走れ	失っ	流行	停車	払い
kanji	現	kanji letter 現	please select words with the letter 現	表現	食べよう	運ば	登り	持つ	返し	経営
kanji	現	kanji letter 現	please select words with the letter 現	実現	手伝う	鳴っ	侮辱	出版	学生	苦しん
kanji	確	kanji letter 確	please select words with the letter 確	確かめ	認識	侮辱	優先	成功	育っ	魅了
kanji	確	kanji letter 確	please select words with the letter 確	確認	乗る	整頓	泳ぎ	示す	言う	来
kanji	確	kanji letter 確	please select words with the letter 確	正確	国	泣き	放っ	上がっ	見つから	呼ぶ
kanji	確	kanji letter 確	please select words with the letter 確	確信	克服	供給	何色	泣く	走る	収め
kanji	提	kanji letter 提	please select words with the letter 提	提供	通過	開か	違い	確信	人気	短
kanji	提	kanji letter 提	please select words with the letter 提	提案	投票	捜し	終わら	狭い	敏感	満たし
kanji	提	kanji letter 提	please select words with the letter 提	提出	思え	暇	安全	保証	越え	待っ
kanji	提	kanji letter 提	please select words with the letter 提	提起	驚き	退屈	暑い	広げ	負傷	買う
kanji	怖	kanji letter 怖	please select words with the letter 怖	怖い	調和	陥っ	恐れ	持ち主	欲しかっ	買う
kanji	怖	kanji letter 怖	please select words with the letter 怖	怖	長	一番	美味しい	失礼	遅れ	赤い
kanji	返	kanji letter 返	please select words with the letter 返	返事	買え	開い	深い	浴び	少ない	解決
kanji	返	kanji letter 返	please select words with the letter 返	返し	満ち	頼ん	年上	認め	迷っ	選ん
kanji	返	kanji letter 返	please select words with the letter 返	返せ	泳げる	遅れる	試合	嬉しかっ	都市	進む
kanji	勝	kanji letter 勝	please select words with the letter 勝	勝っ	止まっ	泣い	愛し	欲しかっ	悪い	話
kanji	勝	kanji letter 勝	please select words with the letter 勝	優勝	解雇	返せ	心配	提起	会え	起こす
kanji	勝	kanji letter 勝	please select words with the letter 勝	勝つ	上げ	高かっ	閉め	降ろし	会い	親友
kanji	勝	kanji letter 勝	please select words with the letter 勝	勝ち	震え	放送	起き	仲間	驚か	少年
kanji	苦	kanji letter 苦	please select words with the letter 苦	苦しん	満足	提供	確かめ	要る	吸う	幸福
kanji	苦	kanji letter 苦	please select words with the letter 苦	苦労	祝い	健康	害し	思う	働き	意味
kanji	苦	kanji letter 苦	please select words with the letter 苦	苦手	替え	慣れる	交換	運命	会い	付け
kanji	苦	kanji letter 苦	please select words with the letter 苦	苦い	証明	出来る	休む	川	死ぬ	賢い
kanji	歌	kanji letter 歌	please select words with the letter 歌	歌う	生じ	行く	害し	走れ	取ら	忙し
kanji	歌	kanji letter 歌	please select words with the letter 歌	歌い	休む	要求	守っ	脱し	隠れ	泳げ
kanji	歌	kanji letter 歌	please select words with the letter 歌	歌っ	見える	芸術	熱い	襲っ	足り	高かっ
kanji	歌	kanji letter 歌	please select words with the letter 歌	歌手	認識	川	務め	聞こえる	間違っ	嘘
kanji	月	kanji letter 月	please select words with the letter 月	月	心配	知る	独立	嘘つき	起こす	元気
kanji	増	kanji letter 増	please select words with the letter 増	増え	当て	撮っ	所	与える	待っ	亡くなり
kanji	増	kanji letter 増	please select words with the letter 増	増加	話そう	異なっ	襲わ	望ん	折っ	惚れ
kanji	増	kanji letter 増	please select words with the letter 増	増し	歩か	獲得	倒れ	処理	学ば	笑わ
kanji	興	kanji letter 興	please select words with the letter 興	興味	濡れ	国	川	狭	強い	歩く
kanji	興	kanji letter 興	please select words with the letter 興	興奮	ご覧	戻る	甘い	熱い	発音	包ま
kanji	奮	kanji letter 奮	please select words with the letter 奮	興奮	見える	緊張	従っ	魅了	備え	修理
kanji	盗	kanji letter 盗	please select words with the letter 盗	盗ん	登っ	亡くし	友人	選択	人形	完了
kanji	盗	kanji letter 盗	please select words with the letter 盗	盗ま	注意	降る	言っ	最悪	平気	重い
kanji	安	kanji letter 安	please select words with the letter 安	安い	遅れる	刈っ	借り	相談	恋しい	広がっ
kanji	安	kanji letter 安	please select words with the letter 安	安心	許さ	事	幸運	控え	壊し	備え
kanji	安	kanji letter 安	please select words with the letter 安	安全	削除	通じ	認める	限る	入院	出来
kanji	勤	kanji letter 勤	please select words with the letter 勤	勤め	物	泳げる	新聞	感謝	折っ	怒る
kanji	勤	kanji letter 勤	please select words with the letter 勤	勤勉	就職	長い	役立ち	安全	許し	変更
kanji	由	kanji letter 由	please select words with the letter 由	理由	預かっ	考慮	休み	抜い	英語	存じ
kanji	由	kanji letter 由	please select words with the letter 由	由来	送る	確かめ	吸う	貧乏	獲得	嫌っ
kanji	由	kanji letter 由	please select words with the letter 由	自由	飲む	呼び	参り	申し訳	抜い	泳ぎ
kanji	暑	kanji letter 暑	please select words with the letter 暑	暑い	考慮	追っ	固執	待ち	迫っ	不思議
kanji	非	kanji letter 非	please select words with the letter 非	非難	働く	幸せ	熱い	欲しかっ	留学	正直
kanji	相	kanji letter 相	please select words with the letter 相	相談	機嫌	買え	愛さ	間に合っ	提起	泣く
kanji	相	kanji letter 相	please select words with the letter 相	相続	落とさ	確信	高い	中	所	参照
kanji	近	kanji letter 近	please select words with the letter 近	近い	過ぎ	踊り	競争	泣く	及ぼし	円
kanji	近	kanji letter 近	please select words with the letter 近	近づい	掃除	兄弟	句読点	気	質問	持つ
kanji	近	kanji letter 近	please select words with the letter 近	近く	残っ	緊張	心配	限る	限り	怒る
kanji	守	kanji letter 守	please select words with the letter 守	留守	場所	芸術	死な	奪わ	回復	汚染
kanji	守	kanji letter 守	please select words with the letter 守	守ら	受ける	分かん	切っ	恐れ	交換	予定
kanji	守	kanji letter 守	please select words with the letter 守	守っ	吸う	必要	行こう	違っ	足り	満開
kanji	守	kanji letter 守	please select words with the letter 守	守る	走ら	開き	嘘	耐え	輸入	解決
kanji	息	kanji letter 息	please select words with the letter 息	息子	受ける	依存	変わら	結ん	苦しん	控え
kanji	致	kanji letter 致	please select words with the letter 致	一致	義務	出	待とう	到着	詳しい	乾杯
kanji	許	kanji letter 許	please select words with the letter 許	許可	捧げ	意見	磨い	示す	貸し	来る
kanji	許	kanji letter 許	please select words with the letter 許	許し	接し	見つける	掛かっ	敏感	関係	花
kanji	許	kanji letter 許	please select words with the letter 許	許さ	知っ	浪費	期待	表現	悪	都市
kanji	色	kanji letter 色	please select words with the letter 色	何色	寄っ	引用	長い	新聞	構い	片付け
kanji	色	kanji letter 色	please select words with the letter 色	色	会っ	限ら	取れ	怒る	集まっ	並べ
kanji	速	kanji letter 速	please select words with the letter 速	速い	笑っ	優しい	増加	耐え	言う	頂け
kanji	目	kanji letter 目	please select words with the letter 目	目撃	人	着い	世話	返事	冷たい	待ち
kanji	目	kanji letter 目	please select words with the letter 目	科目	競争	曇っ	取れ	追加	無料	揺れ
kanji	目	kanji letter 目	please select words with the letter 目	目的	洗っ	安全	倒れ	出し	比較	残し
kanji	目	kanji letter 目	please select words with the letter 目	駄目	応援	生え	解ら	濡れ	提案	手伝い
kanji	目	kanji letter 目	please select words with the letter 目	目指し	驚き	始め	紳士	使える	入れ	治療
kanji	耐	kanji letter 耐	please select words with the letter 耐	耐え	通過	句読点	連れ	開か	食べ	忘れる
kanji	恐	kanji letter 恐	please select words with the letter 恐	恐れる	満ち	戻し	聞く	禁止	寒	一
kanji	恐	kanji letter 恐	please select words with the letter 恐	恐れ	置き	独立	小さい	最悪	失望	電話
kanji	恐	kanji letter 恐	please select words with the letter 恐	恐い	供給	掃除	渇い	半	固執	挨拶
kanji	迷	kanji letter 迷	please select words with the letter 迷	迷っ	横切っ	世話	場所	眠い	動く	研究
kanji	壊	kanji letter 壊	please select words with the letter 壊	破壊	作っ	悲しい	選択	輸入	写真	専攻
kanji	壊	kanji letter 壊	please select words with the letter 壊	壊し	応援	解釈	締め	気	人気	批判
kanji	壊	kanji letter 壊	please select words with the letter 壊	壊れ	登り	倒れ	友人	優先	難しかっ	驚か
kanji	集	kanji letter 集	please select words with the letter 集	集中	掃除	乗れ	訪れる	取れ	自由	質問
kanji	集	kanji letter 集	please select words with the letter 集	集まっ	認め	撮っ	話し	詰め	頼み	慣れ
kanji	集	kanji letter 集	please select words with the letter 集	集め	咲い	完了	降っ	円	沈ん	賢明
kanji	集	kanji letter 集	please select words with the letter 集	集まり	横切っ	習慣	学者	安全	信用	思う
kanji	中	kanji letter 中	please select words with the letter 中	中心	曲がり	開け	開か	優れ	変わっ	折っ
kanji	中	kanji letter 中	please select words with the letter 中	途中	紹介	休ん	預かっ	都市	開始	報告
kanji	中	kanji letter 中	please select words with the letter 中	中止	眠り	避け	立つ	行わ	収め	残し
kanji	中	kanji letter 中	please select words with the letter 中	熱中	指摘	預け	交換	書け	聴き	含ま
kanji	中	kanji letter 中	please select words with the letter 中	中	駐車	登っ	行動	感謝	履い	紳士
kanji	中	kanji letter 中	please select words with the letter 中	集中	変え	間違え	忠告	留学	囲ま	包ん
kanji	賢	kanji letter 賢	please select words with the letter 賢	賢い	義務	明るい	一種	観	降っ	任命
kanji	賢	kanji letter 賢	please select words with the letter 賢	賢明	出発	行動	済ん	取ら	早	詳しい
kanji	述	kanji letter 述	please select words with the letter 述	述べ	提供	市	健康	得意	主張	訳し
kanji	歓	kanji letter 歓	please select words with the letter 歓	歓迎	当て	住まい	会え	寒かっ	下っ	先
kanji	吸	kanji letter 吸	please select words with the letter 吸	吸い	働く	責め	聞く	曇っ	人気	調査
kanji	吸	kanji letter 吸	please select words with the letter 吸	吸収	廃止	聞こえ	処理	磨い	寒	詳しい
kanji	吸	kanji letter 吸	please select words with the letter 吸	吸う	行か	限る	送っ	素晴らしかっ	白い	知ら
kanji	吸	kanji letter 吸	please select words with the letter 吸	吸わ	避け	指し	覚悟	備え	認め	栽培
kanji	吸	kanji letter 吸	please select words with the letter 吸	吸っ	中止	出発	叫ん	登録	平等	合格
kanji	欠	kanji letter 欠	please select words with the letter 欠	欠け	廃止	思える	聞こえ	相談	言う	新しい
kanji	欠	kanji letter 欠	please select words with the letter 欠	欠席	使い	入り	独立	暮らし	鳴らし	耐え
kanji	種	kanji letter 種	please select words with the letter 種	種	厳しい	話す	解ら	緊張	連絡	熱望
kanji	種	kanji letter 種	please select words with the letter 種	一種	蹴っ	隠し	戻っ	請求	一致	演説
kanji	育	kanji letter 育	please select words with the letter 育	育っ	歩か	裏切っ	脱ぎ	魅力	木製	買っ
kanji	育	kanji letter 育	please select words with the letter 育	育て	立っ	反抗	恐れ	俳優	古典	乾杯
kanji	建	kanji letter 建	please select words with the letter 建	建て	取る	応援	安全	馬鹿	殺し	病気
kanji	択	kanji letter 択	please select words with the letter 択	選択	過ぎ	何色	泊め	場所	考える	行こう
kanji	院	kanji letter 院	please select words with the letter 院	入院	立て	勧め	早	汚れ	年	発生
kanji	洗	kanji letter 洗	please select words with the letter 洗	洗っ	厳しい	下ろし	貯め	離れ	並べ	来
kanji	洗	kanji letter 洗	please select words with the letter 洗	洗濯	終える	掃除	軽蔑	習い	平和	泳げ
kanji	洗	kanji letter 洗	please select words with the letter 洗	洗い	送る	驚き	呼ん	複雑	握っ	友人
kanji	師	kanji letter 師	please select words with the letter 師	教師	作家	間違える	心配	批判	好み	手配
kanji	鳥	kanji letter 鳥	please select words with the letter 鳥	鳥	計画	応援	焼け	度	襲っ	恋しい
kanji	捨	kanji letter 捨	please select words with the letter 捨	捨て	事	行か	開か	送り	伺い	越え
kanji	暇	kanji letter 暇	please select words with the letter 暇	暇	中止	満ち	取っ	洗濯	強い	決定
kanji	視	kanji letter 視	please select words with the letter 視	重視	新聞	入る	違っ	流行	元気	悪化
kanji	視	kanji letter 視	please select words with the letter 視	無視	学者	離婚	待たさ	保証	関係	語っ
kanji	捜	kanji letter 捜	please select words with the letter 捜	捜し	計画	壊れ	守っ	使える	嘘	円
kanji	完	kanji letter 完	please select words with the letter 完	完成	歩か	拾っ	感謝	遠い	勝つ	辛い
kanji	完	kanji letter 完	please select words with the letter 完	完了	握っ	利用	提案	演奏	行っ	負傷
kanji	完	kanji letter 完	please select words with the letter 完	完璧	息子	許さ	引い	外食	没頭	夢
kanji	引	kanji letter 引	please select words with the letter 引	引い	走ら	料理	歌い	切れる	投函	遅
kanji	引	kanji letter 引	please select words with the letter 引	引っ越し	満足	扱わ	吸う	歓迎	無駄	旅行
kanji	引	kanji letter 引	please select words with the letter 引	引用	発表	達し	一種	行か	感謝	平和
kanji	描	kanji letter 描	please select words with the letter 描	描い	何色	縛ら	目的	尽くし	包ん	閉め
kanji	杯	kanji letter 杯	please select words with the letter 杯	杯	楽	要素	忙しい	植え	放送	救っ
kanji	杯	kanji letter 杯	please select words with the letter 杯	一杯	大き	拾っ	首都	判断	謝る	呼ぶ
kanji	杯	kanji letter 杯	please select words with the letter 杯	乾杯	話す	行動	好み	呼ぶ	詩人	入っ
kanji	木	kanji letter 木	please select words with the letter 木	木製	話そう	調和	拾っ	歩き	昨日	出来
kanji	木	kanji letter 木	please select words with the letter 木	木	要る	引用	息子	考える	年上	待っ
kanji	軽	kanji letter 軽	please select words with the letter 軽	軽い	解雇	磨い	降っ	高かっ	顔	始めよう
kanji	軽	kanji letter 軽	please select words with the letter 軽	軽蔑	否定	幸福	戻し	掛かっ	仲良し	教え
kanji	蔑	kanji letter 蔑	please select words with the letter 蔑	軽蔑	届き	広げ	使用	進ん	仲間	貢献
kanji	捕	kanji letter 捕	please select words with the letter 捕	逮捕	開い	進め	着陸	説得	帰宅	読み
kanji	捕	kanji letter 捕	please select words with the letter 捕	捕まえ	紹介	登っ	行く	広い	平気	運ん
kanji	捕	kanji letter 捕	please select words with the letter 捕	捕まっ	相続	付い	見つけ	平和	誘っ	趣味
kanji	禁	kanji letter 禁	please select words with the letter 禁	禁じ	傷つけ	限り	友人	以上	平気	関連
kanji	禁	kanji letter 禁	please select words with the letter 禁	禁煙	発表	思い	外食	公開	到着	弟
kanji	禁	kanji letter 禁	please select words with the letter 禁	禁止	例	退屈	別れ	吸わ	月	本
kanji	登	kanji letter 登	please select words with the letter 登	登録	曲がり	侮辱	渡る	尽くし	貸し	子供
kanji	登	kanji letter 登	please select words with the letter 登	登り	天才	難しかっ	没頭	強調	狭	伸び
kanji	登	kanji letter 登	please select words with the letter 登	登っ	働か	踊り	混ん	手伝わ	撮っ	祈り
kanji	倒	kanji letter 倒	please select words with the letter 倒	倒れ	削除	働く	聞か	出さ	遊ん	見せ
kanji	退	kanji letter 退	please select words with the letter 退	退職	引用	車	考慮	年上	渡る	月
kanji	退	kanji letter 退	please select words with the letter 退	退屈	次第	母語	到着	果たす	費やし	寒い
kanji	屈	kanji letter 屈	please select words with the letter 屈	屈し	分析	生産	待た	越え	研究	援助
kanji	屈	kanji letter 屈	please select words with the letter 屈	退屈	引用	含ま	経験	独身	呼ん	沸騰
kanji	都	kanji letter 都	please select words with the letter 都	都市	扱わ	駐車	種	出る	興奮	勤め
kanji	都	kanji letter 都	please select words with the letter 都	首都	満足	者	刈っ	可愛い	報わ	忘れ
kanji	市	kanji letter 市	please select words with the letter 市	都市	歩い	義務	困っ	事	祝い	採用
kanji	市	kanji letter 市	please select words with the letter 市	市	従わ	仲直り	返せ	適用	建て	失っ
kanji	尽	kanji letter 尽	please select words with the letter 尽	尽くさ	登り	連絡	独立	好む	質問	迫っ
kanji	尽	kanji letter 尽	please select words with the letter 尽	尽くし	着い	暑い	分析	信用	手伝わ	話し
kanji	自	kanji letter 自	please select words with the letter 自	自由	生活	処分	解釈	一致	務め	完了
kanji	自	kanji letter 自	please select words with the letter 自	自殺	従わ	扱わ	生え	立つ	報告	演じ
kanji	自	kanji letter 自	please select words with the letter 自	自慢	洗っ	鉛筆	渡し	撮っ	申し	痛み
kanji	殺	kanji letter 殺	please select words with the letter 殺	殺し	曲がり	発見	稼い	少し	母語	勝っ
kanji	殺	kanji letter 殺	please select words with the letter 殺	自殺	便利	混ぜ	進む	学ん	経営	平等
kanji	殺	kanji letter 殺	please select words with the letter 殺	殺さ	引用	供給	世話	行き	感じ	同感
kanji	優	kanji letter 優	please select words with the letter 優	優れ	歩か	疑わしい	性格	挙げ	首都	出来
kanji	優	kanji letter 優	please select words with the letter 優	優勝	複雑	種	壊し	保証	訳し	折れ
kanji	優	kanji letter 優	please select words with the letter 優	俳優	低い	吸い	番	祈り	年齢	吸っ
kanji	優	kanji letter 優	please select words with the letter 優	優先	眠り	咲い	天才	戻し	泣き	務め
kanji	優	kanji letter 優	please select words with the letter 優	優しい	従っ	愛さ	自由	離陸	分かれ	訳し
kanji	流	kanji letter 流	please select words with the letter 流	流し	恐れる	喜ん	見つから	使える	気づい	遅れ
kanji	流	kanji letter 流	please select words with the letter 流	流さ	話す	没頭	汚染	支払い	謝る	待ち遠しい
kanji	流	kanji letter 流	please select words with the letter 流	流れ	残っ	認識	会う	学者	迫っ	学校
kanji	流	kanji letter 流	please select words with the letter 流	流行	発表	尋ね	使い	嬉しい	待ち	交換
kanji	流	kanji letter 流	please select words with the letter 流	流行っ	中止	戻り	反抗	申し訳	横断	美味しかっ
kanji	卒	kanji letter 卒	please select words with the letter 卒	卒業	付い	投票	学ぶ	乗せ	悪い	記入
kanji	業	kanji letter 業	please select words with the letter 業	卒業	残っ	認識	指摘	下ろし	向かっ	直し
kanji	璧	kanji letter 璧	please select words with the letter 璧	完璧	変わり	消え	熱中	感じ	母語	着く
kanji	撮	kanji letter 撮	please select words with the letter 撮	撮っ	会っ	期待	楽しみ	感心	電話	出席
kanji	紳	kanji letter 紳	please select words with the letter 紳	紳士	難し	命令	行動	渡る	変わっ	古典
kanji	士	kanji letter 士	please select words with the letter 士	紳士	落とさ	学校	手配	助け	正直	来る
kanji	魅	kanji letter 魅	please select words with the letter 魅	魅了	供給	教師	襲わ	手伝っ	弾い	所
kanji	魅	kanji letter 魅	please select words with the letter 魅	魅力	傷つけ	離婚	見つけ	散歩	熱望	頂け
kanji	習	kanji letter 習	please select words with the letter 習	習い	歩い	直し	人気	短	人物	剃っ
kanji	習	kanji letter 習	please select words with the letter 習	練習	番組	下ろし	頼っ	良い	事	死な
kanji	習	kanji letter 習	please select words with the letter 習	習っ	素晴らしい	走れる	下ろし	勧め	短い	句読点
kanji	習	kanji letter 習	please select words with the letter 習	習慣	人	当て	遅	手伝わ	起こっ	同然
kanji	聴	kanji letter 聴	please select words with the letter 聴	聴き	辞職	望む	生む	耐え	失望	捕まえ
kanji	聴	kanji letter 聴	please select words with the letter 聴	聴い	替え	見る	聞こえ	負わ	離れ	借り
kanji	渡	kanji letter 渡	please select words with the letter 渡	手渡し	名前	時間	深い	構い	男	眠い
kanji	渡	kanji letter 渡	please select words with the letter 渡	渡る	扱わ	判明	運べ	脱ぎ	支払っ	所有
kanji	渡	kanji letter 渡	please select words with the letter 渡	渡し	作っ	超え	出し	襲わ	発見	気分
kanji	渡	kanji letter 渡	please select words with the letter 渡	渡っ	楽し	申し訳	貯め	幸い	木製	貢献
kanji	途	kanji letter 途	please select words with the letter 途	途中	焼け	大き	返事	自由	確信	売れ
kanji	叫	kanji letter 叫	please select words with the letter 叫	叫ん	証明	受かっ	思い	仲良し	配達	精通
kanji	逮	kanji letter 逮	please select words with the letter 逮	逮捕	期待	試合	走る	一緒	体験	当たっ
kanji	泊	kanji letter 泊	please select words with the letter 泊	泊まっ	理由	大き	願い	批判	専攻	精通
kanji	泊	kanji letter 泊	please select words with the letter 泊	泊まり	教師	味方	分析	塗っ	屈し	電話
kanji	泊	kanji letter 泊	please select words with the letter 泊	泊め	住まい	散歩	難しかっ	行こう	集まっ	学ば
kanji	齢	kanji letter 齢	please select words with the letter 齢	年齢	何色	示し	浪費	家	建て	気づか
kanji	観	kanji letter 観	please select words with the letter 観	観	金持ち	捕まっ	訪れ	速い	迎え	古い
kanji	犯	kanji letter 犯	please select words with the letter 犯	犯し	上がっ	好み	自殺	扱う	多い	試着
kanji	支	kanji letter 支	please select words with the letter 支	支払っ	尋ね	認める	感謝	譲っ	剃っ	輝い
kanji	支	kanji letter 支	please select words with the letter 支	支え	嬉しい	重	終わる	確信	伸び	選び
kanji	支	kanji letter 支	please select words with the letter 支	支配	悪かっ	似	女の子	冷静	混ぜ	住ん
kanji	支	kanji letter 支	please select words with the letter 支	支持	度	去っ	良さ	与える	参照	浮かん
kanji	支	kanji letter 支	please select words with the letter 支	支払い	割っ	行く	恥ずかしい	同感	伝わっ	言える
kanji	支	kanji letter 支	please select words with the letter 支	支給	証明	考慮	適用	中心	夢	乗ら
kanji	機	kanji letter 機	please select words with the letter 機	機嫌	撃っ	分	一致	食べ	素晴らしかっ	覚まし
kanji	押	kanji letter 押	please select words with the letter 押	押し	送る	変える	緊張	熟し	贈っ	広い
kanji	弾	kanji letter 弾	please select words with the letter 弾	弾い	甘	獲得	恵まれ	迫っ	唱え	収め
kanji	弾	kanji letter 弾	please select words with the letter 弾	弾く	落とし	頼ん	句読点	終わら	元気	太っ
kanji	弾	kanji letter 弾	please select words with the letter 弾	弾き	過ぎ	都市	留学	悩ん	見せ	伸ばし
kanji	弾	kanji letter 弾	please select words with the letter 弾	弾け	着	横断	説得	辞め	少し	勝つ
kanji	塗	kanji letter 塗	please select words with the letter 塗	塗っ	基づい	選ん	新しい	当惑	下し	行け
kanji	隠	kanji letter 隠	please select words with the letter 隠	隠れ	供給	脱ぎ	燃え	売ら	帰る	生き
kanji	隠	kanji letter 隠	please select words with the letter 隠	隠し	訪れ	証明	利用	悪い	謝る	名付け
kanji	頑	kanji letter 頑	please select words with the letter 頑	頑張っ	痛い	罰せ	学者	場所	通る	寝る
kanji	張	kanji letter 張	please select words with the letter 張	主張	助かり	運動	動く	耐え	入れる	天気
kanji	張	kanji letter 張	please select words with the letter 張	張っ	眠れ	異なっ	学生	去っ	笑わ	鋭い
kanji	張	kanji letter 張	please select words with the letter 張	緊張	驚き	分	独身	勤勉	行わ	訳し
kanji	張	kanji letter 張	please select words with the letter 張	頑張っ	次第	気分	選ば	渡し	所	足り
kanji	輝	kanji letter 輝	please select words with the letter 輝	輝い	立っ	教師	離婚	住まい	沸騰	流行っ
kanji	打	kanji letter 打	please select words with the letter 打	打っ	作家	変える	超え	戻し	処理	話
kanji	打	kanji letter 打	please select words with the letter 打	打た	離婚	去っ	美味しい	汚染	顔	議論
kanji	専	kanji letter 専	please select words with the letter 専	専攻	捧げ	預け	処理	分から	科目	加え
kanji	専	kanji letter 専	please select words with the letter 専	専念	就職	思える	開か	独立	仲良し	不思議
kanji	攻	kanji letter 攻	please select words with the letter 攻	専攻	作家	店	調和	減っ	晴れ	熱望
kanji	攻	kanji letter 攻	please select words with the letter 攻	攻撃	木	行動	一員	聴き	足り	手配
kanji	掛	kanji letter 掛	please select words with the letter 掛	掛かっ	投票	仕上げ	吸収	借り	会え	重い
kanji	掛	kanji letter 掛	please select words with the letter 掛	掛け	止め	知っ	軽い	学生	沸騰	出来
kanji	命	kanji letter 命	please select words with the letter 命	命じ	立っ	参加	間違える	分かり	聴き	吹き
kanji	命	kanji letter 命	please select words with the letter 命	任命	長い	者	始まる	高かっ	賢明	言語
kanji	命	kanji letter 命	please select words with the letter 命	命令	ご覧	投函	好む	終わら	走る	中
kanji	命	kanji letter 命	please select words with the letter 命	運命	店	回復	漏れ	行っ	優勝	泳げ
kanji	断	kanji letter 断	please select words with the letter 断	判断	走ら	覆わ	建て	治る	欠席	気づい
kanji	断	kanji letter 断	please select words with the letter 断	断っ	許し	賢い	降っ	趣味	部屋	値
kanji	断	kanji letter 断	please select words with the letter 断	横断	撃っ	要る	市	教師	締め	美味しい
kanji	植	kanji letter 植	please select words with the letter 植	植え	拒否	怒ら	気づか	拡大	発音	栽培
kanji	兄	kanji letter 兄	please select words with the letter 兄	兄弟	思え	召し上がり	半	番組	切っ	知り
kanji	遠	kanji letter 遠	please select words with the letter 遠	遠慮	洗っ	生きる	必要	覚悟	進め	相談
kanji	遠	kanji letter 遠	please select words with the letter 遠	遠い	相続	着き	返事	苦しん	暮らし	脅し
kanji	遠	kanji letter 遠	please select words with the letter 遠	待ち遠しい	通過	参り	投函	構い	何時	地
kanji	慮	kanji letter 慮	please select words with the letter 慮	遠慮	取り	指摘	去っ	育て	勤勉	笑い
kanji	慮	kanji letter 慮	please select words with the letter 慮	考慮	疲れ	包ま	始め	入れ	遅れ	診
kanji	片	kanji letter 片	please select words with the letter 片	片付け	着	直し	切っ	脱し	惚れ	新しい
kanji	片	kanji letter 片	please select words with the letter 片	片づけ	替え	認識	許さ	見る	買っ	伸び
kanji	暖	kanji letter 暖	please select words with the letter 暖	暖かい	戻っ	距離	限る	飽き	開ける	恥じ
kanji	詩	kanji letter 詩	please select words with the letter 詩	詩人	番組	渇い	眠り	特徴	問題	吹き
kanji	扱	kanji letter 扱	please select words with the letter 扱	扱い	飲ま	立っ	使わ	曇っ	怒る	結べ
kanji	扱	kanji letter 扱	please select words with the letter 扱	扱っ	思える	魅力	何時	素晴らしかっ	母語	生き
kanji	扱	kanji letter 扱	please select words with the letter 扱	扱わ	投票	乗る	切っ	退職	用意	投げ
kanji	扱	kanji letter 扱	please select words with the letter 扱	扱う	始まり	会おう	愛し	高い	振る舞っ	混乱
kanji	投	kanji letter 投	please select words with the letter 投	投票	歩か	金持ち	設立	覚悟	放っ	聴き
kanji	投	kanji letter 投	please select words with the letter 投	投函	学ぶ	遅れる	登っ	話せ	始まる	招待
kanji	投	kanji letter 投	please select words with the letter 投	投げ	鳴っ	前	難しい	弱い	包ん	残し
kanji	太	kanji letter 太	please select words with the letter 太	太っ	侮辱	開催	走る	扱っ	消え	増え
kanji	重	kanji letter 重	please select words with the letter 重	重い	番組	横切っ	示し	気	怒っ	治っ
kanji	重	kanji letter 重	please select words with the letter 重	尊重	素晴らしい	翻訳	楽	握っ	目的	歩く
kanji	重	kanji letter 重	please select words with the letter 重	重視	歩か	象徴	疲れ	役立ち	感動	楽しん
kanji	重	kanji letter 重	please select words with the letter 重	重	切れ	検討	頼っ	悪かっ	来れ	支払い
kanji	去	kanji letter 去	please select words with the letter 去	去っ	避け	優先	運転	知ら	入れ	負傷
kanji	母	kanji letter 母	please select words with the letter 母	母語	歌い	寝坊	解散	何時	迫っ	賢明
kanji	母	kanji letter 母	please select words with the letter 母	母	上達	間違っ	話さ	経営	元気	天気
kanji	戦	kanji letter 戦	please select words with the letter 戦	戦っ	知っ	渇い	返せ	欲しい	熟し	濡れ
kanji	戦	kanji letter 戦	please select words with the letter 戦	挑戦	認識	勧め	逮捕	興奮	助け	強かっ
kanji	曲	kanji letter 曲	please select words with the letter 曲	曲がり	切り	医者	離婚	重	走る	入院
kanji	曲	kanji letter 曲	please select words with the letter 曲	曲がっ	止め	受かっ	開か	打っ	警告	物語
kanji	告	kanji letter 告	please select words with the letter 告	忠告	驚き	生え	長	一緒	放っ	学校
kanji	告	kanji letter 告	please select words with the letter 告	告げ	上達	依存	使い	回っ	用意	入っ
kanji	告	kanji letter 告	please select words with the letter 告	報告	検討	傷つけ	侮辱	立てる	思い	放送
kanji	告	kanji letter 告	please select words with the letter 告	警告	困っ	扱い	放し	取っ	学校	覚まし
kanji	勧	kanji letter 勧	please select words with the letter 勧	勧め	立てる	済ん	要求	想像	告げ	入っ
kanji	希	kanji letter 希	please select words with the letter 希	希望	半	切り	笑わ	備え	磨い	少ない
kanji	望	kanji letter 望	please select words with the letter 望	希望	達し	安い	生きる	抗議	破っ	好み
kanji	望	kanji letter 望	please select words with the letter 望	望ん	提供	固執	流行	小さい	怒っ	申し
kanji	望	kanji letter 望	please select words with the letter 望	熱望	捕まっ	咲い	抗議	切れる	歓迎	幸い
kanji	望	kanji letter 望	please select words with the letter 望	望む	変わり	休ん	開催	乗り	報告	恐い
kanji	望	kanji letter 望	please select words with the letter 望	失望	死に	思い	人間	進ん	上がっ	拡大
kanji	望	kanji letter 望	please select words with the letter 望	切望	吸う	者	世話	去っ	知り	脱し
kanji	然	kanji letter 然	please select words with the letter 然	同然	退屈	願っ	一致	会え	払っ	誓っ
kanji	然	kanji letter 然	please select words with the letter 然	偶然	立て	大き	購入	熱中	困る	迫っ
kanji	減	kanji letter 減	please select words with the letter 減	減り	習慣	挙げ	解散	渡し	生き	与える
kanji	減	kanji letter 減	please select words with the letter 減	減少	命令	広げ	向かっ	流行	恋しい	漏れ
kanji	減	kanji letter 減	please select words with the letter 減	減っ	歩い	暑い	休み	失望	元気	生き
kanji	低	kanji letter 低	please select words with the letter 低	低い	難し	処分	始め	屈し	輝い	降ろし
kanji	偶	kanji letter 偶	please select words with the letter 偶	偶然	開い	速い	乗れ	降る	中心	暮らし
kanji	道	kanji letter 道	please select words with the letter 道	道	分析	求め	歌手	楽しん	中心	売ら
kanji	演	kanji letter 演	please select words with the letter 演	演説	確かめ	厳しい	死に	入り	自由	強かっ
kanji	演	kanji letter 演	please select words with the letter 演	演奏	金持ち	悪かっ	観	行わ	撮っ	聴き
kanji	演	kanji letter 演	please select words with the letter 演	演じ	引用	禁止	進む	同情	男	敏感
kanji	奏	kanji letter 奏	please select words with the letter 奏	演奏	取る	休み	参り	忙しい	送り	売ら
kanji	吹	kanji letter 吹	please select words with the letter 吹	吹い	甘	習っ	始め	曇っ	中心	上手い
kanji	吹	kanji letter 吹	please select words with the letter 吹	吹き	慣れる	選択	逮捕	青ざめ	少し	植え
kanji	折	kanji letter 折	please select words with the letter 折	折っ	過ぎ	削除	暖かい	買え	言い	恥ずかしい
kanji	折	kanji letter 折	please select words with the letter 折	骨折	示さ	吸い	申し訳	構い	電話	上
kanji	折	kanji letter 折	please select words with the letter 折	折れ	鳥	覚悟	握っ	弟	理解	祈っ
kanji	伸	kanji letter 伸	please select words with the letter 伸	伸び	考える	強化	禁煙	友人	奪わ	漏れ
kanji	伸	kanji letter 伸	please select words with the letter 伸	伸ばし	始まり	限ら	訳し	覚え	死ん	花
kanji	振	kanji letter 振	please select words with the letter 振	振る舞っ	鉛筆	育て	払っ	呼ぶ	祈り	楽しかっ
kanji	振	kanji letter 振	please select words with the letter 振	振っ	処分	応じ	適用	楽しん	難しい	良さ
kanji	避	kanji letter 避	please select words with the letter 避	避け	咲い	変わら	幸せ	振っ	驚か	良い
kanji	燃	kanji letter 燃	please select words with the letter 燃	燃え	訪れ	一種	寝坊	話さ	人物	招待
kanji	従	kanji letter 従	please select words with the letter 従	従っ	暖かい	横断	掛かっ	愛し	喜ん	続い
kanji	従	kanji letter 従	please select words with the letter 従	従わ	戻り	間違える	行こう	寝る	参照	専攻
kanji	従	kanji letter 従	please select words with the letter 従	従事	楽し	超え	採用	去っ	運動	使っ
kanji	従	kanji letter 従	please select words with the letter 従	従う	期待	分析	特徴	見つから	撮っ	所
kanji	飽	kanji letter 飽	please select words with the letter 飽	飽き	楽	演奏	示す	解く	遊ん	評価
kanji	憩	kanji letter 憩	please select words with the letter 憩	休憩	甘	句読点	超え	熟し	優しい	隠れ
kanji	甘	kanji letter 甘	please select words with the letter 甘	甘	出し	対処	驚か	学び	持つ	通り
kanji	甘	kanji letter 甘	please select words with the letter 甘	甘い	必要	泣い	後	放っ	扱っ	多い
kanji	好	kanji letter 好	please select words with the letter 好	好む	現れ	告げ	折れ	買う	寒い	努力
kanji	好	kanji letter 好	please select words with the letter 好	好み	召し上がり	会っ	出発	偶然	常	曇っ
kanji	好	kanji letter 好	please select words with the letter 好	好ま	克服	軽蔑	学生	処理	泣き	優先
kanji	好	kanji letter 好	please select words with the letter 好	好物	中止	取る	難し	知り	泣か	満開
kanji	好	kanji letter 好	please select words with the letter 好	好か	克服	確信	間違っ	解決	殺さ	存知
kanji	首	kanji letter 首	please select words with the letter 首	首都	訪問	取れ	広い	収め	乾杯	一人
kanji	留	kanji letter 留	please select words with the letter 留	留守	連れ	狭い	完璧	殺し	合い	気持ち
kanji	留	kanji letter 留	please select words with the letter 留	留学	世話	走る	最悪	天気	町	飲め
kanji	奪	kanji letter 奪	please select words with the letter 奪	奪わ	退屈	直し	覚まし	並ん	居る	状態
kanji	奪	kanji letter 奪	please select words with the letter 奪	奪っ	最高	引い	脱ぎ	名	帰り	弾く
kanji	浴	kanji letter 浴	please select words with the letter 浴	浴び	会う	開催	注意	木製	同感	行わ
kanji	越	kanji letter 越	please select words with the letter 越	越え	習慣	失敗	放っ	覚まし	暮れ	使っ
kanji	越	kanji letter 越	please select words with the letter 越	引っ越し	変わり	酔っ	使用	育っ	広い	聴き
kanji	越	kanji letter 越	please select words with the letter 越	越し	特徴	濡れ	禁止	折っ	守っ	開き
kanji	緊	kanji letter 緊	please select words with the letter 緊	緊張	遭っ	楽し	習い	大き	追っ	解散
kanji	傷	kanji letter 傷	please select words with the letter 傷	傷つけ	過ぎ	着い	下ろし	愛さ	言っ	合わ
kanji	傷	kanji letter 傷	please select words with the letter 傷	負傷	象徴	切れ	住まい	解放	害し	囲ま
kanji	割	kanji letter 割	please select words with the letter 割	割っ	眠り	見える	健康	登り	示す	会える
kanji	割	kanji letter 割	please select words with the letter 割	割れ	疲れ	生きる	長	濡れ	切っ	育っ
kanji	邪	kanji letter 邪	please select words with the letter 邪	邪魔	計画	手伝う	浪費	許さ	済ま	待ち遠しい
kanji	魔	kanji letter 魔	please select words with the letter 魔	邪魔	性格	表現	落とさ	返し	臆病	驚く
kanji	才	kanji letter 才	please select words with the letter 才	天才	上達	及ば	出さ	待ち	壊し	入れる
kanji	青	kanji letter 青	please select words with the letter 青	青ざめ	飲め	稼い	取れ	許可	出身	活用
kanji	青	kanji letter 青	please select words with the letter 青	青い	要る	示し	話す	売っ	出さ	寒い
kanji	青	kanji letter 青	please select words with the letter 青	青	意見	留学	入れ	話	惚れ	包ん
kanji	厳	kanji letter 厳	please select words with the letter 厳	厳しい	空い	怒ら	子	作ら	届か	傾け
kanji	伺	kanji letter 伺	please select words with the letter 伺	伺い	半	我慢	預け	打っ	精通	脱い
kanji	納	kanji letter 納	please select words with the letter 納	納得	立てる	受け	踊っ	強調	正直	覚え
kanji	恥	kanji letter 恥	please select words with the letter 恥	恥ずかしい	表現	連想	放し	死な	育て	強い
kanji	恥	kanji letter 恥	please select words with the letter 恥	恥じ	立っ	出せ	進め	覚悟	成長	進ん
kanji	別	kanji letter 別	please select words with the letter 別	区別	接し	泊め	始め	中	出来	怒っ
kanji	別	kanji letter 別	please select words with the letter 別	別れ	店	出せ	種	掛け	壊し	放送
kanji	趣	kanji letter 趣	please select words with the letter 趣	趣味	止め	返事	優先	小さい	近く	笑わ
kanji	数	kanji letter 数	please select words with the letter 数	数え	投票	当て	世話	飽き	無駄	奪っ
kanji	触	kanji letter 触	please select words with the letter 触	触れ	喧嘩	代わっ	長	推薦	赤い	気づい
kanji	触	kanji letter 触	please select words with the letter 触	触っ	刈っ	賢い	壊し	混雑	乗せ	叱っ
kanji	脱	kanji letter 脱	please select words with the letter 脱	脱ぎ	店	販売	抗議	愛さ	得意	芸術
kanji	脱	kanji letter 脱	please select words with the letter 脱	脱い	横たわっ	待たさ	番	見つから	放送	混乱
kanji	脱	kanji letter 脱	please select words with the letter 脱	脱し	残っ	目撃	立ち	破っ	混乱	知る
kanji	広	kanji letter 広	please select words with the letter 広	広げ	指し	練習	平和	自由	危険	降っ
kanji	広	kanji letter 広	please select words with the letter 広	広い	答える	話す	進め	忠告	美味しい	変化
kanji	広	kanji letter 広	please select words with the letter 広	広がっ	理由	開始	興奮	手配	所	流さ
kanji	広	kanji letter 広	please select words with the letter 広	広まっ	習慣	食べ	難しい	聞こえる	起こす	扱う
kanji	悲	kanji letter 悲	please select words with the letter 悲	悲しい	残っ	証明	伝統	捜し	取れ	覚まし
kanji	悲	kanji letter 悲	please select words with the letter 悲	悲しん	従わ	隠し	習慣	呼び	一番	好み
kanji	遊	kanji letter 遊	please select words with the letter 遊	遊ん	計画	投票	戻っ	適用	熱中	嘘つき
kanji	遊	kanji letter 遊	please select words with the letter 遊	遊ぼう	空い	浮かん	見る	始めよう	花	満たし
kanji	遊	kanji letter 遊	please select words with the letter 遊	遊び	達し	疲れ	悪	一番	木製	頑張っ
kanji	民	kanji letter 民	please select words with the letter 民	国民	残っ	接し	渇い	訪問	紳士	希望
kanji	震	kanji letter 震	please select words with the letter 震	震え	招い	倒れ	古典	青ざめ	間違っ	選び
kanji	煙	kanji letter 煙	please select words with the letter 煙	禁煙	立て	昨日	連絡	流行	美味しい	片付け
kanji	履	kanji letter 履	please select words with the letter 履	履い	試着	駐車	始め	走る	通る	越え
kanji	複	kanji letter 複	please select words with the letter 複	複雑	教師	売っ	禁止	遠い	忘れ	流さ
kanji	雑	kanji letter 雑	please select words with the letter 雑	混雑	前	苦労	受かっ	反対	売れ	詳しい
kanji	雑	kanji letter 雑	please select words with the letter 雑	複雑	歩か	優れ	眠い	始まっ	破壊	帰ら
kanji	赤	kanji letter 赤	please select words with the letter 赤	赤い	幸せ	吸い	季節	離陸	使える	生まれ
kanji	辛	kanji letter 辛	please select words with the letter 辛	辛い	仕上げ	望む	訪問	番	過ごす	円
kanji	寂	kanji letter 寂	please select words with the letter 寂	寂しい	着き	希望	唱え	使える	強かっ	一
kanji	署	kanji letter 署	please select words with the letter 署	署名	低い	話す	名前	開か	守っ	歌っ
kanji	雪	kanji letter 雪	please select words with the letter 雪	雪	鉛筆	処理	辞め	一	守る	話せる
kanji	拒	kanji letter 拒	please select words with the letter 拒	拒絶	削除	表現	備え	留学	買える	合い
kanji	拒	kanji letter 拒	please select words with the letter 拒	拒否	眠り	思える	抗議	別れ	整頓	平和
kanji	否	kanji letter 否	please select words with the letter 否	拒否	話す	待たさ	代わっ	伺い	伝わっ	不明
kanji	否	kanji letter 否	please select words with the letter 否	否定	祝い	呼び	紳士	後	質問	取ら
kanji	主	kanji letter 主	please select words with the letter 主	主張	実現	俳優	一番	越し	平等	名付け
kanji	主	kanji letter 主	please select words with the letter 主	持ち主	場所	行か	黙っ	流行っ	唱え	加え
kanji	弱	kanji letter 弱	please select words with the letter 弱	弱い	否定	基づい	親切	考える	努力	言う
kanji	諦	kanji letter 諦	please select words with the letter 諦	諦め	震え	案内	含ま	踊っ	完了	浮かん
kanji	焼	kanji letter 焼	please select words with the letter 焼	焼け	信用	様子	男	弾く	人物	起きる
kanji	焼	kanji letter 焼	please select words with the letter 焼	全焼	家	連れ	歌手	走る	唱え	太っ
kanji	焼	kanji letter 焼	please select words with the letter 焼	焼い	泊め	閉じ	参り	渡る	握っ	切れる
kanji	週	kanji letter 週	please select words with the letter 週	週間	供給	抑え	機嫌	昨日	指し	歌う
kanji	表	kanji letter 表	please select words with the letter 表	発表	切り	就職	軽い	熟し	難しかっ	禁止
kanji	表	kanji letter 表	please select words with the letter 表	表し	店	許さ	分かん	開催	許し	立ち
kanji	表	kanji letter 表	please select words with the letter 表	表現	合っ	一番	提案	貸し	専念	修理
kanji	狂	kanji letter 狂	please select words with the letter 狂	狂っ	会っ	事	楽しみ	外し	違う	出身
kanji	雇	kanji letter 雇	please select words with the letter 雇	解雇	新聞	女性	批判	払い	非難	美人
kanji	雇	kanji letter 雇	please select words with the letter 雇	雇っ	残っ	機嫌	幸運	提出	一緒	探求
kanji	抜	kanji letter 抜	please select words with the letter 抜	抜い	掃除	使用	提起	運転	磨い	鍵
kanji	抜	kanji letter 抜	please select words with the letter 抜	抜け	ご覧	汚い	預け	殺し	輝い	出来る
kanji	可	kanji letter 可	please select words with the letter 可	許可	適用	紳士	備え	払わ	詳しい	惚れ
kanji	可	kanji letter 可	please select words with the letter 可	可愛い	残っ	下ろし	感動	実現	聞こえ	浮かべ
kanji	季	kanji letter 季	please select words with the letter 季	季節	料理	頼っ	機嫌	行き	没頭	待た
kanji	節	kanji letter 節	please select words with the letter 節	季節	習慣	暑い	働く	最高	古典	告げ
kanji	秘	kanji letter 秘	please select words with the letter 秘	秘密	準備	息子	向かっ	連れ	黙っ	聴い
kanji	密	kanji letter 密	please select words with the letter 密	秘密	取り	愛する	熱中	行く	切っ	合意
kanji	届	kanji letter 届	please select words with the letter 届	届き	傷つけ	走ら	休み	興奮	開ける	申し
kanji	届	kanji letter 届	please select words with the letter 届	届い	作っ	案内	現れ	分かり	近く	運動
kanji	届	kanji letter 届	please select words with the letter 届	届か	頼っ	長い	飲む	示す	訳し	名付け
kanji	踊	kanji letter 踊	please select words with the letter 踊	踊り	泳ぎ	想像	扱う	負傷	乗ら	映画
kanji	踊	kanji letter 踊	please select words with the letter 踊	踊っ	変わり	浪費	入る	注意	混乱	任せ
kanji	誤	kanji letter 誤	please select words with the letter 誤	誤解	計画	考慮	禁煙	回っ	暮らし	発展
kanji	襲	kanji letter 襲	please select words with the letter 襲	襲わ	切れ	平和	泊まっ	気持ち	意味	援助
kanji	襲	kanji letter 襲	please select words with the letter 襲	襲っ	嬉しい	調和	恵まれ	壊し	最悪	空
kanji	酔	kanji letter 酔	please select words with the letter 酔	酔っ	掃除	扱わ	着	禁煙	自由	候補
kanji	居	kanji letter 居	please select words with the letter 居	居る	恐れる	掃除	戻り	出る	吹き	太っ
kanji	居	kanji letter 居	please select words with the letter 居	居	困っ	提出	濡れ	川	構い	公開
kanji	寄	kanji letter 寄	please select words with the letter 寄	寄っ	半	異なっ	暮れ	運転	構い	同情
kanji	応	kanji letter 応	please select words with the letter 応	応援	痛い	接し	運命	同情	書け	面し
kanji	応	kanji letter 応	please select words with the letter 応	応じ	飲ま	貯め	放送	誓っ	伸び	痛み
kanji	応	kanji letter 応	please select words with the letter 応	応募	廃止	安全	学生	恐れ	嫌っ	不思議
kanji	濡	kanji letter 濡	please select words with the letter 濡	濡れ	付い	飲ま	帰っ	思い	希望	回復
kanji	控	kanji letter 控	please select words with the letter 控	控え	厳しい	壊れ	得意	上がっ	足り	呼ぶ
kanji	図	kanji letter 図	please select words with the letter 図	合図	恐れる	嬉しい	渡る	泣き	動く	折れ
kanji	形	kanji letter 形	please select words with the letter 形	人形	無くし	偶然	振っ	心配	弾く	理解
kanji	殴	kanji letter 殴	please select words with the letter 殴	殴っ	緊張	直し	支払っ	開ける	与える	新しい
kanji	咲	kanji letter 咲	please select words with the letter 咲	咲く	性格	判明	独立	去っ	聴い	発展
kanji	咲	kanji letter 咲	please select words with the letter 咲	咲い	覚悟	弾い	磨い	乾杯	意味	努め
kanji	祈	kanji letter 祈	please select words with the letter 祈	祈っ	終える	安い	難しかっ	辞め	強かっ	怒っ
kanji	祈	kanji letter 祈	please select words with the letter 祈	祈り	訪れ	軽い	機嫌	食べ物	参加	名
kanji	独	kanji letter 独	please select words with the letter 独	独立	切れ	通じ	決心	強調	弟	洗濯
kanji	独	kanji letter 独	please select words with the letter 独	独身	観	休む	処理	恵まれ	科目	伺い
kanji	恋	kanji letter 恋	please select words with the letter 恋	恋しい	解放	信用	守っ	回し	完了	消し
kanji	罰	kanji letter 罰	please select words with the letter 罰	罰せ	欲しい	試合	預け	痛む	起こす	与える
kanji	仲	kanji letter 仲	please select words with the letter 仲	仲直り	立て	飲ま	象徴	一緒	優しい	誓っ
kanji	仲	kanji letter 仲	please select words with the letter 仲	仲間	使い	公平	我慢	好物	恥ずかしい	亡くなっ
kanji	仲	kanji letter 仲	please select words with the letter 仲	仲良し	便利	選手	切れ	帰っ	選択	寒かっ
kanji	済	kanji letter 済	please select words with the letter 済	済ま	消え	預け	聞く	進ん	買わ	危険
kanji	済	kanji letter 済	please select words with the letter 済	済ん	常	雪	学生	嘘つき	深い	演奏
kanji	済	kanji letter 済	please select words with the letter 済	済み	切れ	横たわっ	説明	亡くし	務め	晴れ
kanji	遭	kanji letter 遭	please select words with the letter 遭	遭っ	認める	生じ	済ん	確信	締め	狭
kanji	詳	kanji letter 詳	please select words with the letter 詳	詳しい	判明	扱い	名づけ	泣く	返し	買える
kanji	及	kanji letter 及	please select words with the letter 及	及ぼし	多かっ	出さ	母	聞こえる	使える	書く
kanji	及	kanji letter 及	please select words with the letter 及	及ば	捜し	狭い	散髪	譲っ	一人	任せ
kanji	微	kanji letter 微	please select words with the letter 微	微笑ん	変え	吸わ	歩き	学生	行こう	批判
kanji	熱	kanji letter 熱	please select words with the letter 熱	熱中	検討	応じ	生え	多い	浮かん	喜ぶ
kanji	熱	kanji letter 熱	please select words with the letter 熱	熱望	暇	始め	通学	払っ	強かっ	電話
kanji	熱	kanji letter 熱	please select words with the letter 熱	熱い	吸い	注意	入院	聴き	担当	慣れ
kanji	抑	kanji letter 抑	please select words with the letter 抑	抑える	渇い	大き	育て	感じ	作り	上
kanji	抑	kanji letter 抑	please select words with the letter 抑	抑え	切れ	指摘	暇	分	異なる	甘い
kanji	統	kanji letter 統	please select words with the letter 統	伝統	投票	渇い	在宅	別れ	鳴らし	混雑
kanji	構	kanji letter 構	please select words with the letter 構	構成	異なっ	大き	張っ	魅了	払わ	扱っ
kanji	構	kanji letter 構	please select words with the letter 構	構わ	解ら	獲得	従事	苦しん	死ぬ	伺い
kanji	構	kanji letter 構	please select words with the letter 構	構い	生じ	試合	倒れ	伝わっ	爆発	所属
kanji	覧	kanji letter 覧	please select words with the letter 覧	ご覧	上昇	通過	投函	休む	認め	上
kanji	預	kanji letter 預	please select words with the letter 預	預け	変え	浪費	去っ	来	磨き	構わ
kanji	預	kanji letter 預	please select words with the letter 預	預かっ	考慮	刈っ	捜し	生産	調査	果たす
kanji	絶	kanji letter 絶	please select words with the letter 絶	拒絶	提供	頼っ	提起	降っ	平等	合図
kanji	双	kanji letter 双	please select words with the letter 双	双子	金持ち	祝っ	表現	学者	聞か	整頓
kanji	全	kanji letter 全	please select words with the letter 全	全部	複雑	見つけ	流行	振る舞っ	没頭	所
kanji	全	kanji letter 全	please select words with the letter 全	安全	長生き	料理	腐っ	川	買わ	済み
kanji	全	kanji letter 全	please select words with the letter 全	全て	切り	捧げ	立てる	拒否	放し	信用
kanji	全	kanji letter 全	please select words with the letter 全	全焼	踊り	逮捕	過ごす	放送	欲しかっ	渡し
kanji	申	kanji letter 申	please select words with the letter 申	申し	一種	番	美味しい	放送	散髪	折れ
kanji	申	kanji letter 申	please select words with the letter 申	申し訳	待たさ	吸い	死な	恵まれ	使える	失望
kanji	漏	kanji letter 漏	please select words with the letter 漏	漏れ	変え	供給	車	探求	調査	詳しい
kanji	曇	kanji letter 曇	please select words with the letter 曇	曇っ	命令	変える	始まり	多かっ	不思議	増加
kanji	裏	kanji letter 裏	please select words with the letter 裏	裏切っ	生活	遅れる	入り	欠席	敏感	汚れ
kanji	平	kanji letter 平	please select words with the letter 平	平等	怒ら	年上	曇っ	言え	眺め	混ぜ
kanji	平	kanji letter 平	please select words with the letter 平	平和	変え	反抗	悲しい	去っ	離れ	仲良し
kanji	平	kanji letter 平	please select words with the letter 平	平気	応援	生活	分析	楽しみ	学校	伝わっ
kanji	平	kanji letter 平	please select words with the letter 平	公平	相続	残っ	貧乏	鳥	嘘つき	本
kanji	和	kanji letter 和	please select words with the letter 和	調和	提供	受かっ	運べ	向かっ	泣く	美味しい
kanji	和	kanji letter 和	please select words with the letter 和	平和	横切っ	確かめ	会っ	幸せ	返事	泣き
kanji	衰	kanji letter 衰	please select words with the letter 衰	衰え	否定	上げ	連れ	建て	止まっ	追加
kanji	昇	kanji letter 昇	please select words with the letter 昇	上昇	例	歌い	従っ	結べ	思わ	流し
kanji	昇	kanji letter 昇	please select words with the letter 昇	昇っ	達し	仲直り	邪魔	重	求め	運動
kanji	鉛	kanji letter 鉛	please select words with the letter 鉛	鉛筆	朝	基づい	暖かい	通る	様子	警告
kanji	筆	kanji letter 筆	please select words with the letter 筆	鉛筆	話そう	割っ	出し	使用	楽しん	済ん
kanji	芸	kanji letter 芸	please select words with the letter 芸	芸術	浪費	役立ち	慣れる	曇っ	屈し	地
kanji	術	kanji letter 術	please select words with the letter 術	芸術	否定	店	少し	殴っ	強調	乾杯
kanji	追	kanji letter 追	please select words with the letter 追	追っ	走れる	楽し	面白	要求	間違っ	当惑
kanji	追	kanji letter 追	please select words with the letter 追	追加	恐れる	出	行き	近く	円	始めよう
kanji	誘	kanji letter 誘	please select words with the letter 誘	誘っ	示し	出発	弾き	要求	何時	打っ
kanji	短	kanji letter 短	please select words with the letter 短	短い	取る	話そう	望む	季節	広い	休日
kanji	短	kanji letter 短	please select words with the letter 短	短	運ば	回	誓っ	撮っ	好み	判断
kanji	何	kanji letter 何	please select words with the letter 何	何色	店	吸う	望む	売ら	読み	不明
kanji	何	kanji letter 何	please select words with the letter 何	何時	立っ	見つける	祝っ	小さ	中心	敏感
kanji	頂	kanji letter 頂	please select words with the letter 頂	頂け	満ち	裏切っ	距離	訴え	起こし	気分
kanji	職	kanji letter 職	please select words with the letter 職	辞職	残っ	彼氏	仕上げ	最高	使用	学校
kanji	職	kanji letter 職	please select words with the letter 職	就職	達し	仲直り	感じる	捜し	相談	比較
kanji	職	kanji letter 職	please select words with the letter 職	退職	新聞	登っ	難しい	借り	乾杯	言え
kanji	俳	kanji letter 俳	please select words with the letter 俳	俳優	試合	育っ	少し	屈し	並ん	顔
kanji	貧	kanji letter 貧	please select words with the letter 貧	貧乏	罰せ	祝っ	人間	脱ぎ	泳ぎ	仲良し
kanji	乏	kanji letter 乏	please select words with the letter 乏	貧乏	要る	出	意見	何時	開き	示す
kanji	了	kanji letter 了	please select words with the letter 了	魅了	指摘	運転	広い	母語	所	開始
kanji	了	kanji letter 了	please select words with the letter 了	完了	食べよう	観	新聞	散歩	変わる	見せ
kanji	刺	kanji letter 刺	please select words with the letter 刺	刺さ	買え	様子	気づか	吹き	正確	通ら
kanji	公	kanji letter 公	please select words with the letter 公	公開	出版	泊め	場所	苦しん	通学	失望
kanji	公	kanji letter 公	please select words with the letter 公	公平	良い	望む	賢い	深い	変化	報告
kanji	汚	kanji letter 汚	please select words with the letter 汚	汚染	代わっ	番	脱し	公開	買う	調べ
kanji	汚	kanji letter 汚	please select words with the letter 汚	汚い	何色	走れる	感謝	対処	休む	載っ
kanji	汚	kanji letter 汚	please select words with the letter 汚	汚れ	就職	帰っ	長	食べ物	振っ	投函
kanji	製	kanji letter 製	please select words with the letter 製	製造	走ら	休ん	戻し	英語	閉まっ	流し
kanji	製	kanji letter 製	please select words with the letter 製	木製	困っ	訪れ	本当	振る舞っ	聴き	由来
kanji	冷	kanji letter 冷	please select words with the letter 冷	冷たい	店	車	呼ん	複雑	青ざめ	祈り
kanji	冷	kanji letter 冷	please select words with the letter 冷	冷静	切り	使わ	頼ん	考え	語っ	頃
kanji	組	kanji letter 組	please select words with the letter 組	番組	中止	登り	登っ	切れる	汚い	分から
kanji	科	kanji letter 科	please select words with the letter 科	科目	抑え	事	伝統	悲しい	驚い	折れ
kanji	譲	kanji letter 譲	please select words with the letter 譲	譲っ	横断	提案	失敗	認め	文	弾く
kanji	員	kanji letter 員	please select words with the letter 員	一員	天才	開催	解放	貯め	留学	強調
kanji	渇	kanji letter 渇	please select words with the letter 渇	渇い	出せ	頼っ	落とさ	稼い	嘘	払い
kanji	臭	kanji letter 臭	please select words with the letter 臭	臭い	過ごし	学ば	平等	文	買える	赤い
kanji	典	kanji letter 典	please select words with the letter 典	古典	表現	進め	使用	聴い	折っ	盗ん
kanji	代	kanji letter 代	please select words with the letter 代	代わっ	休み	見つけ	訴え	番	書け	滞在
kanji	代	kanji letter 代	please select words with the letter 代	時代	従わ	調和	行く	及ぼし	遠い	従う
kanji	臆	kanji letter 臆	please select words with the letter 臆	臆病	浪費	頼っ	稼い	扱っ	拡大	頼み
kanji	召	kanji letter 召	please select words with the letter 召	召し上がり	渇い	塗っ	明日	過ごす	消え	訳
kanji	以	kanji letter 以	please select words with the letter 以	以上	人	軽蔑	助かり	存知	思っ	真実
kanji	敏	kanji letter 敏	please select words with the letter 敏	敏感	罰せ	遅	助かり	運動	奪わ	報告
kanji	縛	kanji letter 縛	please select words with the letter 縛	縛ら	住まい	相談	双子	話せ	好か	飲め
kanji	怠	kanji letter 怠	please select words with the letter 怠	怠け者	痛い	彼氏	昨日	間に合っ	開か	処理
kanji	治	kanji letter 治	please select words with the letter 治	治る	立て	着い	触れ	生じ	練習	利用
kanji	治	kanji letter 治	please select words with the letter 治	治っ	証明	黙っ	連絡	月	脅し	悩ん
kanji	治	kanji letter 治	please select words with the letter 治	治療	物	長	対処	提案	同感	上がっ
kanji	横	kanji letter 横	please select words with the letter 横	横切っ	機嫌	経営	笑い	部屋	載っ	守ら
kanji	横	kanji letter 横	please select words with the letter 横	横たわっ	要素	使える	面白い	語	予約	増え
kanji	横	kanji letter 横	please select words with the letter 横	横断	無くし	魅力	限り	勤勉	男	破っ
kanji	惚	kanji letter 惚	please select words with the letter 惚	惚れ	変わり	返せ	覚悟	始まる	放っ	降っ
kanji	祝	kanji letter 祝	please select words with the letter 祝	祝っ	市	受かっ	注意	恐れ	後	想像
kanji	祝	kanji letter 祝	please select words with the letter 祝	祝い	複雑	熱中	越え	招待	名付け	乗せ
kanji	句	kanji letter 句	please select words with the letter 句	句読点	選手	広げ	始まり	学生	取れ	確信
kanji	点	kanji letter 点	please select words with the letter 点	句読点	販売	切れる	任命	勝つ	殺さ	泣い
kanji	坊	kanji letter 坊	please select words with the letter 坊	寝坊	公平	犯し	行こう	手配	果たす	朝
kanji	父	kanji letter 父	please select words with the letter 父	父	散歩	進ん	人気	増加	近づい	続い
kanji	研	kanji letter 研	please select words with the letter 研	研究	相続	甘	望む	離婚	動か	母
kanji	究	kanji letter 究	please select words with the letter 究	研究	知っ	物	許し	適用	月	気分
kanji	議	kanji letter 議	please select words with the letter 議	議論	休ん	理由	着	戻る	意味	天気
kanji	議	kanji letter 議	please select words with the letter 議	抗議	行く	待た	平等	赤い	記入	届か
kanji	議	kanji letter 議	please select words with the letter 議	不思議	横たわっ	禁煙	要素	気分	済み	続い
kanji	論	kanji letter 論	please select words with the letter 論	議論	達し	焼け	済ん	思う	払っ	起き
kanji	昨	kanji letter 昨	please select words with the letter 昨	昨日	準備	幸せ	抗議	渡る	待ち	選択
kanji	英	kanji letter 英	please select words with the letter 英	英語	困難	直し	行ける	子	支払い	美人
kanji	顔	kanji letter 顔	please select words with the letter 顔	顔	現れ	熱中	増し	人気	集まっ	待た
kanji	円	kanji letter 円	please select words with the letter 円	円	困っ	経験	思える	横たわっ	要素	屈し
kanji	経	kanji letter 経	please select words with the letter 経	経験	戻っ	変	家	実現	駄目	襲っ
kanji	経	kanji letter 経	please select words with the letter 経	経営	食べよう	頼ん	安全	飲み	払っ	専念
kanji	験	kanji letter 験	please select words with the letter 験	体験	選手	夜	引い	必要	限ら	果たす
kanji	験	kanji letter 験	please select words with the letter 験	経験	弾き	締め	魅了	候補	満開	負傷
kanji	含	kanji letter 含	please select words with the letter 含	含ま	控え	得意	立ち	言い	説得	広い
kanji	頃	kanji letter 頃	please select words with the letter 頃	頃	認識	働く	訪問	運動	浮かべ	輸入
kanji	忠	kanji letter 忠	please select words with the letter 忠	忠告	拒否	認める	鳥	悲しい	脱ぎ	失っ
kanji	進	kanji letter 進	please select words with the letter 進	推進	紹介	息子	欲しかっ	判断	助け	記入
kanji	進	kanji letter 進	please select words with the letter 進	促進	否定	開い	分析	閉じ	返事	古典
kanji	進	kanji letter 進	please select words with the letter 進	進む	削除	役立ち	別れ	平和	汚染	刺さ
kanji	進	kanji letter 進	please select words with the letter 進	進め	処理	借り	動く	赤い	近づい	痛み
kanji	進	kanji letter 進	please select words with the letter 進	進ん	学ぶ	解放	踊っ	中	公開	早
kanji	進	kanji letter 進	please select words with the letter 進	進歩	切れる	待とう	失敗	出来	経営	祈り
kanji	期	kanji letter 期	please select words with the letter 期	期待	壊れ	下手	取れ	要求	言っ	想像
kanji	期	kanji letter 期	please select words with the letter 期	延期	例	見つける	登っ	及ぼし	本	悪い
kanji	翻	kanji letter 翻	please select words with the letter 翻	翻訳	預け	願い	感謝	楽しみ	待た	扱う
kanji	訳	kanji letter 訳	please select words with the letter 訳	翻訳	超え	多かっ	追っ	笑わ	寝る	読み
kanji	訳	kanji letter 訳	please select words with the letter 訳	訳	長い	句読点	番	鍵	変更	済み
kanji	訳	kanji letter 訳	please select words with the letter 訳	訳し	残っ	落とし	指摘	来れ	諦め	招待
kanji	訳	kanji letter 訳	please select words with the letter 訳	申し訳	変わり	習い	幸福	広い	足り	変わる
kanji	査	kanji letter 査	please select words with the letter 査	調査	難し	悪	整頓	冷たい	負わ	狭い
kanji	川	kanji letter 川	please select words with the letter 川	川	公平	出せ	名	知り	部屋	強い
kanji	労	kanji letter 労	please select words with the letter 労	苦労	獲得	苦しん	借り	助かり	分かれ	一人
kanji	後	kanji letter 後	please select words with the letter 後	後	義務	休ん	扱わ	着き	成功	出す
kanji	後	kanji letter 後	please select words with the letter 後	後悔	金持ち	調和	思う	笑わ	片付け	円
kanji	悔	kanji letter 悔	please select words with the letter 悔	後悔	渇い	切れる	苦しん	送り	強かっ	果たす
kanji	飛	kanji letter 飛	please select words with the letter 飛	飛ん	困難	喧嘩	大き	現れ	優れ	輸入
kanji	山	kanji letter 山	please select words with the letter 山	山	作家	学ぶ	楽し	楽しん	美人	夢
kanji	延	kanji letter 延	please select words with the letter 延	延期	泣く	選択	治療	買う	出す	上手い
kanji	状	kanji letter 状	please select words with the letter 状	状態	役立ち	開か	採用	回し	作ら	捕まえ
kanji	態	kanji letter 態	please select words with the letter 態	状態	息子	理由	遠い	変化	買っ	許可
kanji	朝	kanji letter 朝	please select words with the letter 朝	朝	健康	求め	楽しん	寒	果たす	詳しい
kanji	示	kanji letter 示	please select words with the letter 示	示す	接し	販売	嬉しい	逮捕	問題	部屋
kanji	示	kanji letter 示	please select words with the letter 示	示さ	招い	泊め	分	望む	魅力	信用
kanji	示	kanji letter 示	please select words with the letter 示	示唆	金持ち	緊張	作ら	詳しい	要り	状態
kanji	示	kanji letter 示	please select words with the letter 示	示し	着い	女の子	一致	本当	寒	到着
kanji	故	kanji letter 故	please select words with the letter 故	故障	教師	待たさ	呼び	困る	及ぼし	満たし
kanji	障	kanji letter 障	please select words with the letter 障	故障	食べる	在宅	愛し	尊重	国民	慣れ
kanji	練	kanji letter 練	please select words with the letter 練	練習	無くし	異なっ	行か	張っ	唱え	放送
kanji	絵	kanji letter 絵	please select words with the letter 絵	絵	克服	濡れ	芸術	保存	治る	詳しい
kanji	判	kanji letter 判	please select words with the letter 判	判断	投票	象徴	確かめ	泊め	連想	待とう
kanji	判	kanji letter 判	please select words with the letter 判	批判	調べ	上げ	学者	無料	詩人	年下
kanji	判	kanji letter 判	please select words with the letter 判	判明	応援	始め	科目	殴っ	散髪	含ま
kanji	援	kanji letter 援	please select words with the letter 援	援助	捕まっ	大き	変わら	待とう	曇っ	届か
kanji	援	kanji letter 援	please select words with the letter 援	応援	提供	通じ	頼み	思わ	物語	会い
kanji	浮	kanji letter 浮	please select words with the letter 浮	浮かべ	上達	返せ	侮辱	語っ	年齢	攻撃
kanji	浮	kanji letter 浮	please select words with the letter 浮	浮かん	提出	横断	叫ん	感心	合う	認め
kanji	評	kanji letter 評	please select words with the letter 評	評価	撃っ	引用	失敗	白い	混雑	屈し
kanji	価	kanji letter 価	please select words with the letter 価	評価	番組	持ち主	上がり	脱ぎ	失っ	伺い
kanji	想	kanji letter 想	please select words with the letter 想	想像	過ぎ	学ぶ	食べ物	外出	構い	待た
kanji	想	kanji letter 想	please select words with the letter 想	連想	掃除	飲む	振っ	発見	言わ	足り
kanji	像	kanji letter 像	please select words with the letter 像	想像	学者	入る	名前	行ける	増し	全て
kanji	記	kanji letter 記	please select words with the letter 記	暗記	低い	多	痛い	頼ん	食べ	生き
kanji	記	kanji letter 記	please select words with the letter 記	記録	安い	祝っ	教師	悪	国	年齢
kanji	記	kanji letter 記	please select words with the letter 記	記入	提出	降る	進ん	美しかっ	泣か	一人
kanji	録	kanji letter 録	please select words with the letter 録	登録	傷つけ	歌い	長い	開催	番	中
kanji	録	kanji letter 録	please select words with the letter 録	記録	困難	異なっ	暑い	撮っ	正確	合格
kanji	世	kanji letter 世	please select words with the letter 世	世話	終え	笑っ	得意	違っ	浴び	拒絶
kanji	営	kanji letter 営	please select words with the letter 営	経営	捧げ	罰せ	命令	教師	反抗	謝る
kanji	倍	kanji letter 倍	please select words with the letter 倍	倍	長生き	食べ物	適用	休む	分かり	選択
kanji	給	kanji letter 給	please select words with the letter 給	供給	翻訳	彼氏	開い	負わ	欲しかっ	済み
kanji	給	kanji letter 給	please select words with the letter 給	支給	引用	叫ん	放っ	欲しかっ	任せ	暮れ
kanji	便	kanji letter 便	please select words with the letter 便	便利	走る	離れ	締め	読み	新しい	言え
kanji	暗	kanji letter 暗	please select words with the letter 暗	暗記	尋ね	学生	襲わ	小さい	助かり	読み
kanji	覆	kanji letter 覆	please select words with the letter 覆	覆っ	処理	混ん	訴え	悲しい	満たし	子供
kanji	覆	kanji letter 覆	please select words with the letter 覆	覆わ	習慣	踊り	書か	鋭い	買っ	見物
kanji	値	kanji letter 値	please select words with the letter 値	値	抑え	生じ	開発	行ける	開か	無料
kanji	貯	kanji letter 貯	please select words with the letter 貯	貯金	取り	降る	紳士	笑い	楽しかっ	飛ん
kanji	貯	kanji letter 貯	please select words with the letter 貯	貯め	役立ち	世話	出る	聞く	処理	育て
kanji	陸	kanji letter 陸	please select words with the letter 陸	離陸	蹴っ	難しかっ	一緒	尽くし	失礼	意味
kanji	陸	kanji letter 陸	please select words with the letter 陸	着陸	着い	長生き	最高	冷たい	終わら	少し
kanji	廃	kanji letter 廃	please select words with the letter 廃	廃止	覆わ	刈っ	混ん	愛し	助かり	伸び
kanji	交	kanji letter 交	please select words with the letter 交	交換	始まり	鉛筆	合う	誘っ	上がっ	欠席
kanji	換	kanji letter 換	please select words with the letter 換	交換	替え	場所	重	通学	禁止	同感
kanji	更	kanji letter 更	please select words with the letter 更	変更	駐車	暖かい	基づい	幸い	泳ぎ	揺れ
kanji	抱	kanji letter 抱	please select words with the letter 抱	抱え	中止	鉛筆	痛む	外し	過ごす	分かれ
kanji	抱	kanji letter 抱	please select words with the letter 抱	抱い	遭っ	作っ	落とし	壊れ	解放	食べ
kanji	並	kanji letter 並	please select words with the letter 並	並ん	曲がり	学者	希望	男	広い	演説
kanji	並	kanji letter 並	please select words with the letter 並	並べ	幸運	持ち主	保存	通ら	眺め	調べ
kanji	常	kanji letter 常	please select words with the letter 常	常	過ぎ	抗議	流行っ	嘘	演説	動かし
kanji	挑	kanji letter 挑	please select words with the letter 挑	挑戦	素晴らしい	句読点	控え	盗ん	平等	円
kanji	的	kanji letter 的	please select words with the letter 的	目的	退屈	故障	考える	回	責任	鍵
kanji	採	kanji letter 採	please select words with the letter 採	採用	話そう	休ん	話す	休む	襲っ	紳士
kanji	版	kanji letter 版	please select words with the letter 版	出版	驚く	罰せ	別れ	者	首都	笑い
kanji	指	kanji letter 指	please select words with the letter 指	指し	最高	建て	回復	推薦	通ら	亡くなり
kanji	指	kanji letter 指	please select words with the letter 指	指摘	思え	空い	番組	基づい	控え	名
kanji	指	kanji letter 指	please select words with the letter 指	目指し	便利	参り	駄目	提起	困る	選択
kanji	摘	kanji letter 摘	please select words with the letter 摘	指摘	川	行こう	済ん	忠告	気	惚れ
kanji	異	kanji letter 異	please select words with the letter 異	異なっ	歩い	学ぶ	飲ま	接し	戻し	回
kanji	異	kanji letter 異	please select words with the letter 異	異なる	悪	発見	提案	済み	詩人	満たし
kanji	半	kanji letter 半	please select words with the letter 半	半	預かっ	拾っ	登っ	及ぼし	元気	美人
kanji	診	kanji letter 診	please select words with the letter 診	診察	願っ	挙げ	亡くし	登録	一員	物語
kanji	診	kanji letter 診	please select words with the letter 診	診	義務	怒ら	限る	冷たい	書け	良さ
kanji	有	kanji letter 有	please select words with the letter 有	所有	提出	扱い	切っ	都市	要求	奴
kanji	音	kanji letter 音	please select words with the letter 音	発音	戻っ	求め	処理	出来	眠い	片付け
kanji	挨	kanji letter 挨	please select words with the letter 挨	挨拶	寄っ	場所	特徴	持ち主	味方	嬉し
kanji	拶	kanji letter 拶	please select words with the letter 拶	挨拶	踊り	濡れ	冷たい	言っ	首都	少女
kanji	基	kanji letter 基	please select words with the letter 基	基づい	大き	提出	女性	治る	同情	治療
kanji	催	kanji letter 催	please select words with the letter 催	開催	着い	健康	感動	賛成	続く	輸入
kanji	催	kanji letter 催	please select words with the letter 催	催さ	走ら	長	張っ	賛成	要素	英語
kanji	証	kanji letter 証	please select words with the letter 証	保証	暇	熱中	始め	小さい	話さ	物語
kanji	証	kanji letter 証	please select words with the letter 証	証明	削除	短い	出発	頼ん	横断	売っ
kanji	疑	kanji letter 疑	please select words with the letter 疑	疑っ	性格	兄弟	暑い	楽しみ	取っ	悪い
kanji	疑	kanji letter 疑	please select words with the letter 疑	疑わしい	思える	自慢	泣く	間違っ	行う	支持
kanji	眺	kanji letter 眺	please select words with the letter 眺	眺め	上昇	厳しい	動く	詰め	忙し	平気
kanji	撃	kanji letter 撃	please select words with the letter 撃	撃っ	戻り	弾き	覚悟	行ける	嫌っ	助け
kanji	撃	kanji letter 撃	please select words with the letter 撃	目撃	象徴	盗ん	議論	熱い	不思議	弱い
kanji	撃	kanji letter 撃	please select words with the letter 撃	攻撃	満ち	下ろし	進め	泣く	候補	衰え
kanji	比	kanji letter 比	please select words with the letter 比	比較	蹴っ	者	守っ	好み	乾杯	生まれ
kanji	較	kanji letter 較	please select words with the letter 較	比較	試合	連れ	失っ	同情	増加	教える
kanji	令	kanji letter 令	please select words with the letter 令	命令	呼び	使用	人形	学ば	越し	奴
kanji	検	kanji letter 検	please select words with the letter 検	検討	素晴らしい	否定	禁煙	履い	人物	発音
kanji	討	kanji letter 討	please select words with the letter 討	検討	仕上げ	証明	車	反抗	友人	用意
kanji	警	kanji letter 警	please select words with the letter 警	警告	許さ	提出	車	味方	分かん	育っ
kanji	爆	kanji letter 爆	please select words with the letter 爆	爆発	作家	示し	吸わ	乗れ	焼い	体験
kanji	恵	kanji letter 恵	please select words with the letter 恵	恵まれ	削除	分	居る	述べ	仲良し	売ら
kanji	沈	kanji letter 沈	please select words with the letter 沈	沈ん	召し上がり	切れ	開け	期待	誘っ	保証
kanji	釈	kanji letter 釈	please select words with the letter 釈	解釈	着い	置き	壊れ	親切	必要	年上
kanji	療	kanji letter 療	please select words with the letter 療	治療	作っ	話す	回	放し	固執	混同
kanji	念	kanji letter 念	please select words with the letter 念	概念	生ん	起こり	負わ	眠い	足り	貯金
kanji	念	kanji letter 念	please select words with the letter 念	専念	販売	必要	一致	渡し	寝る	笑い
kanji	訴	kanji letter 訴	please select words with the letter 訴	訴え	思え	預かっ	生じ	着	働く	処理
kanji	保	kanji letter 保	please select words with the letter 保	保存	話す	回し	起き	売ら	助け	停車
kanji	保	kanji letter 保	please select words with the letter 保	保証	甘	選ば	恥ずかしい	美味しい	眠い	変化
kanji	処	kanji letter 処	please select words with the letter 処	処分	廃止	侮辱	呼ん	分析	述べ	都市
kanji	処	kanji letter 処	please select words with the letter 処	対処	刈っ	好み	判断	包ん	精通	見せ
kanji	処	kanji letter 処	please select words with the letter 処	処理	公平	解ら	散歩	泳ぎ	構い	忘れ
kanji	濯	kanji letter 濯	please select words with the letter 濯	洗濯	解ら	出版	昨日	心配	泣く	植え
kanji	彼	kanji letter 彼	please select words with the letter 彼	彼氏	幸せ	請求	一致	心配	先生	詳しい
kanji	氏	kanji letter 氏	please select words with the letter 氏	彼氏	中止	習い	幸運	最悪	休日	立た
kanji	精	kanji letter 精	please select words with the letter 精	精通	浪費	濡れ	食べ	歌手	合う	備え
kanji	破	kanji letter 破	please select words with the letter 破	破壊	吸い	行き	学ば	登録	少女	負傷
kanji	破	kanji letter 破	please select words with the letter 破	破っ	撃っ	隠し	泊め	上がっ	知ら	汚れ
kanji	載	kanji letter 載	please select words with the letter 載	載っ	入る	超え	聴き	行う	揺れ	売ら
kanji	属	kanji letter 属	please select words with the letter 属	所属	象徴	振っ	集中	一番	休む	歩く
kanji	属	kanji letter 属	please select words with the letter 属	属し	優しい	鋭い	向け	分かれ	名付け	汚れ
kanji	栽	kanji letter 栽	please select words with the letter 栽	栽培	事	避け	一致	禁煙	訪問	言わ
kanji	培	kanji letter 培	please select words with the letter 培	栽培	発見	叫ん	交換	円	合格	満たし
kanji	混	kanji letter 混	please select words with the letter 混	混ぜ	振っ	代わっ	害し	学校	仲間	寒かっ
kanji	混	kanji letter 混	please select words with the letter 混	混乱	寄っ	終え	命令	複雑	顔	殺さ
kanji	混	kanji letter 混	please select words with the letter 混	混雑	厳しい	横切っ	言い	迫っ	待た	殺し
kanji	混	kanji letter 混	please select words with the letter 混	混同	出さ	魅力	反対	知ら	報告	予定
kanji	混	kanji letter 混	please select words with the letter 混	混ん	付い	何色	処分	運べ	思う	聴き
kanji	救	kanji letter 救	please select words with the letter 救	救っ	痛い	負わ	勤勉	勝つ	一人	専念
kanji	放	kanji letter 放	please select words with the letter 放	解放	歩か	ご覧	祝っ	休む	及ぼし	離陸
kanji	放	kanji letter 放	please select words with the letter 放	放し	罰せ	答え	通学	提起	記入	頼み
kanji	放	kanji letter 放	please select words with the letter 放	放送	走ら	当て	生じ	読ま	振っ	乗り
kanji	放	kanji letter 放	please select words with the letter 放	放っ	甘	話す	複雑	浴び	白い	狭
kanji	超	kanji letter 超	please select words with the letter 超	超え	役立ち	走る	仲良し	泳げ	磨き	残し
kanji	喧	kanji letter 喧	please select words with the letter 喧	喧嘩	ご覧	決め	場所	亡くし	救っ	待ち遠しい
kanji	嘩	kanji letter 嘩	please select words with the letter 嘩	喧嘩	出る	連絡	歓迎	言っ	交換	歌う
kanji	義	kanji letter 義	please select words with the letter 義	義務	預かっ	踊っ	逮捕	起き	気づい	果たす
kanji	務	kanji letter 務	please select words with the letter 務	義務	拒否	反抗	小さい	先生	奴	上
kanji	務	kanji letter 務	please select words with the letter 務	務め	欲しい	倒れ	立つ	収め	扱っ	載っ
kanji	挙	kanji letter 挙	please select words with the letter 挙	挙げ	作家	学者	進め	見つけ	泳ぎ	負傷
kanji	捧	kanji letter 捧	please select words with the letter 捧	捧げ	物	獲得	禁煙	話	貯金	書き
kanji	腐	kanji letter 腐	please select words with the letter 腐	腐っ	確かめ	浮かん	一種	先生	楽しかっ	痩せ
kanji	磨	kanji letter 磨	please select words with the letter 磨	磨い	上昇	性格	教師	贈っ	白い	双子
kanji	磨	kanji letter 磨	please select words with the letter 磨	磨き	習い	幸運	取っ	過ごす	集まっ	払っ
kanji	承	kanji letter 承	please select words with the letter 承	承認	洗っ	認める	進ん	耐え	決定	乗ら
kanji	承	kanji letter 承	please select words with the letter 承	承知	送る	酔っ	種	始め	増し	止まっ
kanji	展	kanji letter 展	please select words with the letter 展	発展	青	走れる	天才	熱中	浮かべ	乗せ
kanji	握	kanji letter 握	please select words with the letter 握	握っ	作家	食べ物	連想	見つけ	飽き	頑張っ
kanji	駐	kanji letter 駐	please select words with the letter 駐	駐車	廃止	甘	傷つけ	喜ん	集まっ	文
kanji	侮	kanji letter 侮	please select words with the letter 侮	侮辱	挙げ	決心	務め	分かれ	文	記入
kanji	辱	kanji letter 辱	please select words with the letter 辱	侮辱	死に	向かっ	笑っ	捨て	襲わ	起こす
kanji	距	kanji letter 距	please select words with the letter 距	距離	落とし	翻訳	処分	者	離陸	知り
kanji	替	kanji letter 替	please select words with the letter 替	替え	取り	便利	確かめ	返せ	暑い	休み
kanji	克	kanji letter 克	please select words with the letter 克	克服	戻り	買え	向かっ	家	多かっ	離陸
kanji	服	kanji letter 服	please select words with the letter 服	克服	咲い	女性	聞こえ	失っ	使え	当たる
kanji	揺	kanji letter 揺	please select words with the letter 揺	揺れ	戻り	就職	暇	登り	預け	研究
kanji	快	kanji letter 快	please select words with the letter 快	快適	性格	世話	聞か	嘘つき	支え	美味しい
kanji	適	kanji letter 適	please select words with the letter 適	快適	兄弟	熟し	休む	負わ	学ん	手配
kanji	適	kanji letter 適	please select words with the letter 適	適用	上達	割っ	女	仲良し	殴っ	買える
kanji	情	kanji letter 情	please select words with the letter 情	同情	残っ	変わり	濡れ	行き	入れる	語っ
kanji	没	kanji letter 没	please select words with the letter 没	没頭	示し	参加	含ま	運命	無視	満たし
kanji	頭	kanji letter 頭	please select words with the letter 頭	没頭	上達	受かっ	自由	紳士	顔	混同
kanji	化	kanji letter 化	please select words with the letter 化	悪化	長生き	洗っ	連れ	支え	取っ	登録
kanji	化	kanji letter 化	please select words with the letter 化	強化	分かん	紳士	美味しい	伺い	短	熱望
kanji	化	kanji letter 化	please select words with the letter 化	変化	暑い	買わ	買える	強調	開ける	名付け
kanji	拡	kanji letter 拡	please select words with the letter 拡	拡大	接し	戻っ	難しかっ	失敗	追加	広い
kanji	候	kanji letter 候	please select words with the letter 候	候補	拒否	暖かい	別れ	切れる	合う	想像
kanji	補	kanji letter 補	please select words with the letter 補	候補	焼け	上げ	遅れる	居る	存じ	花
kanji	票	kanji letter 票	please select words with the letter 票	投票	半	賛成	泣き	落とさ	提案	育て
kanji	染	kanji letter 染	please select words with the letter 染	汚染	寝坊	人間	速い	違い	流し	辞書
kanji	包	kanji letter 包	please select words with the letter 包	包ま	義務	緊張	健康	訪問	誓っ	想像
kanji	包	kanji letter 包	please select words with the letter 包	包ん	経験	酔っ	限る	恐れ	失礼	母語
kanji	贈	kanji letter 贈	please select words with the letter 贈	贈っ	期待	待たさ	要求	離陸	円	伸ばし
kanji	沸	kanji letter 沸	please select words with the letter 沸	沸騰	切れ	怒ら	開催	歩き	不思議	鳴らし
kanji	騰	kanji letter 騰	please select words with the letter 騰	沸騰	知っ	仕上げ	捕まっ	訪れ	独立	探求
kanji	悟	kanji letter 悟	please select words with the letter 悟	覚悟	遅れる	開か	生産	沸騰	行わ	用意
kanji	様	kanji letter 様	please select words with the letter 様	様子	難し	明日	提起	学校	推薦	記入
kanji	狭	kanji letter 狭	please select words with the letter 狭	狭	招い	植え	同情	増加	救っ	与える
kanji	狭	kanji letter 狭	please select words with the letter 狭	狭い	義務	横切っ	向かっ	番	揺れ	写真
kanji	収	kanji letter 収	please select words with the letter 収	収め	計画	泳ぎ	後	失礼	見つかっ	売れ
kanji	収	kanji letter 収	please select words with the letter 収	収容	削除	好む	喜ん	遠い	擁護	出席
kanji	収	kanji letter 収	please select words with the letter 収	吸収	痛い	買え	言い	逮捕	寝る	足り
kanji	衝	kanji letter 衝	please select words with the letter 衝	衝突	参加	壊れ	外食	嬉し	覚め	関連
kanji	突	kanji letter 突	please select words with the letter 突	衝突	終える	指摘	学者	広げ	祝い	禁煙
kanji	抗	kanji letter 抗	please select words with the letter 抗	抗議	考える	連れ	抜い	収め	良さ	輸入
kanji	抗	kanji letter 抗	please select words with the letter 抗	反抗	計画	弾き	待ち	回し	聴き	遊び
kanji	接	kanji letter 接	please select words with the letter 接	接し	富ん	好む	中心	速い	間違っ	子供
kanji	設	kanji letter 設	please select words with the letter 設	設立	低い	参加	亡くし	許し	誓っ	推薦
kanji	悩	kanji letter 悩	please select words with the letter 悩	悩まさ	割っ	命令	待たさ	怒ら	贈っ	名
kanji	悩	kanji letter 悩	please select words with the letter 悩	悩ん	選手	見つける	疲れ	流行	怒る	振る舞っ
kanji	骨	kanji letter 骨	please select words with the letter 骨	骨折	乗っ	教師	濡れ	恐れ	希望	怖
kanji	乱	kanji letter 乱	please select words with the letter 乱	混乱	浪費	捜し	先生	備え	認め	入れ
kanji	鋭	kanji letter 鋭	please select words with the letter 鋭	鋭い	変え	渇い	者	考える	歌手	示す
kanji	体	kanji letter 体	please select words with the letter 体	体験	提供	心配	成功	完璧	行う	輝い
kanji	浪	kanji letter 浪	please select words with the letter 浪	浪費	着い	走ら	訴え	泳ぎ	上がっ	所
kanji	費	kanji letter 費	please select words with the letter 費	費やし	戻り	者	生産	選ば	短	上手い
kanji	費	kanji letter 費	please select words with the letter 費	浪費	招い	出さ	増し	幸い	嬉し	殺し
kanji	募	kanji letter 募	please select words with the letter 募	応募	貧乏	愛する	運べ	独立	守っ	買わ
kanji	等	kanji letter 等	please select words with the letter 等	平等	変える	暑い	実現	連れ	刈っ	目的
kanji	算	kanji letter 算	please select words with the letter 算	計算	遭っ	就職	思える	始め	起こっ	眠っ
kanji	側	kanji letter 側	please select words with the letter 側	側面	飲む	反抗	吸い	冷たい	止まっ	熱い
kanji	蹴	kanji letter 蹴	please select words with the letter 蹴	蹴っ	知っ	提起	走る	放っ	返し	調査
kanji	叱	kanji letter 叱	please select words with the letter 叱	叱っ	震え	置き	困っ	性格	避け	伝統
kanji	察	kanji letter 察	please select words with the letter 察	診察	例	利用	鳴らし	売ら	耐え	賢明
kanji	惑	kanji letter 惑	please select words with the letter 惑	当惑	接し	横たわっ	味方	道	近づい	閉め
kanji	髪	kanji letter 髪	please select words with the letter 髪	散髪	満足	明るい	暇	鳥	履い	嬉し
kanji	静	kanji letter 静	please select words with the letter 静	冷静	手伝う	浪費	楽	賛成	囲ま	祈り
kanji	効	kanji letter 効	please select words with the letter 効	効く	上昇	長生き	切っ	着陸	忙しい	壊し
kanji	傾	kanji letter 傾	please select words with the letter 傾	傾け	市	泊め	変化	入れ	流れ	合わせ
kanji	締	kanji letter 締	please select words with the letter 締	締め	学ぶ	表現	緊張	飼っ	部屋	言える
kanji	拾	kanji letter 拾	please select words with the letter 拾	拾っ	準備	手伝う	翻訳	熱中	行き	手伝い
kanji	就	kanji letter 就	please select words with the letter 就	就職	作家	示し	壊れ	整頓	若い	面白い
kanji	停	kanji letter 停	please select words with the letter 停	停車	克服	走ら	入り	散歩	中	名
kanji	誓	kanji letter 誓	please select words with the letter 誓	誓っ	存知	提供	幸福	欲しかっ	存じ	生まれ
kanji	害	kanji letter 害	please select words with the letter 害	害し	踊り	変わら	解散	伝わっ	来	傾け
kanji	痩	kanji letter 痩	please select words with the letter 痩	痩せ	送る	困っ	認める	控え	落とさ	深い
kanji	脅	kanji letter 脅	please select words with the letter 脅	脅し	避け	刻ん	散歩	辞め	読み	起こっ
kanji	容	kanji letter 容	please select words with the letter 容	収容	計画	満足	会う	認識	発展	追加
kanji	陥	kanji letter 陥	please select words with the letter 陥	陥っ	応援	甘	建て	離れ	報わ	天気
kanji	整	kanji letter 整	please select words with the letter 整	整頓	習慣	追加	鳴らし	短	診	確認
kanji	頓	kanji letter 頓	please select words with the letter 頓	整頓	投票	飲む	到着	話	泊まり	欠け
kanji	剃	kanji letter 剃	please select words with the letter 剃	剃っ	変える	死ぬ	芸術	返し	覚まし	咲く
kanji	象	kanji letter 象	please select words with the letter 象	象徴	困難	塗っ	言っ	短	手伝い	起きる
kanji	徴	kanji letter 徴	please select words with the letter 徴	特徴	襲わ	勤勉	増加	要り	抱い	留守
kanji	徴	kanji letter 徴	please select words with the letter 徴	象徴	退屈	一種	開き	危険	狭	町
kanji	熟	kanji letter 熟	please select words with the letter 熟	熟し	多	切れ	故障	踊り	支え	白い
kanji	詰	kanji letter 詰	please select words with the letter 詰	詰め	理由	張っ	人間	動か	進む	気
kanji	固	kanji letter 固	please select words with the letter 固	固執	指摘	発掘	家	男	伸び	気付い
kanji	執	kanji letter 執	please select words with the letter 執	固執	準備	隠し	減っ	人形	演奏	変化
kanji	迫	kanji letter 迫	please select words with the letter 迫	迫っ	渡る	利用	送り	好物	運命	囲ま
kanji	舞	kanji letter 舞	please select words with the letter 舞	振る舞っ	掃除	勧め	指し	雪	預け	反抗
kanji	報	kanji letter 報	please select words with the letter 報	報告	貧乏	預け	好む	意見	奪っ	渡し
kanji	報	kanji letter 報	please select words with the letter 報	報わ	話そう	警告	山	話さ	同感	伝わっ
kanji	照	kanji letter 照	please select words with the letter 照	参照	困難	確かめ	母	要素	近く	運転
kanji	乾	kanji letter 乾	please select words with the letter 乾	乾杯	召し上がり	依存	場所	感じ	美味しい	失礼
kanji	刈	kanji letter 刈	please select words with the letter 刈	刈っ	検討	夜	親切	隠れ	救っ	続い
kanji	活	kanji letter 活	please select words with the letter 活	生活	料理	危険	鳴らし	片付け	弾く	気持ち
kanji	活	kanji letter 活	please select words with the letter 活	活用	咲い	怒ら	保存	生まれ	閉め	包ん
kanji	批	kanji letter 批	please select words with the letter 批	批判	幸運	見る	狭い	強調	一杯	磨き
kanji	促	kanji letter 促	please select words with the letter 促	促進	割っ	間違える	要素	聞く	植え	流行っ
kanji	析	kanji letter 析	please select words with the letter 析	分析	何色	通過	別れ	諦め	拡大	果たす
kanji	依	kanji letter 依	please select words with the letter 依	依存	多	割っ	邪魔	場所	会える	詩人
kanji	概	kanji letter 概	please select words with the letter 概	概念	運ば	振っ	従っ	利用	狭い	並べ
kanji	貢	kanji letter 貢	please select words with the letter 貢	貢献	酔っ	出	説明	流行っ	忘れ	趣味
kanji	献	kanji letter 献	please select words with the letter 献	貢献	前	参り	襲わ	科目	伺い	失礼
kanji	地	kanji letter 地	please select words with the letter 地	地	震え	獲得	希望	回し	頑張っ	載っ
kanji	例	kanji letter 例	please select words with the letter 例	例	義務	着い	料理	母	楽しん	混乱
kanji	輸	kanji letter 輸	please select words with the letter 輸	輸入	弾け	仲直り	習い	取ら	当惑	学び
kanji	購	kanji letter 購	please select words with the letter 購	購入	警告	立てる	医者	邪魔	注意	習慣
kanji	富	kanji letter 富	please select words with the letter 富	富ん	話そう	受ける	者	失礼	候補	仲間
kanji	産	kanji letter 産	please select words with the letter 産	生産	驚き	事	控え	黙っ	浴び	回し
kanji	区	kanji letter 区	please select words with the letter 区	区別	変わら	分析	会える	治療	高	年
kanji	競	kanji letter 競	please select words with the letter 競	競争	求める	変	進ん	魅了	破っ	訳し
kanji	争	kanji letter 争	please select words with the letter 争	競争	祝っ	亡くし	多かっ	害し	驚い	候補
kanji	販	kanji letter 販	please select words with the letter 販	販売	無い	捕まっ	邪魔	収め	想像	泣か
kanji	囲	kanji letter 囲	please select words with the letter 囲	囲ま	着	悪	忙しい	参照	古い	解く
kanji	請	kanji letter 請	please select words with the letter 請	請求	進ん	相談	生産	保存	美味しい	告げ
kanji	造	kanji letter 造	please select words with the letter 造	製造	乗っ	上げ	恐れ	食べ	禁止	強かっ
kanji	推	kanji letter 推	please select words with the letter 推	推進	中止	隠し	抑え	外出	没頭	動く
kanji	推	kanji letter 推	please select words with the letter 推	推薦	選手	学ん	候補	混雑	円	浮かべ
kanji	薦	kanji letter 薦	please select words with the letter 薦	推薦	手伝う	料理	捜し	演奏	磨い	笑う
kanji	削	kanji letter 削	please select words with the letter 削	削除	世話	飽き	泣く	部屋	貢献	当惑
kanji	稼	kanji letter 稼	please select words with the letter 稼	稼い	重	去っ	迫っ	働き	合わ	冷静
kanji	函	kanji letter 函	please select words with the letter 函	投函	経験	幸運	上げ	待とう	子	得意
kanji	担	kanji letter 担	please select words with the letter 担	担当	捧げ	変	安全	心配	閉じ	子
kanji	掘	kanji letter 掘	please select words with the letter 掘	発掘	送る	見つけ	泣き	選択	迫っ	並べ
kanji	獲	kanji letter 獲	please select words with the letter 獲	獲得	過ぎ	泣く	唱え	覚まし	来れ	責任
kanji	唆	kanji letter 唆	please select words with the letter 唆	示唆	出せ	黙っ	進ん	解散	嬉し	払っ
kanji	識	kanji letter 識	please select words with the letter 識	認識	医者	学生	質問	候補	一	応募
kanji	唱	kanji letter 唱	please select words with the letter 唱	唱え	削除	着	度	心配	外し	保存
kanji	特	kanji letter 特	please select words with the letter 特	特徴	難しい	美味しい	攻撃	行っ	済み	泊まり
kanji	擁	kanji letter 擁	please select words with the letter 擁	擁護	尊敬	運べ	出し	乗れ	国	抜い
kanji	護	kanji letter 護	please select words with the letter 護	擁護	楽	聞か	間違え	泣く	守っ	何時
kanji	仮	kanji letter 仮	please select words with the letter 仮	仮定	歩い	無くし	証明	愛さ	子	折っ
